{
    "57ac965c24597706be5f975c": {
        "$type": "RealismMod.WeaponMod, RealismMod",
        "ItemID": "57ac965c24597706be5f975c",
        "Name": "scope_all_elcan_specter_dr_1-4",
        "ModType": "sight",
        "AimSpeed": 4,
        "Accuracy": 13,
        "ConflictingItems": [],
        "Ergonomics": 0,
        "Weight": 0.64,
        "VerticalRecoil": 0,
        "HorizontalRecoil": 0,
        "LoyaltyLevel": 3
    },
    "57aca93d2459771f2c7e26db": {
        "$type": "RealismMod.WeaponMod, RealismMod",
        "ItemID": "57aca93d2459771f2c7e26db",
        "Name": "scope_all_elcan_specter_dr_1-4_fde",
        "ModType": "sight",
        "AimSpeed": 4,
        "Accuracy": 13,
        "ConflictingItems": [],
        "Ergonomics": 0,
        "Weight": 0.64,
        "VerticalRecoil": 0,
        "HorizontalRecoil": 0,
        "LoyaltyLevel": 3
    },
    "544a3f024bdc2d1d388b4568": {
        "$type": "RealismMod.WeaponMod, RealismMod",
        "ItemID": "544a3f024bdc2d1d388b4568",
        "Name": "scope_all_elcan_spectre_os4x",
        "ModType": "sight",
        "AimSpeed": 4,
        "Accuracy": 13,
        "ConflictingItems": [],
        "Ergonomics": 0,
        "Weight": 0.528,
        "VerticalRecoil": 0,
        "HorizontalRecoil": 0,
        "LoyaltyLevel": 3
    },
    "5dfe6104585a0c3e995c7b82": {
        "$type": "RealismMod.WeaponMod, RealismMod",
        "ItemID": "5dfe6104585a0c3e995c7b82",
        "Name": "scope_all_ncstar_advance_dual_optic_3_9x_42",
        "ModType": "sight",
        "AimSpeed": -5,
        "Accuracy": -27,
        "ConflictingItems": [
            "5894a73486f77426d259076c",
            "5894a81786f77427140b8347"
        ],
        "Ergonomics": 0,
        "Weight": 0.595,
        "VerticalRecoil": 0,
        "HorizontalRecoil": 0,
        "LoyaltyLevel": 2
    },
    "544a3a774bdc2d3a388b4567": {
        "$type": "RealismMod.WeaponMod, RealismMod",
        "ItemID": "544a3a774bdc2d3a388b4567",
        "Name": "scope_all_leupold_mark4_hamr",
        "ModType": "sight",
        "AimSpeed": 0,
        "Accuracy": -2,
        "ConflictingItems": [],
        "Ergonomics": 0,
        "Weight": 0.411,
        "VerticalRecoil": 0,
        "HorizontalRecoil": 0,
        "LoyaltyLevel": 3
    },
    "5d2dc3e548f035404a1a4798": {
        "$type": "RealismMod.WeaponMod, RealismMod",
        "ItemID": "5d2dc3e548f035404a1a4798",
        "Name": "scope_all_monstrum_compact_prism_scope_2x32",
        "ModType": "sight",
        "AimSpeed": 6,
        "Accuracy": 5,
        "ConflictingItems": [],
        "Ergonomics": 0,
        "Weight": 0.425,
        "VerticalRecoil": 0,
        "HorizontalRecoil": 0,
        "LoyaltyLevel": 2
    },
    "57adff4f24597737f373b6e6": {
        "$type": "RealismMod.WeaponMod, RealismMod",
        "ItemID": "57adff4f24597737f373b6e6",
        "Name": "scope_all_sig_bravo4_4x30",
        "ModType": "sight",
        "AimSpeed": 4,
        "Accuracy": 5,
        "ConflictingItems": [],
        "Ergonomics": 0,
        "Weight": 0.419,
        "VerticalRecoil": 0,
        "HorizontalRecoil": 0,
        "LoyaltyLevel": 3
    },
    "626bb8532c923541184624b4": {
        "$type": "RealismMod.WeaponMod, RealismMod",
        "ItemID": "626bb8532c923541184624b4",
        "Name": "scope_all_swampfox_trihawk_prism_scope_3x30",
        "ModType": "sight",
        "AimSpeed": 4,
        "Accuracy": 12,
        "ConflictingItems": [
            "5ae30bad5acfc400185c2dc4",
            "5beec9450db83400970084fd",
            "55d5f46a4bdc2d1b198b4567"
        ],
        "Ergonomics": 0,
        "Weight": 0.436,
        "VerticalRecoil": 0,
        "HorizontalRecoil": 0,
        "LoyaltyLevel": 2
    },
    "5c0517910db83400232ffee5": {
        "$type": "RealismMod.WeaponMod, RealismMod",
        "ItemID": "5c0517910db83400232ffee5",
        "Name": "scope_all_valday_ps320",
        "ModType": "sight",
        "AimSpeed": 0,
        "Accuracy": -10,
        "ConflictingItems": [],
        "Ergonomics": 0,
        "Weight": 0.57,
        "VerticalRecoil": 0,
        "HorizontalRecoil": 0,
        "LoyaltyLevel": 2
    },
    "5c1cdd512e22161b267d91ae": {
        "$type": "RealismMod.WeaponMod, RealismMod",
        "ItemID": "5c1cdd512e22161b267d91ae",
        "Name": "scope_base_primary_arms_compact_prism_scope_2,5x",
        "ModType": "sight",
        "AimSpeed": 4,
        "Accuracy": 11,
        "ConflictingItems": [],
        "Ergonomics": 0,
        "Weight": 0.322,
        "VerticalRecoil": 0,
        "HorizontalRecoil": 0,
        "LoyaltyLevel": 2
    },
    "5c05293e0db83400232fff80": {
        "$type": "RealismMod.WeaponMod, RealismMod",
        "ItemID": "5c05293e0db83400232fff80",
        "Name": "scope_base_trijicon_acog_ta01nsn_4x32",
        "ModType": "sight",
        "AimSpeed": 4,
        "Accuracy": 15,
        "ConflictingItems": [],
        "Ergonomics": 0,
        "Weight": 0.396,
        "VerticalRecoil": 0,
        "HorizontalRecoil": 0,
        "LoyaltyLevel": 3
    },
    "5c052a900db834001a66acbd": {
        "$type": "RealismMod.WeaponMod, RealismMod",
        "ItemID": "5c052a900db834001a66acbd",
        "Name": "scope_base_trijicon_acog_ta01nsn_4x32_tan",
        "ModType": "sight",
        "AimSpeed": 4,
        "Accuracy": 15,
        "ConflictingItems": [],
        "Ergonomics": 0,
        "Weight": 0.396,
        "VerticalRecoil": 0,
        "HorizontalRecoil": 0,
        "LoyaltyLevel": 4
    },
    "59db7e1086f77448be30ddf3": {
        "$type": "RealismMod.WeaponMod, RealismMod",
        "ItemID": "59db7e1086f77448be30ddf3",
        "Name": "scope_base_trijicon_acog_ta11_3,5x35",
        "ModType": "sight",
        "AimSpeed": 4,
        "Accuracy": 13,
        "ConflictingItems": [],
        "Ergonomics": 0,
        "Weight": 0.396,
        "VerticalRecoil": 0,
        "HorizontalRecoil": 0,
        "LoyaltyLevel": 3
    },
    "622b4d7df9cfc87d675d2ded": {
        "$type": "RealismMod.WeaponMod, RealismMod",
        "ItemID": "622b4d7df9cfc87d675d2ded",
        "Name": "scope_g36_hensoldt_hkv_carry_handle_3x",
        "ModType": "sight",
        "AimSpeed": -3,
        "Accuracy": -4,
        "ConflictingItems": [],
        "Ergonomics": 0,
        "Weight": 0.198,
        "VerticalRecoil": 0,
        "HorizontalRecoil": 0,
        "LoyaltyLevel": 1
    },
    "622b4f54dc8dcc0ba8742f85": {
        "$type": "RealismMod.WeaponMod, RealismMod",
        "ItemID": "622b4f54dc8dcc0ba8742f85",
        "Name": "scope_g36_hensoldt_hkv_single_optic_carry_handle_1,5x",
        "ModType": "sight",
        "AimSpeed": 0,
        "Accuracy": -4,
        "ConflictingItems": [],
        "Ergonomics": 0,
        "Weight": 0.192,
        "VerticalRecoil": 0,
        "HorizontalRecoil": 0,
        "LoyaltyLevel": 1
    },
    "609b9e31506cf869cf3eaf41": {
        "$type": "RealismMod.WeaponMod, RealismMod",
        "ItemID": "609b9e31506cf869cf3eaf41",
        "Name": "scope_7mm_vomz_target_ring",
        "ModType": "sight",
        "AimSpeed": 0,
        "Accuracy": -18,
        "ConflictingItems": [],
        "Ergonomics": 0,
        "Weight": 0.21,
        "VerticalRecoil": 0,
        "HorizontalRecoil": 0,
        "LoyaltyLevel": 1
    },
    "591c4efa86f7741030027726": {
        "$type": "RealismMod.WeaponMod, RealismMod",
        "ItemID": "591c4efa86f7741030027726",
        "Name": "scope_all_aksion_ekp_8_18",
        "ModType": "sight",
        "AimSpeed": 8,
        "Accuracy": -8,
        "ConflictingItems": [],
        "Ergonomics": 0,
        "Weight": 0.273,
        "VerticalRecoil": 0,
        "HorizontalRecoil": 0,
        "LoyaltyLevel": 1
    },
    "570fd79bd2720bc7458b4583": {
        "$type": "RealismMod.WeaponMod, RealismMod",
        "ItemID": "570fd79bd2720bc7458b4583",
        "Name": "scope_all_ekb_okp7",
        "ModType": "sight",
        "AimSpeed": 10,
        "Accuracy": -4.5,
        "ConflictingItems": [],
        "Ergonomics": 0,
        "Weight": 0.255,
        "VerticalRecoil": 0,
        "HorizontalRecoil": 0,
        "LoyaltyLevel": 1
    },
    "6477772ea8a38bb2050ed4db": {
        "$type": "RealismMod.WeaponMod, RealismMod",
        "ItemID": "6477772ea8a38bb2050ed4db",
        "Name": "scope_all_sig_sauer_romeo7_1x30",
        "ModType": "sight",
        "AimSpeed": 5,
        "Accuracy": 5,
        "ConflictingItems": [],
        "Ergonomics": 0,
        "Weight": 0.354,
        "VerticalRecoil": 0,
        "HorizontalRecoil": 0,
        "LoyaltyLevel": 2
    },
    "64785e7c19d732620e045e15": {
        "$type": "RealismMod.WeaponMod, RealismMod",
        "ItemID": "64785e7c19d732620e045e15",
        "Name": "scope_all_elcan_specter_hco",
        "ModType": "sight",
        "AimSpeed": 10,
        "Accuracy": 9,
        "ConflictingItems": [],
        "Ergonomics": 0,
        "Weight": 0.433,
        "VerticalRecoil": 0,
        "HorizontalRecoil": 0,
        "LoyaltyLevel": 4
    },
    "570fd6c2d2720bc6458b457f": {
        "$type": "RealismMod.WeaponMod, RealismMod",
        "ItemID": "570fd6c2d2720bc6458b457f",
        "Name": "scope_all_eotech_553",
        "ModType": "sight",
        "AimSpeed": 15,
        "Accuracy": 10,
        "ConflictingItems": [],
        "Ergonomics": 0,
        "Weight": 0.349,
        "VerticalRecoil": 0,
        "HorizontalRecoil": 0,
        "LoyaltyLevel": 3
    },
    "558022b54bdc2dac148b458d": {
        "$type": "RealismMod.WeaponMod, RealismMod",
        "ItemID": "558022b54bdc2dac148b458d",
        "Name": "scope_all_eotech_exps3",
        "ModType": "sight",
        "AimSpeed": 17,
        "Accuracy": 17,
        "ConflictingItems": [],
        "Ergonomics": 0,
        "Weight": 0.317,
        "VerticalRecoil": 0,
        "HorizontalRecoil": 0,
        "LoyaltyLevel": 4
    },
    "5c07dd120db834001c39092d": {
        "$type": "RealismMod.WeaponMod, RealismMod",
        "ItemID": "5c07dd120db834001c39092d",
        "Name": "scope_all_eotech_hhs_1",
        "ModType": "sight",
        "AimSpeed": 15,
        "Accuracy": 15,
        "ConflictingItems": [],
        "Ergonomics": 0,
        "Weight": 0.635,
        "VerticalRecoil": 0,
        "HorizontalRecoil": 0,
        "LoyaltyLevel": 4
    },
    "5c0a2cec0db834001b7ce47d": {
        "$type": "RealismMod.WeaponMod, RealismMod",
        "ItemID": "5c0a2cec0db834001b7ce47d",
        "Name": "scope_all_eotech_hhs_1_tan",
        "ModType": "sight",
        "AimSpeed": 15,
        "Accuracy": 15,
        "ConflictingItems": [],
        "Ergonomics": 0,
        "Weight": 0.635,
        "VerticalRecoil": 0,
        "HorizontalRecoil": 0,
        "LoyaltyLevel": 4
    },
    "58491f3324597764bc48fa02": {
        "$type": "RealismMod.WeaponMod, RealismMod",
        "ItemID": "58491f3324597764bc48fa02",
        "Name": "scope_all_eotech_xps3-0",
        "ModType": "sight",
        "AimSpeed": 16,
        "Accuracy": 17,
        "ConflictingItems": [],
        "Ergonomics": 0,
        "Weight": 0.255,
        "VerticalRecoil": 0,
        "HorizontalRecoil": 0,
        "LoyaltyLevel": 3
    },
    "584924ec24597768f12ae244": {
        "$type": "RealismMod.WeaponMod, RealismMod",
        "ItemID": "584924ec24597768f12ae244",
        "Name": "scope_all_eotech_xps3-2",
        "ModType": "sight",
        "AimSpeed": 16,
        "Accuracy": 17,
        "ConflictingItems": [],
        "Ergonomics": 0,
        "Weight": 0.255,
        "VerticalRecoil": 0,
        "HorizontalRecoil": 0,
        "LoyaltyLevel": 3
    },
    "5b30b0dc5acfc400153b7124": {
        "$type": "RealismMod.WeaponMod, RealismMod",
        "ItemID": "5b30b0dc5acfc400153b7124",
        "Name": "scope_all_holosun_hs401g5",
        "ModType": "sight",
        "AimSpeed": 3,
        "Accuracy": 2,
        "ConflictingItems": [],
        "Ergonomics": 0,
        "Weight": 0.36,
        "VerticalRecoil": 0,
        "HorizontalRecoil": 0,
        "LoyaltyLevel": 2
    },
    "6165ac8c290d254f5e6b2f6c": {
        "$type": "RealismMod.WeaponMod, RealismMod",
        "ItemID": "6165ac8c290d254f5e6b2f6c",
        "Name": "scope_all_leapers_utg_38_ita_1x30",
        "ModType": "sight",
        "AimSpeed": 0,
        "Accuracy": -30,
        "ConflictingItems": [],
        "Ergonomics": 0,
        "Weight": 0.227,
        "VerticalRecoil": 0,
        "HorizontalRecoil": 0,
        "LoyaltyLevel": 1
    },
    "6284bd5f95250a29bc628a30": {
        "$type": "RealismMod.WeaponMod, RealismMod",
        "ItemID": "6284bd5f95250a29bc628a30",
        "Name": "scope_all_milkor_m2a1_reflex_sight",
        "ModType": "sight",
        "AimSpeed": 0,
        "Accuracy": 0,
        "ConflictingItems": [],
        "Ergonomics": 0,
        "Weight": 0.6,
        "VerticalRecoil": 0,
        "HorizontalRecoil": 0,
        "LoyaltyLevel": 1
    },
    "60a23797a37c940de7062d02": {
        "$type": "RealismMod.WeaponMod, RealismMod",
        "ItemID": "60a23797a37c940de7062d02",
        "Name": "scope_all_sig_romeo_8t",
        "ModType": "sight",
        "AimSpeed": 13,
        "Accuracy": 8,
        "ConflictingItems": [],
        "Ergonomics": 0,
        "Weight": 0.388,
        "VerticalRecoil": 0,
        "HorizontalRecoil": 0,
        "LoyaltyLevel": 2
    },
    "5d2da1e948f035477b1ce2ba": {
        "$type": "RealismMod.WeaponMod, RealismMod",
        "ItemID": "5d2da1e948f035477b1ce2ba",
        "Name": "scope_all_trijicon_srs_02",
        "ModType": "sight",
        "AimSpeed": 10,
        "Accuracy": -3,
        "ConflictingItems": [],
        "Ergonomics": 0,
        "Weight": 0.39,
        "VerticalRecoil": 0,
        "HorizontalRecoil": 0,
        "LoyaltyLevel": 3
    },
    "5c0505e00db834001b735073": {
        "$type": "RealismMod.WeaponMod, RealismMod",
        "ItemID": "5c0505e00db834001b735073",
        "Name": "scope_all_valday_1p87",
        "ModType": "sight",
        "AimSpeed": 0,
        "Accuracy": -12,
        "ConflictingItems": [],
        "Ergonomics": 0,
        "Weight": 0.297,
        "VerticalRecoil": 0,
        "HorizontalRecoil": 0,
        "LoyaltyLevel": 3
    },
    "609a63b6e2ff132951242d09": {
        "$type": "RealismMod.WeaponMod, RealismMod",
        "ItemID": "609a63b6e2ff132951242d09",
        "Name": "scope_all_valday_krechet",
        "ModType": "sight",
        "AimSpeed": 10,
        "Accuracy": -8,
        "ConflictingItems": [],
        "Ergonomics": 0,
        "Weight": 0.35,
        "VerticalRecoil": 0,
        "HorizontalRecoil": 0,
        "LoyaltyLevel": 2
    },
    "584984812459776a704a82a6": {
        "$type": "RealismMod.WeaponMod, RealismMod",
        "ItemID": "584984812459776a704a82a6",
        "Name": "scope_all_vomz_pilad_p1x42_weaver",
        "ModType": "sight",
        "AimSpeed": -5,
        "Accuracy": -20,
        "ConflictingItems": [],
        "Ergonomics": 0,
        "Weight": 0.16,
        "VerticalRecoil": 0,
        "HorizontalRecoil": 0,
        "LoyaltyLevel": 2
    },
    "59f9d81586f7744c7506ee62": {
        "$type": "RealismMod.WeaponMod, RealismMod",
        "ItemID": "59f9d81586f7744c7506ee62",
        "Name": "scope_all_vortex_razor_amg_uh-1",
        "ModType": "sight",
        "AimSpeed": 14,
        "Accuracy": 10,
        "ConflictingItems": [],
        "Ergonomics": 0,
        "Weight": 0.334,
        "VerticalRecoil": 0,
        "HorizontalRecoil": 0,
        "LoyaltyLevel": 4
    },
    "570fd721d2720bc5458b4596": {
        "$type": "RealismMod.WeaponMod, RealismMod",
        "ItemID": "570fd721d2720bc5458b4596",
        "Name": "scope_all_walther_mrs",
        "ModType": "sight",
        "AimSpeed": -1,
        "Accuracy": -30,
        "ConflictingItems": [],
        "Ergonomics": 0,
        "Weight": 0.113,
        "VerticalRecoil": 0,
        "HorizontalRecoil": 0,
        "LoyaltyLevel": 1
    },
    "61659f79d92c473c770213ee": {
        "$type": "RealismMod.WeaponMod, RealismMod",
        "ItemID": "61659f79d92c473c770213ee",
        "Name": "scope_base_aimpoint_pro",
        "ModType": "sight",
        "AimSpeed": 10,
        "Accuracy": 14,
        "ConflictingItems": [],
        "Ergonomics": 0,
        "Weight": 0.27,
        "VerticalRecoil": 0,
        "HorizontalRecoil": 0,
        "LoyaltyLevel": 2
    },
    "5c7d55de2e221644f31bff68": {
        "$type": "RealismMod.WeaponMod, RealismMod",
        "ItemID": "5c7d55de2e221644f31bff68",
        "Name": "scope_base_aimpooint_comp_m4",
        "ModType": "sight",
        "AimSpeed": 12,
        "Accuracy": 15,
        "ConflictingItems": [],
        "Ergonomics": 0,
        "Weight": 0.37,
        "VerticalRecoil": 0,
        "HorizontalRecoil": 0,
        "LoyaltyLevel": 3
    },
    "622efbcb99f4ea1a4d6c9a15": {
        "$type": "RealismMod.WeaponMod, RealismMod",
        "ItemID": "622efbcb99f4ea1a4d6c9a15",
        "Name": "scope_base_hensoldt_hkv_red_dot_sight",
        "ModType": "sight",
        "AimSpeed": 1,
        "Accuracy": -1.5,
        "ConflictingItems": [],
        "Ergonomics": 0,
        "Weight": 0.227,
        "VerticalRecoil": 0,
        "HorizontalRecoil": 0,
        "LoyaltyLevel": 1
    },
    "65f05b9d39dab9e9ec049cfd": {
        "$type": "RealismMod.WeaponMod, RealismMod",
        "ItemID": "65f05b9d39dab9e9ec049cfd",
        "Name": "scope_dovetail_komz_rusak",
        "ModType": "sight",
        "AimSpeed": 3,
        "Accuracy": -10,
        "Ergonomics": 0,
        "Weight": 0.24,
        "VerticalRecoil": 0,
        "HorizontalRecoil": 0,
        "LoyaltyLevel": 1
    },
    "5947db3f86f77447880cf76f": {
        "$type": "RealismMod.WeaponMod, RealismMod",
        "ItemID": "5947db3f86f77447880cf76f",
        "Name": "scope_dovetail_aksion_ekp_8_02",
        "ModType": "sight",
        "AimSpeed": 7,
        "Accuracy": -7,
        "ConflictingItems": [
            "5827272a24597748c74bdeea"
        ],
        "Ergonomics": 0,
        "Weight": 0.273,
        "VerticalRecoil": 0,
        "HorizontalRecoil": 0,
        "LoyaltyLevel": 1
    },
    "6113d6c3290d254f5e6b27db": {
        "$type": "RealismMod.WeaponMod, RealismMod",
        "ItemID": "6113d6c3290d254f5e6b27db",
        "Name": "scope_dovetail_belomo_pk_aa",
        "ModType": "sight",
        "AimSpeed": 5,
        "Accuracy": -4,
        "ConflictingItems": [
            "5947db3f86f77447880cf76f",
            "57486e672459770abd687134",
            "5649d9a14bdc2d79388b4580",
            "576fd4ec2459777f0b518431",
            "5c82343a2e221644f31c0611",
            "5cf638cbd7f00c06595bc936",
            "5a7c74b3e899ef0014332c29",
            "591ee00d86f774592f7b841e",
            "5e569a2e56edd02abe09f280",
            "5d0a29ead7ad1a0026013f27",
            "57acb6222459771ec34b5cb0",
            "5dff8db859400025ea5150d4",
            "5c61a40d2e2216001403158d",
            "5c90c3622e221601da359851",
            "5f6331e097199b7db2128dc2",
            "5a957c3fa2750c00137fa5f7",
            "5f63418ef5750b524b45f116",
            "5827272a24597748c74bdeea",
            "58272b392459774b4c7b3ccd",
            "5dfcd0e547101c39625f66f9",
            "5d2c76ed48f03532f2136169",
            "5d2c770c48f0354b4a07c100",
            "5d2c772c48f0355d95672c25",
            "5649af884bdc2d1b2b8b4589",
            "57dc334d245977597164366f",
            "5839a7742459773cf9693481",
            "59985a6c86f77414ec448d17"
        ],
        "Ergonomics": 0,
        "Weight": 0.45,
        "VerticalRecoil": 0,
        "HorizontalRecoil": 0,
        "LoyaltyLevel": 1
    },
    "57486e672459770abd687134": {
        "$type": "RealismMod.WeaponMod, RealismMod",
        "ItemID": "57486e672459770abd687134",
        "Name": "scope_dovetail_ekb_okp7_dovetail",
        "ModType": "sight",
        "AimSpeed": 12,
        "Accuracy": -3,
        "ConflictingItems": [],
        "Ergonomics": 0,
        "Weight": 0.295,
        "VerticalRecoil": 0,
        "HorizontalRecoil": 0,
        "LoyaltyLevel": 3
    },
    "618a5d5852ecee1505530b2a": {
        "$type": "RealismMod.WeaponMod, RealismMod",
        "ItemID": "618a5d5852ecee1505530b2a",
        "Name": "scope_dovetail_npz_pk_1",
        "ModType": "sight",
        "AimSpeed": -5,
        "Accuracy": -3,
        "ConflictingItems": [
            "5c82342f2e221644f31c060e",
            "576fd4ec2459777f0b518431",
            "5c82343a2e221644f31c0611",
            "5dff8db859400025ea5150d4",
            "5f6331e097199b7db2128dc2",
            "5d2c770c48f0354b4a07c100",
            "5d2c772c48f0355d95672c25",
            "5d2c76ed48f03532f2136169",
            "5649af884bdc2d1b2b8b4589",
            "5dfcd0e547101c39625f66f9",
            "5a957c3fa2750c00137fa5f7"
        ],
        "Ergonomics": 0,
        "Weight": 0.52,
        "VerticalRecoil": 0,
        "HorizontalRecoil": 0,
        "LoyaltyLevel": 1
    },
    "5cebec38d7f00c00110a652a": {
        "$type": "RealismMod.WeaponMod, RealismMod",
        "ItemID": "5cebec38d7f00c00110a652a",
        "Name": "scope_p90_fn_ring_sight_std",
        "ModType": "sight",
        "AimSpeed": 1,
        "Accuracy": -1.5,
        "ConflictingItems": [],
        "Ergonomics": 0,
        "Weight": 0.297,
        "VerticalRecoil": 0,
        "HorizontalRecoil": 0,
        "LoyaltyLevel": 1
    },
    "57ae0171245977343c27bfcf": {
        "$type": "RealismMod.WeaponMod, RealismMod",
        "ItemID": "57ae0171245977343c27bfcf",
        "Name": "scope_all_belomo_pk_06",
        "ModType": "sight",
        "AimSpeed": -3,
        "Accuracy": -10,
        "ConflictingItems": [],
        "Ergonomics": 0,
        "Weight": 0.09,
        "VerticalRecoil": 0,
        "HorizontalRecoil": 0,
        "LoyaltyLevel": 2
    },
    "616442e4faa1272e43152193": {
        "$type": "RealismMod.WeaponMod, RealismMod",
        "ItemID": "616442e4faa1272e43152193",
        "Name": "scope_base_aimpoint_acro_p1",
        "ModType": "sight",
        "AimSpeed": 7,
        "Accuracy": 2,
        "ConflictingItems": [],
        "Ergonomics": 0,
        "Weight": 0.06,
        "VerticalRecoil": 0,
        "HorizontalRecoil": 0,
        "LoyaltyLevel": 3
    },
    "61657230d92c473c770213d7": {
        "$type": "RealismMod.WeaponMod, RealismMod",
        "ItemID": "61657230d92c473c770213d7",
        "Name": "scope_base_aimpoint_micro_h2",
        "ModType": "sight",
        "AimSpeed": 9,
        "Accuracy": 10,
        "ConflictingItems": [],
        "Ergonomics": 0,
        "Weight": 0.094,
        "VerticalRecoil": 0,
        "HorizontalRecoil": 0,
        "LoyaltyLevel": 2
    },
    "58d399e486f77442e0016fe7": {
        "$type": "RealismMod.WeaponMod, RealismMod",
        "ItemID": "58d399e486f77442e0016fe7",
        "Name": "scope_base_aimpoint_micro_t1",
        "ModType": "sight",
        "AimSpeed": 9,
        "Accuracy": 15,
        "ConflictingItems": [],
        "Ergonomics": 0,
        "Weight": 0.084,
        "VerticalRecoil": 0,
        "HorizontalRecoil": 0,
        "LoyaltyLevel": 4
    },
    "577d141e24597739c5255e01": {
        "$type": "RealismMod.WeaponMod, RealismMod",
        "ItemID": "577d141e24597739c5255e01",
        "Name": "scope_base_burris_fast_fire_3",
        "ModType": "sight",
        "AimSpeed": 5,
        "Accuracy": -4,
        "ConflictingItems": [],
        "Ergonomics": 0,
        "Weight": 0.025,
        "VerticalRecoil": 0,
        "HorizontalRecoil": 0,
        "LoyaltyLevel": 2
    },
    "58d268fc86f774111273f8c2": {
        "$type": "RealismMod.WeaponMod, RealismMod",
        "ItemID": "58d268fc86f774111273f8c2",
        "Name": "scope_base_leupold_deltapoint",
        "ModType": "sight",
        "AimSpeed": 6,
        "Accuracy": -5.5,
        "ConflictingItems": [],
        "Ergonomics": 0,
        "Weight": 0.053,
        "VerticalRecoil": 0,
        "HorizontalRecoil": 0,
        "LoyaltyLevel": 2
    },
    "5b3116595acfc40019476364": {
        "$type": "RealismMod.WeaponMod, RealismMod",
        "ItemID": "5b3116595acfc40019476364",
        "Name": "scope_base_sig_romeo_4",
        "ModType": "sight",
        "AimSpeed": 7,
        "Accuracy": -3,
        "ConflictingItems": [],
        "Ergonomics": 0,
        "Weight": 0.089,
        "VerticalRecoil": 0,
        "HorizontalRecoil": 0,
        "LoyaltyLevel": 2
    },
    "5a32aa8bc4a2826c6e06d737": {
        "$type": "RealismMod.WeaponMod, RealismMod",
        "ItemID": "5a32aa8bc4a2826c6e06d737",
        "Name": "scope_base_trijicon_rmr",
        "ModType": "sight",
        "AimSpeed": 7,
        "Accuracy": -2,
        "ConflictingItems": [],
        "Ergonomics": 0,
        "Weight": 0.025,
        "VerticalRecoil": 0,
        "HorizontalRecoil": 0,
        "LoyaltyLevel": 4
    },
    "5dff772da3651922b360bf91": {
        "$type": "RealismMod.WeaponMod, RealismMod",
        "ItemID": "5dff772da3651922b360bf91",
        "Name": "scope_25_4mm_vomz_pilad_4x32m",
        "ModType": "sight",
        "AimSpeed": -9,
        "Accuracy": -10,
        "ConflictingItems": [
            "591c4efa86f7741030027726",
            "570fd79bd2720bc7458b4583",
            "570fd6c2d2720bc6458b457f",
            "558022b54bdc2dac148b458d",
            "58491f3324597764bc48fa02",
            "584924ec24597768f12ae244",
            "5b30b0dc5acfc400153b7124",
            "60a23797a37c940de7062d02",
            "5d2da1e948f035477b1ce2ba",
            "5c0505e00db834001b735073",
            "609a63b6e2ff132951242d09",
            "584984812459776a704a82a6",
            "59f9d81586f7744c7506ee62",
            "570fd721d2720bc5458b4596",
            "5bb20e49d4351e3bac1212de",
            "5ba26b17d4351e00367f9bdd",
            "5dfa3d7ac41b2312ea33362a",
            "5c1780312e221602b66cc189",
            "5fb6564947ce63734e3fa1da",
            "5bc09a18d4351e003562b68e",
            "5c18b9192e2216398b5a8104",
            "5fc0fa957283c4046c58147e",
            "5894a81786f77427140b8347",
            "5c7d55f52e221644f31bff6a"
        ],
        "Ergonomics": 0,
        "Weight": 0.31,
        "VerticalRecoil": 0,
        "HorizontalRecoil": 0,
        "LoyaltyLevel": 2
    },
    "618a75f0bd321d49084cd399": {
        "$type": "RealismMod.WeaponMod, RealismMod",
        "ItemID": "618a75f0bd321d49084cd399",
        "Name": "scope_base_npz_1p78_1_2,8x24",
        "ModType": "sight",
        "AimSpeed": -3,
        "Accuracy": -2,
        "ConflictingItems": [
            "5947db3f86f77447880cf76f",
            "6113d6c3290d254f5e6b27db",
            "57486e672459770abd687134",
            "591ee00d86f774592f7b841e",
            "57acb6222459771ec34b5cb0",
            "5827272a24597748c74bdeea",
            "58272b392459774b4c7b3ccd"
        ],
        "Ergonomics": 0,
        "Weight": 0.6,
        "VerticalRecoil": 0,
        "HorizontalRecoil": 0,
        "LoyaltyLevel": 1
    },
    "5cf638cbd7f00c06595bc936": {
        "$type": "RealismMod.WeaponMod, RealismMod",
        "ItemID": "5cf638cbd7f00c06595bc936",
        "Name": "scope_dovetail_npz_1p29_4x",
        "ModType": "sight",
        "AimSpeed": -3,
        "Accuracy": -4,
        "ConflictingItems": [
            "5c82342f2e221644f31c060e",
            "576fd4ec2459777f0b518431",
            "5c82343a2e221644f31c0611",
            "5827272a24597748c74bdeea",
            "58272b392459774b4c7b3ccd",
            "5649af884bdc2d1b2b8b4589",
            "59985a6c86f77414ec448d17"
        ],
        "Ergonomics": 0,
        "Weight": 0.795,
        "VerticalRecoil": 0,
        "HorizontalRecoil": 0,
        "LoyaltyLevel": 1
    },
    "5b3f7c1c5acfc40dc5296b1d": {
        "$type": "RealismMod.WeaponMod, RealismMod",
        "ItemID": "5b3f7c1c5acfc40dc5296b1d",
        "Name": "scope_base_progress_pu_3,5x",
        "ModType": "sight",
        "AimSpeed": -6,
        "Accuracy": -8,
        "ConflictingItems": [
            "5894a73486f77426d259076c",
            "5894a81786f77427140b8347"
        ],
        "Ergonomics": 0,
        "Weight": 0.4,
        "VerticalRecoil": 0,
        "HorizontalRecoil": 0,
        "LoyaltyLevel": 2
    },
    "576fd4ec2459777f0b518431": {
        "$type": "RealismMod.WeaponMod, RealismMod",
        "ItemID": "576fd4ec2459777f0b518431",
        "Name": "scope_dovetail_belomo_pso_1m2-1_4×24",
        "ModType": "sight",
        "AimSpeed": -8,
        "Accuracy": -7,
        "ConflictingItems": [
            "5947db3f86f77447880cf76f",
            "6113d6c3290d254f5e6b27db",
            "57486e672459770abd687134",
            "591ee00d86f774592f7b841e",
            "57acb6222459771ec34b5cb0",
            "5827272a24597748c74bdeea",
            "58272b392459774b4c7b3ccd"
        ],
        "Ergonomics": 0,
        "Weight": 0.6,
        "VerticalRecoil": 0,
        "HorizontalRecoil": 0,
        "LoyaltyLevel": 2
    },
    "5c82343a2e221644f31c0611": {
        "$type": "RealismMod.WeaponMod, RealismMod",
        "ItemID": "5c82343a2e221644f31c0611",
        "Name": "scope_dovetail_belomo_pso_1m2_4x24",
        "ModType": "sight",
        "AimSpeed": -5,
        "Accuracy": -6.5,
        "ConflictingItems": [
            "5947db3f86f77447880cf76f",
            "6113d6c3290d254f5e6b27db",
            "57486e672459770abd687134",
            "591ee00d86f774592f7b841e",
            "57acb6222459771ec34b5cb0",
            "5827272a24597748c74bdeea",
            "58272b392459774b4c7b3ccd"
        ],
        "Ergonomics": 0,
        "Weight": 0.6,
        "VerticalRecoil": 0,
        "HorizontalRecoil": 0,
        "LoyaltyLevel": 2
    },
    "5c82342f2e221644f31c060e": {
        "$type": "RealismMod.WeaponMod, RealismMod",
        "ItemID": "5c82342f2e221644f31c060e",
        "Name": "scope_dovetail_belomo_pso_1_4x24",
        "ModType": "sight",
        "AimSpeed": -6,
        "Accuracy": -5.5,
        "ConflictingItems": [
            "5827272a24597748c74bdeea",
            "58272b392459774b4c7b3ccd",
            "6113d6c3290d254f5e6b27db",
            "57486e672459770abd687134",
            "5947db3f86f77447880cf76f",
            "57acb6222459771ec34b5cb0",
            "591ee00d86f774592f7b841e"
        ],
        "Ergonomics": 0,
        "Weight": 0.6,
        "VerticalRecoil": 0,
        "HorizontalRecoil": 0,
        "LoyaltyLevel": 2
    },
    "5d0a3a58d7ad1a669c15ca14": {
        "$type": "RealismMod.WeaponMod, RealismMod",
        "ItemID": "5d0a3a58d7ad1a669c15ca14",
        "Name": "scope_base_kmz_1p59_3_10x",
        "ModType": "sight",
        "AimSpeed": -11,
        "Accuracy": -8.5,
        "ConflictingItems": [
            "591c4efa86f7741030027726",
            "570fd79bd2720bc7458b4583",
            "570fd6c2d2720bc6458b457f",
            "558022b54bdc2dac148b458d",
            "58491f3324597764bc48fa02",
            "584924ec24597768f12ae244",
            "5b30b0dc5acfc400153b7124",
            "60a23797a37c940de7062d02",
            "5d2da1e948f035477b1ce2ba",
            "5c0505e00db834001b735073",
            "609a63b6e2ff132951242d09",
            "584984812459776a704a82a6",
            "59f9d81586f7744c7506ee62",
            "570fd721d2720bc5458b4596",
            "5c7d55de2e221644f31bff68",
            "5c7d55f52e221644f31bff6a"
        ],
        "Ergonomics": 0,
        "Weight": 0.94,
        "VerticalRecoil": 0,
        "HorizontalRecoil": 0,
        "LoyaltyLevel": 2
    },
    "5d0a3e8cd7ad1a6f6a3d35bd": {
        "$type": "RealismMod.WeaponMod, RealismMod",
        "ItemID": "5d0a3e8cd7ad1a6f6a3d35bd",
        "Name": "scope_base_kmz_1p69_3_10x",
        "ModType": "sight",
        "AimSpeed": -5,
        "Accuracy": -9,
        "ConflictingItems": [
            "591c4efa86f7741030027726",
            "570fd79bd2720bc7458b4583",
            "570fd6c2d2720bc6458b457f",
            "558022b54bdc2dac148b458d",
            "58491f3324597764bc48fa02",
            "584924ec24597768f12ae244",
            "5b30b0dc5acfc400153b7124",
            "60a23797a37c940de7062d02",
            "5d2da1e948f035477b1ce2ba",
            "5c0505e00db834001b735073",
            "609a63b6e2ff132951242d09",
            "584984812459776a704a82a6",
            "59f9d81586f7744c7506ee62",
            "570fd721d2720bc5458b4596",
            "5c7d55de2e221644f31bff68",
            "5c7d55f52e221644f31bff6a"
        ],
        "Ergonomics": 0,
        "Weight": 0.94,
        "VerticalRecoil": 0,
        "HorizontalRecoil": 0,
        "LoyaltyLevel": 2
    },
    "5b2388675acfc4771e1be0be": {
        "$type": "RealismMod.WeaponMod, RealismMod",
        "ItemID": "5b2388675acfc4771e1be0be",
        "Name": "scope_30mm_burris_fullfield_tac30_1_4x24",
        "ModType": "sight",
        "AimSpeed": 5,
        "Accuracy": 9,
        "ConflictingItems": [
            "591c4efa86f7741030027726",
            "570fd79bd2720bc7458b4583",
            "570fd6c2d2720bc6458b457f",
            "558022b54bdc2dac148b458d",
            "58491f3324597764bc48fa02",
            "584924ec24597768f12ae244",
            "5b30b0dc5acfc400153b7124",
            "60a23797a37c940de7062d02",
            "5d2da1e948f035477b1ce2ba",
            "5c0505e00db834001b735073",
            "609a63b6e2ff132951242d09",
            "584984812459776a704a82a6",
            "59f9d81586f7744c7506ee62",
            "570fd721d2720bc5458b4596",
            "5c7d55f52e221644f31bff6a"
        ],
        "Ergonomics": 0,
        "Weight": 0.48,
        "VerticalRecoil": 0,
        "HorizontalRecoil": 0,
        "LoyaltyLevel": 4
    },
    "5b3b99475acfc432ff4dcbee": {
        "$type": "RealismMod.WeaponMod, RealismMod",
        "ItemID": "5b3b99475acfc432ff4dcbee",
        "Name": "scope_30mm_eotech_vudu_1_6x24",
        "ModType": "sight",
        "AimSpeed": 10,
        "Accuracy": 15,
        "ConflictingItems": [
            "591c4efa86f7741030027726",
            "570fd79bd2720bc7458b4583",
            "570fd6c2d2720bc6458b457f",
            "558022b54bdc2dac148b458d",
            "58491f3324597764bc48fa02",
            "584924ec24597768f12ae244",
            "5b30b0dc5acfc400153b7124",
            "60a23797a37c940de7062d02",
            "5d2da1e948f035477b1ce2ba",
            "5c0505e00db834001b735073",
            "609a63b6e2ff132951242d09",
            "584984812459776a704a82a6",
            "59f9d81586f7744c7506ee62",
            "570fd721d2720bc5458b4596",
            "5c7d55f52e221644f31bff6a"
        ],
        "Ergonomics": 0,
        "Weight": 0.57,
        "VerticalRecoil": 0,
        "HorizontalRecoil": 0,
        "LoyaltyLevel": 5
    },
    "618ba27d9008e4636a67f61d": {
        "$type": "RealismMod.WeaponMod, RealismMod",
        "ItemID": "618ba27d9008e4636a67f61d",
        "Name": "scope_30mm_razor_hd_gen_2_1_6x24",
        "ModType": "sight",
        "AimSpeed": 10,
        "Accuracy": 18,
        "ConflictingItems": [
            "591c4efa86f7741030027726",
            "570fd79bd2720bc7458b4583",
            "570fd6c2d2720bc6458b457f",
            "558022b54bdc2dac148b458d",
            "58491f3324597764bc48fa02",
            "584924ec24597768f12ae244",
            "5b30b0dc5acfc400153b7124",
            "60a23797a37c940de7062d02",
            "5d2da1e948f035477b1ce2ba",
            "5c0505e00db834001b735073",
            "609a63b6e2ff132951242d09",
            "584984812459776a704a82a6",
            "59f9d81586f7744c7506ee62",
            "570fd721d2720bc5458b4596",
            "5c7d55f52e221644f31bff6a"
        ],
        "Ergonomics": 0,
        "Weight": 0.57,
        "VerticalRecoil": 0,
        "HorizontalRecoil": 0,
        "LoyaltyLevel": 5
    },
    "617151c1d92c473c770214ab": {
        "$type": "RealismMod.WeaponMod, RealismMod",
        "ItemID": "617151c1d92c473c770214ab",
        "Name": "scope_30mm_s&b_pm_ii_1_8x24",
        "ModType": "sight",
        "AimSpeed": 3,
        "Accuracy": 15,
        "ConflictingItems": [],
        "Ergonomics": 0,
        "Weight": 0.639,
        "VerticalRecoil": 0,
        "HorizontalRecoil": 0,
        "LoyaltyLevel": 4
    },
    "544a3d0a4bdc2d1b388b4567": {
        "$type": "RealismMod.WeaponMod, RealismMod",
        "ItemID": "544a3d0a4bdc2d1b388b4567",
        "Name": "scope_all_nightforce_nxs_2,5-10x24",
        "ModType": "sight",
        "AimSpeed": 3,
        "Accuracy": 16,
        "ConflictingItems": [],
        "Ergonomics": 0,
        "Weight": 0.51,
        "VerticalRecoil": 0,
        "HorizontalRecoil": 0,
        "LoyaltyLevel": 4
    },
    "61714eec290d254f5e6b2ffc": {
        "$type": "RealismMod.WeaponMod, RealismMod",
        "ItemID": "61714eec290d254f5e6b2ffc",
        "Name": "scope_34mm_s&b_pm_ii_3_12x50",
        "ModType": "sight",
        "AimSpeed": -5,
        "Accuracy": 20,
        "ConflictingItems": [],
        "Ergonomics": 0,
        "Weight": 0.92,
        "VerticalRecoil": 0,
        "HorizontalRecoil": 0,
        "LoyaltyLevel": 4
    },
    "56ea70acd2720b844b8b4594": {
        "$type": "RealismMod.WeaponMod, RealismMod",
        "ItemID": "56ea70acd2720b844b8b4594",
        "Name": "scope_34mm_hensoldt_zf_4_16x56_ff",
        "ModType": "sight",
        "AimSpeed": -8,
        "Accuracy": 23,
        "ConflictingItems": [
            "591c4efa86f7741030027726",
            "570fd79bd2720bc7458b4583",
            "570fd6c2d2720bc6458b457f",
            "558022b54bdc2dac148b458d",
            "58491f3324597764bc48fa02",
            "584924ec24597768f12ae244",
            "5b30b0dc5acfc400153b7124",
            "60a23797a37c940de7062d02",
            "5d2da1e948f035477b1ce2ba",
            "5c0505e00db834001b735073",
            "609a63b6e2ff132951242d09",
            "584984812459776a704a82a6",
            "59f9d81586f7744c7506ee62",
            "570fd721d2720bc5458b4596",
            "5c7d55f52e221644f31bff6a"
        ],
        "Ergonomics": 0,
        "Weight": 0.9,
        "VerticalRecoil": 0,
        "HorizontalRecoil": 0,
        "LoyaltyLevel": 4
    },
    "5a37cb10c4a282329a73b4e7": {
        "$type": "RealismMod.WeaponMod, RealismMod",
        "ItemID": "5a37cb10c4a282329a73b4e7",
        "Name": "scope_30mm_leupold_mark4_lr_6,5_20x50",
        "ModType": "sight",
        "AimSpeed": -9,
        "Accuracy": 21,
        "ConflictingItems": [
            "591c4efa86f7741030027726",
            "570fd79bd2720bc7458b4583",
            "570fd6c2d2720bc6458b457f",
            "558022b54bdc2dac148b458d",
            "58491f3324597764bc48fa02",
            "584924ec24597768f12ae244",
            "5b30b0dc5acfc400153b7124",
            "60a23797a37c940de7062d02",
            "5d2da1e948f035477b1ce2ba",
            "5c0505e00db834001b735073",
            "609a63b6e2ff132951242d09",
            "584984812459776a704a82a6",
            "59f9d81586f7744c7506ee62",
            "570fd721d2720bc5458b4596",
            "5c7d55f52e221644f31bff6a"
        ],
        "Ergonomics": 0,
        "Weight": 0.62,
        "VerticalRecoil": 0,
        "HorizontalRecoil": 0,
        "LoyaltyLevel": 4
    },
    "57c5ac0824597754771e88a9": {
        "$type": "RealismMod.WeaponMod, RealismMod",
        "ItemID": "57c5ac0824597754771e88a9",
        "Name": "scope_30mm_march_tactical_3-24x42",
        "ModType": "sight",
        "AimSpeed": -9,
        "Accuracy": 24,
        "ConflictingItems": [
            "591c4efa86f7741030027726",
            "570fd79bd2720bc7458b4583",
            "570fd6c2d2720bc6458b457f",
            "558022b54bdc2dac148b458d",
            "58491f3324597764bc48fa02",
            "584924ec24597768f12ae244",
            "5b30b0dc5acfc400153b7124",
            "60a23797a37c940de7062d02",
            "5d2da1e948f035477b1ce2ba",
            "5c0505e00db834001b735073",
            "609a63b6e2ff132951242d09",
            "584984812459776a704a82a6",
            "59f9d81586f7744c7506ee62",
            "570fd721d2720bc5458b4596",
            "5c7d55f52e221644f31bff6a"
        ],
        "Ergonomics": 0,
        "Weight": 0.64,
        "VerticalRecoil": 0,
        "HorizontalRecoil": 0,
        "LoyaltyLevel": 4
    },
    "62850c28da09541f43158cca": {
        "$type": "RealismMod.WeaponMod, RealismMod",
        "ItemID": "62850c28da09541f43158cca",
        "Name": "scope_34mm_s&b_pm_ii_5_25x56",
        "ModType": "sight",
        "AimSpeed": -8,
        "Accuracy": 25,
        "ConflictingItems": [],
        "Ergonomics": 0,
        "Weight": 1.08,
        "VerticalRecoil": 0,
        "HorizontalRecoil": 0,
        "LoyaltyLevel": 4
    },
    "5aa66be6e5b5b0214e506e97": {
        "$type": "RealismMod.WeaponMod, RealismMod",
        "ItemID": "5aa66be6e5b5b0214e506e97",
        "Name": "scope_34mm_nightforce_atacr_7_35x56",
        "ModType": "sight",
        "AimSpeed": -5,
        "Accuracy": 23,
        "ConflictingItems": [
            "591c4efa86f7741030027726",
            "570fd79bd2720bc7458b4583",
            "570fd6c2d2720bc6458b457f",
            "558022b54bdc2dac148b458d",
            "58491f3324597764bc48fa02",
            "584924ec24597768f12ae244",
            "5b30b0dc5acfc400153b7124",
            "60a23797a37c940de7062d02",
            "5d2da1e948f035477b1ce2ba",
            "5c0505e00db834001b735073",
            "609a63b6e2ff132951242d09",
            "584984812459776a704a82a6",
            "59f9d81586f7744c7506ee62",
            "570fd721d2720bc5458b4596",
            "5c7d55f52e221644f31bff6a"
        ],
        "Ergonomics": 0,
        "Weight": 1.113,
        "VerticalRecoil": 0,
        "HorizontalRecoil": 0,
        "LoyaltyLevel": 4
    },
    "5b3b6e495acfc4330140bd88": {
        "$type": "RealismMod.WeaponMod, RealismMod",
        "ItemID": "5b3b6e495acfc4330140bd88",
        "Name": "scope_base_armasight_vulcan_gen3_bravo_mg_3,5x",
        "ModType": "sight",
        "AimSpeed": -5,
        "Accuracy": 0,
        "ConflictingItems": [],
        "Ergonomics": 0,
        "Weight": 0.9,
        "VerticalRecoil": 0,
        "HorizontalRecoil": 0,
        "LoyaltyLevel": 1
    },
    "5a7c74b3e899ef0014332c29": {
        "$type": "RealismMod.WeaponMod, RealismMod",
        "ItemID": "5a7c74b3e899ef0014332c29",
        "Name": "scope_dovetail_npz_nspum_3,5x",
        "ModType": "sight",
        "AimSpeed": -3,
        "Accuracy": -14,
        "ConflictingItems": [
            "57ac965c24597706be5f975c",
            "57aca93d2459771f2c7e26db",
            "544a3f024bdc2d1d388b4568",
            "544a3a774bdc2d3a388b4567",
            "57adff4f24597737f373b6e6",
            "591c4efa86f7741030027726",
            "570fd79bd2720bc7458b4583",
            "570fd6c2d2720bc6458b457f",
            "558022b54bdc2dac148b458d",
            "58491f3324597764bc48fa02",
            "584924ec24597768f12ae244",
            "5b30b0dc5acfc400153b7124",
            "60a23797a37c940de7062d02",
            "5d2da1e948f035477b1ce2ba",
            "5c0505e00db834001b735073",
            "609a63b6e2ff132951242d09",
            "584984812459776a704a82a6",
            "59f9d81586f7744c7506ee62",
            "570fd721d2720bc5458b4596",
            "5947db3f86f77447880cf76f",
            "57486e672459770abd687134",
            "5649d9a14bdc2d79388b4580",
            "58272b842459774abc128d50",
            "56ea70acd2720b844b8b4594",
            "5c82342f2e221644f31c060e",
            "576fd4ec2459777f0b518431",
            "5c82343a2e221644f31c0611",
            "5c7d55f52e221644f31bff6a",
            "5a37ca54c4a282000d72296a",
            "57c69dd424597774c03b7bbc",
            "5aa66a9be5b5b0214e506e89",
            "5aa66c72e5b5b00016327c93",
            "59db7eed86f77461f8380365",
            "5a1ead28fcdbcb001912fa9f",
            "57ffb0062459777a045af529",
            "591ee00d86f774592f7b841e",
            "57acb6222459771ec34b5cb0",
            "5649af884bdc2d1b2b8b4589",
            "59985a6c86f77414ec448d17"
        ],
        "Ergonomics": 0,
        "Weight": 1.9,
        "VerticalRecoil": 0,
        "HorizontalRecoil": 0,
        "LoyaltyLevel": 1
    },
    "606f2696f2cb2e02a42aceb1": {
        "$type": "RealismMod.WeaponMod, RealismMod",
        "ItemID": "606f2696f2cb2e02a42aceb1",
        "Name": "tactical_mp155_kalashnikov_ultima_camera",
        "ModType": "sight",
        "AimSpeed": -1,
        "Accuracy": -15,
        "ConflictingItems": [],
        "Ergonomics": 0,
        "Weight": 0.21,
        "VerticalRecoil": 0,
        "HorizontalRecoil": 0,
        "LoyaltyLevel": 3
    },
    "609bab8b455afd752b2e6138": {
        "$type": "RealismMod.WeaponMod, RealismMod",
        "ItemID": "609bab8b455afd752b2e6138",
        "Name": "scope_all_torrey_pines_logic_t12_w_30hz",
        "ModType": "sight",
        "AimSpeed": -3,
        "Accuracy": -25,
        "ConflictingItems": [],
        "Ergonomics": 0,
        "Weight": 0.063,
        "VerticalRecoil": 0,
        "HorizontalRecoil": 0,
        "LoyaltyLevel": 4
    },
    "5d1b5e94d7ad1a2b865a96b0": {
        "$type": "RealismMod.WeaponMod, RealismMod",
        "ItemID": "5d1b5e94d7ad1a2b865a96b0",
        "Name": "scope_all_flir_rs32_225_9x_35_60hz",
        "ModType": "sight",
        "AimSpeed": -5,
        "Accuracy": 0,
        "ConflictingItems": [],
        "Ergonomics": 0,
        "Weight": 0.75,
        "VerticalRecoil": 0,
        "HorizontalRecoil": 0,
        "LoyaltyLevel": 5
    },
    "5a1eaa87fcdbcb001865f75e": {
        "$type": "RealismMod.WeaponMod, RealismMod",
        "ItemID": "5a1eaa87fcdbcb001865f75e",
        "Name": "scope_base_trijicon_reap-ir",
        "ModType": "sight",
        "AimSpeed": -2,
        "Accuracy": 0,
        "ConflictingItems": [],
        "Ergonomics": 0,
        "Weight": 0.58,
        "VerticalRecoil": 0,
        "HorizontalRecoil": 0,
        "LoyaltyLevel": 5
    },
    "6478641c19d732620e045e17": {
        "$type": "RealismMod.WeaponMod, RealismMod",
        "ItemID": "6478641c19d732620e045e17",
        "Name": "scope_all_sig_sauer_echo1_thermal_reflex_sight_1_2x_30hz,5x",
        "AimSpeed": 3,
        "Accuracy": 0,
        "ConflictingItems": [],
        "Ergonomics": 0,
        "Weight": 0.417,
        "VerticalRecoil": 0,
        "HorizontalRecoil": 0,
        "LoyaltyLevel": 5
    },
    "63fc44e2429a8a166c7f61e6": {
        "$type": "RealismMod.WeaponMod, RealismMod",
        "ItemID": "63fc44e2429a8a166c7f61e6",
        "Name": "scope_base_armasight_zeus_pro_640_2_16x50_30hz",
        "AimSpeed": -2,
        "Accuracy": 0,
        "ConflictingItems": [],
        "Ergonomics": 0,
        "Weight": 0.9,
        "VerticalRecoil": 0,
        "HorizontalRecoil": 0,
        "LoyaltyLevel": 5
    },
    "5d53f4b7a4b936793d58c780": {
        "$type": "RealismMod.WeaponMod, RealismMod",
        "ItemID": "5d53f4b7a4b936793d58c780",
        "Name": "scope_ags_npz_pag17_2,7x",
        "ModType": "sight",
        "AimSpeed": 0,
        "Accuracy": 0,
        "ConflictingItems": [],
        "Ergonomics": 0,
        "Weight": 0.51,
        "VerticalRecoil": 0,
        "HorizontalRecoil": 0,
        "LoyaltyLevel": 5
    },
    "62ebd290c427473eff0baafb": {
        "$type": "RealismMod.WeaponMod, RealismMod",
        "ItemID": "62ebd290c427473eff0baafb",
        "Name": "scope_aug_steyr_rail_optic_1,5x",
        "ModType": "sight",
        "AimSpeed": 0,
        "Accuracy": 0,
        "ConflictingItems": [],
        "Ergonomics": 0,
        "Weight": 0.624,
        "LoyaltyLevel": 1
    },
    "62ea7c793043d74a0306e19f": {
        "$type": "RealismMod.WeaponMod, RealismMod",
        "ItemID": "62ea7c793043d74a0306e19f",
        "Name": "scope_aug_steyr_stg77_optic_1,5x",
        "ModType": "sight",
        "AimSpeed": 0,
        "Accuracy": 0,
        "ConflictingItems": [],
        "Ergonomics": 0,
        "Weight": 1.22,
        "LoyaltyLevel": 1
    },
    "62ff9920fe938a24c90c10d2": {
        "$type": "RealismMod.WeaponMod, RealismMod",
        "ItemID": "62ff9920fe938a24c90c10d2",
        "Name": "scope_sr2m_tochmash_kp_sr2",
        "ModType": "sight",
        "AimSpeed": -3,
        "Accuracy": -5,
        "ConflictingItems": [],
        "Ergonomics": 0,
        "Weight": 0.27,
        "LoyaltyLevel": 1
    },
    "6544d4187c5457729210d277": {
        "$type": "RealismMod.WeaponMod, RealismMod",
        "ItemID": "6544d4187c5457729210d277",
        "Name": "scope_dovetail_aksion_ekp_1s_03",
        "ModType": "sight",
        "AimSpeed": 0,
        "Accuracy": -6,
        "ConflictingItems": [
            "5827272a24597748c74bdeea",
            "5649af884bdc2d1b2b8b4589",
            "5d2c770c48f0354b4a07c100",
            "5d2c76ed48f03532f2136169",
            "5d2c772c48f0355d95672c25",
            "6389f1dfc879ce63f72fc43e",
            "5f6331e097199b7db2128dc2",
            "5dfcd0e547101c39625f66f9",
            "6113d6c3290d254f5e6b27db",
            "5c82342f2e221644f31c060e",
            "5c82343a2e221644f31c0611",
            "576fd4ec2459777f0b518431",
            "5dff8db859400025ea5150d4",
            "5a957c3fa2750c00137fa5f7"
        ],
        "Ergonomics": 0,
        "Weight": 0.273,
        "LoyaltyLevel": 1
    },
    "655f13e0a246670fb0373245": {
        "$type": "RealismMod.WeaponMod, RealismMod",
        "ItemID": "655f13e0a246670fb0373245",
        "Name": "scope_all_wilcox_boss_xe_hp",
        "ModType": "sight",
        "AimSpeed": 9,
        "Accuracy": 10,
        "ConflictingItems": [],
        "Ergonomics": 0,
        "Weight": 0.25,
        "LoyaltyLevel": 4
    },
    "6567e7681265c8a131069b0f": {
        "$type": "RealismMod.WeaponMod, RealismMod",
        "ItemID": "6567e7681265c8a131069b0f",
        "Name": "scope_30mm_sig_tango6t_1_6x24",
        "ModType": "sight",
        "AimSpeed": 7,
        "Accuracy": 14,
        "ConflictingItems": [
            "591c4efa86f7741030027726",
            "570fd79bd2720bc7458b4583",
            "570fd6c2d2720bc6458b457f",
            "558022b54bdc2dac148b458d",
            "58491f3324597764bc48fa02",
            "584924ec24597768f12ae244",
            "5b30b0dc5acfc400153b7124",
            "60a23797a37c940de7062d02",
            "5d2da1e948f035477b1ce2ba",
            "5c0505e00db834001b735073",
            "609a63b6e2ff132951242d09",
            "584984812459776a704a82a6",
            "59f9d81586f7744c7506ee62",
            "570fd721d2720bc5458b4596",
            "5c7d55f52e221644f31bff6a",
            "6165ac8c290d254f5e6b2f6c",
            "6477772ea8a38bb2050ed4db",
            "64785e7c19d732620e045e15"
        ],
        "Ergonomics": 0,
        "Weight": 0.626,
        "LoyaltyLevel": 4
    }
}