{  
      "6766ff2a61b6013425a70da8": {
            "$type": "RealismMod.Gun, RealismMod",
            "ItemID": "6766ff2a61b6013425a70da8",
            "Name": "Colt M4A1 5.56x45 assault rifle (Cultists)",
            "WeapType": "DI",
            "OperationType": "buffer",
            "WeapAccuracy": 0,
            "BaseTorque": 1,
            "HasShoulderContact": false,
            "Ergonomics": 80,
            "VerticalRecoil": 81,
            "HorizontalRecoil": 128,
            "Dispersion": 10,
            "CameraRecoil": 0.032,
            "VisualMulti": 1.13,
            "Convergence": 17,
            "RecoilAngle": 90,
            "BaseMalfunctionChance": 0.001,
            "HeatFactorGun": 0.27,
            "HeatFactorByShot": 1,
            "CoolFactorGun": 0.1,
            "CoolFactorGunMods": 1,
            "AllowOverheat": true,
            "CenterOfImpact": 0.01,
            "HipAccuracyRestorationDelay": 0.2,
            "HipAccuracyRestorationSpeed": 7,
            "HipInnaccuracyGain": 0.16,
            "ShotgunDispersion": 0,
            "Velocity": 0,
            "RecoilDamping": 0.8,
            "RecoilHandDamping": 0.6,
            "WeaponAllowADS": false,
            "Weight": 1.114,
            "DurabilityBurnRatio": 0.35,
            "AutoROF": 800,
            "SemiROF": 400,
            "LoyaltyLevel": 3,
            "BaseReloadSpeedMulti": 1,
            "BaseChamberSpeedMulti": 1.85,
            "MinChamberSpeed": 0.8,
            "MaxChamberSpeed": 2,
            "IsManuallyOperated": false,
            "BaseChamberCheckSpeed": 1.5,
            "BaseFixSpeed": 1.2,
            "OffsetRotation": 0.008,
            "RecoilIntensity": 0.165,
            "MasteryCategory": "M4"
      },
      "66bf757f27d0b097db0ace44": {
            "$type": "RealismMod.Gear, RealismMod",
            "ItemID": "66bf757f27d0b097db0ace44",
            "Name": "Ops-Core SF High Cut Helmet (Multicam)",
            "AllowADS": true,
            "LoyaltyLevel": 4,
            "ArmorClass": "NIJ IIIA",
            "CanSpall": false,
            "SpallReduction": 1,
            "ReloadSpeedMulti": 1,
            "Comfort": 0.85,
            "Price": 34000
        },
    "66bf757f27d0b097db0ace58": {
            "$type": "RealismMod.Gear, RealismMod",
            "ItemID": "66bf757f27d0b097db0ace58",
            "Name": "Ops-Core SF High Cut Helmet (OD)",
            "AllowADS": true,
            "LoyaltyLevel": 4,
            "ArmorClass": "NIJ IIIA",
            "CanSpall": false,
            "SpallReduction": 1,
            "ReloadSpeedMulti": 1,
            "Comfort": 0.85,
            "Price": 34000
        },
    "66bf757f27d0b097db0ace61": {
            "$type": "RealismMod.Gear, RealismMod",
            "ItemID": "66bf757f27d0b097db0ace61",
            "Name": "Ops-Core SF High Cut Helmet (Black)",
            "AllowADS": true,
            "LoyaltyLevel": 4,
            "ArmorClass": "NIJ IIIA",
            "CanSpall": false,
            "SpallReduction": 1,
            "ReloadSpeedMulti": 1,
            "Comfort": 0.85,
            "Price": 34000
        },
    "676a1476242dea0ba69ebbd8": {
            "$type": "RealismMod.Gear, RealismMod",
            "ItemID": "676a1476242dea0ba69ebbd8",
            "Name": "Ops-Core SF Warrior Helmet (Black)",
            "AllowADS": true,
            "LoyaltyLevel": 4,
            "ArmorClass": "NIJ IIIA",
            "CanSpall": false,
            "SpallReduction": 1,
            "ReloadSpeedMulti": 1,
            "Comfort": 0.85,
            "Price": 34000
        },
    "668bc5cd834c88e06b08b6a9": {
          "$type": "RealismMod.Gear, RealismMod",
            "ItemID": "668bc5cd834c88e06b08b6a9",
            "Name": "DevTac Ronin ballistic helmet (Alpine)",
            "AllowADS": true,
            "LoyaltyLevel": 5,
            "ArmorClass": "NIJ IIIA",
            "CanSpall": false,
            "SpallReduction": 1,
            "ReloadSpeedMulti": 1,
            "Comfort": 1.07,
            "MaskToUse": "ronin",
            "Price": 34000
        },
    "668bc5cd834c88e06b08b6aa": {
            "$type": "RealismMod.Gear, RealismMod",
            "ItemID": "668bc5cd834c88e06b08b6aa",
            "Name": "DevTac Ronin ballistic helmet (Black)",
            "AllowADS": true,
            "LoyaltyLevel": 5,
            "ArmorClass": "NIJ IIIA",
            "CanSpall": false,
            "SpallReduction": 1,
            "ReloadSpeedMulti": 1,
            "Comfort": 1.07,
            "MaskToUse": "ronin",
            "Price": 34000
        },
      "6770852638b652c9b4e588a9": {
          "$type": "RealismMod.Gear, RealismMod",
          "ItemID": "6770852638b652c9b4e588a9",
          "Name": "Gas Mask",
          "AllowADS": true,
          "LoyaltyLevel": 2,
          "ReloadSpeedMulti": 1,
          "BlocksMouth": true,
          "speedPenaltyPercent": -6.5,
          "mousePenalty": 0,
          "weaponErgonomicPenalty": -22,
          "IsGasMask": true,
          "GasProtection": 0.91,
          "RadProtection": 0.44,
          "MaskToUse": "tgc"
    },
        "66326bfd46817c660d015130": {
          "$type": "RealismMod.Gear, RealismMod",
          "ItemID": "66326bfd46817c660d015130",
          "Name": "S10 - Gas Mask",
          "AllowADS": true,
          "LoyaltyLevel": 3,
          "ReloadSpeedMulti": 1,
          "BlocksMouth": true,
          "speedPenaltyPercent": -3,
          "mousePenalty": 0,
          "weaponErgonomicPenalty": -20,
          "IsGasMask": true,
          "GasProtection": 0.96,
          "RadProtection": 0.41,
          "MaskToUse": "tgc"
      },
        "66326bfd46817c660d01514e": {
          "$type": "RealismMod.Gear, RealismMod",
          "ItemID": "66326bfd46817c660d01514e",
          "Name": "S10 - Gas Mask",
          "AllowADS": true,
          "LoyaltyLevel": 3,
          "ReloadSpeedMulti": 1,
          "BlocksMouth": true,
          "speedPenaltyPercent": -3,
          "mousePenalty": 0,
          "weaponErgonomicPenalty": -20,
          "IsGasMask": true,
          "GasProtection": 0.41,
          "RadProtection": 0.96,
          "MaskToUse": "tgc"
      },
          "66326bfd46817c660d01514f": {
          "$type": "RealismMod.Gear, RealismMod",
          "ItemID": "66326bfd46817c660d01514f",
          "Name": "C50 Gas Mask",
          "AllowADS": true,
          "LoyaltyLevel": 2,
          "ReloadSpeedMulti": 1,
          "BlocksMouth": true,
          "speedPenaltyPercent": -8,
          "mousePenalty": 0,
          "weaponErgonomicPenalty": -14,
          "IsGasMask": true,
          "GasProtection": 0.86,
          "RadProtection": 0.63,
          "MaskToUse": "gp5"
      },
      "252d9d1d2552909d0a76033c": {
            "$type": "RealismMod.Gear, RealismMod",
            "ItemID": "252d9d1d2552909d0a76033c",
            "Name": "Ops-Core AMP Communication Headset (Black)",
            "AllowADS": true,
            "LoyaltyLevel": 0,
            "dB": "24",
            "speedPenaltyPercent": 0,
            "mousePenalty": 0,
            "weaponErgonomicPenalty": 0
        },
        "cd54f04eb7f0410772acbf35": {
            "$type": "RealismMod.Gear, RealismMod",
            "ItemID": "cd54f04eb7f0410772acbf35",
            "Name": "Ops-Core AMP Communication Headset (Black Camo)",
            "AllowADS": true,
            "LoyaltyLevel": 0,
            "dB": "24",
            "speedPenaltyPercent": 0,
            "mousePenalty": 0,
            "weaponErgonomicPenalty": 0
        },
        "5b6e75274d865619855c447a": {
            "$type": "RealismMod.Gear, RealismMod",
            "ItemID": "5b6e75274d865619855c447a",
            "Name": "Ops-Core AMP Communication Headset (Tan)",
            "AllowADS": true,
            "LoyaltyLevel": 0,
            "dB": "24",
            "speedPenaltyPercent": 0,
            "mousePenalty": 0,
            "weaponErgonomicPenalty": 0
        },
        "7e6c09774462ad3ef5025f08": {
            "$type": "RealismMod.Gear, RealismMod",
            "ItemID": "7e6c09774462ad3ef5025f08",
            "Name": "Ops-Core AMP Communication Headset (Tan Camo)",
            "AllowADS": true,
            "LoyaltyLevel": 0,
            "dB": "24",
            "speedPenaltyPercent": 0,
            "mousePenalty": 0,
            "weaponErgonomicPenalty": 0
        },
        "66bf757f27d0b097db0ace49": {
            "$type": "RealismMod.Gear, RealismMod",
            "ItemID": "66bf757f27d0b097db0ace49",
            "Name": "Peltor ComTac 2 headset",
            "AllowADS": true,
            "LoyaltyLevel": 0,
            "dB": "24",
            "speedPenaltyPercent": 0,
            "mousePenalty": 0,
            "weaponErgonomicPenalty": 0
        },
        "66bf757f27d0b097db0ace4a": {
            "$type": "RealismMod.Gear, RealismMod",
            "ItemID": "66bf757f27d0b097db0ace4a",
            "Name": "Peltor ComTac 2 headset",
            "AllowADS": true,
            "LoyaltyLevel": 0,
            "dB": "24",
            "speedPenaltyPercent": 0,
            "mousePenalty": 0,
            "weaponErgonomicPenalty": 0
        },
        "66bf757f27d0b097db0ace48": {
            "$type": "RealismMod.Gear, RealismMod",
            "ItemID": "66bf757f27d0b097db0ace48",
            "Name": "Peltor ComTac 2 headset",
            "AllowADS": true,
            "LoyaltyLevel": 0,
            "dB": "24",
            "speedPenaltyPercent": 0,
            "mousePenalty": 0,
            "weaponErgonomicPenalty": 0
        },
        "66326bfd46817c660d01513f": {
          "$type": "RealismMod.Gear, RealismMod",
          "ItemID": "66326bfd46817c660d01513f",
          "Name": "Skull Mask",
          "TemplateID": "60363c0c92ec1c31037959f5"  
        },
      "66326bfd46817c660d015131": {
          "$type": "RealismMod.Gear, RealismMod",
          "ItemID": "66326bfd46817c660d015131",
            "Name": "CA HAFM-KII Ballistic Face Mask",
            "TemplateID": "657089638db3adca1009f4ca"  
      },
      "66326bfd46817c660d015132": {
          "$type": "RealismMod.Gear, RealismMod",
          "ItemID": "66326bfd46817c660d015132",
            "Name": "CQCM Full Face Bulletproof Mask (Worn)",
            "TemplateID": "657089638db3adca1009f4ca"  
      },
      "66bf757f27d0b097db0ace81": {
      "$type": "RealismMod.Gear, RealismMod",
      "ItemID": "66bf757f27d0b097db0ace81",
        "Name": "Death Shadow lightweight armored mask (Cultist)",
        "TemplateID": "6570aead4d84f81fd002a033"  
      },
      "66326bfd46817c660d015125": {
      "$type": "RealismMod.Gear, RealismMod",
      "ItemID": "66326bfd46817c660d015125",
        "Name": "DLP Tactical Extreme Helmet",
        "TemplateID": "5e00c1ad86f774747333222c"  
      },
      "66326bfd46817c660d015126": {
      "$type": "RealismMod.Gear, RealismMod",
      "ItemID": "66326bfd46817c660d015126",
        "Name": "Ops-Core FAST Carbon High Cut Helmet (Dark Blue)",
        "TemplateID": "5e00c1ad86f774747333222c"
      },
      "66326bfd46817c660d015128": {
      "$type": "RealismMod.Gear, RealismMod",
      "ItemID": "66326bfd46817c660d015128",
        "Name": "core_fast_carbon_high_cut_helmet",
        "TemplateID": "5e00c1ad86f774747333222c" 
      },
      "66326bfd46817c660d015129": {
      "$type": "RealismMod.Gear, RealismMod",
      "ItemID": "66326bfd46817c660d015129",
        "Name": "dlp_tactical_extreme_helmet",
        "TemplateID": "5e00c1ad86f774747333222c"  
      },
      "66326bfd46817c660d01512a": {
      "$type": "RealismMod.Gear, RealismMod",
      "ItemID": "66326bfd46817c660d01512a",
        "Name": "core_fast_carbon_high_cut_helmet_tan",
        "TemplateID": "5e00c1ad86f774747333222c"
      },
      "66326bfd46817c660d01512b": {
      "$type": "RealismMod.Gear, RealismMod",
      "ItemID": "66326bfd46817c660d01512b",
        "Name": "core_fast_carbon_low_cut_helmet_roze",
        "TemplateID": "5e00c1ad86f774747333222c"  
      },
      "66326bfd46817c660d01512c": {
      "$type": "RealismMod.Gear, RealismMod",
      "ItemID": "66326bfd46817c660d01512c",
        "Name": "tactical_bump_helmet",
        "TemplateID": "5e00c1ad86f774747333222c"   
      },
      "66326bfd46817c660d01512d": {
      "$type": "RealismMod.Gear, RealismMod",
      "ItemID": "66326bfd46817c660d01512d",
        "Name": "tactical_bump_helmet_black_2",
        "TemplateID": "5e00c1ad86f774747333222c"  
      },
      "6673b1ac5cae0610f1079d7e": {
      "$type": "RealismMod.Gear, RealismMod",
      "ItemID": "6673b1ac5cae0610f1079d7e",
      "Name": "Tactical Bump Helmet (Alpine)",
      "TemplateID": "5e00c1ad86f774747333222c"
      },
      "669819683571cb050b0b6393": {
      "$type": "RealismMod.Gear, RealismMod",
      "ItemID": "669819683571cb050b0b6393",
      "Name": "Ops-Core FAST Carbon High Cut Helmet(Black)",
      "TemplateID": "5e00c1ad86f774747333222c"
      },
      "669819683571cb050b0b6394": {
      "$type": "RealismMod.Gear, RealismMod",
      "ItemID": "669819683571cb050b0b6394",
        "Name": "ACH High Cut Tactical Helmet (Black)",
        "TemplateID": "5e00c1ad86f774747333222c"  
      },
    "66b94b886af54725ea0a4b93": {
    "$type": "RealismMod.Gear, RealismMod",
    "ItemID": "66b94b886af54725ea0a4b93",
      "Name": "FORT Defender-2 body armor(OD)",
      "TemplateID": "544a5caa4bdc2d1a388b4568"  
    }
}
