{  
      "6673b1ac5cae0610f1079d7a": {
            "$type": "RealismMod.Gear, RealismMod",
            "ItemID": "6673b1ac5cae0610f1079d7a",
            "Name": "Crye Precision CPC plate carrier (Multicam)",
            "AllowADS": true,
            "LoyaltyLevel": 4,
            "ArmorClass": "NIJ III+",
            "CanSpall": false,
            "SpallReduction": 1,
            "ReloadSpeedMulti": 1.16,
            "Comfort": 0.76,
            "speedPenaltyPercent": -1,
            "mousePenalty": 0,
            "weaponErgonomicPenalty": 0,
            "Price": 42000
        },
        "6673b1ac5cae0610f1079d7b": {
            "$type": "RealismMod.Gear, RealismMod",
            "ItemID": "6673b1ac5cae0610f1079d7b",
            "Name": "Crye Precision CPC plate carrier (Alpine)",
            "AllowADS": true,
            "LoyaltyLevel": 4,
            "ArmorClass": "NIJ III+",
            "CanSpall": false,
            "SpallReduction": 1,
            "ReloadSpeedMulti": 1.16,
            "Comfort": 0.76,
            "speedPenaltyPercent": -1,
            "mousePenalty": 0,
            "weaponErgonomicPenalty": 0,
            "Price": 42000
        },
        "6673b1ac5cae0610f1079d7c": {
            "$type": "RealismMod.Gear, RealismMod",
            "ItemID": "6673b1ac5cae0610f1079d7c",
            "Name": "Crye Precision CPC plate carrier (Multicam Black)",
            "AllowADS": true,
            "LoyaltyLevel": 4,
            "ArmorClass": "NIJ III+",
            "CanSpall": false,
            "SpallReduction": 1,
            "ReloadSpeedMulti": 1.16,
            "Comfort": 0.76,
            "speedPenaltyPercent": -1,
            "mousePenalty": 0,
            "weaponErgonomicPenalty": 0,
            "Price": 42000
        },
        "66326bfd46817c660d01513b": {
            "$type": "RealismMod.Gear, RealismMod",
            "ItemID": "66326bfd46817c660d01513b",
            "Name": "MSV-GEN II",
            "AllowADS": true,
            "LoyaltyLevel": 4,
            "ArmorClass": "NIJ III+",
            "CanSpall": false,
            "SpallReduction": 1,
            "ReloadSpeedMulti": 1.10,
            "Comfort": 0.85,
            "speedPenaltyPercent": -2.2,
            "mousePenalty": 0,
            "weaponErgonomicPenalty": -1,
            "Price": 36000
        },
        "66326bfd46817c660d015151": {
            "$type": "RealismMod.Gear, RealismMod",
            "ItemID": "66326bfd46817c660d015151",
            "Name": "5.11 TACTEC Plate Carrier",
            "AllowADS": true,
            "LoyaltyLevel": 4,
            "ArmorClass": "NIJ IV",
            "CanSpall": false,
            "SpallReduction": 1,
            "ReloadSpeedMulti": 1.16,
            "Comfort": 0.77,
            "speedPenaltyPercent": -1.25,
            "mousePenalty": 0,
            "weaponErgonomicPenalty": -1,
            "Price": 30000
      },
      "66bf757f27d0b097db0ace23": {
            "$type": "RealismMod.Gear, RealismMod",
            "ItemID": "66bf757f27d0b097db0ace23",
            "Name": "Eagle Industries MMAC plate carrier (Black)",
            "AllowADS": true,
            "LoyaltyLevel": 4,
            "ArmorClass": "NIJ III+",
            "CanSpall": false,
            "SpallReduction": 1,
            "ReloadSpeedMulti": 1.14,
            "Comfort": 0.76,
            "speedPenaltyPercent": -0.5,
            "mousePenalty": 0,
            "weaponErgonomicPenalty": -0.5,
            "Price": 24000
      },
      "66bf757f27d0b097db0ace36": {
           "$type": "RealismMod.Gear, RealismMod",
            "ItemID": "66bf757f27d0b097db0ace36",
            "Name": "AirLite SPC (Multicam)",
            "AllowADS": true,
            "LoyaltyLevel": 4,
            "ArmorClass": "NIJ IV",
            "CanSpall": false,
            "SpallReduction": 1,
            "ReloadSpeedMulti": 1.14,
            "Comfort": 0.81,
            "speedPenaltyPercent": -3.5,
            "mousePenalty": 0,
            "weaponErgonomicPenalty": -0.5,
            "Price": 24000
      },
      "66bf757f27d0b097db0ace38": {
            "$type": "RealismMod.Gear, RealismMod",
            "ItemID": "66bf757f27d0b097db0ace38",
            "Name": "LV-119 (Multicam)",
            "AllowADS": true,
            "LoyaltyLevel": 4,
            "ArmorClass": "NIJ III+",
            "CanSpall": false,
            "SpallReduction": 1,
            "ReloadSpeedMulti": 1.14,
            "Comfort": 0.80,
            "speedPenaltyPercent": -1,
            "mousePenalty": 0,
            "weaponErgonomicPenalty": -0.5,
            "Price": 24000
      },
      "66326bfd46817c660d015135": {
            "$type": "RealismMod.Gear, RealismMod",
            "ItemID": "66326bfd46817c660d015135",
            "Name": "KOMBAT Viking Molle Plate Carrier",
            "AllowADS": true,
            "LoyaltyLevel": 3,
            "ArmorClass": "NIJ III+",
            "CanSpall": false,
            "SpallReduction": 1,
            "ReloadSpeedMulti": 1.16,
            "Comfort": 0.87,
            "speedPenaltyPercent": -2.2,
            "mousePenalty": 0,
            "weaponErgonomicPenalty": -1.75,
            "Price": 36000
        },
     "66326bfd46817c660d015137": {
            "$type": "RealismMod.Gear, RealismMod",
            "ItemID": "66326bfd46817c660d015137",
            "Name": "Shellback Tactical Banshee Plate Carrier",
            "AllowADS": true,
            "LoyaltyLevel": 3,
            "ArmorClass": "NIJ III+",
            "CanSpall": false,
            "SpallReduction": 1,
            "ReloadSpeedMulti": 1.16,
            "Comfort": 0.84,
            "speedPenaltyPercent": -2,
            "mousePenalty": 0,
            "weaponErgonomicPenalty": -1.5,
            "Price": 36000  
      },
      "66326bfd46817c660d015138": {
            "$type": "RealismMod.Gear, RealismMod",
            "ItemID": "66326bfd46817c660d015138",
            "Name": "Sentry Plate Carrier",
            "AllowADS": true,
            "LoyaltyLevel": 3,
            "ArmorClass": "NIJ III+",
            "CanSpall": false,
            "SpallReduction": 1,
            "ReloadSpeedMulti": 1.16,
            "Comfort": 0.87,
            "speedPenaltyPercent": -2.2,
            "mousePenalty": 0,
            "weaponErgonomicPenalty": -1.75,
            "Price": 36000
        },
     "66326bfd46817c660d015139": {
            "$type": "RealismMod.Gear, RealismMod",
            "ItemID": "66326bfd46817c660d015139",
            "Name": "CONDOR MOPC PLATE CARRIER",
            "AllowADS": true,
            "LoyaltyLevel": 3,
            "ArmorClass": "NIJ III+",
            "CanSpall": false,
            "SpallReduction": 1,
            "ReloadSpeedMulti": 1.16,
            "Comfort": 0.87,
            "speedPenaltyPercent": -2.2,
            "mousePenalty": 0,
            "weaponErgonomicPenalty": -1.75,
            "Price": 36000
        },
     "66326bfd46817c660d015145": {
            "$type": "RealismMod.Gear, RealismMod",
            "ItemID": "66326bfd46817c660d015145",
            "Name": "OPENLAND HEXAGON Plate Carrier",
            "AllowADS": true,
            "LoyaltyLevel": 3,
            "ArmorClass": "NIJ III+",
            "CanSpall": false,
            "SpallReduction": 1,
            "ReloadSpeedMulti": 1.16,
            "Comfort": 0.87,
            "speedPenaltyPercent": -2.2,
            "mousePenalty": 0,
            "weaponErgonomicPenalty": -1.75,
            "Price": 36000
        },
     "66326bfd46817c660d015149": {
            "$type": "RealismMod.Gear, RealismMod",
            "ItemID": "66326bfd46817c660d015149",
            "Name": "JPC 2.0 MARITIME 2.0",
            "AllowADS": true,
            "LoyaltyLevel": 3,
            "ArmorClass": "NIJ III+",
            "CanSpall": false,
            "SpallReduction": 1,
            "ReloadSpeedMulti": 1.16,
            "Comfort": 0.80,
            "speedPenaltyPercent": -2,
            "mousePenalty": 0,
            "weaponErgonomicPenalty": -1.75,
            "Price": 36000
        },
      "677156cc0177798346cf341c": {
            "$type": "RealismMod.Gear, RealismMod",
            "ItemID": "677156cc0177798346cf341c",
            "Name": "JPC 2.0 MARITIME",
            "AllowADS": true,
            "LoyaltyLevel": 3,
            "ArmorClass": "NIJ IV",
            "CanSpall": false,
            "SpallReduction": 1,
            "ReloadSpeedMulti": 1.24,
            "Comfort": 0.82,
            "speedPenaltyPercent": -1.5,
            "mousePenalty": 0,
            "weaponErgonomicPenalty": -1.75,
            "Price": 36000
        },
    "66326bfd46817c660d015152": {
            "$type": "RealismMod.Gear, RealismMod",
            "ItemID": "66326bfd46817c660d015152",
            "Name": "TACTEC Plate Carrier",
            "AllowADS": true,
            "LoyaltyLevel": 3,
            "ArmorClass": "NIJ IV",
            "CanSpall": false,
            "SpallReduction": 1,
            "ReloadSpeedMulti": 1.16,
            "Comfort": 0.77,
            "speedPenaltyPercent": -1.25,
            "mousePenalty": 0,
            "weaponErgonomicPenalty": -1,
            "Price": 30000
        }
}
