{  
      "6673b1ac5cae0610f1079d6f": {
            "$type": "RealismMod.Gear, RealismMod",
            "ItemID": "6673b1ac5cae0610f1079d6f",
            "Name": "Tasmanian Tiger Trooper 35 backpack(Black)",
            "AllowADS": true,
            "LoyaltyLevel": 2,
            "ReloadSpeedMulti": 1,
            "Comfort": 0.84,
            "speedPenaltyPercent": -3.5,
            "mousePenalty": 0,
            "weaponErgonomicPenalty": 0
          },
      "6673b1ac5cae0610f1079d70": {
            "$type": "RealismMod.Gear, RealismMod",
            "ItemID": "6673b1ac5cae0610f1079d70",
            "Name": "SSO Attack 2 raid backpack(Black)",
            "AllowADS": true,
            "LoyaltyLevel": 2,
            "ReloadSpeedMulti": 1,
            "Comfort": 0.8,
            "speedPenaltyPercent": -3.5,
            "mousePenalty": 0,
            "weaponErgonomicPenalty": 0
          },
      "6673b1ac5cae0610f1079d71": {
            "$type": "RealismMod.Gear, RealismMod",
            "ItemID": "6673b1ac5cae0610f1079d71",
            "Name": "6Sh118 Raid Backpack (Black)",
            "AllowADS": true,
            "LoyaltyLevel": 2,
            "ReloadSpeedMulti": 1,
            "Comfort": 0.82,
            "speedPenaltyPercent": -4.8,
            "mousePenalty": 0,
            "weaponErgonomicPenalty": 0
      },
      "668bc5cd834c88e06b08b928": {
            "$type": "RealismMod.Gear, RealismMod",
            "ItemID": "668bc5cd834c88e06b08b928",
            "Name": "6Sh118 Raid Backpack (Alpine)",
            "AllowADS": true,
            "LoyaltyLevel": 2,
            "ReloadSpeedMulti": 1,
            "Comfort": 0.82,
            "speedPenaltyPercent": -4.8,
            "mousePenalty": 0,
            "weaponErgonomicPenalty": 0
    }
}
