{  
    "688bba6a0c10f1000000016f": {
        "$type": "RealismMod.Gear, RealismMod",
        "ItemID": "688bba6a0c10f1000000016f",
        "Name": "ANA Tactical Beta 2 Battle backpack (A-TACS Arid / Moh Autumn)",
        "AllowADS": true,
        "LoyaltyLevel": 2,
        "ReloadSpeedMulti": 1,
        "Comfort": 0.84,
        "speedPenaltyPercent": -3,
        "mousePenalty": 0,
        "weaponErgonomicPenalty": 0
    },
    "688bba6a0c10f10000000171": {
        "$type": "RealismMod.Gear, RealismMod",
        "ItemID": "688bba6a0c10f10000000171",
        "Name": "ANA Tactical Beta 2 Battle backpack (EMR Desert)",
        "AllowADS": true,
        "LoyaltyLevel": 2,
        "ReloadSpeedMulti": 1,
        "Comfort": 0.84,
        "speedPenaltyPercent": -3,
        "mousePenalty": 0,
        "weaponErgonomicPenalty": 0
    },
    "688bba6a0c10f10000000172": {
        "$type": "RealismMod.Gear, RealismMod",
        "ItemID": "688bba6a0c10f10000000172",
        "Name": "ANA Tactical Beta 2 Battle backpack (EMR Flora)",
        "AllowADS": true,
        "LoyaltyLevel": 2,
        "ReloadSpeedMulti": 1,
        "Comfort": 0.84,
        "speedPenaltyPercent": -3,
        "mousePenalty": 0,
        "weaponErgonomicPenalty": 0
    },
    "688bba6a0c10f10000000170": {
        "$type": "RealismMod.Gear, RealismMod",
        "ItemID": "688bba6a0c10f10000000170",
        "Name": "ANA Tactical Beta 2 Battle backpack (Moh / A-TACS FG)",
        "AllowADS": true,
        "LoyaltyLevel": 2,
        "ReloadSpeedMulti": 1,
        "Comfort": 0.84,
        "speedPenaltyPercent": -3,
        "mousePenalty": 0,
        "weaponErgonomicPenalty": 0
    },
    "688bba6a0c10f10000000173": {
        "$type": "RealismMod.Gear, RealismMod",
        "ItemID": "688bba6a0c10f10000000173",
        "Name": "Gruppa 99 T30 backpack (Moh / A-TACS FG)",
        "AllowADS": true,
        "LoyaltyLevel": 2,
        "ReloadSpeedMulti": 1,
        "Comfort": 0.89,
        "speedPenaltyPercent": -3,
        "mousePenalty": 0,
        "weaponErgonomicPenalty": 0
    },
    "688bba6a0c10f10000000175": {
        "$type": "RealismMod.Gear, RealismMod",
        "ItemID": "688bba6a0c10f10000000175",
        "Name": "Gruppa 99 T30 backpack (KLMK)",
        "AllowADS": true,
        "LoyaltyLevel": 2,
        "ReloadSpeedMulti": 1,
        "Comfort": 0.89,
        "speedPenaltyPercent": -3,
        "mousePenalty": 0,
        "weaponErgonomicPenalty": 0
    },
    "688bba6a0c10f10000000176": {
        "$type": "RealismMod.Gear, RealismMod",
        "ItemID": "688bba6a0c10f10000000176",
        "Name": "Gruppa 99 T30 backpack (EMR)",
        "AllowADS": true,
        "LoyaltyLevel": 2,
        "ReloadSpeedMulti": 1,
        "Comfort": 0.89,
        "speedPenaltyPercent": -3,
        "mousePenalty": 0,
        "weaponErgonomicPenalty": 0
    },
    "688bba6a0c10f10000000174": {
        "$type": "RealismMod.Gear, RealismMod",
        "ItemID": "688bba6a0c10f10000000174",
        "Name": "Gruppa 99 T30 backpack (EMR Desert)",
        "AllowADS": true,
        "LoyaltyLevel": 2,
        "ReloadSpeedMulti": 1,
        "Comfort": 0.89,
        "speedPenaltyPercent": -3,
        "mousePenalty": 0,
        "weaponErgonomicPenalty": 0
    },
    "687cfc390c10f10000000035": {
        "$type": "RealismMod.Gear, RealismMod",
        "ItemID": "687cfc390c10f10000000035",
        "Name": "6Sh118 raid backpack (A-TACS / Moh)",
        "AllowADS": true,
        "LoyaltyLevel": 2,
        "ReloadSpeedMulti": 1,
        "Comfort": 0.82,
        "speedPenaltyPercent": -4.8,
        "mousePenalty": 0,
        "weaponErgonomicPenalty": 0
    },
    "687cfc390c10f10000000034": {
        "$type": "RealismMod.Gear, RealismMod",
        "ItemID": "687cfc390c10f10000000034",
        "Name": "6Sh118 raid backpack (A-TACS Arid / Moh Autumn)",
        "AllowADS": true,
        "LoyaltyLevel": 2,
        "ReloadSpeedMulti": 1,
        "Comfort": 0.82,
        "speedPenaltyPercent": -4.8,
        "mousePenalty": 0,
        "weaponErgonomicPenalty": 0
    },
    "687cfc390c10f10000000033": {
        "$type": "RealismMod.Gear, RealismMod",
        "ItemID": "687cfc390c10f10000000033",
        "Name": "6Sh118 raid backpack (EMR Syria / Pig)",
        "AllowADS": true,
        "LoyaltyLevel": 2,
        "ReloadSpeedMulti": 1,
        "Comfort": 0.82,
        "speedPenaltyPercent": -4.8,
        "mousePenalty": 0,
        "weaponErgonomicPenalty": 0
    },
    "687cfc390c10f10000000037": {
        "$type": "RealismMod.Gear, RealismMod",
        "ItemID": "687cfc390c10f10000000037",
        "Name": "6Sh118 raid backpack (EMR Spring)",
        "AllowADS": true,
        "LoyaltyLevel": 2,
        "ReloadSpeedMulti": 1,
        "Comfort": 0.82,
        "speedPenaltyPercent": -4.8,
        "mousePenalty": 0,
        "weaponErgonomicPenalty": 0
    },
    "687cfc390c10f10000000036": {
        "$type": "RealismMod.Gear, RealismMod",
        "ItemID": "687cfc390c10f10000000036",
        "Name": "6Sh118 raid backpack (Multicam)",
        "AllowADS": true,
        "LoyaltyLevel": 2,
        "ReloadSpeedMulti": 1,
        "Comfort": 0.82,
        "speedPenaltyPercent": -4.8,
        "mousePenalty": 0,
        "weaponErgonomicPenalty": 0
    },
    "687cfc390c10f10000000089": {
        "$type": "RealismMod.Gear, RealismMod",
        "ItemID": "687cfc390c10f10000000089",
        "Name": "SSO Attack 2 raid backpack (Olive)",
        "AllowADS": true,
        "LoyaltyLevel": 2,
        "ReloadSpeedMulti": 1,
        "Comfort": 0.8,
        "speedPenaltyPercent": -3.5,
        "mousePenalty": 0,
        "weaponErgonomicPenalty": 0
    },
    "687cfc390c10f1000000008a": {
        "$type": "RealismMod.Gear, RealismMod",
        "ItemID": "687cfc390c10f1000000008a",
        "Name": "SSO Attack 2 raid backpack (Izlom)",
        "AllowADS": true,
        "LoyaltyLevel": 2,
        "ReloadSpeedMulti": 1,
        "Comfort": 0.8,
        "speedPenaltyPercent": -3.5,
        "mousePenalty": 0,
        "weaponErgonomicPenalty": 0
    },
    "687cfc390c10f10000000088": {
        "$type": "RealismMod.Gear, RealismMod",
        "ItemID": "687cfc390c10f10000000088",
        "Name": "SSO Attack 2 raid backpack (EMR)",
        "AllowADS": true,
        "LoyaltyLevel": 2,
        "ReloadSpeedMulti": 1,
        "Comfort": 0.8,
        "speedPenaltyPercent": -3.5,
        "mousePenalty": 0,
        "weaponErgonomicPenalty": 0
    },
    "687d48ad0c10f100000000b1": {
        "$type": "RealismMod.Gear, RealismMod",
        "ItemID": "687d48ad0c10f100000000b1",
        "Name": "Tasmanian Tiger Trooper 35 backpack (MM14)",
        "AllowADS": true,
        "LoyaltyLevel": 2,
        "ReloadSpeedMulti": 1,
        "Comfort": 0.84,
        "speedPenaltyPercent": -3.5,
        "mousePenalty": 0,
        "weaponErgonomicPenalty": 0
    },
    "687d48ad0c10f100000000b0": {
        "$type": "RealismMod.Gear, RealismMod",
        "ItemID": "687d48ad0c10f100000000b0",
        "Name": "Tasmanian Tiger Trooper 35 backpack (Multicam)",
        "AllowADS": true,
        "LoyaltyLevel": 2,
        "ReloadSpeedMulti": 1,
        "Comfort": 0.84,
        "speedPenaltyPercent": -3.5,
        "mousePenalty": 0,
        "weaponErgonomicPenalty": 0
    },
    "687d48ad0c10f100000000b3": {
        "$type": "RealismMod.Gear, RealismMod",
        "ItemID": "687d48ad0c10f100000000b3",
        "Name": "Tasmanian Tiger Trooper 35 backpack (Urban)",
        "AllowADS": true,
        "LoyaltyLevel": 2,
        "ReloadSpeedMulti": 1,
        "Comfort": 0.84,
        "speedPenaltyPercent": -3.5,
        "mousePenalty": 0,
        "weaponErgonomicPenalty": 0
    },
    "687d48ad0c10f100000000b2": {
        "$type": "RealismMod.Gear, RealismMod",
        "ItemID": "687d48ad0c10f100000000b2",
        "Name": "Tasmanian Tiger Trooper 35 backpack (UCP)",
        "AllowADS": true,
        "LoyaltyLevel": 2,
        "ReloadSpeedMulti": 1,
        "Comfort": 0.84,
        "speedPenaltyPercent": -3.5,
        "mousePenalty": 0,
        "weaponErgonomicPenalty": 0
    },
    "687d54660c10f100000000b3": {
        "$type": "RealismMod.Gear, RealismMod",
        "ItemID": "687d54660c10f100000000b3",
        "Name": "LBT-8005A Day Pack backpack (Flektarn)",
        "AllowADS": true,
        "LoyaltyLevel": 2,
        "ReloadSpeedMulti": 1,
        "Comfort": 0.9,
        "speedPenaltyPercent": -2,
        "mousePenalty": 0,
        "weaponErgonomicPenalty": 0
    },
    "687d54660c10f100000000b2": {
        "$type": "RealismMod.Gear, RealismMod",
        "ItemID": "687d54660c10f100000000b2",
        "Name": "LBT-8005A Day Pack backpack (ESTDCU)",
        "AllowADS": true,
        "LoyaltyLevel": 2,
        "ReloadSpeedMulti": 1,
        "Comfort": 0.9,
        "speedPenaltyPercent": -2,
        "mousePenalty": 0,
        "weaponErgonomicPenalty": 0
    },
    "687d54660c10f100000000b1": {
        "$type": "RealismMod.Gear, RealismMod",
        "ItemID": "687d54660c10f100000000b1",
        "Name": "LBT-8005A Day Pack backpack (Gray)",
        "AllowADS": true,
        "LoyaltyLevel": 2,
        "ReloadSpeedMulti": 1,
        "Comfort": 0.9,
        "speedPenaltyPercent": -2,
        "mousePenalty": 0,
        "weaponErgonomicPenalty": 0
    },
    "687d54660c10f100000000b0": {
        "$type": "RealismMod.Gear, RealismMod",
        "ItemID": "687d54660c10f100000000b0",
        "Name": "LBT-8005A Day Pack backpack (AOR1)",
        "AllowADS": true,
        "LoyaltyLevel": 2,
        "ReloadSpeedMulti": 1,
        "Comfort": 0.9,
        "speedPenaltyPercent": -2,
        "mousePenalty": 0,
        "weaponErgonomicPenalty": 0
    },
    "687d71710c10f100000000b1": {
        "$type": "RealismMod.Gear, RealismMod",
        "ItemID": "687d71710c10f100000000b1",
        "Name": "WARTECH Berkut BB-102 backpack (EMR Desert)",
        "AllowADS": true,
        "LoyaltyLevel": 2,
        "ReloadSpeedMulti": 1,
        "Comfort": 0.91,
        "speedPenaltyPercent": -2,
        "mousePenalty": 0,
        "weaponErgonomicPenalty": 0
    },
    "687d71710c10f100000000b0": {
        "$type": "RealismMod.Gear, RealismMod",
        "ItemID": "687d71710c10f100000000b0",
        "Name": "WARTECH Berkut BB-102 backpack (EMR)",
        "AllowADS": true,
        "LoyaltyLevel": 2,
        "ReloadSpeedMulti": 1,
        "Comfort": 0.91,
        "speedPenaltyPercent": -2,
        "mousePenalty": 0,
        "weaponErgonomicPenalty": 0
    },
    "687d71710c10f100000000b3": {
        "$type": "RealismMod.Gear, RealismMod",
        "ItemID": "687d71710c10f100000000b3",
        "Name": "WARTECH Berkut BB-102 backpack (Yagel)",
        "AllowADS": true,
        "LoyaltyLevel": 2,
        "ReloadSpeedMulti": 1,
        "Comfort": 0.91,
        "speedPenaltyPercent": -2,
        "mousePenalty": 0,
        "weaponErgonomicPenalty": 0
    },
    "688bba6a0c10f10000000179": {
        "$type": "RealismMod.Gear, RealismMod",
        "ItemID": "688bba6a0c10f10000000179",
        "Name": "LBT-1476A 3Day Pack (UCP)",
        "AllowADS": true,
        "LoyaltyLevel": 2,
        "ReloadSpeedMulti": 1,
        "Comfort": 0.88,
        "speedPenaltyPercent": -2.5,
        "mousePenalty": 0,
        "weaponErgonomicPenalty": 0
    },
    "688bba6a0c10f1000000017a": {
        "$type": "RealismMod.Gear, RealismMod",
        "ItemID": "688bba6a0c10f1000000017a",
        "Name": "LBT-1476A 3Day Pack (Tropentarn)",
        "AllowADS": true,
        "LoyaltyLevel": 2,
        "ReloadSpeedMulti": 1,
        "Comfort": 0.88,
        "speedPenaltyPercent": -2.5,
        "mousePenalty": 0,
        "weaponErgonomicPenalty": 0
    },
    "688bba6a0c10f10000000178": {
        "$type": "RealismMod.Gear, RealismMod",
        "ItemID": "688bba6a0c10f10000000178",
        "Name": "LBT-1476A 3Day Pack (Gray)",
        "AllowADS": true,
        "LoyaltyLevel": 2,
        "ReloadSpeedMulti": 1,
        "Comfort": 0.88,
        "speedPenaltyPercent": -2.5,
        "mousePenalty": 0,
        "weaponErgonomicPenalty": 0
    },
    "688bba6a0c10f10000000177": {
        "$type": "RealismMod.Gear, RealismMod",
        "ItemID": "688bba6a0c10f10000000177",
        "Name": "LBT-1476A 3Day Pack (AOR1)",
        "AllowADS": true,
        "LoyaltyLevel": 2,
        "ReloadSpeedMulti": 1,
        "Comfort": 0.88,
        "speedPenaltyPercent": -2.5,
        "mousePenalty": 0,
        "weaponErgonomicPenalty": 0
    },
    "689b34830c10f10000000166": {
        "$type": "RealismMod.Gear, RealismMod",
        "ItemID": "689b34830c10f10000000166",
        "Name": "Pilgrim tourist backpack (Blue Orange)",
        "AllowADS": true,
        "LoyaltyLevel": 2,
        "ReloadSpeedMulti": 1,
        "Comfort": 0.75,
        "speedPenaltyPercent": -3.5,
        "mousePenalty": 0,
        "weaponErgonomicPenalty": 0
    },
    "689b34830c10f10000000168": {
        "$type": "RealismMod.Gear, RealismMod",
        "ItemID": "689b34830c10f10000000168",
        "Name": "Pilgrim tourist backpack (Green)",
        "AllowADS": true,
        "LoyaltyLevel": 2,
        "ReloadSpeedMulti": 1,
        "Comfort": 0.75,
        "speedPenaltyPercent": -3.5,
        "mousePenalty": 0,
        "weaponErgonomicPenalty": 0
    },
    "689b34830c10f1000000016c": {
        "$type": "RealismMod.Gear, RealismMod",
        "ItemID": "689b34830c10f1000000016c",
        "Name": "Pilgrim tourist backpack (Mustard)",
        "AllowADS": true,
        "LoyaltyLevel": 2,
        "ReloadSpeedMulti": 1,
        "Comfort": 0.75,
        "speedPenaltyPercent": -3.5,
        "mousePenalty": 0,
        "weaponErgonomicPenalty": 0
    },
    "689b34830c10f1000000016b": {
        "$type": "RealismMod.Gear, RealismMod",
        "ItemID": "689b34830c10f1000000016b",
        "Name": "Pilgrim tourist backpack (Terra Colors)",
        "AllowADS": true,
        "LoyaltyLevel": 2,
        "ReloadSpeedMulti": 1,
        "Comfort": 0.75,
        "speedPenaltyPercent": -3.5,
        "mousePenalty": 0,
        "weaponErgonomicPenalty": 0
    },
    "689b5fa50c10f10000000168": {
        "$type": "RealismMod.Gear, RealismMod",
        "ItemID": "689b5fa50c10f10000000168",
        "Name": "Camelbak Tri-Zip assault backpack (Gray)",
        "AllowADS": true,
        "LoyaltyLevel": 4,
        "ReloadSpeedMulti": 1,
        "Comfort": 0.79,
        "speedPenaltyPercent": -2.5,
        "mousePenalty": 0,
        "weaponErgonomicPenalty": 0
    },
    "689f96a50c10f10000000169": {
        "$type": "RealismMod.Gear, RealismMod",
        "ItemID": "689f96a50c10f10000000169",
        "Name": "Camelbak Tri-Zip assault backpack (Flektarn)",
        "AllowADS": true,
        "LoyaltyLevel": 4,
        "ReloadSpeedMulti": 1,
        "Comfort": 0.79,
        "speedPenaltyPercent": -2.5,
        "mousePenalty": 0,
        "weaponErgonomicPenalty": 0
    },
    "689b5fa50c10f10000000169": {
        "$type": "RealismMod.Gear, RealismMod",
        "ItemID": "689b5fa50c10f10000000169",
        "Name": "Camelbak Tri-Zip assault backpack (UCP)",
        "AllowADS": true,
        "LoyaltyLevel": 4,
        "ReloadSpeedMulti": 1,
        "Comfort": 0.79,
        "speedPenaltyPercent": -2.5,
        "mousePenalty": 0,
        "weaponErgonomicPenalty": 0
    },
    "689b5fa50c10f10000000167": {
        "$type": "RealismMod.Gear, RealismMod",
        "ItemID": "689b5fa50c10f10000000167",
        "Name": "Camelbak Tri-Zip assault backpack (Vegetato)",
        "AllowADS": true,
        "LoyaltyLevel": 4,
        "ReloadSpeedMulti": 1,
        "Comfort": 0.79,
        "speedPenaltyPercent": -2.5,
        "mousePenalty": 0,
        "weaponErgonomicPenalty": 0
    },
    "5f5e467b0bc58666c37e7821": {
        "$type": "RealismMod.Gear, RealismMod",
        "ItemID": "5f5e467b0bc58666c37e7821",
        "Name": "Eberlestock F5 Switchblade backpack (Dry Earth)",
        "AllowADS": true,
        "LoyaltyLevel": 2,
        "ReloadSpeedMulti": 1,
        "Comfort": 0.89,
        "speedPenaltyPercent": -3,
        "mousePenalty": 0,
        "weaponErgonomicPenalty": 0
    },
    "689f96a50c10f10000000167": {
        "$type": "RealismMod.Gear, RealismMod",
        "ItemID": "689f96a50c10f10000000167",
        "Name": "Eberlestock F5 Switchblade backpack (Centre Europe)",
        "AllowADS": true,
        "LoyaltyLevel": 2,
        "ReloadSpeedMulti": 1,
        "Comfort": 0.89,
        "speedPenaltyPercent": -3,
        "mousePenalty": 0,
        "weaponErgonomicPenalty": 0
    },
    "689f96a50c10f10000000168": {
        "$type": "RealismMod.Gear, RealismMod",
        "ItemID": "689f96a50c10f10000000168",
        "Name": "Eberlestock F5 Switchblade backpack (Lizard)",
        "AllowADS": true,
        "LoyaltyLevel": 2,
        "ReloadSpeedMulti": 1,
        "Comfort": 0.89,
        "speedPenaltyPercent": -3,
        "mousePenalty": 0,
        "weaponErgonomicPenalty": 0
    },
    "689b5fa50c10f10000000166": {
        "$type": "RealismMod.Gear, RealismMod",
        "ItemID": "689b5fa50c10f10000000166",
        "Name": "Eberlestock F5 Switchblade backpack (Multitarn)",
        "AllowADS": true,
        "LoyaltyLevel": 2,
        "ReloadSpeedMulti": 1,
        "Comfort": 0.89,
        "speedPenaltyPercent": -3,
        "mousePenalty": 0,
        "weaponErgonomicPenalty": 0
    },
    "689f96a50c10f10000000166": {
        "$type": "RealismMod.Gear, RealismMod",
        "ItemID": "689f96a50c10f10000000166",
        "Name": "Eberlestock F5 Switchblade backpack (Dry Earth)",
        "AllowADS": true,
        "LoyaltyLevel": 2,
        "ReloadSpeedMulti": 1,
        "Comfort": 0.89,
        "speedPenaltyPercent": -3,
        "mousePenalty": 0,
        "weaponErgonomicPenalty": 0
    },
    "68b173260c10f10000000193": {
        "$type": "RealismMod.Gear, RealismMod",
        "ItemID": "68b173260c10f10000000193",
        "Name": "Mystery Ranch SATL Bridger Assault Pack (ESTDCU)",
        "AllowADS": true,
        "LoyaltyLevel": 2,
        "ReloadSpeedMulti": 1,
        "Comfort": 0.8,
        "speedPenaltyPercent": -3.6,
        "mousePenalty": 0,
        "weaponErgonomicPenalty": 0
    },
    "68b173260c10f10000000191": {
        "$type": "RealismMod.Gear, RealismMod",
        "ItemID": "68b173260c10f10000000191",
        "Name": "Mystery Ranch SATL Bridger Assault Pack (Pencott G)",
        "AllowADS": true,
        "LoyaltyLevel": 2,
        "ReloadSpeedMulti": 1,
        "Comfort": 0.8,
        "speedPenaltyPercent": -3.6,
        "mousePenalty": 0,
        "weaponErgonomicPenalty": 0
    },
    "68b173260c10f10000000192": {
        "$type": "RealismMod.Gear, RealismMod",
        "ItemID": "68b173260c10f10000000192",
        "Name": "Mystery Ranch SATL Bridger Assault Pack (M05 Cold Weather)",
        "AllowADS": true,
        "LoyaltyLevel": 2,
        "ReloadSpeedMulti": 1,
        "Comfort": 0.8,
        "speedPenaltyPercent": -3.6,
        "mousePenalty": 0,
        "weaponErgonomicPenalty": 0
    },
    "68b173260c10f10000000190": {
        "$type": "RealismMod.Gear, RealismMod",
        "ItemID": "68b173260c10f10000000190",
        "Name": "Mystery Ranch SATL Bridger Assault Pack (Coyote)",
        "AllowADS": true,
        "LoyaltyLevel": 2,
        "ReloadSpeedMulti": 1,
        "Comfort": 0.8,
        "speedPenaltyPercent": -3.6,
        "mousePenalty": 0,
        "weaponErgonomicPenalty": 0
    },
    "68af53260c10f1000000017c": {
        "$type": "RealismMod.Gear, RealismMod",
        "ItemID": "68af53260c10f1000000017c",
        "Name": "Mystery Ranch Blackjack 50 backpack (A-TACS iX AU)",
        "AllowADS": true,
        "LoyaltyLevel": 2,
        "ReloadSpeedMulti": 1,
        "Comfort": 0.8,
        "speedPenaltyPercent": -4.2,
        "mousePenalty": 0,
        "weaponErgonomicPenalty": 0
    },
    "68af53260c10f1000000017e": {
        "$type": "RealismMod.Gear, RealismMod",
        "ItemID": "68af53260c10f1000000017e",
        "Name": "Mystery Ranch Blackjack 50 backpack (Lizard)",
        "AllowADS": true,
        "LoyaltyLevel": 2,
        "ReloadSpeedMulti": 1,
        "Comfort": 0.8,
        "speedPenaltyPercent": -4.2,
        "mousePenalty": 0,
        "weaponErgonomicPenalty": 0
    },
    "68af53260c10f1000000017f": {
        "$type": "RealismMod.Gear, RealismMod",
        "ItemID": "68af53260c10f1000000017f",
        "Name": "Mystery Ranch Blackjack 50 backpack (Granite)",
        "AllowADS": true,
        "LoyaltyLevel": 2,
        "ReloadSpeedMulti": 1,
        "Comfort": 0.8,
        "speedPenaltyPercent": -4.2,
        "mousePenalty": 0,
        "weaponErgonomicPenalty": 0
    },
    "68af53260c10f1000000017d": {
        "$type": "RealismMod.Gear, RealismMod",
        "ItemID": "68af53260c10f1000000017d",
        "Name": "Mystery Ranch Blackjack 50 backpack (M05)",
        "AllowADS": true,
        "LoyaltyLevel": 2,
        "ReloadSpeedMulti": 1,
        "Comfort": 0.8,
        "speedPenaltyPercent": -4.2,
        "mousePenalty": 0,
        "weaponErgonomicPenalty": 0
    },
    "68a6cfee0c10f10000000168": {
        "$type": "RealismMod.Gear, RealismMod",
        "ItemID": "68a6cfee0c10f10000000168",
        "Name": "Direct Action Dragon Egg Mark II backpack (FDE)",
        "AllowADS": true,
        "LoyaltyLevel": 3,
        "ReloadSpeedMulti": 1,
        "Comfort": 0.9,
        "speedPenaltyPercent": -2.5,
        "mousePenalty": 0,
        "weaponErgonomicPenalty": 0
    },
    "68a6cfee0c10f10000000169": {
        "$type": "RealismMod.Gear, RealismMod",
        "ItemID": "68a6cfee0c10f10000000169",
        "Name": "Direct Action Dragon Egg Mark II backpack (Olive)",
        "AllowADS": true,
        "LoyaltyLevel": 3,
        "ReloadSpeedMulti": 1,
        "Comfort": 0.9,
        "speedPenaltyPercent": -2.5,
        "mousePenalty": 0,
        "weaponErgonomicPenalty": 0
    },
    "68a6cfee0c10f1000000016a": {
        "$type": "RealismMod.Gear, RealismMod",
        "ItemID": "68a6cfee0c10f1000000016a",
        "Name": "Direct Action Dragon Egg Mark II backpack (Atacs IX)",
        "AllowADS": true,
        "LoyaltyLevel": 3,
        "ReloadSpeedMulti": 1,
        "Comfort": 0.9,
        "speedPenaltyPercent": -2.5,
        "mousePenalty": 0,
        "weaponErgonomicPenalty": 0
    },
    "68a6cfee0c10f1000000016b": {
        "$type": "RealismMod.Gear, RealismMod",
        "ItemID": "68a6cfee0c10f1000000016b",
        "Name": "Direct Action Dragon Egg Mark II backpack (WZ93)",
        "AllowADS": true,
        "LoyaltyLevel": 3,
        "ReloadSpeedMulti": 1,
        "Comfort": 0.9,
        "speedPenaltyPercent": -2.5,
        "mousePenalty": 0,
        "weaponErgonomicPenalty": 0
    },
    "68c425970c10f100000001c9": {
        "$type": "RealismMod.Gear, RealismMod",
        "ItemID": "68c425970c10f100000001c9",
        "Name": "Oakley Mechanism heavy duty backpack (Foliage Green)",
        "TemplateID": "5d5d940f86f7742797262046"
    },
    "68c425970c10f100000001c8": {
        "$type": "RealismMod.Gear, RealismMod",
        "ItemID": "68c425970c10f100000001c8",
        "Name": "Oakley Mechanism heavy duty backpack (Green)",
        "TemplateID": "5d5d940f86f7742797262046"
    }
}
