{  
      "687cfc390c10f10000000015": {
        "$type": "RealismMod.Gear, RealismMod",
        "ItemID": "687cfc390c10f10000000015",
        "Name": "item_equipment_helmet_6b47covered_atacs",
        "AllowADS": true,
        "LoyaltyLevel": 2,
        "ArmorClass": "GOST 1",
        "CanSpall": false,
        "SpallReduction": 1,
        "ReloadSpeedMulti": 1,
        "Comfort": 1.02,
        "Price": 15050
    },       
      "687cfc390c10f1000000001b": {
        "$type": "RealismMod.Gear, RealismMod",
        "ItemID": "687cfc390c10f1000000001b",
        "Name": "item_equipment_helmet_6b47covered_pig",
        "AllowADS": true,
        "LoyaltyLevel": 2,
        "ArmorClass": "GOST 1",
        "CanSpall": false,
        "SpallReduction": 1,
        "ReloadSpeedMulti": 1,
        "Comfort": 1.02,
        "Price": 15050
    },  
      "687cfc390c10f10000000021": {
        "$type": "RealismMod.Gear, RealismMod",
        "ItemID": "687cfc390c10f10000000021",
        "Name": "item_equipment_helmet_6b47covered_spring",
        "AllowADS": true,
        "LoyaltyLevel": 2,
        "ArmorClass": "GOST 1",
        "CanSpall": false,
        "SpallReduction": 1,
        "ReloadSpeedMulti": 1,
        "Comfort": 1.02,
        "Price": 15050
    },   
      "687cfc390c10f10000000027": {
        "$type": "RealismMod.Gear, RealismMod",
        "ItemID": "687cfc390c10f10000000027",
        "Name": "item_equipment_helmet_6b47covered_ss",
        "AllowADS": true,
        "LoyaltyLevel": 2,
        "ArmorClass": "GOST 1",
        "CanSpall": false,
        "SpallReduction": 1,
        "ReloadSpeedMulti": 1,
        "Comfort": 1.02,
        "Price": 15050
    },  
    "687cfc390c10f1000000002d": {
        "$type": "RealismMod.Gear, RealismMod",
        "ItemID": "687cfc390c10f1000000002d",
        "Name": "item_equipment_helmet_6b47covered_surpat",
        "AllowADS": true,
        "LoyaltyLevel": 2,
        "ArmorClass": "GOST 1",
        "CanSpall": false,
        "SpallReduction": 1,
        "ReloadSpeedMulti": 1,
        "Comfort": 1.02,
        "Price": 15050
    },  
    "687cfc390c10f1000000007e": {
        "$type": "RealismMod.Gear, RealismMod",
        "ItemID": "687cfc390c10f1000000007e",
        "Name": "MSA ACH TC-2002 MICH Series helmet (MM14)",
        "AllowADS": true,
        "LoyaltyLevel": 3,
        "ArmorClass": "NIJ IIIA",
        "CanSpall": false,
        "SpallReduction": 1,
        "ReloadSpeedMulti": 1,
        "Comfort": 0.92,
        "Price": 23000
    },
    "687cfc390c10f10000000083": {
        "$type": "RealismMod.Gear, RealismMod",
        "ItemID": "687cfc390c10f10000000083",
        "Name": "MSA ACH TC-2002 MICH Series helmet (Vegetato)",
        "AllowADS": true,
        "LoyaltyLevel": 3,
        "ArmorClass": "NIJ IIIA",
        "CanSpall": false,
        "SpallReduction": 1,
        "ReloadSpeedMulti": 1,
        "Comfort": 0.92,
        "Price": 23000
    },
    "6883fc8f0c10f10000000078": {
        "$type": "RealismMod.Gear, RealismMod",
        "ItemID": "6883fc8f0c10f10000000078",
        "Name": "MSA ACH TC-2002 MICH Series helmet (FCA)",
        "AllowADS": true,
        "LoyaltyLevel": 3,
        "ArmorClass": "NIJ IIIA",
        "CanSpall": false,
        "SpallReduction": 1,
        "ReloadSpeedMulti": 1,
        "Comfort": 0.92,
        "Price": 23000
    },
    "688406740c10f10000000078": {
        "$type": "RealismMod.Gear, RealismMod",
        "ItemID": "688406740c10f10000000078",
        "Name": "MSA ACH TC-2001 MICH Series helmet (Flektarn)",
        "AllowADS": true,
        "LoyaltyLevel": 3,
        "ArmorClass": "NIJ IIIA",
        "CanSpall": false,
        "SpallReduction": 1,
        "ReloadSpeedMulti": 1,
        "Comfort": 0.9,
        "Price": 22000
    },
    "688406740c10f1000000007d": {
        "$type": "RealismMod.Gear, RealismMod",
        "ItemID": "688406740c10f1000000007d",
        "Name": "MSA ACH TC-2001 MICH Series helmet (Tropentarn)",
        "AllowADS": true,
        "LoyaltyLevel": 3,
        "ArmorClass": "NIJ IIIA",
        "CanSpall": false,
        "SpallReduction": 1,
        "ReloadSpeedMulti": 1,
        "Comfort": 0.9,
        "Price": 22000
    },
    "688406740c10f10000000082": {
        "$type": "RealismMod.Gear, RealismMod",
        "ItemID": "688406740c10f10000000082",
        "Name": "MSA ACH TC-2001 MICH Series helmet (MTP)",
        "AllowADS": true,
        "LoyaltyLevel": 3,
        "ArmorClass": "NIJ IIIA",
        "CanSpall": false,
        "SpallReduction": 1,
        "ReloadSpeedMulti": 1,
        "Comfort": 0.9,
        "Price": 22000
    },
    "68840c550c10f100000000d9": {
        "$type": "RealismMod.Gear, RealismMod",
        "ItemID": "68840c550c10f100000000d9",
        "Name": "Diamond Age Bastion helmet (M81)",
        "AllowADS": true,
        "LoyaltyLevel": 4,
        "ArmorClass": "NIJ IIIA",
        "CanSpall": false,
        "SpallReduction": 1,
        "ReloadSpeedMulti": 1,
        "Comfort": 0.85,
        "Price": 35000
    },
    "68840c550c10f100000000de": {
        "$type": "RealismMod.Gear, RealismMod",
        "ItemID": "68840c550c10f100000000de",
        "Name": "Diamond Age Bastion helmet (MTP)",
        "AllowADS": true,
        "LoyaltyLevel": 4,
        "ArmorClass": "NIJ IIIA",
        "CanSpall": false,
        "SpallReduction": 1,
        "ReloadSpeedMulti": 1,
        "Comfort": 0.85,
        "Price": 35000
    },
    "68835fc00c10f100000000b5": {
        "$type": "RealismMod.Gear, RealismMod",
        "ItemID": "68835fc00c10f100000000b5",
        "Name": "Ops-Core FAST MT Super High Cut helmet (Multicam)",
        "AllowADS": true,
        "LoyaltyLevel": 1,
        "ArmorClass": "Unclassified",
        "CanSpall": false,
        "SpallReduction": 1,
        "ReloadSpeedMulti": 1,
        "Comfort": 1.055,
        "Price": 8000
    },
    "68835fc00c10f100000000b0": {
        "$type": "RealismMod.Gear, RealismMod",
        "ItemID": "68835fc00c10f100000000b0",
        "Name": "Ops-Core FAST MT Super High Cut helmet (MM14)",
        "AllowADS": true,
        "LoyaltyLevel": 1,
        "ArmorClass": "Unclassified",
        "CanSpall": false,
        "SpallReduction": 1,
        "ReloadSpeedMulti": 1,
        "Comfort": 1.055,
        "Price": 8000
    },
    "68835fc00c10f100000000ba": {
        "$type": "RealismMod.Gear, RealismMod",
        "ItemID": "68835fc00c10f100000000ba",
        "Name": "Ops-Core FAST MT Super High Cut helmet (ATACS-FG)",
        "AllowADS": true,
        "LoyaltyLevel": 1,
        "ArmorClass": "Unclassified",
        "CanSpall": false,
        "SpallReduction": 1,
        "ReloadSpeedMulti": 1,
        "Comfort": 1.055,
        "Price": 8000
    },
    "68835fc00c10f100000000bf": {
        "$type": "RealismMod.Gear, RealismMod",
        "ItemID": "68835fc00c10f100000000bf",
        "Name": "Ops-Core FAST MT Super High Cut helmet (UCP)",
        "AllowADS": true,
        "LoyaltyLevel": 1,
        "ArmorClass": "Unclassified",
        "CanSpall": false,
        "SpallReduction": 1,
        "ReloadSpeedMulti": 1,
        "Comfort": 1.055,
        "Price": 8000
    },
    "6883724d0c10f100000000b8": {
        "$type": "RealismMod.Gear, RealismMod",
        "ItemID": "6883724d0c10f100000000b8",
        "Name": "Ops-Core FAST MT Super High Cut helmet (MCT)",
        "AllowADS": true,
        "LoyaltyLevel": 1,
        "ArmorClass": "Unclassified",
        "CanSpall": false,
        "SpallReduction": 1,
        "ReloadSpeedMulti": 1,
        "Comfort": 1.055,
        "Price": 8000
    },
    "68af53260c10f100000001a0": {
        "$type": "RealismMod.Gear, RealismMod",
        "ItemID": "68af53260c10f100000001a0",
        "Name": "LShZ lightweight helmet (SURPAT)",
        "AllowADS": true,
        "LoyaltyLevel": 3,
        "ArmorClass": "GOST 1",
        "CanSpall": false,
        "SpallReduction": 1,
        "ReloadSpeedMulti": 1,
        "Comfort": 0.95,
        "Price": 13000
    },
    "68af53260c10f1000000019b": {
        "$type": "RealismMod.Gear, RealismMod",
        "ItemID": "68af53260c10f1000000019b",
        "Name": "LShZ lightweight helmet (Yagel)",
        "AllowADS": true,
        "LoyaltyLevel": 3,
        "ArmorClass": "GOST 1",
        "CanSpall": false,
        "SpallReduction": 1,
        "ReloadSpeedMulti": 1,
        "Comfort": 0.95,
        "Price": 13000
    },
    "68af53260c10f10000000191": {
        "$type": "RealismMod.Gear, RealismMod",
        "ItemID": "68af53260c10f10000000191",
        "Name": "LShZ lightweight helmet (EMR)",
        "AllowADS": true,
        "LoyaltyLevel": 3,
        "ArmorClass": "GOST 1",
        "CanSpall": false,
        "SpallReduction": 1,
        "ReloadSpeedMulti": 1,
        "Comfort": 0.95,
        "Price": 13000
    },
    "68af53260c10f1000000018c": {
        "$type": "RealismMod.Gear, RealismMod",
        "ItemID": "68af53260c10f1000000018c",
        "Name": "LShZ lightweight helmet (Dusk)",
        "AllowADS": true,
        "LoyaltyLevel": 3,
        "ArmorClass": "GOST 1",
        "CanSpall": false,
        "SpallReduction": 1,
        "ReloadSpeedMulti": 1,
        "Comfort": 0.95,
        "Price": 13000
    },
    "68b532550c10f100000001b3": {
        "$type": "RealismMod.Gear, RealismMod",
        "ItemID": "68b532550c10f100000001b3",
        "Name": "Momex balaclava ATACS",
        "TemplateID": "5b432f3d5acfc4704b4a1dfb"
    },
    "68b532550c10f100000001b4": {
        "$type": "RealismMod.Gear, RealismMod",
        "ItemID": "68b532550c10f100000001b4",
        "Name": "Momex balaclava ATACS SA",
        "TemplateID": "5b432f3d5acfc4704b4a1dfb"
    },
    "68b532550c10f100000001b5": {
        "$type": "RealismMod.Gear, RealismMod",
        "ItemID": "68b532550c10f100000001b5",
        "Name": "Momex balaclava Multicam",
        "TemplateID": "5b432f3d5acfc4704b4a1dfb"
    },
    "68b532550c10f100000001b0": {
        "$type": "RealismMod.Gear, RealismMod",
        "ItemID": "68b532550c10f100000001b0",
        "Name": "Balaclava EMR",
        "TemplateID": "572b7f1624597762ae139822"
    },
    "68b532550c10f100000001b1": {
        "$type": "RealismMod.Gear, RealismMod",
        "ItemID": "68b532550c10f100000001b1",
        "Name": "Balaclava FDE",
        "TemplateID": "572b7f1624597762ae139822"
    },
    "68b532550c10f100000001b2": {
        "$type": "RealismMod.Gear, RealismMod",
        "ItemID": "68b532550c10f100000001b2",
        "Name": "Balaclava Musor",
        "TemplateID": "572b7f1624597762ae139822"
    },
    "68a83bfa0c10f10000000177": {
        "$type": "RealismMod.Gear, RealismMod",
        "ItemID": "68a83bfa0c10f10000000177",
        "Name": "5.56x45 Colt AR-15 STANAG 30-round magazine (taped)",
        "TemplateID": "5c0e66e2d174af02a96252f4"
    },
    "68a83bfa0c10f10000000176": {
        "$type": "RealismMod.Gear, RealismMod",
        "ItemID": "68a83bfa0c10f10000000176",
        "Name": "5.56x45 Colt AR-15 STANAG 30-round magazine (taped)",
        "TemplateID": "5c0e66e2d174af02a96252f4"
    }
}
