{  
    "688df05b0c10f10000000167": {
        "$type": "RealismMod.Gear, RealismMod",
        "ItemID": "688df05b0c10f10000000167",
        "Name": "Umka M33-SET1 hunter vest (Fisherman Camo 2)",
        "AllowADS": true,
        "LoyaltyLevel": 2,
        "ArmorClass": "",
        "CanSpall": false,
        "SpallReduction": 1,
        "ReloadSpeedMulti": 0.92,
        "Comfort": 0.9,
        "speedPenaltyPercent": -0.55,
        "mousePenalty": 0,
        "weaponErgonomicPenalty": 0
    },
    "688df05b0c10f10000000166": {
        "$type": "RealismMod.Gear, RealismMod",
        "ItemID": "688df05b0c10f10000000166",
        "Name": "Umka M33-SET1 hunter vest (Fisherman Camo 1)",
        "AllowADS": true,
        "LoyaltyLevel": 2,
        "ArmorClass": "",
        "CanSpall": false,
        "SpallReduction": 1,
        "ReloadSpeedMulti": 0.92,
        "Comfort": 0.9,
        "speedPenaltyPercent": -0.55,
        "mousePenalty": 0,
        "weaponErgonomicPenalty": 0
    },
    "688df05b0c10f10000000168": {
        "$type": "RealismMod.Gear, RealismMod",
        "ItemID": "688df05b0c10f10000000168",
        "Name": "Umka M33-SET1 hunter vest (Fallen Leaves)",
        "AllowADS": true,
        "LoyaltyLevel": 2,
        "ArmorClass": "",
        "CanSpall": false,
        "SpallReduction": 1,
        "ReloadSpeedMulti": 0.92,
        "Comfort": 0.9,
        "speedPenaltyPercent": -0.55,
        "mousePenalty": 0,
        "weaponErgonomicPenalty": 0
    },
    "687d20c40c10f1000000009f": {
        "$type": "RealismMod.Gear, RealismMod",
        "ItemID": "687d20c40c10f1000000009f",
        "Name": "Dynaforce Triton M43-A chest harness (British DPM)",
        "AllowADS": true,
        "LoyaltyLevel": 3,
        "ArmorClass": "",
        "CanSpall": false,
        "SpallReduction": 1,
        "ReloadSpeedMulti": 0.93,
        "Comfort": 0.76,
        "speedPenaltyPercent": -0.45,
        "mousePenalty": 0,
        "weaponErgonomicPenalty": 0
    },
    "687d20c40c10f100000000a0": {
        "$type": "RealismMod.Gear, RealismMod",
        "ItemID": "687d20c40c10f100000000a0",
        "Name": "Dynaforce Triton M43-A chest harness (Flora)",
        "AllowADS": true,
        "LoyaltyLevel": 3,
        "ArmorClass": "",
        "CanSpall": false,
        "SpallReduction": 1,
        "ReloadSpeedMulti": 0.93,
        "Comfort": 0.76,
        "speedPenaltyPercent": -0.45,
        "mousePenalty": 0,
        "weaponErgonomicPenalty": 0
    },
    "687d20c40c10f1000000009e": {
        "$type": "RealismMod.Gear, RealismMod",
        "ItemID": "687d20c40c10f1000000009e",
        "Name": "Dynaforce Triton M43-A chest harness (KLMK)",
        "AllowADS": true,
        "LoyaltyLevel": 3,
        "ArmorClass": "",
        "CanSpall": false,
        "SpallReduction": 1,
        "ReloadSpeedMulti": 0.93,
        "Comfort": 0.76,
        "speedPenaltyPercent": -0.45,
        "mousePenalty": 0,
        "weaponErgonomicPenalty": 0
    },
    "687d20c40c10f100000000a1": {
        "$type": "RealismMod.Gear, RealismMod",
        "ItemID": "687d20c40c10f100000000a1",
        "Name": "Dynaforce Triton M43-A chest harness (MVD Kamysh)",
        "AllowADS": true,
        "LoyaltyLevel": 3,
        "ArmorClass": "",
        "CanSpall": false,
        "SpallReduction": 1,
        "ReloadSpeedMulti": 0.93,
        "Comfort": 0.76,
        "speedPenaltyPercent": -0.45,
        "mousePenalty": 0,
        "weaponErgonomicPenalty": 0
    },
    "687d20c40c10f100000000a2": {
        "$type": "RealismMod.Gear, RealismMod",
        "ItemID": "687d20c40c10f100000000a2",
        "Name": "Dynaforce Triton M43-A chest harness (Ryzjuha)",
        "AllowADS": true,
        "LoyaltyLevel": 3,
        "ArmorClass": "",
        "CanSpall": false,
        "SpallReduction": 1,
        "ReloadSpeedMulti": 0.93,
        "Comfort": 0.76,
        "speedPenaltyPercent": -0.45,
        "mousePenalty": 0,
        "weaponErgonomicPenalty": 0
    },
    "6885e1410c10f100000000dc": {
        "$type": "RealismMod.Gear, RealismMod",
        "ItemID": "6885e1410c10f100000000dc",
        "Name": "Velocity Systems MPPV Multi-Purpose Patrol Vest (Green)",
        "AllowADS": true,
        "LoyaltyLevel": 4,
        "ArmorClass": "",
        "CanSpall": false,
        "SpallReduction": 1,
        "ReloadSpeedMulti": 0.96,
        "Comfort": 0.8,
        "speedPenaltyPercent": -0.12,
        "mousePenalty": 0,
        "weaponErgonomicPenalty": 0
    },
    "6885e1410c10f100000000dd": {
        "$type": "RealismMod.Gear, RealismMod",
        "ItemID": "6885e1410c10f100000000dd",
        "Name": "Velocity Systems MPPV Multi-Purpose Patrol Vest (FDE)",
        "AllowADS": true,
        "LoyaltyLevel": 4,
        "ArmorClass": "",
        "CanSpall": false,
        "SpallReduction": 1,
        "ReloadSpeedMulti": 0.96,
        "Comfort": 0.8,
        "speedPenaltyPercent": -0.12,
        "mousePenalty": 0,
        "weaponErgonomicPenalty": 0
    },
    "68875bf20c10f100000000f6": {
        "$type": "RealismMod.Gear, RealismMod",
        "ItemID": "68875bf20c10f100000000f6",
        "Name": "LBT-1961A Load Bearing Chest Rig (UCP)",
        "AllowADS": true,
        "LoyaltyLevel": 3,
        "ArmorClass": "",
        "CanSpall": false,
        "SpallReduction": 1,
        "ReloadSpeedMulti": 0.86,
        "Comfort": 0.7,
        "speedPenaltyPercent": -0.5,
        "mousePenalty": 0,
        "weaponErgonomicPenalty": 0
    },
    "68875bf20c10f100000000f7": {
        "$type": "RealismMod.Gear, RealismMod",
        "ItemID": "68875bf20c10f100000000f7",
        "Name": "LBT-1961A Load Bearing Chest Rig (British MTP)",
        "AllowADS": true,
        "LoyaltyLevel": 3,
        "ArmorClass": "",
        "CanSpall": false,
        "SpallReduction": 1,
        "ReloadSpeedMulti": 0.86,
        "Comfort": 0.7,
        "speedPenaltyPercent": -0.5,
        "mousePenalty": 0,
        "weaponErgonomicPenalty": 0
    },
    "68875bf20c10f100000000f8": {
        "$type": "RealismMod.Gear, RealismMod",
        "ItemID": "68875bf20c10f100000000f8",
        "Name": "LBT-1961A Load Bearing Chest Rig (ESTDCU Desert)",
        "AllowADS": true,
        "LoyaltyLevel": 3,
        "ArmorClass": "",
        "CanSpall": false,
        "SpallReduction": 1,
        "ReloadSpeedMulti": 0.86,
        "Comfort": 0.7,
        "speedPenaltyPercent": -0.5,
        "mousePenalty": 0,
        "weaponErgonomicPenalty": 0
    },
    "68875bf20c10f100000000f4": {
        "$type": "RealismMod.Gear, RealismMod",
        "ItemID": "68875bf20c10f100000000f4",
        "Name": "LBT-1961A Load Bearing Chest Rig (Vegetato)",
        "AllowADS": true,
        "LoyaltyLevel": 3,
        "ArmorClass": "",
        "CanSpall": false,
        "SpallReduction": 1,
        "ReloadSpeedMulti": 0.86,
        "Comfort": 0.7,
        "speedPenaltyPercent": -0.5,
        "mousePenalty": 0,
        "weaponErgonomicPenalty": 0
    },
    "68875bf20c10f100000000f5": {
        "$type": "RealismMod.Gear, RealismMod",
        "ItemID": "68875bf20c10f100000000f5",
        "Name": "LBT-1961A Load Bearing Chest Rig (Winter)",
        "AllowADS": true,
        "LoyaltyLevel": 3,
        "ArmorClass": "",
        "CanSpall": false,
        "SpallReduction": 1,
        "ReloadSpeedMulti": 0.86,
        "Comfort": 0.7,
        "speedPenaltyPercent": -0.5,
        "mousePenalty": 0,
        "weaponErgonomicPenalty": 0
    },
    "68875bf20c10f100000000f9": {
        "$type": "RealismMod.Gear, RealismMod",
        "ItemID": "68875bf20c10f100000000f9",
        "Name": "Azimut SS Zhuk chest harness (EMR Arid)",
        "AllowADS": true,
        "LoyaltyLevel": 2,
        "ArmorClass": "",
        "CanSpall": false,
        "SpallReduction": 1,
        "ReloadSpeedMulti": 0.9,
        "Comfort": 0.87,
        "speedPenaltyPercent": -0.75,
        "mousePenalty": 0,
        "weaponErgonomicPenalty": 0
    },
    "68875bf20c10f100000000fa": {
        "$type": "RealismMod.Gear, RealismMod",
        "ItemID": "68875bf20c10f100000000fa",
        "Name": "Azimut SS Zhuk chest harness (EMR Spring)",
        "AllowADS": true,
        "LoyaltyLevel": 2,
        "ArmorClass": "",
        "CanSpall": false,
        "SpallReduction": 1,
        "ReloadSpeedMulti": 0.9,
        "Comfort": 0.87,
        "speedPenaltyPercent": -0.75,
        "mousePenalty": 0,
        "weaponErgonomicPenalty": 0
    },
    "68875bf20c10f100000000fc": {
        "$type": "RealismMod.Gear, RealismMod",
        "ItemID": "68875bf20c10f100000000fc",
        "Name": "Azimut SS Zhuk chest harness (EMR Syria/Pig)",
        "AllowADS": true,
        "LoyaltyLevel": 2,
        "ArmorClass": "",
        "CanSpall": false,
        "SpallReduction": 1,
        "ReloadSpeedMulti": 0.9,
        "Comfort": 0.87,
        "speedPenaltyPercent": -0.75,
        "mousePenalty": 0,
        "weaponErgonomicPenalty": 0
    },
    "68875bf20c10f100000000fb": {
        "$type": "RealismMod.Gear, RealismMod",
        "ItemID": "68875bf20c10f100000000fb",
        "Name": "Azimut SS Zhuk chest harness (Moh / A-TACS Arid)",
        "AllowADS": true,
        "LoyaltyLevel": 2,
        "ArmorClass": "",
        "CanSpall": false,
        "SpallReduction": 1,
        "ReloadSpeedMulti": 0.9,
        "Comfort": 0.87,
        "speedPenaltyPercent": -0.75,
        "mousePenalty": 0,
        "weaponErgonomicPenalty": 0
    },
    "68875bf20c10f100000000fd": {
        "$type": "RealismMod.Gear, RealismMod",
        "ItemID": "68875bf20c10f100000000fd",
        "Name": "Poyas-A + Poyas-B gear rig (KLMK Yellow)",
        "AllowADS": true,
        "LoyaltyLevel": 2,
        "ArmorClass": "",
        "CanSpall": false,
        "SpallReduction": 1,
        "ReloadSpeedMulti": 0.88,
        "Comfort": 1.12,
        "speedPenaltyPercent": -1,
        "mousePenalty": 0,
        "weaponErgonomicPenalty": 0
    },
    "68875bf20c10f100000000ff": {
        "$type": "RealismMod.Gear, RealismMod",
        "ItemID": "68875bf20c10f100000000ff",
        "Name": "Poyas-A + Poyas-B gear rig (TTsKO)",
        "AllowADS": true,
        "LoyaltyLevel": 2,
        "ArmorClass": "",
        "CanSpall": false,
        "SpallReduction": 1,
        "ReloadSpeedMulti": 0.88,
        "Comfort": 1.12,
        "speedPenaltyPercent": -1,
        "mousePenalty": 0,
        "weaponErgonomicPenalty": 0
    },
    "68bc19ba0c10f100000001b2": {
        "$type": "RealismMod.Gear, RealismMod",
        "ItemID": "68bc19ba0c10f100000001b2",
        "Name": "Velocity Systems MPPV Multi-Purpose Patrol Vest (M05 Cold Weather)",
        "TemplateID": "5df8a42886f77412640e2e75"
    },
    "68bc19ba0c10f100000001b0": {
        "$type": "RealismMod.Gear, RealismMod",
        "ItemID": "68bc19ba0c10f100000001b0",
        "Name": "Velocity Systems MPPV Multi-Purpose Patrol Vest (Multicam)",
        "TemplateID": "5df8a42886f77412640e2e75"
    }
}
