{  
    "688bba6a0c10f10000000127": {
        "$type": "RealismMod.Gear, RealismMod",
        "ItemID": "688bba6a0c10f10000000127",
        "Name": "6B23-1 body armor (KLMK)",
        "AllowADS": true,
        "LoyaltyLevel": 3,
        "ArmorClass": "GOST 4",
        "CanSpall": false,
        "SpallReduction": 1,
        "ReloadSpeedMulti": 1,
        "Comfort": 1.1,
        "speedPenaltyPercent": -6,
        "mousePenalty": 0,
        "weaponErgonomicPenalty": -6,
		"Price": 22000
    },
    "688bba6a0c10f10000000132": {
        "$type": "RealismMod.Gear, RealismMod",
        "ItemID": "688bba6a0c10f10000000132",
        "Name": "6B23-1 body armor (Yagel)",
        "AllowADS": true,
        "LoyaltyLevel": 3,
        "ArmorClass": "GOST 4",
        "CanSpall": false,
        "SpallReduction": 1,
        "ReloadSpeedMulti": 1,
        "Comfort": 1.1,
        "speedPenaltyPercent": -6,
        "mousePenalty": 0,
        "weaponErgonomicPenalty": -6,
		"Price": 22000
    },
    "688bba6a0c10f1000000011c": {
        "$type": "RealismMod.Gear, RealismMod",
        "ItemID": "688bba6a0c10f1000000011c",
        "Name": "6B23-1 body armor (EMR Syria / Pig)",
        "AllowADS": true,
        "LoyaltyLevel": 3,
        "ArmorClass": "GOST 4",
        "CanSpall": false,
        "SpallReduction": 1,
        "ReloadSpeedMulti": 1,
        "Comfort": 1.1,
        "speedPenaltyPercent": -6,
        "mousePenalty": 0,
        "weaponErgonomicPenalty": -6,
		"Price": 22000
    },
    "688bba6a0c10f1000000013d": {
        "$type": "RealismMod.Gear, RealismMod",
        "ItemID": "688bba6a0c10f1000000013d",
        "Name": "FORT Defender-2 body armor (A-TACS / Moh)",
        "AllowADS": true,
        "LoyaltyLevel": 5,
        "ArmorClass": "GOST 5A",
        "CanSpall": false,
        "SpallReduction": 1,
        "ReloadSpeedMulti": 1,
        "Comfort": 1.045,
        "speedPenaltyPercent": -4.5,
        "mousePenalty": 0,
        "weaponErgonomicPenalty": -2.5,
		"Price": 26000
    },
    "688bba6a0c10f10000000148": {
        "$type": "RealismMod.Gear, RealismMod",
        "ItemID": "688bba6a0c10f10000000148",
        "Name": "FORT Defender-2 body armor (A-TACS Arid / Moh Autumn)",
        "AllowADS": true,
        "LoyaltyLevel": 5,
        "ArmorClass": "GOST 5A",
        "CanSpall": false,
        "SpallReduction": 1,
        "ReloadSpeedMulti": 1,
        "Comfort": 1.045,
        "speedPenaltyPercent": -4.5,
        "mousePenalty": 0,
        "weaponErgonomicPenalty": -2.5,
		"Price": 26000
    },
    "688bba6a0c10f10000000153": {
        "$type": "RealismMod.Gear, RealismMod",
        "ItemID": "688bba6a0c10f10000000153",
        "Name": "LBT-6094A Slick Plate Carrier (A-TACS FG)",
        "AllowADS": true,
        "LoyaltyLevel": 3,
        "ArmorClass": "NIJ III+",
        "CanSpall": false,
        "SpallReduction": 1,
        "ReloadSpeedMulti": 1,
        "Comfort": 1.015,
        "speedPenaltyPercent": 0,
        "mousePenalty": 0,
        "weaponErgonomicPenalty": 0,
		"Price": 7000
    },
    "688bba6a0c10f10000000168": {
        "$type": "RealismMod.Gear, RealismMod",
        "ItemID": "688bba6a0c10f10000000168",
        "Name": "LBT-6094A Slick Plate Carrier (Vegetato)",
        "AllowADS": true,
        "LoyaltyLevel": 3,
        "ArmorClass": "NIJ III+",
        "CanSpall": false,
        "SpallReduction": 1,
        "ReloadSpeedMulti": 1,
        "Comfort": 1.015,
        "speedPenaltyPercent": 0,
        "mousePenalty": 0,
        "weaponErgonomicPenalty": 0,
		"Price": 7000
    },
    "688bba6a0c10f10000000161": {
        "$type": "RealismMod.Gear, RealismMod",
        "ItemID": "688bba6a0c10f10000000161",
        "Name": "LBT-6094A Slick Plate Carrier (UCP)",
        "AllowADS": true,
        "LoyaltyLevel": 3,
        "ArmorClass": "NIJ III+",
        "CanSpall": false,
        "SpallReduction": 1,
        "ReloadSpeedMulti": 1,
        "Comfort": 1.015,
        "speedPenaltyPercent": 0,
        "mousePenalty": 0,
        "weaponErgonomicPenalty": 0,
		"Price": 7000
    },
    "688bba6a0c10f1000000015a": {
        "$type": "RealismMod.Gear, RealismMod",
        "ItemID": "688bba6a0c10f1000000015a",
        "Name": "LBT-6094A Slick Plate Carrier (A-TACS IX)",
        "AllowADS": true,
        "LoyaltyLevel": 3,
        "ArmorClass": "NIJ III+",
        "CanSpall": false,
        "SpallReduction": 1,
        "ReloadSpeedMulti": 1,
        "Comfort": 1.015,
        "speedPenaltyPercent": 0,
        "mousePenalty": 0,
        "weaponErgonomicPenalty": 0,
		"Price": 7000
    },
    "687d3cef0c10f1000000002b": {
        "$type": "RealismMod.Gear, RealismMod",
        "ItemID": "687d3cef0c10f1000000002b",
        "Name": "NPP KlASS Korund-VM body armor (Kamysh)",
        "AllowADS": true,
        "LoyaltyLevel": 5,
        "ArmorClass": "GOST 5",
        "CanSpall": false,
        "SpallReduction": 1,
        "ReloadSpeedMulti": 1,
        "Comfort": 1.07,
        "speedPenaltyPercent": -5.5,
        "mousePenalty": 0,
        "weaponErgonomicPenalty": -5.5,
		"Price": 24000
    },
    "687d3cef0c10f10000000039": {
        "$type": "RealismMod.Gear, RealismMod",
        "ItemID": "687d3cef0c10f10000000039",
        "Name": "NPP KlASS Korund-VM body armor (Moh Blue)",
        "AllowADS": true,
        "LoyaltyLevel": 5,
        "ArmorClass": "GOST 5",
        "CanSpall": false,
        "SpallReduction": 1,
        "ReloadSpeedMulti": 1,
        "Comfort": 1.07,
        "speedPenaltyPercent": -5.5,
        "mousePenalty": 0,
        "weaponErgonomicPenalty": -5.5,
		"Price": 24000
    },
    "687d3cef0c10f10000000047": {
        "$type": "RealismMod.Gear, RealismMod",
        "ItemID": "687d3cef0c10f10000000047",
        "Name": "NPP KlASS Korund-VM body armor (EMR)",
        "AllowADS": true,
        "LoyaltyLevel": 5,
        "ArmorClass": "GOST 5",
        "CanSpall": false,
        "SpallReduction": 1,
        "ReloadSpeedMulti": 1,
        "Comfort": 1.07,
        "speedPenaltyPercent": -5.5,
        "mousePenalty": 0,
        "weaponErgonomicPenalty": -5.5,
		"Price": 24000
    },
    "687d3cef0c10f10000000055": {
        "$type": "RealismMod.Gear, RealismMod",
        "ItemID": "687d3cef0c10f10000000055",
        "Name": "NPP KlASS Korund-VM body armor (Flora)",
        "AllowADS": true,
        "LoyaltyLevel": 5,
        "ArmorClass": "GOST 5",
        "CanSpall": false,
        "SpallReduction": 1,
        "ReloadSpeedMulti": 1,
        "Comfort": 1.07,
        "speedPenaltyPercent": -5.5,
        "mousePenalty": 0,
        "weaponErgonomicPenalty": -5.5,
		"Price": 24000
    },
    "687d3cef0c10f10000000063": {
        "$type": "RealismMod.Gear, RealismMod",
        "ItemID": "687d3cef0c10f10000000063",
        "Name": "NPP KlASS Korund-VM body armor (RUSS Partizan)",
        "AllowADS": true,
        "LoyaltyLevel": 5,
        "ArmorClass": "GOST 5",
        "CanSpall": false,
        "SpallReduction": 1,
        "ReloadSpeedMulti": 1,
        "Comfort": 1.07,
        "speedPenaltyPercent": -5.5,
        "mousePenalty": 0,
        "weaponErgonomicPenalty": -5.5,
		"Price": 24000
    },
    "687d3d800c10f1000000009e": {
        "$type": "RealismMod.Gear, RealismMod",
        "ItemID": "687d3d800c10f1000000009e",
        "Name": "BNTI Gzhel-K body armor (FDE)",
        "AllowADS": true,
        "LoyaltyLevel": 5,
        "ArmorClass": "GOST 5A",
        "CanSpall": false,
        "SpallReduction": 1,
        "ReloadSpeedMulti": 1,
        "Comfort": 1.05,
        "speedPenaltyPercent": -2.5,
        "mousePenalty": 0,
        "weaponErgonomicPenalty": -2,
		"Price": 18000
    },
    "687d3d800c10f100000000a8": {
        "$type": "RealismMod.Gear, RealismMod",
        "ItemID": "687d3d800c10f100000000a8",
        "Name": "BNTI Gzhel-K body armor (Gray)",
        "AllowADS": true,
        "LoyaltyLevel": 5,
        "ArmorClass": "GOST 5A",
        "CanSpall": false,
        "SpallReduction": 1,
        "ReloadSpeedMulti": 1,
        "Comfort": 1.05,
        "speedPenaltyPercent": -2.5,
        "mousePenalty": 0,
        "weaponErgonomicPenalty": -2,
		"Price": 18000
    },
    "688a35880c10f10000000110": {
        "$type": "RealismMod.Gear, RealismMod",
        "ItemID": "688a35880c10f10000000110",
        "Name": "Interceptor OTV body armor (Centre-Europe)",
        "AllowADS": true,
        "LoyaltyLevel": 5,
        "ArmorClass": "XSAPI",
        "CanSpall": false,
        "SpallReduction": 1,
        "ReloadSpeedMulti": 1,
        "Comfort": 1.035,
        "speedPenaltyPercent": -4.5,
        "mousePenalty": 0,
        "weaponErgonomicPenalty": -1.5,
		"Price": 28000
    },
    "688a35880c10f10000000119": {
        "$type": "RealismMod.Gear, RealismMod",
        "ItemID": "688a35880c10f10000000119",
        "Name": "Interceptor OTV body armor (3 Color Desert)",
        "AllowADS": true,
        "LoyaltyLevel": 5,
        "ArmorClass": "XSAPI",
        "CanSpall": false,
        "SpallReduction": 1,
        "ReloadSpeedMulti": 1,
        "Comfort": 1.035,
        "speedPenaltyPercent": -4.5,
        "mousePenalty": 0,
        "weaponErgonomicPenalty": -1.5,
		"Price": 28000
    },
    "688a35880c10f10000000122": {
        "$type": "RealismMod.Gear, RealismMod",
        "ItemID": "688a35880c10f10000000122",
        "Name": "MF-UNTAR body armor (3 Color Desert)",
        "AllowADS": true,
        "LoyaltyLevel": 2,
        "ArmorClass": "PM 5",
        "CanSpall": false,
        "SpallReduction": 1,
        "ReloadSpeedMulti": 1,
        "Comfort": 1.05,
        "speedPenaltyPercent": -2.5,
        "mousePenalty": 0,
        "weaponErgonomicPenalty": -1.5,
		"Price": 33000
    },
    "688a35880c10f10000000130": {
        "$type": "RealismMod.Gear, RealismMod",
        "ItemID": "688a35880c10f10000000130",
        "Name": "MF-UNTAR body armor (Wine Leaf)",
        "AllowADS": true,
        "LoyaltyLevel": 2,
        "ArmorClass": "PM 5",
        "CanSpall": false,
        "SpallReduction": 1,
        "ReloadSpeedMulti": 1,
        "Comfort": 1.05,
        "speedPenaltyPercent": -2.5,
        "mousePenalty": 0,
        "weaponErgonomicPenalty": -1.5,
		"Price": 33000
    },
    "688a35880c10f10000000129": {
        "$type": "RealismMod.Gear, RealismMod",
        "ItemID": "688a35880c10f10000000129",
        "Name": "MF-UNTAR body armor (MARPAT)",
        "AllowADS": true,
        "LoyaltyLevel": 2,
        "ArmorClass": "PM 5",
        "CanSpall": false,
        "SpallReduction": 1,
        "ReloadSpeedMulti": 1,
        "Comfort": 1.05,
        "speedPenaltyPercent": -2.5,
        "mousePenalty": 0,
        "weaponErgonomicPenalty": -1.5,
		"Price": 33000
    },
    "687cfc390c10f10000000093": {
        "$type": "RealismMod.Gear, RealismMod",
        "ItemID": "687cfc390c10f10000000093",
        "Name": "Crye Precision AVS plate carrier (Flektarn)",
        "AllowADS": true,
        "LoyaltyLevel": 4,
        "ArmorClass": "NIJ III+",
        "CanSpall": false,
        "SpallReduction": 1,
        "ReloadSpeedMulti": 1.16,
        "Comfort": 0.87,
        "speedPenaltyPercent": -2.2,
        "mousePenalty": 0,
        "weaponErgonomicPenalty": -1.75,
		"Price": 36000
    },
    "687cfc390c10f100000000b3": {
        "$type": "RealismMod.Gear, RealismMod",
        "ItemID": "687cfc390c10f100000000b3",
        "Name": "Crye Precision AVS plate carrier (MM14)",
        "AllowADS": true,
        "LoyaltyLevel": 4,
        "ArmorClass": "NIJ III+",
        "CanSpall": false,
        "SpallReduction": 1,
        "ReloadSpeedMulti": 1.16,
        "Comfort": 0.87,
        "speedPenaltyPercent": -2.2,
        "mousePenalty": 0,
        "weaponErgonomicPenalty": -1.75,
		"Price": 36000
    },
    "687cfc390c10f1000000009b": {
        "$type": "RealismMod.Gear, RealismMod",
        "ItemID": "687cfc390c10f1000000009b",
        "Name": "Crye Precision AVS plate carrier (MC Black)",
        "AllowADS": true,
        "LoyaltyLevel": 4,
        "ArmorClass": "NIJ III+",
        "CanSpall": false,
        "SpallReduction": 1,
        "ReloadSpeedMulti": 1.16,
        "Comfort": 0.87,
        "speedPenaltyPercent": -2.2,
        "mousePenalty": 0,
        "weaponErgonomicPenalty": -1.75,
		"Price": 36000
    },
    "687cfc390c10f100000000a3": {
        "$type": "RealismMod.Gear, RealismMod",
        "ItemID": "687cfc390c10f100000000a3",
        "Name": "Crye Precision AVS plate carrier (UCP)",
        "AllowADS": true,
        "LoyaltyLevel": 4,
        "ArmorClass": "NIJ III+",
        "CanSpall": false,
        "SpallReduction": 1,
        "ReloadSpeedMulti": 1.16,
        "Comfort": 0.87,
        "speedPenaltyPercent": -2.2,
        "mousePenalty": 0,
        "weaponErgonomicPenalty": -1.75,
		"Price": 36000
    },
    "687cfc390c10f100000000ab": {
        "$type": "RealismMod.Gear, RealismMod",
        "ItemID": "687cfc390c10f100000000ab",
        "Name": "Crye Precision AVS plate carrier (Vegetato)",
        "AllowADS": true,
        "LoyaltyLevel": 4,
        "ArmorClass": "NIJ III+",
        "CanSpall": false,
        "SpallReduction": 1,
        "ReloadSpeedMulti": 1.16,
        "Comfort": 0.87,
        "speedPenaltyPercent": -2.2,
        "mousePenalty": 0,
        "weaponErgonomicPenalty": -1.75,
		"Price": 36000
    },
    "687cfc390c10f1000000008b": {
        "$type": "RealismMod.Gear, RealismMod",
        "ItemID": "687cfc390c10f1000000008b",
        "Name": "Crye Precision AVS plate carrier (A-TACS Arid)",
        "AllowADS": true,
        "LoyaltyLevel": 4,
        "ArmorClass": "NIJ III+",
        "CanSpall": false,
        "SpallReduction": 1,
        "ReloadSpeedMulti": 1.16,
        "Comfort": 0.87,
        "speedPenaltyPercent": -2.2,
        "mousePenalty": 0,
        "weaponErgonomicPenalty": -1.75,
		"Price": 36000
    },
    "688648a00c10f100000000e5": {
        "$type": "RealismMod.Gear, RealismMod",
        "ItemID": "688648a00c10f100000000e5",
        "Name": "Eagle Industries MMAC plate carrier (MM14)",
        "AllowADS": true,
        "LoyaltyLevel": 5,
        "ArmorClass": "NIJ III+",
        "CanSpall": false,
        "SpallReduction": 1,
        "ReloadSpeedMulti": 1.14,
        "Comfort": 0.76,
        "speedPenaltyPercent": -0.5,
        "mousePenalty": 0,
        "weaponErgonomicPenalty": -0.5,
		"Price": 24000
    },
    "688648a00c10f100000000dc": {
        "$type": "RealismMod.Gear, RealismMod",
        "ItemID": "688648a00c10f100000000dc",
        "Name": "Eagle Industries MMAC plate carrier (UCP)",
        "AllowADS": true,
        "LoyaltyLevel": 5,
        "ArmorClass": "NIJ III+",
        "CanSpall": false,
        "SpallReduction": 1,
        "ReloadSpeedMulti": 1.14,
        "Comfort": 0.76,
        "speedPenaltyPercent": -0.5,
        "mousePenalty": 0,
        "weaponErgonomicPenalty": -0.5,
		"Price": 24000
    },
    "688648a00c10f100000000ee": {
        "$type": "RealismMod.Gear, RealismMod",
        "ItemID": "688648a00c10f100000000ee",
        "Name": "Eagle Industries MMAC plate carrier (AOR1)",
        "AllowADS": true,
        "LoyaltyLevel": 5,
        "ArmorClass": "NIJ III+",
        "CanSpall": false,
        "SpallReduction": 1,
        "ReloadSpeedMulti": 1.14,
        "Comfort": 0.76,
        "speedPenaltyPercent": -0.5,
        "mousePenalty": 0,
        "weaponErgonomicPenalty": -0.5,
		"Price": 24000
    },
    "688a35880c10f100000000fb": {
        "$type": "RealismMod.Gear, RealismMod",
        "ItemID": "688a35880c10f100000000fb",
        "Name": "WARTECH TV-110 plate carrier (Moh / A-TACS)",
        "AllowADS": true,
        "LoyaltyLevel": 4,
        "ArmorClass": "NIJ III",
        "CanSpall": false,
        "SpallReduction": 1,
        "ReloadSpeedMulti": 0.96,
        "Comfort": 0.84,
        "speedPenaltyPercent": 0,
        "mousePenalty": 0,
        "weaponErgonomicPenalty": 0,
		"Price": 33000
    },
    "68b173260c10f100000001a2": {
        "$type": "RealismMod.Gear, RealismMod",
        "ItemID": "68b173260c10f100000001a2",
        "Name": "5.11 Tactical TacTec plate carrier (Arid Urban)",
        "AllowADS": true,
        "LoyaltyLevel": 5,
        "ArmorClass": "NIJ IV",
        "CanSpall": false,
        "SpallReduction": 1,
        "ReloadSpeedMulti": 1.16,
        "Comfort": 0.77,
        "speedPenaltyPercent": -2,
        "mousePenalty": 0,
        "weaponErgonomicPenalty": -1,
		"Price": 30000
    },
    "68b173260c10f1000000019b": {
        "$type": "RealismMod.Gear, RealismMod",
        "ItemID": "68b173260c10f1000000019b",
        "Name": "5.11 Tactical TacTec plate carrier (M05)",
        "AllowADS": true,
        "LoyaltyLevel": 5,
        "ArmorClass": "NIJ IV",
        "CanSpall": false,
        "SpallReduction": 1,
        "ReloadSpeedMulti": 1.16,
        "Comfort": 0.77,
        "speedPenaltyPercent": -2,
        "mousePenalty": 0,
        "weaponErgonomicPenalty": -1,
		"Price": 30000
    },
    "68b173260c10f10000000194": {
        "$type": "RealismMod.Gear, RealismMod",
        "ItemID": "68b173260c10f10000000194",
        "Name": "5.11 Tactical TacTec plate carrier (Greenzone)",
        "AllowADS": true,
        "LoyaltyLevel": 5,
        "ArmorClass": "NIJ IV",
        "CanSpall": false,
        "SpallReduction": 1,
        "ReloadSpeedMulti": 1.16,
        "Comfort": 0.77,
        "speedPenaltyPercent": -2,
        "mousePenalty": 0,
        "weaponErgonomicPenalty": -1,
		"Price": 30000
    },
    "68a7132d0c10f10000000177": {
        "$type": "RealismMod.Gear, RealismMod",
        "ItemID": "68a7132d0c10f10000000177",
        "Name": "NPP KlASS Kora-Kulon body armor (MVD Kamysh)",
        "TemplateID": "64be79e2bf8412471d0d9bcc"
    },
    "68a7132d0c10f10000000172": {
        "$type": "RealismMod.Gear, RealismMod",
        "ItemID": "68a7132d0c10f10000000172",
        "Name": "NPP KlASS Kora-Kulon body armor (VSR-98 Flora)",
        "TemplateID": "64be79e2bf8412471d0d9bcc"
    },
    "68a7132d0c10f1000000016d": {
        "$type": "RealismMod.Gear, RealismMod",
        "ItemID": "68a7132d0c10f1000000016d",
        "Name": "NPP KlASS Kora-Kulon body armor (VSR-98 Mountain Flora)",
        "TemplateID": "64be79e2bf8412471d0d9bcc"
    },
    "68a7132d0c10f10000000168": {
        "$type": "RealismMod.Gear, RealismMod",
        "ItemID": "68a7132d0c10f10000000168",
        "Name": "NPP KlASS Kora-Kulon body armor (VSR-93 Barvikha)",
        "TemplateID": "64be79e2bf8412471d0d9bcc"
    },
    "68cd23bf0c10f100000001d1": {
        "$type": "RealismMod.Gear, RealismMod",
        "ItemID": "68cd23bf0c10f100000001d1",
        "Name": "Shellback Tactical Banshee plate carrier (A-TACS iX Ghost)",
        "TemplateID": "639343fce101f4caa40a4ef3"
    },
    "68cd23bf0c10f100000001c8": {
        "$type": "RealismMod.Gear, RealismMod",
        "ItemID": "68cd23bf0c10f100000001c8",
        "Name": "Shellback Tactical Banshee plate carrier (A-TACS FG)",
        "TemplateID": "639343fce101f4caa40a4ef3"
    } ,
    "68c3d0dc0c10f100000001b0": {
        "$type": "RealismMod.Gear, RealismMod",
        "ItemID": "68c3d0dc0c10f100000001b0",
        "Name": "ANA Tactical M1 plate carrier (Gray)",
        "TemplateID": "5c0e722886f7740458316a57"
    } ,
    "68c3d0dc0c10f100000001c2": {
        "$type": "RealismMod.Gear, RealismMod",
        "ItemID": "68c3d0dc0c10f100000001c2",
        "Name": "ANA Tactical M1 plate carrier (Coyote)",
        "TemplateID": "5c0e722886f7740458316a57"
    },
    "68c3d0dc0c10f100000001cb": {
        "$type": "RealismMod.Gear, RealismMod",
        "ItemID": "68c3d0dc0c10f100000001cb",
        "Name": "ANA Tactical M1 plate carrier (RG)",
        "TemplateID": "5c0e722886f7740458316a57"
    }
}
