{
    "68270d45b3ca3e273669166a": {
        "$type": "RealismMod.WeaponMod, RealismMod",
        "ItemID": "68270d45b3ca3e273669166a",
        "Name": "SureFire SOCOM556-MINI MONSTER 5.56x45 sound suppressor with Manta cover",
        "ModType": "",
        "VerticalRecoil": 0,
        "HorizontalRecoil": -2,
        "Dispersion": -8,
        "CameraRecoil": -5,
        "AutoROF": 1.15,
        "SemiROF": 1.15,
        "ModMalfunctionChance": -11,
        "CanCycleSubs": false,
        "Accuracy": 10,
        "HeatFactor": 0.89,
        "CoolFactor": 1.12,
        "DurabilityBurnModificator": 1.11,
        "Velocity": 0.57,
        "RecoilAngle": 0,
        "ConflictingItems": [],
        "Ergonomics": 0,
        "Weight": 0.443,
        "Loudness": -29,
        "Convergence": 0,
        "LoyaltyLevel": 5,
        "MeleeDamage": 9,
        "MeleePen": 9,
        "Flash": -21
    },
    "6827160c55ebffbfa1015d86": {
        "$type": "RealismMod.WeaponMod, RealismMod",
        "ItemID": "6827160c55ebffbfa1015d86",
        "Name": "SureFire SOCOM556-MINI MONSTER 5.56x45 sound suppressor with Manta cover (FDE)",
        "ModType": "",
        "VerticalRecoil": 0,
        "HorizontalRecoil": -2,
        "Dispersion": -8,
        "CameraRecoil": -5,
        "AutoROF": 1.15,
        "SemiROF": 1.15,
        "ModMalfunctionChance": -11,
        "CanCycleSubs": false,
        "Accuracy": 10,
        "HeatFactor": 0.89,
        "CoolFactor": 1.12,
        "DurabilityBurnModificator": 1.11,
        "Velocity": 0.57,
        "RecoilAngle": 0,
        "ConflictingItems": [],
        "Ergonomics": 0,
        "Weight": 0.443,
        "Loudness": -29,
        "Convergence": 0,
        "LoyaltyLevel": 5,
        "MeleeDamage": 9,
        "MeleePen": 9,
        "Flash": -21
    },
    "68271639f45b338d89a09d20": {
        "$type": "RealismMod.WeaponMod, RealismMod",
        "ItemID": "68271639f45b338d89a09d20",
        "Name": "SureFire SOCOM556-MINI MONSTER 5.56x45 sound suppressor with Manta cover (Green)",
        "ModType": "",
        "VerticalRecoil": 0,
        "HorizontalRecoil": -2,
        "Dispersion": -8,
        "CameraRecoil": -5,
        "AutoROF": 1.15,
        "SemiROF": 1.15,
        "ModMalfunctionChance": -11,
        "CanCycleSubs": false,
        "Accuracy": 10,
        "HeatFactor": 0.89,
        "CoolFactor": 1.12,
        "DurabilityBurnModificator": 1.11,
        "Velocity": 0.57,
        "RecoilAngle": 0,
        "ConflictingItems": [],
        "Ergonomics": 0,
        "Weight": 0.443,
        "Loudness": -29,
        "Convergence": 0,
        "LoyaltyLevel": 5,
        "MeleeDamage": 9,
        "MeleePen": 9,
        "Flash": -21
    },
    "66e4fcaf9d49225cdd35eebb": {
        "$type": "RealismMod.WeaponMod, RealismMod",
        "ItemID": "66e4fcaf9d49225cdd35eebb",
        "Name": "Fulson Machine Hex 46 Multi-Caliber sound suppressor",
        "ModType": "",
        "VerticalRecoil": 0,
        "HorizontalRecoil": -4,
        "Dispersion": -12,
        "CameraRecoil": -15,
        "AutoROF": 2.2,
        "SemiROF": 3,
        "ModMalfunctionChance": -22,
        "CanCycleSubs": false,
        "Accuracy": 10,
        "HeatFactor": 1.14,
        "CoolFactor": 1,
        "DurabilityBurnModificator": 1.22,
        "Velocity": 1.1,
        "RecoilAngle": 0,
        "ConflictingItems": [],
        "Ergonomics": 0,
        "Weight": 0.46,
        "Loudness": -42,
        "Convergence": 0,
        "LoyaltyLevel": 4,
        "Flash": -15
    },
    "66e6079e3436b2699e9d7d8c": {
        "$type": "RealismMod.WeaponMod, RealismMod",
        "ItemID": "66e6079e3436b2699e9d7d8c",
        "Name": "Haggar Arms Xenon-45 .45 ACP sound suppressor",
        "ModType": "",
        "VerticalRecoil": 0,
        "HorizontalRecoil": -7,
        "Dispersion": -14,
        "CameraRecoil": -12,
        "AutoROF": 0,
        "SemiROF": 0,
        "ModMalfunctionChance": 0,
        "CanCycleSubs": false,
        "Accuracy": 14,
        "HeatFactor": 1.13,
        "CoolFactor": 1,
        "DurabilityBurnModificator": 1.19,
        "Velocity": 0,
        "RecoilAngle": 0,
        "ConflictingItems": [],
        "Ergonomics": 0,
        "Weight": 0.29,
        "Loudness": -36,
        "Convergence": 0,
        "LoyaltyLevel": 4,
        "Flash": 23
    },
    "676ad911fea83190f42c8921": {
        "$type": "RealismMod.WeaponMod, RealismMod",
        "ItemID": "676ad911fea83190f42c8921",
        "Name": "Echoes Defense Nightfall LX .45 ACP sound suppressor (Worn)",
        "ModType": "",
        "VerticalRecoil": 0,
        "HorizontalRecoil": -5,
        "Dispersion": -9,
        "CameraRecoil": -12,
        "AutoROF": 1,
        "SemiROF": 1,
        "ModMalfunctionChance": -21,
        "CanCycleSubs": false,
        "Accuracy": 13,
        "HeatFactor": 1.13,
        "CoolFactor": 1,
        "DurabilityBurnModificator": 1.12,
        "Velocity": 0.54,
        "RecoilAngle": 0,
        "ConflictingItems": [],
        "Ergonomics": 0,
        "Weight": 0.433,
        "Loudness": -28,
        "Convergence": 0,
        "LoyaltyLevel": 3,
        "Flash": 14
    },
    "676ae8df0a06ddaacadf9000": {
        "$type": "RealismMod.WeaponMod, RealismMod",
        "ItemID": "676ae8df0a06ddaacadf9000",
        "Name": "Echoes Defense Nightfall LX .45 ACP sound suppressor",
        "ModType": "",
        "VerticalRecoil": 0,
        "HorizontalRecoil": -5,
        "Dispersion": -9,
        "CameraRecoil": -12,
        "AutoROF": 1,
        "SemiROF": 1,
        "ModMalfunctionChance": -21,
        "CanCycleSubs": false,
        "Accuracy": 13,
        "HeatFactor": 1.13,
        "CoolFactor": 1,
        "DurabilityBurnModificator": 1.12,
        "Velocity": 0.54,
        "RecoilAngle": 0,
        "ConflictingItems": [],
        "Ergonomics": 0,
        "Weight": 0.433,
        "Loudness": -28,
        "Convergence": 0,
        "LoyaltyLevel": 3,
        "Flash": 14
    },
    "6826761eaefcd071ca622242": {
        "$type": "RealismMod.WeaponMod, RealismMod",
        "ItemID": "6826761eaefcd071ca622242",
        "Name": "Echoes Defense EA-RPD Afterburn 7.62x39 sound suppressor",
        "ModType": "",
        "VerticalRecoil": 0,
        "HorizontalRecoil": -8,
        "Dispersion": -8,
        "CameraRecoil": -10,
        "AutoROF": 2.3,
        "SemiROF": 2.5,
        "ModMalfunctionChance": -23,
        "CanCycleSubs": false,
        "Accuracy": 2,
        "HeatFactor": 1.14,
        "CoolFactor": 1.06,
        "DurabilityBurnModificator": 1.23,
        "Velocity": 0.4,
        "RecoilAngle": 0,
        "ConflictingItems": [],
        "Ergonomics": 0,
        "Weight": 0.418,
        "Loudness": -28,
        "Convergence": 0,
        "LoyaltyLevel": 4,
        "Flash": 15
    },
    "68377e36c0ce47ccaae55254": {
        "$type": "RealismMod.WeaponMod, RealismMod",
        "ItemID": "68377e36c0ce47ccaae55254",
        "Name": "Yankee Hill Phantom M2 QD 7.62x51 sound suppressor (Wraith)",
        "ModType": "",
        "VerticalRecoil": 0,
        "HorizontalRecoil": -26,
        "Dispersion": -13,
        "CameraRecoil": -25,
        "AutoROF": 1.9,
        "SemiROF": 2.65,
        "ModMalfunctionChance": -11,
        "CanCycleSubs": false,
        "Accuracy": 13,
        "HeatFactor": 1.14,
        "CoolFactor": 1.06,
        "DurabilityBurnModificator": 1.23,
        "Velocity": 0.97,
        "RecoilAngle": 0,
        "ConflictingItems": [],
        "Ergonomics": 0,
        "Weight": 0.43,
        "Loudness": -32,
        "Convergence": 0,
        "LoyaltyLevel": 5,
        "Flash": -9
    },
    "68377cc2b7f87dd53a2380ad": {
        "$type": "RealismMod.WeaponMod, RealismMod",
        "ItemID": "68377cc2b7f87dd53a2380ad",
        "Name": "Yankee Hill Phantom M2 QD 7.62x51 sound suppressor",
        "ModType": "",
        "VerticalRecoil": 0,
        "HorizontalRecoil": -26,
        "Dispersion": -13,
        "CameraRecoil": -25,
        "AutoROF": 1.9,
        "SemiROF": 2.65,
        "ModMalfunctionChance": -11,
        "CanCycleSubs": false,
        "Accuracy": 13,
        "HeatFactor": 1.14,
        "CoolFactor": 1.06,
        "DurabilityBurnModificator": 1.23,
        "Velocity": 0.97,
        "RecoilAngle": 0,
        "ConflictingItems": [],
        "Ergonomics": 0,
        "Weight": 0.43,
        "Loudness": -32,
        "Convergence": 0,
        "LoyaltyLevel": 5,
        "Flash": -9
    },
    "68377e40800180a1a99c73a3": {
        "$type": "RealismMod.WeaponMod, RealismMod",
        "ItemID": "68377e40800180a1a99c73a3",
        "Name": "Yankee Hill Phantom M2 QD 7.62x51 sound suppressor (FDE)",
        "ModType": "",
        "VerticalRecoil": 0,
        "HorizontalRecoil": -26,
        "Dispersion": -13,
        "CameraRecoil": -25,
        "AutoROF": 1.9,
        "SemiROF": 2.65,
        "ModMalfunctionChance": -11,
        "CanCycleSubs": false,
        "Accuracy": 13,
        "HeatFactor": 1.14,
        "CoolFactor": 1.06,
        "DurabilityBurnModificator": 1.23,
        "Velocity": 0.97,
        "RecoilAngle": 0,
        "ConflictingItems": [],
        "Ergonomics": 0,
        "Weight": 0.43,
        "Loudness": -32,
        "Convergence": 0,
        "LoyaltyLevel": 5,
        "Flash": -9
    },
    "68395bb9f92a92ea0555e4a1": {
        "$type": "RealismMod.WeaponMod, RealismMod",
        "ItemID": "68395bb9f92a92ea0555e4a1",
        "Name": "AR-15 Noveske KX3 5.56x45 flash hider (Desert)",
        "ModType": "booster",
        "VerticalRecoil": 0,
        "HorizontalRecoil": -15,
        "Dispersion": -2,
        "CameraRecoil": -15,
        "AutoROF": 1.4,
        "SemiROF": 1.4,
        "ModMalfunctionChance": -15,
        "CanCycleSubs": false,
        "Accuracy": 0,
        "HeatFactor": 1,
        "CoolFactor": 1,
        "DurabilityBurnModificator": 1.13,
        "Velocity": 0,
        "RecoilAngle": 0,
        "ConflictingItems": [],
        "Ergonomics": 0,
        "Weight": 0.204,
        "Loudness": -20,
        "Convergence": 0,
        "LoyaltyLevel": 3,
        "Flash": -70
    },
    "68395c7abb2e79c208842d7e": {
        "$type": "RealismMod.WeaponMod, RealismMod",
        "ItemID": "68395c7abb2e79c208842d7e",
        "Name": "AR-15 Noveske KX3 5.56x45 flash hider (ODG)",
        "ModType": "booster",
        "VerticalRecoil": 0,
        "HorizontalRecoil": -15,
        "Dispersion": -2,
        "CameraRecoil": -15,
        "AutoROF": 1.4,
        "SemiROF": 1.4,
        "ModMalfunctionChance": -15,
        "CanCycleSubs": false,
        "Accuracy": 0,
        "HeatFactor": 1,
        "CoolFactor": 1,
        "DurabilityBurnModificator": 1.13,
        "Velocity": 0,
        "RecoilAngle": 0,
        "ConflictingItems": [],
        "Ergonomics": 0,
        "Weight": 0.204,
        "Loudness": -20,
        "Convergence": 0,
        "LoyaltyLevel": 3,
        "Flash": -70
    },
    "67717641daf63be4d82fd0ae": {
        "$type": "RealismMod.WeaponMod, RealismMod",
        "ItemID": "67717641daf63be4d82fd0ae",
        "Name": "Echoes Defense Strikewrap 46 Multi-Caliber sound suppressor (Typhoon)",
        "ModType": "",
        "VerticalRecoil": -1,
        "HorizontalRecoil": -8,
        "Dispersion": -8,
        "CameraRecoil": -5,
        "AutoROF": 1.15,
        "SemiROF": 1.15,
        "ModMalfunctionChance": -11,
        "CanCycleSubs": false,
        "Accuracy": 10,
        "HeatFactor": 1.02,
        "CoolFactor": 1,
        "DurabilityBurnModificator": 1.11,
        "Velocity": 0.56,
        "RecoilAngle": 0,
        "ConflictingItems": [],
        "Ergonomics": 0,
        "Weight": 0.413,
        "Loudness": -29,
        "Convergence": 0,
        "LoyaltyLevel": 5,
        "MeleeDamage": 9,
        "MeleePen": 9,
        "Flash": -10
    },
    "6771762c43e298cc1868787c": {
        "$type": "RealismMod.WeaponMod, RealismMod",
        "ItemID": "6771762c43e298cc1868787c",
        "Name": "Echoes Defense Strikewrap 46 Multi-Caliber sound suppressor (OD)",
        "ModType": "",
        "VerticalRecoil": -1,
        "HorizontalRecoil": -8,
        "Dispersion": -8,
        "CameraRecoil": -5,
        "AutoROF": 1.15,
        "SemiROF": 1.15,
        "ModMalfunctionChance": -11,
        "CanCycleSubs": false,
        "Accuracy": 10,
        "HeatFactor": 1.02,
        "CoolFactor": 1,
        "DurabilityBurnModificator": 1.11,
        "Velocity": 0.56,
        "RecoilAngle": 0,
        "ConflictingItems": [],
        "Ergonomics": 0,
        "Weight": 0.413,
        "Loudness": -29,
        "Convergence": 0,
        "LoyaltyLevel": 5,
        "MeleeDamage": 9,
        "MeleePen": 9,
        "Flash": -10
    },
    "67716a073c81118d119d2709": {
        "$type": "RealismMod.WeaponMod, RealismMod",
        "ItemID": "67716a073c81118d119d2709",
        "Name": "Echoes Defense Strikewrap 46 Multi-Caliber sound suppressor (Supreme)",
        "ModType": "",
        "VerticalRecoil": -1,
        "HorizontalRecoil": -8,
        "Dispersion": -8,
        "CameraRecoil": -5,
        "AutoROF": 1.15,
        "SemiROF": 1.15,
        "ModMalfunctionChance": -11,
        "CanCycleSubs": false,
        "Accuracy": 10,
        "HeatFactor": 1.02,
        "CoolFactor": 1,
        "DurabilityBurnModificator": 1.11,
        "Velocity": 0.56,
        "RecoilAngle": 0,
        "ConflictingItems": [],
        "Ergonomics": 0,
        "Weight": 0.413,
        "Loudness": -29,
        "Convergence": 0,
        "LoyaltyLevel": 5,
        "MeleeDamage": 9,
        "MeleePen": 9,
        "Flash": -10
    },
    "677156e8951dc3e9452c2520": {
        "$type": "RealismMod.WeaponMod, RealismMod",
        "ItemID": "677156e8951dc3e9452c2520",
        "Name": "Echoes Defense Strikewrap 46 Multi-Caliber sound suppressor (Multicam Alpine)",
        "ModType": "",
        "VerticalRecoil": -1,
        "HorizontalRecoil": -8,
        "Dispersion": -8,
        "CameraRecoil": -5,
        "AutoROF": 1.15,
        "SemiROF": 1.15,
        "ModMalfunctionChance": -11,
        "CanCycleSubs": false,
        "Accuracy": 10,
        "HeatFactor": 1.02,
        "CoolFactor": 1,
        "DurabilityBurnModificator": 1.11,
        "Velocity": 0.56,
        "RecoilAngle": 0,
        "ConflictingItems": [],
        "Ergonomics": 0,
        "Weight": 0.413,
        "Loudness": -29,
        "Convergence": 0,
        "LoyaltyLevel": 5,
        "MeleeDamage": 9,
        "MeleePen": 9,
        "Flash": -10
    },
    "677175e54489e67f44d07ee5": {
        "$type": "RealismMod.WeaponMod, RealismMod",
        "ItemID": "677175e54489e67f44d07ee5",
        "Name": "Echoes Defense Strikewrap 46 Multi-Caliber sound suppressor (Multicam Black)",
        "ModType": "",
        "VerticalRecoil": -1,
        "HorizontalRecoil": -8,
        "Dispersion": -8,
        "CameraRecoil": -5,
        "AutoROF": 1.15,
        "SemiROF": 1.15,
        "ModMalfunctionChance": -11,
        "CanCycleSubs": false,
        "Accuracy": 10,
        "HeatFactor": 1.02,
        "CoolFactor": 1,
        "DurabilityBurnModificator": 1.11,
        "Velocity": 0.56,
        "RecoilAngle": 0,
        "ConflictingItems": [],
        "Ergonomics": 0,
        "Weight": 0.413,
        "Loudness": -29,
        "Convergence": 0,
        "LoyaltyLevel": 5,
        "MeleeDamage": 9,
        "MeleePen": 9,
        "Flash": -10
    },
    "677175c6e30ba9a64c9dcbfa": {
        "$type": "RealismMod.WeaponMod, RealismMod",
        "ItemID": "677175c6e30ba9a64c9dcbfa",
        "Name": "Echoes Defense Strikewrap 46 Multi-Caliber sound suppressor (Mandrake)",
        "ModType": "",
        "VerticalRecoil": -1,
        "HorizontalRecoil": -8,
        "Dispersion": -8,
        "CameraRecoil": -5,
        "AutoROF": 1.15,
        "SemiROF": 1.15,
        "ModMalfunctionChance": -11,
        "CanCycleSubs": false,
        "Accuracy": 10,
        "HeatFactor": 1.02,
        "CoolFactor": 1,
        "DurabilityBurnModificator": 1.11,
        "Velocity": 0.56,
        "RecoilAngle": 0,
        "ConflictingItems": [],
        "Ergonomics": 0,
        "Weight": 0.413,
        "Loudness": -29,
        "Convergence": 0,
        "LoyaltyLevel": 5,
        "MeleeDamage": 9,
        "MeleePen": 9,
        "Flash": -10
    },
    "6771762ffb090be84351f8b2": {
        "$type": "RealismMod.WeaponMod, RealismMod",
        "ItemID": "6771762ffb090be84351f8b2",
        "Name": "Echoes Defense Strikewrap 46 Multi-Caliber sound suppressor (Multicam)",
        "ModType": "",
        "VerticalRecoil": -1,
        "HorizontalRecoil": -8,
        "Dispersion": -8,
        "CameraRecoil": -5,
        "AutoROF": 1.15,
        "SemiROF": 1.15,
        "ModMalfunctionChance": -11,
        "CanCycleSubs": false,
        "Accuracy": 10,
        "HeatFactor": 1.02,
        "CoolFactor": 1,
        "DurabilityBurnModificator": 1.11,
        "Velocity": 0.56,
        "RecoilAngle": 0,
        "ConflictingItems": [],
        "Ergonomics": 0,
        "Weight": 0.413,
        "Loudness": -29,
        "Convergence": 0,
        "LoyaltyLevel": 4,
        "MeleeDamage": 9,
        "MeleePen": 9,
        "Flash": -10
    },
    "677175a7a7e415e777e70142": {
        "$type": "RealismMod.WeaponMod, RealismMod",
        "ItemID": "677175a7a7e415e777e70142",
        "Name": "Echoes Defense Strikewrap 46 Multi-Caliber sound suppressor (Coyote Tan)",
        "ModType": "",
        "VerticalRecoil": -1,
        "HorizontalRecoil": -8,
        "Dispersion": -8,
        "CameraRecoil": -5,
        "AutoROF": 1.15,
        "SemiROF": 1.15,
        "ModMalfunctionChance": -11,
        "CanCycleSubs": false,
        "Accuracy": 10,
        "HeatFactor": 1.02,
        "CoolFactor": 1,
        "DurabilityBurnModificator": 1.11,
        "Velocity": 0.56,
        "RecoilAngle": 0,
        "ConflictingItems": [],
        "Ergonomics": 0,
        "Weight": 0.413,
        "Loudness": -29,
        "Convergence": 0,
        "LoyaltyLevel": 4,
        "MeleeDamage": 9,
        "MeleePen": 9,
        "Flash": -10
    },
    "677b046719b59126015ca29d": {
        "$type": "RealismMod.WeaponMod, RealismMod",
        "ItemID": "677b046719b59126015ca29d",
        "Name": "Echoes Defense Strikewrap 46 Multi-Caliber sound suppressor (Multicam Arid)",
        "ModType": "",
        "VerticalRecoil": -1,
        "HorizontalRecoil": -8,
        "Dispersion": -8,
        "CameraRecoil": -5,
        "AutoROF": 1.15,
        "SemiROF": 1.15,
        "ModMalfunctionChance": -11,
        "CanCycleSubs": false,
        "Accuracy": 10,
        "HeatFactor": 1.02,
        "CoolFactor": 1,
        "DurabilityBurnModificator": 1.11,
        "Velocity": 0.56,
        "RecoilAngle": 0,
        "ConflictingItems": [],
        "Ergonomics": 0,
        "Weight": 0.413,
        "Loudness": -29,
        "Convergence": 0,
        "LoyaltyLevel": 4,
        "MeleeDamage": 9,
        "MeleePen": 9,
        "Flash": -10
    },
    "677b199194edfa4e074cb73d": {
        "$type": "RealismMod.WeaponMod, RealismMod",
        "ItemID": "677b199194edfa4e074cb73d",
        "Name": "Echoes Defense Strikewrap 46 Multi-Caliber sound suppressor (Highlander)",
        "ModType": "",
        "VerticalRecoil": -1,
        "HorizontalRecoil": -8,
        "Dispersion": -8,
        "CameraRecoil": -5,
        "AutoROF": 1.15,
        "SemiROF": 1.15,
        "ModMalfunctionChance": -11,
        "CanCycleSubs": false,
        "Accuracy": 10,
        "HeatFactor": 1.02,
        "CoolFactor": 1,
        "DurabilityBurnModificator": 1.11,
        "Velocity": 0.56,
        "RecoilAngle": 0,
        "ConflictingItems": [],
        "Ergonomics": 0,
        "Weight": 0.413,
        "Loudness": -29,
        "Convergence": 0,
        "LoyaltyLevel": 4,
        "MeleeDamage": 9,
        "MeleePen": 9,
        "Flash": -10
    },
    "6771765fb92297fbbff35005": {
        "$type": "RealismMod.WeaponMod, RealismMod",
        "ItemID": "6771765fb92297fbbff35005",
        "Name": "Echoes Defense Strikewrap 46 Multi-Caliber sound suppressor (Woodland)",
        "ModType": "",
        "VerticalRecoil": -1,
        "HorizontalRecoil": -8,
        "Dispersion": -8,
        "CameraRecoil": -5,
        "AutoROF": 1.15,
        "SemiROF": 1.15,
        "ModMalfunctionChance": -11,
        "CanCycleSubs": false,
        "Accuracy": 10,
        "HeatFactor": 1.02,
        "CoolFactor": 1,
        "DurabilityBurnModificator": 1.11,
        "Velocity": 0.56,
        "RecoilAngle": 0,
        "ConflictingItems": [],
        "Ergonomics": 0,
        "Weight": 0.413,
        "Loudness": -29,
        "Convergence": 0,
        "LoyaltyLevel": 4,
        "MeleeDamage": 9,
        "MeleePen": 9,
        "Flash": -10
    },
    "67716a6fd639fc1f46654118": {
        "$type": "RealismMod.WeaponMod, RealismMod",
        "ItemID": "67716a6fd639fc1f46654118",
        "Name": "Echoes Defense Strikewrap 46 Multi-Caliber sound suppressor",
        "ModType": "",
        "VerticalRecoil": -1,
        "HorizontalRecoil": -8,
        "Dispersion": -8,
        "CameraRecoil": -5,
        "AutoROF": 1.15,
        "SemiROF": 1.15,
        "ModMalfunctionChance": -11,
        "CanCycleSubs": false,
        "Accuracy": 10,
        "HeatFactor": 1.02,
        "CoolFactor": 1,
        "DurabilityBurnModificator": 1.11,
        "Velocity": 0.56,
        "RecoilAngle": 0,
        "ConflictingItems": [],
        "Ergonomics": 0,
        "Weight": 0.413,
        "Loudness": -29,
        "Convergence": 0,
        "LoyaltyLevel": 4,
        "MeleeDamage": 9,
        "MeleePen": 9,
        "Flash": -10
    },    
    "6835ec3c422a8b7b258768af": {
        "$type": "RealismMod.WeaponMod, RealismMod",
        "ItemID": "6835ec3c422a8b7b258768af",
        "Name": "Colt M4A1 gas block with Mossie Midnight 1913 FSB Mount",
        "ModType": "",
        "VerticalRecoil": 0,
        "HorizontalRecoil": 0,
        "Dispersion": 0,
        "AutoROF": 0,
        "SemiROF": 0,
        "ModMalfunctionChance": 0,
        "CanCycleSubs": false,
        "Accuracy": 0,
        "HeatFactor": 1,
        "CoolFactor": 1,
        "DurabilityBurnModificator": 1,
        "ConflictingItems": [],
        "Ergonomics": 0,
        "Weight": 0.146,
        "LoyaltyLevel": 1
    },
    "6835a63bdbc98d9bc34e025b": {
        "$type": "RealismMod.WeaponMod, RealismMod",
        "ItemID": "6835a63bdbc98d9bc34e025b",
        "Name": "COLT M4A1 gas block with Mossie Midnight 1913 FSB Mount",
        "ModType": "",
        "VerticalRecoil": 0,
        "HorizontalRecoil": 0,
        "Dispersion": 0,
        "AutoROF": 0,
        "SemiROF": 0,
        "ModMalfunctionChance": 0,
        "CanCycleSubs": false,
        "Accuracy": 0,
        "HeatFactor": 1,
        "CoolFactor": 1,
        "DurabilityBurnModificator": 1,
        "ConflictingItems": [],
        "Ergonomics": 0,
        "Weight": 0.146,
        "LoyaltyLevel": 1
    },
    "6836e6fef34cc1ae734b444c": {
        "$type": "RealismMod.WeaponMod, RealismMod",
        "ItemID": "6836e6fef34cc1ae734b444c",
        "Name": "COLT M4A1 gas block with Promag bayonet lug rail",
        "ModType": "",
        "VerticalRecoil": 0,
        "HorizontalRecoil": 0,
        "Dispersion": 0,
        "AutoROF": 0,
        "SemiROF": 0,
        "ModMalfunctionChance": 0,
        "CanCycleSubs": false,
        "Accuracy": 0,
        "HeatFactor": 1,
        "CoolFactor": 1,
        "DurabilityBurnModificator": 1,
        "ConflictingItems": [],
        "Ergonomics": 0,
        "Weight": 0.146,
        "LoyaltyLevel": 1
    },
    "68536b5a8533ef3b3f1312c6": {
        "$type": "RealismMod.WeaponMod, RealismMod",
        "ItemID": "68536b5a8533ef3b3f1312c6",
        "Name": "AR-15 Diemaco C7-style front sight tri-rail with gas block",
        "ModType": "",
        "VerticalRecoil": 0,
        "HorizontalRecoil": 0,
        "Dispersion": 0,
        "AutoROF": 0,
        "SemiROF": 0,
        "ModMalfunctionChance": 0,
        "CanCycleSubs": false,
        "Accuracy": 0,
        "HeatFactor": 1,
        "CoolFactor": 1,
        "DurabilityBurnModificator": 1,
        "ConflictingItems": [],
        "Ergonomics": 0,
        "Weight": 0.169,
        "LoyaltyLevel": 1
    }
}