{
    "684ca7ab1a059f229b96e1a3": {
        "$type": "RealismMod.WeaponMod, RealismMod",
        "ItemID": "684ca7ab1a059f229b96e1a3",
        "Name": "Trijicon SRO reflex sight",
        "ModType": "sight",
        "AimSpeed": 10,
        "Accuracy": 0,
        "ConflictingItems": [],
        "Ergonomics": 0,
        "Weight": 0.068,
        "VerticalRecoil": 0,
        "HorizontalRecoil": 0,
        "LoyaltyLevel": 3
    },
    "684ca7a7dd567362e6a2d719": {
        "$type": "RealismMod.WeaponMod, RealismMod",
        "ItemID": "684ca7a7dd567362e6a2d719",
        "Name": "Trijicon SRO reflex sight (FDE)",
        "ModType": "sight",
        "AimSpeed": 10,
        "Accuracy": 0,
        "ConflictingItems": [],
        "Ergonomics": 0,
        "Weight": 0.068,
        "VerticalRecoil": 0,
        "HorizontalRecoil": 0,
        "LoyaltyLevel": 3
    },
    "684ef6bc3fcbe11882807386": {
        "$type": "RealismMod.WeaponMod, RealismMod",
        "ItemID": "684ef6bc3fcbe11882807386",
        "Name": "SIG Sauer ROMEO3 reflex sight",
        "ModType": "sight",
        "AimSpeed": 5,
        "Accuracy": 1,
        "ConflictingItems": [],
        "Ergonomics": 0,
        "Weight": 0.040,
        "VerticalRecoil": 0,
        "HorizontalRecoil": 0,
        "LoyaltyLevel": 3
    },
    "684f2ebbd4f01748a7d154b9": {
        "$type": "RealismMod.WeaponMod, RealismMod",
        "ItemID": "684f2ebbd4f01748a7d154b9",
        "Name": "SIG Sauer ROMEO3 reflex sight (FDE)",
        "ModType": "sight",
        "AimSpeed": 5,
        "Accuracy": 1,
        "ConflictingItems": [],
        "Ergonomics": 0,
        "Weight": 0.040,
        "VerticalRecoil": 0,
        "HorizontalRecoil": 0,
        "LoyaltyLevel": 3
    },
    "684f2eed5600200459543ecc": {
        "$type": "RealismMod.WeaponMod, RealismMod",
        "ItemID": "684f2eed5600200459543ecc",
        "Name": "SIG Sauer ROMEO3 reflex sight (Graphite)",
        "ModType": "sight",
        "AimSpeed": 5,
        "Accuracy": 1,
        "ConflictingItems": [],
        "Ergonomics": 0,
        "Weight": 0.040,
        "VerticalRecoil": 0,
        "HorizontalRecoil": 0,
        "LoyaltyLevel": 3
    },
    "685b40db60670990eb71ca2d": {
        "$type": "RealismMod.WeaponMod, RealismMod",
        "ItemID": "685b40db60670990eb71ca2d",
        "Name": "EOTech EXPS3 holographic sight (Black)",
        "ModType": "sight",
        "AimSpeed": 17,
        "Accuracy": 17,
        "ConflictingItems": [],
        "Ergonomics": 0,
        "Weight": 0.317,
        "VerticalRecoil": 0,
        "HorizontalRecoil": 0,
        "LoyaltyLevel": 4
    },
    "685ceba0cc68cf52d41769e5": {
        "$type": "RealismMod.WeaponMod, RealismMod",
        "ItemID": "685ceba0cc68cf52d41769e5",
        "Name": "Echoes Tactical EXPS3 holographic sight cover (Miami Tiger Stripe)",
        "ModType": "",
        "Ergonomics": 0,
        "AimSpeed": 0,
        "Accuracy": 0,
        "ConflictingItems": [],
        "Weight": 0.001,
        "LoyaltyLevel": 3,
        "Price": 15000
    },
    "685c6ca10bfdee0262637b4f": {
        "$type": "RealismMod.WeaponMod, RealismMod",
        "ItemID": "685c6ca10bfdee0262637b4f",
        "Name": "Echoes Tactical EXPS3 holographic sight cover (Hexagon)",
        "ModType": "",
        "Ergonomics": 0,
        "AimSpeed": 0,
        "Accuracy": 0,
        "ConflictingItems": [],
        "Weight": 0.001,
        "LoyaltyLevel": 3,
        "Price": 15000
    },
    "685c6ce8c15fc38b32190fa9": {
        "$type": "RealismMod.WeaponMod, RealismMod",
        "ItemID": "685c6ce8c15fc38b32190fa9",
        "Name": "Echoes Tactical EXPS3 holographic sight cover (Multicam Woodland)",
        "ModType": "",
        "Ergonomics": 0,
        "AimSpeed": 0,
        "Accuracy": 0,
        "ConflictingItems": [],
        "Weight": 0.001,
        "LoyaltyLevel": 3,
        "Price": 15000
    },
    "685ceb4be900dd89eededf81": {
        "$type": "RealismMod.WeaponMod, RealismMod",
        "ItemID": "685ceb4be900dd89eededf81",
        "Name": "Echoes Tactical EXPS3 holographic sight cover (Partisan)",
        "ModType": "",
        "Ergonomics": 0,
        "AimSpeed": 0,
        "Accuracy": 0,
        "ConflictingItems": [],
        "Weight": 0.001,
        "LoyaltyLevel": 3,
        "Price": 15000
    },
    "685c6cfe99d360ee6cbc7985": {
        "$type": "RealismMod.WeaponMod, RealismMod",
        "ItemID": "685c6cfe99d360ee6cbc7985",
        "Name": "Echoes Tactical EXPS3 holographic sight cover (Red)",
        "ModType": "",
        "Ergonomics": 0,
        "AimSpeed": 0,
        "Accuracy": 0,
        "ConflictingItems": [],
        "Weight": 0.001,
        "LoyaltyLevel": 3,
        "Price": 15000
    },
    "685c6c973ffb1957dcca18c6": {
        "$type": "RealismMod.WeaponMod, RealismMod",
        "ItemID": "685c6c973ffb1957dcca18c6",
        "Name": "Echoes Tactical EXPS3 holographic sight cover (Woodland)",
        "ModType": "",
        "Ergonomics": 0,
        "AimSpeed": 0,
        "Accuracy": 0,
        "ConflictingItems": [],
        "Weight": 0.001,
        "LoyaltyLevel": 3,
        "Price": 15000
    },
    "685c980215434eb9d07fee41": {
        "$type": "RealismMod.WeaponMod, RealismMod",
        "ItemID": "685c980215434eb9d07fee41",
        "Name": "Echoes Tactical EXPS3 holographic sight cover (ECOT Splinter)",
        "ModType": "",
        "Ergonomics": 0,
        "AimSpeed": 0,
        "Accuracy": 0,
        "ConflictingItems": [],
        "Weight": 0.001,
        "LoyaltyLevel": 3,
        "Price": 15000
    },
    "685ceb6ad8a725381f54a33e": {
        "$type": "RealismMod.WeaponMod, RealismMod",
        "ItemID": "685ceb6ad8a725381f54a33e",
        "Name": "Echoes Tactical EXPS3 holographic sight cover (Digital Arctic)",
        "ModType": "mount",
        "Ergonomics": 0,
        "AimSpeed": 0,
        "Accuracy": 0,
        "ConflictingItems": [],
        "Weight": 0.001,
        "LoyaltyLevel": 3,
        "Price": 15000
    },
    "685c6cbbaa9e444cb67c6e7b": {
        "$type": "RealismMod.WeaponMod, RealismMod",
        "ItemID": "685c6cbbaa9e444cb67c6e7b",
        "Name": "Echoes Tactical EXPS3 holographic sight cover (Digital Multicam)",
        "ModType": "",
        "Ergonomics": 0,
        "AimSpeed": 0,
        "Accuracy": 0,
        "ConflictingItems": [],
        "Weight": 0.001,
        "LoyaltyLevel": 3,
        "Price": 15000
    }
}