{
    "6828f3c5a1e409ab7d163228": {
        "$type": "RealismMod.Gun, RealismMod",
        "ItemID": "6828f3c5a1e409ab7d163228",
        "Name": "Kalashnikov AK-12/9 Buivol 9x39 assault rifle",
        "WeapType": "",
        "OperationType": "",
        "WeapAccuracy": 0,
        "BaseTorque": -3.8,
        "HasShoulderContact": false,
        "Ergonomics": 80,
        "VerticalRecoil": 58,
        "HorizontalRecoil": 190,
        "Dispersion": 12,
        "CameraRecoil": 0.037,
        "VisualMulti": 1,
        "Convergence": 18.1,
        "RecoilAngle": 81,
        "BaseMalfunctionChance": 0.0014,
        "HeatFactorGun": 0.22,
        "HeatFactorByShot": 1,
        "CoolFactorGun": 0.1,
        "CoolFactorGunMods": 1,
        "AllowOverheat": true,
        "CenterOfImpact": 0.038,
        "HipAccuracyRestorationDelay": 0.2,
        "HipAccuracyRestorationSpeed": 7,
        "HipInnaccuracyGain": 0.16,
        "ShotgunDispersion": 0,
        "Velocity": -1,
        "RecoilDamping": 0.84,
        "RecoilHandDamping": 0.73,
        "WeaponAllowADS": false,
        "Weight": 2.399,
        "DurabilityBurnRatio": 0.25,
        "AutoROF": 655,
        "SemiROF": 385,
        "LoyaltyLevel": 0,
        "BaseReloadSpeedMulti": 1,
        "BaseChamberSpeedMulti": 1,
        "MinChamberSpeed": 0.7,
        "MaxChamberSpeed": 1.5,
        "IsManuallyOperated": false,
        "BaseChamberCheckSpeed": 1.5,
        "BaseFixSpeed": 1.3,
        "OffsetRotation": 0.009,
        "RecoilIntensity": 0.14,
        "MasteryCategory": "AKM"
    },
    "683df636e1e3fa1bf165f7ed": {
        "$type": "RealismMod.Gun, RealismMod",
        "ItemID": "683df636e1e3fa1bf165f7ed",
        "Name": "SIG MCX Multicaliber assault rifle",
        "WeapType": "",
        "OperationType": "",
        "WeapAccuracy": 0,
        "BaseTorque": 0,
        "HasShoulderContact": false,
        "Ergonomics": 80,
        "VerticalRecoil": 90,
        "HorizontalRecoil": 135,
        "Dispersion": 14,
        "CameraRecoil": 0.038,
        "VisualMulti": 1.075,
        "Convergence": 14.4,
        "RecoilAngle": 89,
        "BaseMalfunctionChance": 0.0015,
        "HeatFactorGun": 0.22,
        "HeatFactorByShot": 1,
        "CoolFactorGun": 0.1,
        "CoolFactorGunMods": 1,
        "AllowOverheat": true,
        "CenterOfImpact": 0.01,
        "HipAccuracyRestorationDelay": 0.2,
        "HipAccuracyRestorationSpeed": 7,
        "HipInnaccuracyGain": 0.16,
        "ShotgunDispersion": 0,
        "Velocity": 0,
        "RecoilDamping": 0.86,
        "RecoilHandDamping": 0.65,
        "WeaponAllowADS": false,
        "Weight": 0.4,
        "DurabilityBurnRatio": 0.25,
        "AutoROF": 800,
        "SemiROF": 420,
        "LoyaltyLevel": 0,
        "BaseReloadSpeedMulti": 0.8,
        "BaseChamberSpeedMulti": 1,
        "MinChamberSpeed": 0.7,
        "MaxChamberSpeed": 1.5,
        "IsManuallyOperated": false,
        "BaseChamberCheckSpeed": 0.9,
        "BaseFixSpeed": 0.8,
        "OffsetRotation": 0.009,
        "RecoilIntensity": 0.15,
        "MasteryCategory": "M4"
    },
    "67b05e25d83f07b7b587c0b5": {
        "$type": "RealismMod.Gun, RealismMod",
        "ItemID": "67b05e25d83f07b7b587c0b5",
        "Name": "UMP 9x19",
        "WeapType": "",
        "OperationType": "",
        "WeapAccuracy": 0,
        "BaseTorque": -0.25,
        "HasShoulderContact": false,
        "Ergonomics": 85,
        "VerticalRecoil": 45,
        "HorizontalRecoil": 135,
        "Dispersion": 10,
        "CameraRecoil": 0.07,
        "VisualMulti": 1,
        "Convergence": 18,
        "RecoilAngle": 80,
        "BaseMalfunctionChance": 0.0014,
        "HeatFactorGun": 0.3,
        "HeatFactorByShot": 1,
        "CoolFactorGun": 0.1,
        "CoolFactorGunMods": 1,
        "AllowOverheat": true,
        "CenterOfImpact": 0.12,
        "HipAccuracyRestorationDelay": 0.2,
        "HipAccuracyRestorationSpeed": 7,
        "HipInnaccuracyGain": 0.16,
        "ShotgunDispersion": 0,
        "Velocity": -1,
        "RecoilDamping": 0.90,
        "RecoilHandDamping": 0.50,
        "WeaponAllowADS": false,
        "Weight": 1.22,
        "DurabilityBurnRatio": 0.22,
        "AutoROF": 600,
        "SemiROF": 365,
        "LoyaltyLevel": 2,
        "BaseReloadSpeedMulti": 1,
        "BaseChamberSpeedMulti": 1,
        "MinChamberSpeed": 0.7,
        "MaxChamberSpeed": 1.5,
        "IsManuallyOperated": false,
        "BaseChamberCheckSpeed": 1,
        "BaseFixSpeed": 1.2,
        "OffsetRotation": 0.01,
        "RecoilIntensity": 0.1,
        "MasteryCategory":"MP5"
    },
    "682a97a707ec1d7ca369afc4": {
        "$type": "RealismMod.Gun, RealismMod",
        "ItemID": "682a97a707ec1d7ca369afc4",
        "Name": "FN SCAR-L .300 Blackout assault rifle",
        "WeapType": "",
        "OperationType": "",
        "WeapAccuracy": 0,
        "BaseTorque": 0,
        "HasShoulderContact": false,
        "Ergonomics": 80,
        "VerticalRecoil": 76,
        "HorizontalRecoil": 170,
        "Dispersion": 13,
        "CameraRecoil": 0.045,
        "VisualMulti": 0.85,
        "Convergence": 15,
        "RecoilAngle": 90,
        "BaseMalfunctionChance": 0.0013,
        "HeatFactorGun": 0.22,
        "HeatFactorByShot": 1,
        "CoolFactorGun": 0.1,
        "CoolFactorGunMods": 1,
        "AllowOverheat": true,
        "CenterOfImpact": 0.01,
        "HipAccuracyRestorationDelay": 0.2,
        "HipAccuracyRestorationSpeed": 7,
        "HipInnaccuracyGain": 0.16,
        "ShotgunDispersion": 0,
        "Velocity": -1,
        "RecoilDamping": 0.79,
        "RecoilHandDamping": 0.75,
        "WeaponAllowADS": false,
        "Weight": 0.7,
        "DurabilityBurnRatio": 0.22,
        "AutoROF": 650,
        "SemiROF": 400,
        "LoyaltyLevel": 3,
        "BaseReloadSpeedMulti": 0.98,
        "BaseChamberSpeedMulti": 0.9,
        "MinChamberSpeed": 0.7,
        "MaxChamberSpeed": 1.5,
        "IsManuallyOperated": false,
        "BaseChamberCheckSpeed": 0.95,
        "BaseFixSpeed": 0.94,
        "OffsetRotation": 0.009,
        "RecoilIntensity": 0.14,
        "MasteryCategory": "M4"
    },
    "682905e1c929663383729e1f": {
        "$type": "RealismMod.Gun, RealismMod",
        "ItemID": "682905e1c929663383729e1f",
        "Name": "Kalashnikov AK-19 5.56x45 assault rifle",
        "WeapType": "",
        "OperationType": "",
        "WeapAccuracy": 0,
        "BaseTorque": -3.8,
        "HasShoulderContact": false,
        "Ergonomics": 74,
        "VerticalRecoil": 58,
        "HorizontalRecoil": 170,
        "Dispersion": 12,
        "CameraRecoil": 0.041,
        "VisualMulti": 1,
        "Convergence": 18.1,
        "RecoilAngle": 77,
        "BaseMalfunctionChance": 0.0014,
        "HeatFactorGun": 0.22,
        "HeatFactorByShot": 1,
        "CoolFactorGun": 0.1,
        "CoolFactorGunMods": 1,
        "AllowOverheat": true,
        "CenterOfImpact": 0.038,
        "HipAccuracyRestorationDelay": 0.2,
        "HipAccuracyRestorationSpeed": 7,
        "HipInnaccuracyGain": 0.16,
        "ShotgunDispersion": 0,
        "Velocity": 0,
        "RecoilDamping": 0.93,
        "RecoilHandDamping": 0.63,
        "WeaponAllowADS": false,
        "Weight": 2.399,
        "DurabilityBurnRatio": 0.25,
        "AutoROF": 655,
        "SemiROF": 385,
        "LoyaltyLevel": 0,
        "BaseReloadSpeedMulti": 1,
        "BaseChamberSpeedMulti": 1,
        "MinChamberSpeed": 0.7,
        "MaxChamberSpeed": 1.5,
        "IsManuallyOperated": false,
        "BaseChamberCheckSpeed": 1.5,
        "BaseFixSpeed": 1.3,
        "OffsetRotation": 0.009,
        "RecoilIntensity": 0.14,
        "MasteryCategory": "AKM"
    },
    "683e1e4fb9312d2a544b2834": {
        "$type": "RealismMod.Gun, RealismMod",
        "ItemID": "683e1e4fb9312d2a544b2834",
        "Name": "Aklys Defense Velociraptor 7.62x39 assault rifle",
        "WeapType": "",
        "OperationType": "",
        "WeapAccuracy": 0,
        "BaseTorque": -3.8,
        "HasShoulderContact": false,
        "Ergonomics": 82,
        "VerticalRecoil": 70,
        "HorizontalRecoil": 233,
        "Dispersion": 13,
        "CameraRecoil": 0.045,
        "VisualMulti": 1,
        "Convergence": 18.1,
        "RecoilAngle": 84,
        "BaseMalfunctionChance": 0.0014,
        "HeatFactorGun": 0.25,
        "HeatFactorByShot": 1,
        "CoolFactorGun": 0.1,
        "CoolFactorGunMods": 1,
        "AllowOverheat": true,
        "CenterOfImpact": 0.041,
        "HipAccuracyRestorationDelay": 0.2,
        "HipAccuracyRestorationSpeed": 7,
        "HipInnaccuracyGain": 0.16,
        "ShotgunDispersion": 0,
        "Velocity": -1,
        "RecoilDamping": 0.82,
        "RecoilHandDamping": 0.73,
        "WeaponAllowADS": false,
        "Weight": 2.399,
        "DurabilityBurnRatio": 0.25,
        "AutoROF": 635,
        "SemiROF": 315,
        "LoyaltyLevel": 4,
        "BaseReloadSpeedMulti": 1,
        "BaseChamberSpeedMulti": 1,
        "MinChamberSpeed": 0.7,
        "MaxChamberSpeed": 1.5,
        "IsManuallyOperated": false,
        "BaseChamberCheckSpeed": 1.4,
        "BaseFixSpeed": 1.3,
        "OffsetRotation": 0.009,
        "RecoilIntensity": 0.17,
        "MasteryCategory": "AKM" 
    },
    "682f527ae74a24cfa1d3f5c5": {
        "$type": "RealismMod.Gun, RealismMod",
        "ItemID": "682f527ae74a24cfa1d3f5c5",
        "Name": "Riley Defense RAK74-P semi-automatic rifle",
        "WeapType": "",
        "OperationType": "",
        "WeapAccuracy": 0,
        "BaseTorque": -3.8,
        "HasShoulderContact": false,
        "Ergonomics": 80,
        "VerticalRecoil": 75,
        "HorizontalRecoil": 185,
        "Dispersion": 11,
        "CameraRecoil": 0.041,
        "VisualMulti": 1.01,
        "Convergence": 15,
        "RecoilAngle": 87,
        "BaseMalfunctionChance": 0.001,
        "HeatFactorGun": 0.2,
        "HeatFactorByShot": 1,
        "CoolFactorGun": 0.1,
        "CoolFactorGunMods": 1,
        "AllowOverheat": true,
        "CenterOfImpact": 0.041,
        "HipAccuracyRestorationDelay": 0.2,
        "HipAccuracyRestorationSpeed": 7,
        "HipInnaccuracyGain": 0.16,
        "ShotgunDispersion": 0,
        "Velocity": 0,
        "RecoilDamping": 0.86,
        "RecoilHandDamping": 0.64,
        "WeaponAllowADS": false,
        "Weight": 2.007,
        "DurabilityBurnRatio": 0.18,
        "AutoROF": 650,
        "SemiROF": 400,
        "LoyaltyLevel": 0,
        "BaseReloadSpeedMulti": 1,
        "BaseChamberSpeedMulti": 1,
        "MinChamberSpeed": 0.7,
        "MaxChamberSpeed": 1.5,
        "IsManuallyOperated": false,
        "BaseChamberCheckSpeed": 1.5,
        "BaseFixSpeed": 1.3,
        "OffsetRotation": 0.009,
        "RecoilIntensity": 0.15,
        "MasteryCategory": "AKM" 
    },
    "68324e7849e4f772900f58e8": {
        "$type": "RealismMod.Gun, RealismMod",
        "ItemID": "68324e7849e4f772900f58e8",
        "Name": "Remington Model 700 6.5x48 bolt-action sniper rifle",
        "WeapType": "",
        "OperationType": "manual",
        "WeapAccuracy": 0,
        "BaseTorque": 0,
        "HasShoulderContact": false,
        "Ergonomics": 95,
        "VerticalRecoil": 140,
        "HorizontalRecoil": 480,
        "Dispersion": 2,
        "CameraRecoil": 0.125,
        "VisualMulti": 2,
        "Convergence": 5,
        "RecoilAngle": 90,
        "BaseMalfunctionChance": 0.0008,
        "HeatFactorGun": 1.3,
        "HeatFactorByShot": 1,
        "CoolFactorGun": 0.1,
        "CoolFactorGunMods": 1,
        "AllowOverheat": true,
        "CenterOfImpact": 0.011,
        "HipAccuracyRestorationDelay": 0.2,
        "HipAccuracyRestorationSpeed": 7,
        "HipInnaccuracyGain": 0.16,
        "ShotgunDispersion": 0,
        "Velocity": 0,
        "RecoilDamping": 0.8,
        "RecoilHandDamping": 0.41,
        "WeaponAllowADS": false,
        "Weight": 0.55,
        "DurabilityBurnRatio": 0.7,
        "AutoROF": 30,
        "SemiROF": 450,
        "LoyaltyLevel": 3,
        "BaseReloadSpeedMulti": 1,
        "BaseChamberSpeedMulti": 1.2,
        "MinChamberSpeed": 0.7,
        "MaxChamberSpeed": 1.5,
        "IsManuallyOperated": true,
        "BaseChamberCheckSpeed": 1.3,
        "BaseFixSpeed": 1.3,
        "OffsetRotation": 0.01,
        "RecoilIntensity": 0.2645,
        "RecoilCenter": {
            "x": 0,
            "y": -0.45,
            "z": 0
        },
        "MasteryCategory":"SV98"
    },
    "6831efcaf17211a895bbccc4": {
        "$type": "RealismMod.Gun, RealismMod",
        "ItemID": "6831efcaf17211a895bbccc4",
        "Name": "Knight's Armament Company SR-25 E2 PR 6.5x48 assault rifle",
        "WeapType": "DI",
        "OperationType": "buffer",
        "WeapAccuracy": 0,
        "BaseTorque": 1,
        "HasShoulderContact": false,
        "Ergonomics": 80,
        "VerticalRecoil": 108,
        "HorizontalRecoil": 260,
        "Dispersion": 9,
        "CameraRecoil": 0.07,
        "VisualMulti": 1.05,
        "Convergence": 11.3,
        "RecoilAngle": 93,
        "BaseMalfunctionChance": 0.0015,
        "HeatFactorGun": 0.6,
        "HeatFactorByShot": 1,
        "CoolFactorGun": 0.1,
        "CoolFactorGunMods": 1,
        "AllowOverheat": true,
        "CenterOfImpact": 0,
        "HipAccuracyRestorationDelay": 0.2,
        "HipAccuracyRestorationSpeed": 7,
        "HipInnaccuracyGain": 0.16,
        "ShotgunDispersion": 0,
        "Velocity": 0,
        "RecoilDamping": 0.82,
        "RecoilHandDamping": 0.4,
        "WeaponAllowADS": false,
        "Weight": 0.51,
        "DurabilityBurnRatio": 0.45,
        "AutoROF": 700,
        "SemiROF": 395,
        "LoyaltyLevel": 4,
        "BaseReloadSpeedMulti": 1,
        "BaseChamberSpeedMulti": 1,
        "MinChamberSpeed": 0.6,
        "MaxChamberSpeed": 1.5,
        "IsManuallyOperated": false,
        "BaseChamberCheckSpeed": 0.9,
        "BaseFixSpeed": 0.9,
        "OffsetRotation": 0.01,
        "RecoilIntensity": 0.23,
        "MasteryCategory":"M4"
    },
    "683d23831960b7bac66f4f05": {
        "$type": "RealismMod.Gun, RealismMod",
        "ItemID": "683d23831960b7bac66f4f05",
        "Name": "Echoes Defence SR-86 8.6 Blackout assault rifle",
        "WeapType": "DI",
        "OperationType": "buffer",
        "WeapAccuracy": 0,
        "BaseTorque": 1,
        "HasShoulderContact": false,
        "Ergonomics": 80,
        "VerticalRecoil": 92,
        "HorizontalRecoil": 252,
        "Dispersion": 9,
        "CameraRecoil": 0.07,
        "VisualMulti": 1.05,
        "Convergence": 11.3,
        "RecoilAngle": 93,
        "BaseMalfunctionChance": 0.0015,
        "HeatFactorGun": 0.6,
        "HeatFactorByShot": 1,
        "CoolFactorGun": 0.1,
        "CoolFactorGunMods": 1,
        "AllowOverheat": true,
        "CenterOfImpact": 0,
        "HipAccuracyRestorationDelay": 0.2,
        "HipAccuracyRestorationSpeed": 7,
        "HipInnaccuracyGain": 0.16,
        "ShotgunDispersion": 0,
        "Velocity": 0,
        "RecoilDamping": 0.82,
        "RecoilHandDamping": 0.4,
        "WeaponAllowADS": false,
        "Weight": 0.51,
        "DurabilityBurnRatio": 0.45,
        "AutoROF": 700,
        "SemiROF": 395,
        "LoyaltyLevel": 4,
        "BaseReloadSpeedMulti": 1,
        "BaseChamberSpeedMulti": 1,
        "MinChamberSpeed": 0.6,
        "MaxChamberSpeed": 1.5,
        "IsManuallyOperated": false,
        "BaseChamberCheckSpeed": 0.9,
        "BaseFixSpeed": 0.9,
        "OffsetRotation": 0.01,
        "RecoilIntensity": 0.23,
        "MasteryCategory":"M4"
    },
    "68291dcbc8bb6e883871070f": {
        "$type": "RealismMod.Gun, RealismMod",
        "ItemID": "68291dcbc8bb6e883871070f",
        "Name": "Kalashnikov AK-15 7.62x39 assault rifle",
        "WeapType": "",
        "OperationType": "",
        "WeapAccuracy": 0,
        "BaseTorque": -2,
        "HasShoulderContact": false,
        "Ergonomics": 80,
        "VerticalRecoil": 75,
        "HorizontalRecoil": 185,
        "Dispersion": 12,
        "CameraRecoil": 0.045,
        "VisualMulti": 1.05,
        "Convergence": 16.5,
        "RecoilAngle": 89,
        "BaseMalfunctionChance": 0.0025,
        "HeatFactorGun": 0.55,
        "HeatFactorByShot": 1,
        "CoolFactorGun": 0.1,
        "CoolFactorGunMods": 1,
        "AllowOverheat": true,
        "CenterOfImpact": 0.044,
        "HipAccuracyRestorationDelay": 0.2,
        "HipAccuracyRestorationSpeed": 7,
        "HipInnaccuracyGain": 0.16,
        "ShotgunDispersion": 0,
        "Velocity": 0,
        "RecoilDamping": 0.87,
        "RecoilHandDamping": 0.74,
        "WeaponAllowADS": false,
        "Weight": 1.85,
        "DurabilityBurnRatio": 0.18,
        "AutoROF": 680,
        "SemiROF": 395,
        "LoyaltyLevel": 3,
        "BaseReloadSpeedMulti": 1,
        "BaseChamberSpeedMulti": 1,
        "MinChamberSpeed": 0.7,
        "MaxChamberSpeed": 1.5,
        "IsManuallyOperated": false,
        "BaseChamberCheckSpeed": 1.5,
        "BaseFixSpeed": 1.3,
        "OffsetRotation": 0.009,
        "RecoilIntensity": 0.16,
        "MasteryCategory": "AKM"
    },
    "682912faa514fff2d8f72838": {
        "$type": "RealismMod.Gun, RealismMod",
        "ItemID": "682912faa514fff2d8f72838",
        "Name": "Kalashnikov AK-19-1 .300 Blackout assault rifle",
        "WeapType": "",
        "OperationType": "",
        "WeapAccuracy": 0,
        "BaseTorque": -3.8,
        "HasShoulderContact": false,
        "Ergonomics": 80,
        "VerticalRecoil": 58,
        "HorizontalRecoil": 190,
        "Dispersion": 12,
        "CameraRecoil": 0.037,
        "VisualMulti": 1,
        "Convergence": 18.1,
        "RecoilAngle": 81,
        "BaseMalfunctionChance": 0.0014,
        "HeatFactorGun": 0.22,
        "HeatFactorByShot": 1,
        "CoolFactorGun": 0.1,
        "CoolFactorGunMods": 1,
        "AllowOverheat": true,
        "CenterOfImpact": 0.038,
        "HipAccuracyRestorationDelay": 0.2,
        "HipAccuracyRestorationSpeed": 7,
        "HipInnaccuracyGain": 0.16,
        "ShotgunDispersion": 0,
        "Velocity": -1,
        "RecoilDamping": 0.84,
        "RecoilHandDamping": 0.73,
        "WeaponAllowADS": false,
        "Weight": 2.399,
        "DurabilityBurnRatio": 0.25,
        "AutoROF": 655,
        "SemiROF": 385,
        "LoyaltyLevel": 4,
        "BaseReloadSpeedMulti": 1,
        "BaseChamberSpeedMulti": 1,
        "MinChamberSpeed": 0.7,
        "MaxChamberSpeed": 1.5,
        "IsManuallyOperated": false,
        "BaseChamberCheckSpeed": 1.5,
        "BaseFixSpeed": 1.3,
        "OffsetRotation": 0.009,
        "RecoilIntensity": 0.14,
        "MasteryCategory": "AKM"
    },
    "682a543094114c092df7373e": {
        "$type": "RealismMod.Gun, RealismMod",
        "ItemID": "682a543094114c092df7373e",
        "Name": "Molot Arms VPO-208 .366 TKM carbine",
        "WeapType": "",
        "OperationType": "",
        "WeapAccuracy": 50,
        "BaseTorque": 0,
        "HasShoulderContact": false,
        "Ergonomics": 80,
        "VerticalRecoil": 93,
        "HorizontalRecoil": 270,
        "Dispersion": 6,
        "CameraRecoil": 0.038,
        "VisualMulti": 1.15,
        "Convergence": 4.25,
        "RecoilAngle": 92,
        "BaseMalfunctionChance": 0.0017,
        "HeatFactorGun": 0.32,
        "HeatFactorByShot": 1,
        "CoolFactorGun": 0.1,
        "CoolFactorGunMods": 1,
        "AllowOverheat": true,
        "CenterOfImpact": 0.035,
        "HipAccuracyRestorationDelay": 0.2,
        "HipAccuracyRestorationSpeed": 7,
        "HipInnaccuracyGain": 0.16,
        "ShotgunDispersion": 0,
        "Velocity": 0,
        "RecoilDamping": 0.82,
        "RecoilHandDamping": 0.56,
        "WeaponAllowADS": false,
        "Weight": 0.6,
        "DurabilityBurnRatio": 0.3,
        "AutoROF": 40,
        "SemiROF": 420,
        "LoyaltyLevel": 1,
        "BaseReloadSpeedMulti": 1.2,
        "BaseChamberSpeedMulti": 1,
        "MinChamberSpeed": 0.7,
        "MaxChamberSpeed": 1.5,
        "IsManuallyOperated": false,
        "BaseChamberCheckSpeed": 1.2,
        "BaseFixSpeed": 1.2,
        "OffsetRotation": 0.008,
        "RecoilIntensity": 0.11,
        "RecoilCenter": {
            "x": 0,
            "y": -0.35,
            "z": 0
        },
        "MasteryCategory":"AKM"
    },
    "676176d362e0497044079f4c": {
        "$type": "RealismMod.Gun, RealismMod",
        "ItemID": "676176d362e0497044079f4c",
        "Name": "FN SCAR-H X-17 7.62x51 assault rifle",
        "WeapType": "",
        "OperationType": "",
        "WeapAccuracy": 0,
        "BaseTorque": 0,
        "HasShoulderContact": false,
        "Ergonomics": 82,
        "VerticalRecoil": 116,
        "HorizontalRecoil": 235,
        "Dispersion": 14,
        "CameraRecoil": 0.0525,
        "VisualMulti": 0.84,
        "Convergence": 11,
        "RecoilAngle": 88,
        "BaseMalfunctionChance": 0.0012,
        "HeatFactorGun": 0.3,
        "HeatFactorByShot": 1,
        "CoolFactorGun": 0.1,
        "CoolFactorGunMods": 1,
        "AllowOverheat": true,
        "CenterOfImpact": 0.01,
        "HipAccuracyRestorationDelay": 0.2,
        "HipAccuracyRestorationSpeed": 7,
        "HipInnaccuracyGain": 0.16,
        "ShotgunDispersion": 0,
        "Velocity": 0,
        "RecoilDamping": 0.86,
        "RecoilHandDamping": 0.75,
        "WeaponAllowADS": false,
        "Weight": 0.85,
        "DurabilityBurnRatio": 0.3,
        "AutoROF": 600,
        "SemiROF": 400,
        "LoyaltyLevel": 4,
        "BaseReloadSpeedMulti": 0.98,
        "BaseChamberSpeedMulti": 0.9,
        "MinChamberSpeed": 0.9,
        "MaxChamberSpeed": 1.5,
        "IsManuallyOperated": false,
        "BaseChamberCheckSpeed": 0.95,
        "BaseFixSpeed": 0.94,
        "OffsetRotation": 0.005,
        "RecoilIntensity": 0.23,
        "MasteryCategory":"M4"
    }
}