{
    "683efda465871989f2a4da9a": {
        "$type": "RealismMod.WeaponMod, RealismMod",
        "ItemID": "683efda465871989f2a4da9a",
        "Name": "AR-15 Model 601/M16A1 12 inch triangular handguard",
        "ModType": "",
        "VerticalRecoil": -2,
        "HorizontalRecoil": -1,
        "Dispersion": 0,
        "AimSpeed": 0,
        "Ergonomics": 6,
        "Accuracy": -5,
        "HeatFactor": 1.074,
        "CoolFactor": 0.968,
        "ConflictingItems": [],
        "Weight": 0.210,
        "LoyaltyLevel": 1
    },
    "6849dafc5c92377eeabaee5e": {
        "$type": "RealismMod.WeaponMod, RealismMod",
        "ItemID": "6849dafc5c92377eeabaee5e",
        "Name": "AR-15 Model 601/M16A1 12 inch triangular handguard (Wood)",
        "ModType": "",
        "VerticalRecoil": -2,
        "HorizontalRecoil": -1,
        "Dispersion": 0,
        "AimSpeed": 0,
        "Ergonomics": 6,
        "Accuracy": -5,
        "HeatFactor": 1.074,
        "CoolFactor": 0.968,
        "ConflictingItems": [],
        "Weight": 0.220,
        "LoyaltyLevel": 1
    },
    "683efd7cb750cc7bddbd232f": {
        "$type": "RealismMod.WeaponMod, RealismMod",
        "ItemID": "683efd7cb750cc7bddbd232f",
        "Name": "AR-15 NcSTAR 13 inch M-LOK handguard",
        "ModType": "",
        "VerticalRecoil": -4,
        "HorizontalRecoil": -1,
        "Dispersion": 0,
        "AimSpeed": 0,
        "Ergonomics": 10,
        "Accuracy": 11,
        "HeatFactor": 0.977,
        "CoolFactor": 1.008,
        "ConflictingItems": [],
        "Weight": 0.292,
        "LoyaltyLevel": 4,
        "AimStability": 4,
        "Handling": 6
    },
    "683efdb7db86d6db51c97819": {
        "$type": "RealismMod.WeaponMod, RealismMod",
        "ItemID": "683efdb7db86d6db51c97819",
        "Name": "AR-15 NcSTAR/VISM 13 inch KeyMod handguard",
        "ModType": "",
        "VerticalRecoil": -4,
        "HorizontalRecoil": -1,
        "Dispersion": 0,
        "AimSpeed": 0,
        "Ergonomics": 10,
        "Accuracy": 11,
        "HeatFactor": 0.977,
        "CoolFactor": 1.008,
        "ConflictingItems": [],
        "Weight": 0.309,
        "LoyaltyLevel": 4,
        "AimStability": 4,
        "Handling": 6
    },
    "683efd71f59c98d2c4627562": {
        "$type": "RealismMod.WeaponMod, RealismMod",
        "ItemID": "683efd71f59c98d2c4627562",
        "Name": "AR-15 Lancer Tactical modified lightweight 12 inch handguard",
        "ModType": "",
        "VerticalRecoil": 0,
        "HorizontalRecoil": -1.5,
        "Dispersion": 0,
        "AimSpeed": 0,
        "Ergonomics": 7,
        "Accuracy": 3,
        "HeatFactor": 0.982,
        "CoolFactor": 1.115,
        "ConflictingItems": [],
        "Weight": 0.305,
        "LoyaltyLevel": 3,
        "Handling": 1.5,
        "AimStability": 3
    },
    "68599a3ea897c112c06b300a": {
        "$type": "RealismMod.WeaponMod, RealismMod",
        "ItemID": "68599a3ea897c112c06b300a",
        "Name": "AR-15 BCM® KMR Alpha 13 inch KeyMod handguard",
        "ModType": "",
        "VerticalRecoil": -3.5,
        "HorizontalRecoil": -1,
        "Dispersion": -1,
        "AimSpeed": 0,
        "Ergonomics": 12,
        "Accuracy": 15,
        "HeatFactor": 0.977,
        "CoolFactor": 1.008,
        "ConflictingItems": [],
        "Weight": 0.351,
        "LoyaltyLevel": 4,
        "AimStability": 4,
        "Handling": 5
    },
    "684c62af556049c4354d8472": {
        "$type": "RealismMod.WeaponMod, RealismMod",
        "ItemID": "684c62af556049c4354d8472",
        "Name": "Echoes Defense JSOC Fiberglass 12 Handguard (ODG)",
        "ModType": "",
        "VerticalRecoil": -3,
        "HorizontalRecoil": -4,
        "Dispersion": -2,
        "AimSpeed": 1,
        "Ergonomics": 10,
        "Accuracy": 10,
        "HeatFactor": 0.964,
        "CoolFactor": 1.046,
        "ConflictingItems": [],
        "Weight": 0.580,
        "LoyaltyLevel": 4,
        "AimStability": 5
    },
    "684c6355888cef0bda78b7ab": {
        "$type": "RealismMod.WeaponMod, RealismMod",
        "ItemID": "684c6355888cef0bda78b7ab",
        "Name": "Echoes Defense JSOC Fiberglass 12 Handguard (Black)",
        "ModType": "",
        "VerticalRecoil": -3,
        "HorizontalRecoil": -4,
        "Dispersion": -2,
        "AimSpeed": 1,
        "Ergonomics": 10,
        "Accuracy": 10,
        "HeatFactor": 0.964,
        "CoolFactor": 1.046,
        "ConflictingItems": [],
        "Weight": 0.580,
        "LoyaltyLevel": 4,
        "AimStability": 5
    },
    "6744ce7b3e21501218ed77df": {
        "$type": "RealismMod.WeaponMod, RealismMod",
        "ItemID": "6744ce7b3e21501218ed77df",
        "Name": "AR-15 JSOC Delta Force free-floating handguard",
        "ModType": "",
        "VerticalRecoil": -3,
        "HorizontalRecoil": -4,
        "Dispersion": -2.5,
        "AimSpeed": 1,
        "Ergonomics": 10,
        "Accuracy": 10,
        "HeatFactor": 0.964,
        "CoolFactor": 1.046,
        "ConflictingItems": [],
        "Weight": 0.560,
        "LoyaltyLevel": 4,
        "AimStability": 5
    },
    "4bdd458936bdc4396f208687": {
        "$type": "RealismMod.WeaponMod, RealismMod",
        "ItemID": "4bdd458936bdc4396f208687",
        "Name": "AR-15 Echoes Defense Skull Crusher 12 inch handguard (Brushed)",
        "ModType": "",
        "VerticalRecoil": -3,
        "HorizontalRecoil": -2,
        "Dispersion": 0,
        "AimSpeed": 0,
        "Ergonomics": 8,
        "Accuracy": 12,
        "HeatFactor": 0.964,
        "CoolFactor": 1.046,
        "ConflictingItems": [],
        "Weight": 0.25,
        "LoyaltyLevel": 3,
        "AimStability": 5
    },
    "ebcc99cb85a882749d8a0420": {
        "$type": "RealismMod.WeaponMod, RealismMod",
        "ItemID": "ebcc99cb85a882749d8a0420",
        "Name": "AR-15 Echoes Defense Skull Crusher 12 inch handguard (Black)",
        "ModType": "",
        "VerticalRecoil": -3,
        "HorizontalRecoil": -2,
        "Dispersion": 0,
        "AimSpeed": 0,
        "Ergonomics": 8,
        "Accuracy": 12,
        "HeatFactor": 0.964,
        "CoolFactor": 1.046,
        "ConflictingItems": [],
        "Weight": 0.25,
        "LoyaltyLevel": 3,
        "AimStability": 5
    },
    "6854fd553cac02391571d46d": {
        "$type": "RealismMod.WeaponMod, RealismMod",
        "ItemID": "6854fd553cac02391571d46d",
        "Name": "AR-15 Diemaco C8A2 Carbine Length lower handguard",
        "ModType": "",
        "VerticalRecoil": -1,
        "HorizontalRecoil": -1,
        "Dispersion": -1,
        "AimSpeed": 0,
        "Ergonomics": 4,
        "Accuracy": 0,
        "HeatFactor": 1,
        "CoolFactor": 1,
        "ConflictingItems": [],
        "Weight": 0.129,
        "LoyaltyLevel": 1,
        "Handling": 2
    },
    "6854fc746b14c40157c24657": {
        "$type": "RealismMod.WeaponMod, RealismMod",
        "ItemID": "6854fc746b14c40157c24657",
        "Name": "AR-15 Diemaco C8A2 Carbine Length handguard",
        "ModType": "",
        "VerticalRecoil": 0,
        "HorizontalRecoil": 0,
        "Dispersion": 0,
        "AimSpeed": 0,
        "Ergonomics": 0,
        "Accuracy": 0,
        "HeatFactor": 1.062,
        "CoolFactor": 0.978,
        "ConflictingItems": [],
        "Weight": 0.166,
        "LoyaltyLevel": 1
    },
    "686ac0a97472b14e08b93fdb": {
        "$type": "RealismMod.WeaponMod, RealismMod",
        "ItemID": "686ac0a97472b14e08b93fdb",
        "Name": "HK MP5 GSG-16 Flashlight Handguard",
        "ModType": "",
        "VerticalRecoil": -5,
        "HorizontalRecoil": -2,
        "Dispersion": 0,
        "AimSpeed": 0,
        "Ergonomics": 8,
        "Accuracy": 0,
        "HeatFactor": 1.042,
        "CoolFactor": 0.961,
        "ConflictingItems": [],
        "Weight": 0.245,
        "LoyaltyLevel": 1,
        "Handling": 8
    },
    "684c5d9c3df011a53ac540c8": {
        "$type": "RealismMod.WeaponMod, RealismMod",
        "ItemID": "684c5d9c3df011a53ac540c8",
        "Name": "HK MP5 G3-Style wooden handguard",
        "ModType": "",
        "VerticalRecoil": -5,
        "HorizontalRecoil": -2,
        "Dispersion": 0,
        "AimSpeed": 0,
        "Ergonomics": 6.5,
        "Accuracy": 0,
        "HeatFactor": 1.042,
        "CoolFactor": 0.961,
        "ConflictingItems": [],
        "Weight": 0.241,
        "LoyaltyLevel": 1,
        "Handling": 6
    },
    "683efd600f2babf75038dc1c": {
        "$type": "RealismMod.WeaponMod, RealismMod",
        "ItemID": "683efd600f2babf75038dc1c",
        "Name": "AR-15 Echoes Defense Resonant handguard",
        "ModType": "",
        "VerticalRecoil": -2,
        "HorizontalRecoil": -5.5,
        "Dispersion": -2.5,
        "AimSpeed": 0,
        "Ergonomics": 5,
        "Accuracy": 20,
        "HeatFactor": 0.985,
        "CoolFactor": 1.006,
        "ConflictingItems": [],
        "Weight": 0.539,
        "LoyaltyLevel": 4,
        "Handling": 2
    },
    "683efdcfceb019abc8a0e386": {
        "$type": "RealismMod.WeaponMod, RealismMod",
        "ItemID": "683efdcfceb019abc8a0e386",
        "Name": "AR-15 Daniel Defense RIS II 12.25 handguard (Black)",
        "ModType": "",
        "VerticalRecoil": -1,
        "HorizontalRecoil": -2.5,
        "Dispersion": -2.5,
        "AimSpeed": 0,
        "Ergonomics": 9.5,
        "Accuracy": 15,
        "HeatFactor": 1,
        "CoolFactor": 1,
        "ConflictingItems": [],
        "Weight": 0.501,
        "LoyaltyLevel": 3,
        "Handling": 5.5
    },
    "68376430e87603a6a5237129": {
        "$type": "RealismMod.WeaponMod, RealismMod",
        "ItemID": "68376430e87603a6a5237129",
        "Name": "AR-15 Colt M4 Carbine Length FSB lower handguard",
        "ModType": "",
        "VerticalRecoil": -1,
        "HorizontalRecoil": -1,
        "Dispersion": -1,
        "AimSpeed": 0,
        "Ergonomics": 4,
        "Accuracy": 0,
        "HeatFactor": 1,
        "CoolFactor": 1,
        "ConflictingItems": [],
        "Weight": 0.129,
        "LoyaltyLevel": 1,
        "Handling": 2
    },
    "683efa184b18a7908c86ed28": {
        "$type": "RealismMod.WeaponMod, RealismMod",
        "ItemID": "683efa184b18a7908c86ed28",
        "Name": "AR-15 Echoes Defense Kat Skratch 4 inch handguard",
        "ModType": "",
        "VerticalRecoil": 0,
        "HorizontalRecoil": -1,
        "Dispersion": -1,
        "AimSpeed": 0,
        "Ergonomics": 3,
        "Accuracy": -5,
        "HeatFactor": 1.05,
        "CoolFactor": 1,
        "ConflictingItems": [],
        "Weight": 0.112,
        "LoyaltyLevel": 3,
        "AimStability": 3
    },
    "683efaf9331c7a5ce371647e": {
        "$type": "RealismMod.WeaponMod, RealismMod",
        "ItemID": "683efaf9331c7a5ce371647e",
        "Name": "AR-15 Echoes Defense Kitty Kat 4 inch handguard",
        "ModType": "",
        "VerticalRecoil": 0,
        "HorizontalRecoil": -1,
        "Dispersion": -1,
        "AimSpeed": 0,
        "Ergonomics": 6,
        "Accuracy": -4,
        "HeatFactor": 1.05,
        "CoolFactor": 1,
        "ConflictingItems": [],
        "Weight": 0.103,
        "LoyaltyLevel": 3,
        "AimStability": 3
    },
    "68254a77a7fcfa4007cc5250": {
        "$type": "RealismMod.WeaponMod, RealismMod",
        "ItemID": "68254a77a7fcfa4007cc5250",
        "Name": "DS ARMS RPD metal handguard",
        "ModType": "",
        "VerticalRecoil": -1,
        "HorizontalRecoil": -3,
        "Dispersion": -2,
        "AimSpeed": 0,
        "ChamberSpeed": 0,
        "Ergonomics": 5,
        "Accuracy": 0,
        "HeatFactor": 1.055,
        "CoolFactor": 0.962,
        "ConflictingItems": [],
        "Weight": 0.290,
        "Handling": 6,
        "LoyaltyLevel": 3
    },
    "683efdaed6c2ff9b59d1feaa": {
        "$type": "RealismMod.WeaponMod, RealismMod",
        "ItemID": "683efdaed6c2ff9b59d1feaa",
        "Name": "AR-15 Midwest Industries AR10 Gen2 rifle length handguard",
        "ModType": "",
        "VerticalRecoil": -5,
        "HorizontalRecoil": -2,
        "Dispersion": -1,
        "AimSpeed": 0,
        "Ergonomics": 13,
        "Accuracy": 13,
        "HeatFactor": 0.977,
        "CoolFactor": 1.008,
        "ConflictingItems": [],
        "Weight": 0.402,
        "LoyaltyLevel": 3,
        "AimStability": 0,
        "Handling": 3
    },
    "683efdbae549dfcc0132c41d": {
        "$type": "RealismMod.WeaponMod, RealismMod",
        "ItemID": "683efdbae549dfcc0132c41d",
        "Name": "AR-15 Midwest Industries Drop-In Carbine length Handguard",
        "ModType": "",
        "VerticalRecoil": -1,
        "HorizontalRecoil": -2,
        "Dispersion": -1,
        "AimSpeed": 0,
        "Ergonomics": 7,
        "Accuracy": 0,
        "HeatFactor": 1.062,
        "CoolFactor": 0.978,
        "ConflictingItems": [],
        "Weight": 0.312,
        "LoyaltyLevel": 2
    },
    "684b0ebacd8783bec9435103": {
        "$type": "RealismMod.WeaponMod, RealismMod",
        "ItemID": "684b0ebacd8783bec9435103",
        "Name": "AR-15 Colt carbine length triangular handguard",
        "ModType": "",
        "VerticalRecoil": -1,
        "HorizontalRecoil": -2,
        "Dispersion": -1,
        "AimSpeed": 0,
        "Ergonomics": 7,
        "Accuracy": 0,
        "HeatFactor": 1.062,
        "CoolFactor": 0.978,
        "ConflictingItems": [],
        "Weight": 0.211,
        "LoyaltyLevel": 1
    },
    "683efd8691b20f2253241411": {
        "$type": "RealismMod.WeaponMod, RealismMod",
        "ItemID": "683efd8691b20f2253241411",
        "Name": "AR-15 A2-style 12 inch polymer handguard",
        "ModType": "",
        "VerticalRecoil": -1,
        "HorizontalRecoil": -1.5,
        "Dispersion": 0,
        "AimSpeed": 0,
        "Ergonomics": 4,
        "Accuracy": 4,
        "HeatFactor": 0.982,
        "CoolFactor": 1.115,
        "ConflictingItems": [],
        "Weight": 0.202,
        "LoyaltyLevel": 1,
        "Handling": 1.5,
        "AimStability": 3
    },
    "6853451cff5342daf833734a": {
        "$type": "RealismMod.WeaponMod, RealismMod",
        "ItemID": "6853451cff5342daf833734a",
        "Name": "AR-15 Diemaco C7A2 12 inch polymer handguard",
        "ModType": "",
        "VerticalRecoil": -1,
        "HorizontalRecoil": -1.5,
        "Dispersion": 0,
        "AimSpeed": 0,
        "Ergonomics": 4,
        "Accuracy": 4,
        "HeatFactor": 0.982,
        "CoolFactor": 1.115,
        "ConflictingItems": [],
        "Weight": 0.254,
        "LoyaltyLevel": 1,
        "Handling": 1.5,
        "AimStability": 3
    },
    "683c5c81a9078ec8bb7cbfc0": {
        "$type": "RealismMod.WeaponMod, RealismMod",
        "ItemID": "683c5c81a9078ec8bb7cbfc0",
        "Name": "SA58/FAL Belgian Style Wooden 3-hole handguard ",
        "ModType": "",
        "VerticalRecoil": -1,
        "HorizontalRecoil": -1.5,
        "Dispersion": -1.5,
        "AimSpeed": 0,
        "Ergonomics": 6,
        "Accuracy": -1,
        "HeatFactor": 1,
        "CoolFactor": 0.951,
        "ConflictingItems": [],
        "Weight": 0.51,
        "LoyaltyLevel": 2,
        "AimStability": 8,
        "Handling": 4
    },
    "683efd541d3e10a927b1eb47": {
        "$type": "RealismMod.WeaponMod, RealismMod",
        "ItemID": "683efd541d3e10a927b1eb47",
        "Name": "AR-15 Wooden 6.6 inch M-LOK handguard",
        "ModType": "",
        "VerticalRecoil": -1,
        "HorizontalRecoil": -1,
        "Dispersion": 0,
        "AimSpeed": 0,
        "Ergonomics": 6,
        "Accuracy": -5,
        "HeatFactor": 1.095,
        "CoolFactor": 0.968,
        "ConflictingItems": [],
        "Weight": 0.312,
        "LoyaltyLevel": 1
    },
    "683bc86a38cff254bc388eb7": {
        "$type": "RealismMod.WeaponMod, RealismMod",
        "ItemID": "683bc86a38cff254bc388eb7",
        "Name": "Velociraptor polymer handguard with M-LOK rail",
        "ModType": "",
        "VerticalRecoil": -2,
        "HorizontalRecoil": -3,
        "Dispersion": -2,
        "AimSpeed": 0,
        "Ergonomics": 11,
        "Accuracy": 4,
        "HeatFactor": 1.095,
        "CoolFactor": 0.968,
        "ConflictingItems": [],
        "Weight": 0.180,
        "LoyaltyLevel": 3
    }
}

    
