{
  "685986b9f3b3a12b2546f999": {
        "$type": "RealismMod.Gun, RealismMod",
        "ItemID": "685986b9f3b3a12b2546f999",
        "Name": "ORSIS AR-15J .366 TKM assault carbine",
        "WeapType": "DI",
        "OperationType": "buffer",
        "WeapAccuracy": 0,
        "BaseTorque": 1,
        "HasShoulderContact": false,
        "Ergonomics": 80,
        "VerticalRecoil": 97,
        "HorizontalRecoil": 235,
        "Dispersion": 14,
        "CameraRecoil": 0.039,
        "VisualMulti": 1.12,
        "Convergence": 14,
        "RecoilAngle": 86,
        "BaseMalfunctionChance": 0.0021,
        "HeatFactorGun": 0.32,
        "HeatFactorByShot": 1,
        "CoolFactorGun": 0.1,
        "CoolFactorGunMods": 1,
        "AllowOverheat": true,
        "CenterOfImpact": 0.01,
        "HipAccuracyRestorationDelay": 0.2,
        "HipAccuracyRestorationSpeed": 7,
        "HipInnaccuracyGain": 0.16,
        "ShotgunDispersion": 0,
        "Velocity": 0,
        "RecoilDamping": 0.864,
        "RecoilHandDamping": 0.5,
        "WeaponAllowADS": false,
        "Weight": 1.125,
        "DurabilityBurnRatio": 0.36,
        "AutoROF": 700,
        "SemiROF": 410,
        "LoyaltyLevel": 3,
        "BaseReloadSpeedMulti": 1,
        "BaseChamberSpeedMulti": 1,
        "MinChamberSpeed": 0.7,
        "MaxChamberSpeed": 1.5,
        "IsManuallyOperated": false,
        "BaseChamberCheckSpeed": 0.9,
        "BaseFixSpeed": 0.8,
        "OffsetRotation": 0.009,
        "RecoilIntensity": 0.16,
        "MasteryCategory": "M4"
    },
    "6859871963864f672853b1e1": {
        "$type": "RealismMod.WeaponMod, RealismMod",
        "ItemID": "6859871963864f672853b1e1",
        "Name": "AR-15J .366 TKM upper receiver",
        "ModType": "",
        "ModMalfunctionChance": 8,
        "Accuracy": 7,
        "HeatFactor": 1.07,
        "CoolFactor": 1.02,
        "DurabilityBurnModificator": 0.94,
        "ConflictingItems": [],
        "Ergonomics": 0,
        "Weight": 0.256,
        "VerticalRecoil": 0,
        "HorizontalRecoil": 0,
        "ChamberSpeed": 0,
        "LoyaltyLevel": 3
    },
    "685986e77e1518fb3729a164": {
        "$type": "RealismMod.WeaponMod, RealismMod",
        "ItemID": "685986e77e1518fb3729a164",
        "Name": "AR-15J .366 TKM 20 inch barrel",
        "ModType": "",
        "VerticalRecoil": 0,
        "HorizontalRecoil": -15,
        "AutoROF": -2.5,
        "SemiROF": -1.5,
        "ModMalfunctionChance": -15,
        "CameraRecoil": -15,
        "Convergence": 0,
        "Accuracy": 0,
        "CenterOfImpact": 0.02,
        "HeatFactor": 0.94,
        "CoolFactor": 0.94,
        "DurabilityBurnModificator": 0.8,
        "Velocity": 3.9,
        "ConflictingItems": [
            "5c0e2f5cd174af02a012cfc9",
            "5ae30db85acfc408fb139a05",
            "55d459824bdc2d892f8b4573",
            "5c78f2792e221600106f4683",
            "5c78f26f2e221601da3581d1",
            "5d00e0cbd7ad1a6c6566a42d",
            "5d00f63bd7ad1a59283b1c1e"
        ],
        "Ergonomics": 0,
        "Weight": 1.1,
        "ShotgunDispersion": 1,
        "Loudness": 0,
        "LoyaltyLevel": 3
    },
    "685986ffb813072ae5e3a91c": {
        "$type": "RealismMod.WeaponMod, RealismMod",
        "ItemID": "685986ffb813072ae5e3a91c",
        "Name": "AR-15J .366 TKM 16 inch barrel",
        "ModType": "",
        "VerticalRecoil": 0,
        "HorizontalRecoil": -12,
        "AutoROF": -2.25,
        "SemiROF": -1.25,
        "ModMalfunctionChance": -12,
        "CameraRecoil": -12,
        "Convergence": 0,
        "Accuracy": 0,
        "CenterOfImpact": 0.015,
        "HeatFactor": 0.97,
        "CoolFactor": 1.03,
        "DurabilityBurnModificator": 0.89,
        "Velocity": 0,
        "ConflictingItems": [
            "5ae30db85acfc408fb139a05",
            "55d459824bdc2d892f8b4573",
            "5c78f2792e221600106f4683",
            "5c78f26f2e221601da3581d1",
            "5d00e0cbd7ad1a6c6566a42d",
            "5d00f63bd7ad1a59283b1c1e"
        ],
        "Ergonomics": 0,
        "Weight": 0.895,
        "ShotgunDispersion": 1,
        "Loudness": 0,
        "LoyaltyLevel": 3
    }
}