{
            "6851b6e2af2384018031916b": {
                "$type": "RealismMod.Gun, RealismMod",
                "ItemID": "6851b6e2af2384018031916b",
                "Name": "SIG Sauer P320 9x19 pistol",
                "WeapType": "pistol",
                "OperationType": "",
                "WeapAccuracy": 0,
                "BaseTorque": 0,
                "HasShoulderContact": false,
                "Ergonomics": 80,
                "VerticalRecoil": 470,
                "HorizontalRecoil": 216,
                "Dispersion": 10,
                "CameraRecoil": 0.004,
                "VisualMulti": 2,
                "Convergence": 18,
                "RecoilAngle": 93,
                "BaseMalfunctionChance": 0.0015,
                "HeatFactorGun": 0.2,
                "HeatFactorByShot": 1,
                "CoolFactorGun": 0.1,
                "CoolFactorGunMods": 1,
                "AllowOverheat": true,
                "CenterOfImpact": 0,
                "HipAccuracyRestorationDelay": 0.2,
                "HipAccuracyRestorationSpeed": 7,
                "HipInnaccuracyGain": 0.16,
                "ShotgunDispersion": 10,
                "Velocity": 0,
                "RecoilDamping": 0.60,
                "RecoilHandDamping": 0.45,
                "WeaponAllowADS": false,
                "Weight": 0.231,
                "DurabilityBurnRatio": 0.18,
                "AutoROF": 30,
                "SemiROF": 360,
                "LoyaltyLevel": 3,
                "BaseReloadSpeedMulti": 1,
                "BaseChamberSpeedMulti": 1,
                "MinChamberSpeed": 0.8,
                "MaxChamberSpeed": 1.5,
                "IsManuallyOperated": false,
                "BaseChamberCheckSpeed": 1,
                "BaseFixSpeed": 1,
                "OffsetRotation": 0.011,
                "RecoilIntensity": 0.43,
                "MasteryCategory": "P226"
            },
            "6851bb61df6b0ce4f48bc269": {
                "$type": "RealismMod.WeaponMod, RealismMod",
                "ItemID": "6851bb61df6b0ce4f48bc269",
                "Name": "SIG Sauer P320 9x19 17-round magazine",
                "ModType": "",
                "ReloadSpeed": 0,
                "Ergonomics": 0,
                "MalfunctionChance": 0,
                "LoadUnloadModifier": 0,
                "CheckTimeModifier": 0,
                "ConflictingItems": [],
                "Weight": 0.089,
                "VerticalRecoil": 0,
                "HorizontalRecoil": 0,
                "LoyaltyLevel": 2,
                "Price": 0
	},
            "6851bd95705951bda42e2ea9": {
                "$type": "RealismMod.WeaponMod, RealismMod",
                "ItemID": "6851bd95705951bda42e2ea9",
                "Name": "SIG Sauer P320 3.9 inch frame (Black)",
                "ModType": "",
                "ModMalfunctionChance": 0,
                "Accuracy": 4,
                "HeatFactor": 1.058,
                "CoolFactor": 0.98,
                "DurabilityBurnModificator": 1,
                "ConflictingItems": [],
                "Ergonomics": 0,
                "Weight": 0.116,
                "VerticalRecoil": 0,
                "HorizontalRecoil": 0,
                "ChamberSpeed": 0,
                "LoyaltyLevel": 2
            },
            "6851bd8a22decaf508db4dd9": {
                "$type": "RealismMod.WeaponMod, RealismMod",
                "ItemID": "6851bd8a22decaf508db4dd9",
                "Name": "SIG Sauer P320 3.9 inch frame (FDE)",
                "ModType": "",
                "ModMalfunctionChance": 0,
                "Accuracy": 4,
                "HeatFactor": 1.058,
                "CoolFactor": 0.98,
                "DurabilityBurnModificator": 1,
                "ConflictingItems": [],
                "Ergonomics": 0,
                "Weight": 0.116,
                "VerticalRecoil": 0,
                "HorizontalRecoil": 0,
                "ChamberSpeed": 0,
                "LoyaltyLevel": 2
            },
            "6851bd3f607f3681aabf337d": {
                "$type": "RealismMod.WeaponMod, RealismMod",
                "ItemID": "6851bd3f607f3681aabf337d",
                "Name": "SIG Sauer P320 4.7 inch frame",
                "ModType": "",
                "ModMalfunctionChance": 0,
                "Accuracy": 4,
                "HeatFactor": 1.058,
                "CoolFactor": 0.98,
                "DurabilityBurnModificator": 1,
                "ConflictingItems": [],
                "Ergonomics": -1,
                "Weight": 0.124,
                "VerticalRecoil": 0,
                "HorizontalRecoil": 0,
                "ChamberSpeed": 0,
                "LoyaltyLevel": 2
            },
            "6851bd9eaf266d68a7f46e08": {
                "$type": "RealismMod.WeaponMod, RealismMod",
                "ItemID": "6851bd9eaf266d68a7f46e08",
                "Name": "SIG Sauer P320 4.7 inch frame (FDE)",
                "ModType": "",
                "ModMalfunctionChance": 0,
                "Accuracy": 4,
                "HeatFactor": 1.058,
                "CoolFactor": 0.98,
                "DurabilityBurnModificator": 1,
                "ConflictingItems": [],
                "Ergonomics": -1,
                "Weight": 0.124,
                "VerticalRecoil": 0,
                "HorizontalRecoil": 0,
                "ChamberSpeed": 0,
                "LoyaltyLevel": 2
            },
            "6851bad98f3bd02ba613fd8a": {
                "$type": "RealismMod.WeaponMod, RealismMod",
                "ItemID": "6851bad98f3bd02ba613fd8a",
                "Name": "SIG Sauer P320 standard trigger",
                "ModType": "",
                "VerticalRecoil": 0,
                "HorizontalRecoil": 0,
                "AutoROF": 0,
                "SemiROF": 0,
                "ModMalfunctionChance": 0,
                "AimSpeed": 0,
                "ReloadSpeed": 0,
                "ChamberSpeed": 2.5,
                "Ergonomics": 0,
                "Accuracy": 0,
                "ConflictingItems": [],
                "FixSpeed": 0,
                "HeatFactor": 1,
                "CoolFactor": 1,
                "DurabilityBurnModificator": 1,
                "Weight": 0.014,
                "LoyaltyLevel": 2,
                "Price": 0
            },
            "6851b81a022c968c773eb317": {
                "$type": "RealismMod.WeaponMod, RealismMod",
                "ItemID": "6851b81a022c968c773eb317",
                "Name": "SIG Sauer P320 9x19 3.9 inch barrel with PMM Duty compensator (Black)",
                "ModType": "",
                "VerticalRecoil": 0,
                "HorizontalRecoil": 10,
                "AutoROF": 0,
                "SemiROF": 0,
                "ModMalfunctionChance": 0,
                "Convergence": 0,
                "Accuracy": 12,
                "CenterOfImpact": 0.24,
                "HeatFactor": 1.1,
                "CoolFactor": 1.15,
                "DurabilityBurnModificator": 1,
                "Velocity": -9.2,
                "ConflictingItems": [],
                "Ergonomics": 0,
                "Weight": 0.2,
                "ShotgunDispersion": 1,
                "Loudness": 0,
                "LoyaltyLevel": 2,
                "Price": 0
            },
            "6851b9742c25a4ca59b66f56": {
                "$type": "RealismMod.WeaponMod, RealismMod",
                "ItemID": "6851b9742c25a4ca59b66f56",
                "Name": "SIG Sauer P320 9x19 3.9 inch barrel with PMM Ultra compensator (Black)",
                "ModType": "",
                "VerticalRecoil": 0,
                "HorizontalRecoil": -17,
                "AutoROF": 0,
                "SemiROF": 0,
                "ModMalfunctionChance": 0,
                "Convergence": 0,
                "Accuracy": 12,
                "CenterOfImpact": 0.24,
                "HeatFactor": 1.1,
                "CoolFactor": 1.15,
                "DurabilityBurnModificator": 1,
                "Velocity": -9.2,
                "ConflictingItems": [],
                "Ergonomics": 0,
                "Weight": 0.2,
                "ShotgunDispersion": 1,
                "Loudness": 0,
                "LoyaltyLevel": 2,
                "Price": 0
            },
            "6851b81c8af065063baef9e7": {
                "$type": "RealismMod.WeaponMod, RealismMod",
                "ItemID": "6851b81c8af065063baef9e7",
                "Name": "SIG Sauer P320 9x19 4.7 inch barrel",
                "ModType": "",
                "VerticalRecoil": 0,
                "HorizontalRecoil": 0,
                "AutoROF": 0,
                "SemiROF": 0,
                "ModMalfunctionChance": 0,
                "Convergence": 0,
                "Accuracy": 16,
                "CenterOfImpact": 0.24,
                "HeatFactor": 1.1,
                "CoolFactor": 1.15,
                "DurabilityBurnModificator": 1,
                "Velocity": -2,
                "ConflictingItems": [],
                "Ergonomics": 0,
                "Weight": 0.211,
                "ShotgunDispersion": 1,
                "Loudness": 0,
                "LoyaltyLevel": 2,
                "Price": 0
        },
        "6851b93d2a9eb74a5848c75f": {
                "$type": "RealismMod.WeaponMod, RealismMod",
                "ItemID": "6851b93d2a9eb74a5848c75f",
                "Name": "SIG Sauer P320 9x19 4.7 inch barrel with PMM Micro compensator (Black)",
                "ModType": "",
                "VerticalRecoil": 0,
                "HorizontalRecoil": -17,
                "AutoROF": 0,
                "SemiROF": 0,
                "ModMalfunctionChance": 0,
                "Convergence": 0,
                "Accuracy": 14,
                "CenterOfImpact": 0.24,
                "HeatFactor": 1.1,
                "CoolFactor": 1.15,
                "DurabilityBurnModificator": 1,
                "Velocity": -2,
                "ConflictingItems": [],
                "Ergonomics": 0,
                "Weight": 0.211,
                "ShotgunDispersion": 1,
                "Loudness": 15,
                "LoyaltyLevel": 2,
                "Price": 0
        },
        "68541753c2fb38f2aebaab59": {
                "$type": "RealismMod.WeaponMod, RealismMod",
                "ItemID": "68541753c2fb38f2aebaab59",
                "Name": "SIG Sauer P320 9x19 3.6 inch barrel with PMM Micro compensator (Black)",
                "ModType": "",
                "VerticalRecoil": 0,
                "HorizontalRecoil": -17,
                "AutoROF": 0,
                "SemiROF": 0,
                "ModMalfunctionChance": 0,
                "Convergence": 0,
                "Accuracy": 14,
                "CenterOfImpact": 0.24,
                "HeatFactor": 1.1,
                "CoolFactor": 1.15,
                "DurabilityBurnModificator": 1,
                "Velocity": -2,
                "ConflictingItems": [],
                "Ergonomics": 0,
                "Weight": 0.211,
                "ShotgunDispersion": 1,
                "Loudness": 15,
                "LoyaltyLevel": 2,
                "Price": 0
        },
        "6761b213607f9a6f79017d55": {
                "$type": "RealismMod.WeaponMod, RealismMod",
                "ItemID": "6761b213607f9a6f79017d55",
                "Name": "slide_wilsonedcx9",
                "ModType": "",
                "ModMalfunctionChance": 0,
                "Accuracy": 8,
                "HeatFactor": 0.954,
                "CoolFactor": 1.06,
                "DurabilityBurnModificator": 1,
                "ConflictingItems": [],
                "Ergonomics": 0,
                "Weight": 0.3,
                "VerticalRecoil": 0,
                "HorizontalRecoil": 0,
                "ChamberSpeed": 10,
                "LoyaltyLevel": 2,
                "Price": 0
        },
            "6851b9fbf52bb35b3dd1b141": {
                "$type": "RealismMod.WeaponMod, RealismMod",
                "ItemID": "6851b9fbf52bb35b3dd1b141",
                "Name": "SIG Sauer P320 3.6 inch pistol slide (Black)",
                "ModType": "",
                "ModMalfunctionChance": 0,
                "Accuracy": 5,
                "HeatFactor": 0.954,
                "CoolFactor": 1.06,
                "DurabilityBurnModificator": 1,
                "ConflictingItems": [],
                "Ergonomics": 0,
                "Weight": 0.309,
                "VerticalRecoil": 0,
                "HorizontalRecoil": 0,
                "ChamberSpeed": 0,
                "LoyaltyLevel": 2,
                "Price": 0
        },
        "6851ba413a4b2ace19713b82": {
                "$type": "RealismMod.WeaponMod, RealismMod",
                "ItemID": "6851ba413a4b2ace19713b82",
                "Name": "SIG Sauer P320 3.6 inch pistol slide (Burnt Bronze)",
                "ModType": "",
                "ModMalfunctionChance": 0,
                "Accuracy": 5,
                "HeatFactor": 0.954,
                "CoolFactor": 1.06,
                "DurabilityBurnModificator": 1,
                "ConflictingItems": [],
                "Ergonomics": 0,
                "Weight": 0.309,
                "VerticalRecoil": 0,
                "HorizontalRecoil": 0,
                "ChamberSpeed": 0,
                "LoyaltyLevel": 2,
                "Price": 0
        },
        "6851ba48142a766a3ddbf068": {
                "$type": "RealismMod.WeaponMod, RealismMod",
                "ItemID": "6851ba48142a766a3ddbf068",
                "Name": "SIG Sauer P320 3.9 inch pistol slide (Black)",
                "ModType": "",
                "ModMalfunctionChance": 0,
                "Accuracy": 8,
                "HeatFactor": 0.954,
                "CoolFactor": 1.06,
                "DurabilityBurnModificator": 1,
                "ConflictingItems": [],
                "Ergonomics": -1,
                "Weight": 0.323,
                "VerticalRecoil": 0,
                "HorizontalRecoil": 0,
                "ChamberSpeed": 0,
                "LoyaltyLevel": 2,
                "Price": 0
	    },
         "6851ba58e3df25a92eb1f1e7": {
                "$type": "RealismMod.WeaponMod, RealismMod",
                "ItemID": "6851ba58e3df25a92eb1f1e7",
                "Name": "SIG Sauer P320 3.9 inch pistol slide (Burnet Orange)",
                "ModType": "",
                "ModMalfunctionChance": 0,
                "Accuracy": 8,
                "HeatFactor": 0.954,
                "CoolFactor": 1.06,
                "DurabilityBurnModificator": 1,
                "ConflictingItems": [],
                "Ergonomics": -1,
                "Weight": 0.323,
                "VerticalRecoil": 0,
                "HorizontalRecoil": 0,
                "ChamberSpeed": 0,
                "LoyaltyLevel": 2,
                "Price": 0
        },
        "6851ba63dde19f7ba9376418": {
                "$type": "RealismMod.WeaponMod, RealismMod",
                "ItemID": "6851ba63dde19f7ba9376418",
                "Name": "SIG Sauer P320 4.7 inch pistol slide (Black)",
                "ModType": "",
                "ModMalfunctionChance": 0,
                "Accuracy": 12,
                "HeatFactor": 0.954,
                "CoolFactor": 1.06,
                "DurabilityBurnModificator": 1,
                "ConflictingItems": [],
                "Ergonomics": -2,
                "Weight": 0.340,
                "VerticalRecoil": 0,
                "HorizontalRecoil": 0,
                "ChamberSpeed": 0,
                "LoyaltyLevel": 2,
                "Price": 0
	},
    "6851ba70c4ecd7d4866368f1": {
                "$type": "RealismMod.WeaponMod, RealismMod",
                "ItemID": "6851ba70c4ecd7d4866368f1",
                "Name": "SIG Sauer P320 4.7 inch pistol slide (Burnt Orange)",
                "ModType": "",
                "ModMalfunctionChance": 0,
                "Accuracy": 12,
                "HeatFactor": 0.954,
                "CoolFactor": 1.06,
                "DurabilityBurnModificator": 1,
                "ConflictingItems": [],
                "Ergonomics": -2,
                "Weight": 0.340,
                "VerticalRecoil": 0,
                "HorizontalRecoil": 0,
                "ChamberSpeed": 0,
                "LoyaltyLevel": 2,
                "Price": 0
	},
	"6851bcaf86f5053e58873942": {
                "$type": "RealismMod.WeaponMod, RealismMod",
                "ItemID": "6851bcaf86f5053e58873942",
                "Name": "SIG Sauer P320 standard front sight",
                "ModType": "sight",
                "AimSpeed": 0,
                "Accuracy": 5,
                "ConflictingItems": [],
                "Ergonomics": 0,
                "Weight": 0.002,
                "VerticalRecoil": 0,
                "HorizontalRecoil": 0,
                "LoyaltyLevel": 2,
                "Price": 0
	},
	"6851bbdb62458162cb7c6cb1": {
                "$type": "RealismMod.WeaponMod, RealismMod",
                "ItemID": "6851bbdb62458162cb7c6cb1",
                "Name": "SIG Sauer P320 standard rear sight",
                "ModType": "sight",
                "AimSpeed": 0,
                "Accuracy": 5,
                "ConflictingItems": [],
                "Ergonomics": 0,
                "Weight": 0.003,
                "VerticalRecoil": 0,
                "HorizontalRecoil": 0,
                "LoyaltyLevel": 2,
                "Price": 0
	}
}