{
    "682a687311702a43c945c16b": {
        "$type": "RealismMod.WeaponMod, RealismMod",
        "ItemID": "682a687311702a43c945c16b",
        "Name": "VPO-208 .366 TKM 520mm smoothbore barrel",
        "ModType": "366TKM",
        "VerticalRecoil": 0,
        "HorizontalRecoil": 5,
        "CameraRecoil": 18,
        "Dispersion": 10,
        "AutoROF": 0,
        "SemiROF": 0,
        "ModMalfunctionChance": 0,
        "Convergence": -20,
        "Accuracy": 0,
        "CenterOfImpact": 0.055,
        "HeatFactor": 1,
        "CoolFactor": 1,
        "DurabilityBurnModificator": 0.9,
        "Velocity": 3.5,
        "ConflictingItems": [],
        "Ergonomics": 0,
        "Weight": 1.45,
        "ShotgunDispersion": 1,
        "Loudness": 10,
        "MalfChance": 0,
        "LoyaltyLevel": 1
    },
    "683b8b1c34db67335d606cde": {
        "$type": "RealismMod.WeaponMod, RealismMod",
        "ItemID": "683b8b1c34db67335d606cde",
        "Name": "AR-15 5.56x45 7.5 inch barrel",
        "ModType": "short_barrel",
        "VerticalRecoil": 0,
        "HorizontalRecoil": 6,
        "AutoROF": 5,
        "SemiROF": 2.5,
        "CameraRecoil": 6,
        "ModMalfunctionChance": 240,
        "Convergence": 0,
        "Accuracy": 0,
        "CenterOfImpact": 0.018,
        "HeatFactor": 1.04,
        "CoolFactor": 0.94,
        "DurabilityBurnModificator": 1.05,
        "Velocity": -22,
        "ConflictingItems": [],
        "Ergonomics": 0,
        "Weight": 0.6005,
        "ShotgunDispersion": 1,
        "Loudness": 0,
        "LoyaltyLevel": 2
    },
    "684b8286dde6947266032faa": {
        "$type": "RealismMod.WeaponMod, RealismMod",
        "ItemID": "684b8286dde6947266032faa",
        "Name": "AR-15 M16-series 5.56x45 20 inch rifle length barrel",
        "ModType": "",
        "VerticalRecoil": 0,
        "HorizontalRecoil": -7.5,
        "AutoROF": -2,
        "SemiROF": -0.75,
        "ModMalfunctionChance": -7.5,
        "CameraRecoil": -7.5,
        "Convergence": 0,
        "Accuracy": 0,
        "CenterOfImpact": 0.0175,
        "HeatFactor": 0.94,
        "CoolFactor": 0.94,
        "DurabilityBurnModificator": 0.95,
        "Velocity": 3.8,
        "ConflictingItems": [],
        "Ergonomics": 0,
        "Weight": 1.05,
        "ShotgunDispersion": 1,
        "Loudness": 0,
        "LoyaltyLevel": 3
    },
    "68396f06a46bcb7eff21b8b9": {
        "$type": "RealismMod.WeaponMod, RealismMod",
        "ItemID": "68396f06a46bcb7eff21b8b9",
        "Name": "MCX .300 BLK 16 inch barrel",
        "ModType": "",
        "VerticalRecoil": 0,
        "HorizontalRecoil": -12,
        "AutoROF": -2.25,
        "SemiROF": -1.25,
        "ModMalfunctionChance": -12,
        "CameraRecoil": -12,
        "Convergence": 0,
        "Accuracy": 0,
        "CenterOfImpact": 0.015,
        "HeatFactor": 0.97,
        "CoolFactor": 1.03,
        "DurabilityBurnModificator": 0.89,
        "Velocity": 0,
        "ConflictingItems": [],
        "Ergonomics": 0,
        "Weight": 0.78,
        "ShotgunDispersion": 1,
        "Loudness": 0,
        "LoyaltyLevel": 4
    },
    "683dfa33e56f6b8928521a6b": {
        "$type": "RealismMod.WeaponMod, RealismMod",
        "ItemID": "683dfa33e56f6b8928521a6b",
        "Name": "MCX 5.56x45 16 inch barrel",
        "ModType": "",
        "VerticalRecoil": 0,
        "HorizontalRecoil": -12,
        "AutoROF": -2.25,
        "SemiROF": -1.25,
        "ModMalfunctionChance": -12,
        "CameraRecoil": -12,
        "Convergence": 0,
        "Accuracy": 0,
        "CenterOfImpact": 0.015,
        "HeatFactor": 0.97,
        "CoolFactor": 1.03,
        "DurabilityBurnModificator": 0.89,
        "Velocity": 0,
        "ConflictingItems": [],
        "Ergonomics": 0,
        "Weight": 0.78,
        "ShotgunDispersion": 1,
        "Loudness": 0,
        "LoyaltyLevel": 4
    },
    "683dfe5498130dba46752d1c": {
        "$type": "RealismMod.WeaponMod, RealismMod",
        "ItemID": "683dfe5498130dba46752d1c",
        "Name": "MCX 5.56x45 9 inch barrel",
        "ModType": "short_barrel",
        "VerticalRecoil": 0,
        "HorizontalRecoil": 3,
        "AutoROF": 6,
        "SemiROF": 3.5,
        "CameraRecoil": 3,
        "ModMalfunctionChance": 60,
        "Convergence": 0,
        "Accuracy": 0,
        "CenterOfImpact": 0.036,
        "HeatFactor": 1.11,
        "CoolFactor": 1.06,
        "DurabilityBurnModificator": 1.08,
        "Velocity": -24,
        "ConflictingItems": [],
        "Ergonomics": 0,
        "Weight": 0.39,
        "ShotgunDispersion": 1,
        "Loudness": 0,
        "LoyaltyLevel": 2
    },
    "68324f0538b6ba82bdce2bf2": {
        "$type": "RealismMod.WeaponMod, RealismMod",
        "ItemID": "68324f0538b6ba82bdce2bf2",
        "Name": "M700 6.5x48mm 20 inch stainless steel threaded barrel",
        "ModType": "",
        "VerticalRecoil": 0,
        "HorizontalRecoil": 0,
        "AutoROF": 0,
        "SemiROF": 0,
        "ModMalfunctionChance": 0,
        "Convergence": 0,
        "Accuracy": 0,
        "CenterOfImpact": 0.0145,
        "HeatFactor": 0.85,
        "CoolFactor": 0.9,
        "DurabilityBurnModificator": 1,
        "Velocity": 0,
        "ConflictingItems": [],
        "Ergonomics": 0,
        "Weight": 1.2,
        "ShotgunDispersion": 1,
        "Loudness": 0,
        "LoyaltyLevel": 3
    },
    "68324f83171416242d1a0ac1": {
        "$type": "RealismMod.WeaponMod, RealismMod",
        "ItemID": "68324f83171416242d1a0ac1",
        "Name": "M700 6.5x48mm 20 inch threaded barrel",
        "ModType": "",
        "VerticalRecoil": 0,
        "HorizontalRecoil": 0,
        "AutoROF": 0,
        "SemiROF": 0,
        "ModMalfunctionChance": 0,
        "Convergence": 0,
        "Accuracy": 0,
        "CenterOfImpact": 0.0145,
        "HeatFactor": 0.85,
        "CoolFactor": 0.9,
        "DurabilityBurnModificator": 1,
        "Velocity": 0,
        "ConflictingItems": [],
        "Ergonomics": 0,
        "Weight": 1.2,
        "ShotgunDispersion": 1,
        "Loudness": 0,
        "LoyaltyLevel": 2
    },
    "68324f9ec1bdc884028b3490": {
        "$type": "RealismMod.WeaponMod, RealismMod",
        "ItemID": "68324f9ec1bdc884028b3490",
        "Name": "M700 6.5x48mm 26 inch stainless steel barrel",
        "ModType": "",
        "VerticalRecoil": 0,
        "HorizontalRecoil": 0,
        "AutoROF": 0,
        "SemiROF": 0,
        "ModMalfunctionChance": 0,
        "Convergence": 0,
        "Accuracy": 0,
        "CenterOfImpact": 0.009,
        "HeatFactor": 0.82,
        "CoolFactor": 0.86,
        "DurabilityBurnModificator": 0.75,
        "Velocity": 7.7,
        "ConflictingItems": [],
        "Ergonomics": 0,
        "Weight": 1.45,
        "ShotgunDispersion": 1,
        "Loudness": 0,
        "LoyaltyLevel": 3
    },
    "68324f72e465bb18760c71d6": {
        "$type": "RealismMod.WeaponMod, RealismMod",
        "ItemID": "68324f72e465bb18760c71d6",
        "Name": "M700 6.5x48mm 26 inch barrel",
        "ModType": "",
        "VerticalRecoil": 0,
        "HorizontalRecoil": 0,
        "AutoROF": 0,
        "SemiROF": 0,
        "ModMalfunctionChance": 0,
        "Convergence": 0,
        "Accuracy": 0,
        "CenterOfImpact": 0.011,
        "HeatFactor": 0.82,
        "CoolFactor": 0.86,
        "DurabilityBurnModificator": 0.95,
        "Velocity": 5.2,
        "ConflictingItems": [],
        "Ergonomics": 0,
        "Weight": 1.45,
        "ShotgunDispersion": 1,
        "Loudness": 0,
        "LoyaltyLevel": 2
    },
    "682b2e33350460eec842c33f": {
        "$type": "RealismMod.WeaponMod, RealismMod",
        "ItemID": "682b2e33350460eec842c33f",
        "Name": "FN SCAR-L MK.2 .300 Blackout 18 inch barrel",
        "ModType": "",
        "VerticalRecoil": 0,
        "HorizontalRecoil": 8,
        "AutoROF": 6,
        "SemiROF": 2,
        "ModMalfunctionChance": 1,
        "CameraRecoil": -5,
        "Convergence": 0,
        "Accuracy": 5,
        "CenterOfImpact": 0.0436,
        "HeatFactor": 0.98,
        "CoolFactor": 0.99,
        "DurabilityBurnModificator": 1.15,
        "Velocity": -19.7,
        "Ergonomics": -3,
        "Weight": 0.83,
        "ShotgunDispersion": 1,
        "Loudness": 0,
        "LoyaltyLevel": 3
    },
    "683dfeaeff18ffe3496e1a9b": {
        "$type": "RealismMod.WeaponMod, RealismMod",
        "ItemID": "683dfeaeff18ffe3496e1a9b",
        "Name": "MCX 5.56x45 6.75 inch barrel",
        "ModType": "556x45NATO",
        "VerticalRecoil": 0,
        "HorizontalRecoil": 4,
        "AutoROF": 1.5,
        "SemiROF": 2.5,
        "CameraRecoil": 4,
        "ModMalfunctionChance": 5,
        "Convergence": 0,
        "Accuracy": 0,
        "CenterOfImpact": 0.022,
        "HeatFactor": 1.06,
        "CoolFactor": 1.09,
        "DurabilityBurnModificator": 1.05,
        "Velocity": -7,
        "ConflictingItems": [],
        "Ergonomics": 0,
        "Weight": 0.409,
        "ShotgunDispersion": 1,
        "Loudness": 0,
        "LoyaltyLevel": 1
    }
}

