{
  "6750f4f1fe66eee6650d3bd9": {
        "$type": "RealismMod.Gear, RealismMod",
        "ItemID": "6750f4f1fe66eee6650d3bd9",
        "Name": "M50 Tinted Gas Mask",
        "AllowADS": true,
        "LoyaltyLevel": 0,
        "ReloadSpeedMulti": 1,
        "BlocksMouth": true,
        "speedPenaltyPercent": -2,
        "mousePenalty": 0,
        "weaponErgonomicPenalty": -9,
        "IsGasMask": true,
        "GasProtection": 0.90,
        "RadProtection": 0.80,
        "MaskToUse": "tgc"
    }
}