{
    "68340d1d407f065e9c181c4b": {
        "$type": "RealismMod.WeaponMod, RealismMod",
        "ItemID": "68340d1d407f065e9c181c4b",
        "Name": "AR-15 DURAMAG SS 7.62x39 28-round magazine",
        "ModType": "",
        "ReloadSpeed": 0,
        "Ergonomics": 0,
        "MalfunctionChance": 0,
        "LoadUnloadModifier": -10,
        "CheckTimeModifier": 0,
        "ConflictingItems": [],
        "Weight": 0.165,
        "VerticalRecoil": 0,
        "HorizontalRecoil": 0,
        "LoyaltyLevel": 3
    },
    "683410a82481761ba836b719": {
        "$type": "RealismMod.WeaponMod, RealismMod",
        "ItemID": "683410a82481761ba836b719",
        "Name": "AR-15 DURAMAG SS 7.62x39 28-round magazine (FDE)",
        "ModType": "",
        "ReloadSpeed": 0,
        "Ergonomics": 0,
        "MalfunctionChance": 0,
        "LoadUnloadModifier": -10,
        "CheckTimeModifier": 0,
        "ConflictingItems": [],
        "Weight": 0.165,
        "VerticalRecoil": 0,
        "HorizontalRecoil": 0,
        "LoyaltyLevel": 3
    },
    "683427e8e0e4e228b35746b2": {
        "$type": "RealismMod.WeaponMod, RealismMod",
        "ItemID": "683427e8e0e4e228b35746b2",
        "Name": "AR-15 DURAMAG SS 7.62x39 28-round magazine (Banana)",
        "ModType": "",
        "ReloadSpeed": 0,
        "Ergonomics": 0,
        "MalfunctionChance": 0,
        "LoadUnloadModifier": -10,
        "CheckTimeModifier": 0,
        "ConflictingItems": [],
        "Weight": 0.165,
        "VerticalRecoil": 0,
        "HorizontalRecoil": 0,
        "LoyaltyLevel": 3
    },
    "6838002ebc797af7bb290126": {
        "$type": "RealismMod.WeaponMod, RealismMod",
        "ItemID": "6838002ebc797af7bb290126",
        "Name": "AR-15 7.62x39 Magpul PMAG D-60 STANAG 50-round magazine",
        "ModType": "",
        "ReloadSpeed": -11,
        "Ergonomics": -3,
        "MalfunctionChance": 0.5,
        "LoadUnloadModifier": 60,
        "CheckTimeModifier": 20,
        "ConflictingItems": [],
        "Weight": 0.581,
        "VerticalRecoil": 0,
        "HorizontalRecoil": 0,
        "LoyaltyLevel": 4
    },
    "683997f125039545c12878e9": {
        "$type": "RealismMod.WeaponMod, RealismMod",
        "ItemID": "683997f125039545c12878e9",
        "Name": "AR-10 7.62x51 Lancer L7AWM 20-round magazine",
        "ModType": "",
        "ReloadSpeed": 2.5,
        "Ergonomics": 0,
        "MalfunctionChance": 0.1,
        "LoadUnloadModifier": 0,
        "CheckTimeModifier": 0,
        "ConflictingItems": [],
        "Weight": 0.181,
        "LoyaltyLevel": 3
    },
    "683998905b1e1abba12906fa": {
        "$type": "RealismMod.WeaponMod, RealismMod",
        "ItemID": "683998905b1e1abba12906fa",
        "Name": "AR-10 7.62x51 Lancer L7AWM 20-round magazine (OD)",
        "ModType": "",
        "ReloadSpeed": 2.5,
        "Ergonomics": 0,
        "MalfunctionChance": 0.1,
        "LoadUnloadModifier": 0,
        "CheckTimeModifier": 0,
        "ConflictingItems": [],
        "Weight": 0.181,
        "LoyaltyLevel": 3
    },
    "683998dc60787632112a564b": {
        "$type": "RealismMod.WeaponMod, RealismMod",
        "ItemID": "683998dc60787632112a564b",
        "Name": "AR-10 7.62x51 Lancer L7AWM 25-round magazine (OD)",
        "ModType": "long_mag",
        "ReloadSpeed": 0,
        "Ergonomics": 0,
        "MalfunctionChance": 0.2,
        "LoadUnloadModifier": 0,
        "CheckTimeModifier": 0,
        "ConflictingItems": [],
        "Weight": 0.191,
        "LoyaltyLevel": 4
    },
    "683998a2a3d4391d033bfd14": {
        "$type": "RealismMod.WeaponMod, RealismMod",
        "ItemID": "683998a2a3d4391d033bfd14",
        "Name": "AR-10 7.62x51 Lancer L7AWM 25-round magazine",
        "ModType": "long_mag",
        "ReloadSpeed": 0,
        "Ergonomics": 0,
        "MalfunctionChance": 0.2,
        "LoadUnloadModifier": 0,
        "CheckTimeModifier": 0,
        "ConflictingItems": [],
        "Weight": 0.191,
        "LoyaltyLevel": 4
    },
    "683a12c7d537b28200e5ee29": {
        "$type": "RealismMod.WeaponMod, RealismMod",
        "ItemID": "683a12c7d537b28200e5ee29",
        "Name": "AK-74 5.45x39 PUFGUN four-row 60-round magazine",
        "ModType": "",
        "ReloadSpeed": -7,
        "Ergonomics": 0,
        "MalfunctionChance": 1.7,
        "LoadUnloadModifier": 85,
        "CheckTimeModifier": 20,
        "ConflictingItems": [],
        "Weight": 0.3,
        "VerticalRecoil": 0,
        "HorizontalRecoil": 0,
        "LoyaltyLevel": 4
    },
    "683a13827885b3617ee7c4ac": {
        "$type": "RealismMod.WeaponMod, RealismMod",
        "ItemID": "683a13827885b3617ee7c4ac",
        "Name": "AK-74 5.45x39 PUFGUN four-row 60-round magazine (OD)",
        "ModType": "",
        "ReloadSpeed": -7,
        "Ergonomics": 0,
        "MalfunctionChance": 1.7,
        "LoadUnloadModifier": 85,
        "CheckTimeModifier": 20,
        "ConflictingItems": [],
        "Weight": 0.3,
        "VerticalRecoil": 0,
        "HorizontalRecoil": 0,
        "LoyaltyLevel": 4
    },
    "683a1371f996ec99106d798f": {
        "$type": "RealismMod.WeaponMod, RealismMod",
        "ItemID": "683a1371f996ec99106d798f",
        "Name": "AK-74 5.45x39 PUFGUN four-row 60-round magazine (FDE)",
        "ModType": "",
        "ReloadSpeed": -7,
        "Ergonomics": 0,
        "MalfunctionChance": 1.7,
        "LoadUnloadModifier": 85,
        "CheckTimeModifier": 20,
        "ConflictingItems": [],
        "Weight": 0.3,
        "VerticalRecoil": 0,
        "HorizontalRecoil": 0,
        "LoyaltyLevel": 4
    },
    "683b8054f517f6d38258347a": {
        "$type": "RealismMod.WeaponMod, RealismMod",
        "ItemID": "683b8054f517f6d38258347a",
        "Name": "IMI Defense 5.56x45 G1 20-round magazine",
        "ModType": "",
        "ReloadSpeed": 0,
        "Ergonomics": 0,
        "MalfunctionChance": 0.02,
        "LoadUnloadModifier": -5,
        "CheckTimeModifier": -10,
        "ConflictingItems": [],
        "Weight": 0.110,
        "VerticalRecoil": 0,
        "HorizontalRecoil": 0,
        "LoyaltyLevel": 2
    },
    "6844876f9fa2c3020f7e605b": {
        "$type": "RealismMod.WeaponMod, RealismMod",
        "ItemID": "6844876f9fa2c3020f7e605b",
        "Name": "AR-15 USGI 5.56x45 20-round magazine",
        "ModType": "",
        "ReloadSpeed": 0,
        "Ergonomics": 0,
        "MalfunctionChance": 0.02,
        "LoadUnloadModifier": -5,
        "CheckTimeModifier": -10,
        "ConflictingItems": [],
        "Weight": 0.110,
        "VerticalRecoil": 0,
        "HorizontalRecoil": 0,
        "LoyaltyLevel": 1
    },
    "68456f9b6e8e7398568cb130": {
        "$type": "RealismMod.WeaponMod, RealismMod",
        "ItemID": "68456f9b6e8e7398568cb130",
        "Name": "AR-15 USGI Vintage 5.56x45 20-round magazine",
        "ModType": "",
        "ReloadSpeed": 5,
        "Ergonomics": 0,
        "MalfunctionChance": 0.02,
        "LoadUnloadModifier": -5,
        "CheckTimeModifier": -10,
        "ConflictingItems": [],
        "Weight": 0.110,
        "VerticalRecoil": 0,
        "HorizontalRecoil": 0,
        "LoyaltyLevel": 1
    },
    "686766e88f9b6a0f8138905c": {
        "$type": "RealismMod.WeaponMod, RealismMod",
        "ItemID": "686766e88f9b6a0f8138905c",
        "Name": "AK-74 5.45x39 Echoes Defense \"Crew\" 30-Round Cutout Magazine",
        "ModType": "",
        "ReloadSpeed": 7,
        "Ergonomics": 0,
        "MalfunctionChance": 0.012,
        "LoadUnloadModifier": 0,
        "CheckTimeModifier": 0,
        "ConflictingItems": [],
        "Weight": 0.18,
        "VerticalRecoil": 0,
        "HorizontalRecoil": 0,
        "LoyaltyLevel": 3
    },
    "683368ab9e96f9b3e2abf1d0": {
        "$type": "RealismMod.WeaponMod, RealismMod",
        "ItemID": "683368ab9e96f9b3e2abf1d0",
        "Name": "AR-15 5.56x45 Magpul PMAG 30 GEN M3 W STANAG 30-round magazine With Paracord Pull Tab",
        "ModType": "",
        "ReloadSpeed": 20,
        "Ergonomics": 0,
        "MalfunctionChance": 0.015,
        "LoadUnloadModifier": 0,
        "CheckTimeModifier": 0,
        "ConflictingItems": [],
        "Weight": 0.141,
        "VerticalRecoil": 0,
        "HorizontalRecoil": 0,
        "LoyaltyLevel": 3
    },
    "68338f4801ba4290915da736": {
        "$type": "RealismMod.WeaponMod, RealismMod",
        "ItemID": "68338f4801ba4290915da736",
        "Name": "AR-15 5.56x45 Magpul PMAG 30 GEN M3 W STANAG 30-round magazine With Paracord Pull Tab (FDE)",
        "ModType": "",
        "ReloadSpeed": 20,
        "Ergonomics": 0,
        "MalfunctionChance": 0.015,
        "LoadUnloadModifier": 0,
        "CheckTimeModifier": 0,
        "ConflictingItems": [],
        "Weight": 0.141,
        "VerticalRecoil": 0,
        "HorizontalRecoil": 0,
        "LoyaltyLevel": 3
    },
    "683397e656ccb7971bd5fa9e": {
        "$type": "RealismMod.WeaponMod, RealismMod",
        "ItemID": "683397e656ccb7971bd5fa9e",
        "Name": "AR-15 5.56x45 Colt STANAG 30-round magazine with Paracord Pull Tab",
        "ModType": "",
        "ReloadSpeed": 20,
        "Ergonomics": 0,
        "MalfunctionChance": 0,
        "LoadUnloadModifier": -10,
        "CheckTimeModifier": 0,
        "ConflictingItems": [],
        "Weight": 0.130,
        "VerticalRecoil": 0,
        "HorizontalRecoil": 0,
        "LoyaltyLevel": 2
    },
    "682b90d74ce95cc49a6e369b": {
        "$type": "RealismMod.WeaponMod, RealismMod",
        "ItemID": "682b90d74ce95cc49a6e369b",
        "Name": "5.56x45 Colt AR-15 STANAG 30-round magazine (taped)",
        "TemplateID": "5c05413a0db834001c390617"
    },
    "682b88530f05e7746693f920": {
        "$type": "RealismMod.WeaponMod, RealismMod",
        "ItemID": "682b88530f05e7746693f920",
        "Name": "5.56x45 Colt AR-15 STANAG 30-round magazine (taped)",
        "TemplateID": "5c05413a0db834001c390617"
    },
    "682b90a1bb914d953d95c7fd": {
        "$type": "RealismMod.WeaponMod, RealismMod",
        "ItemID": "682b90a1bb914d953d95c7fd",
        "Name": "5.56x45 Colt AR-15 STANAG 30-round magazine (taped)",
        "TemplateID": "5c05413a0db834001c390617"
    },
    "6834452e20ebf01ead39f660": {
        "$type": "RealismMod.WeaponMod, RealismMod",
        "ItemID": "6834452e20ebf01ead39f660",
        "Name": "AK-74 5.45x39 6L23 30-round magazine Taped (Plum)",
        "TemplateID": "55d480c04bdc2d1d4e8b456a"
    },
    "6833970200939258111e5a56": {
        "$type": "RealismMod.WeaponMod, RealismMod",
        "ItemID": "6833970200939258111e5a56",
        "Name": "AR-15 5.56x45 Magpul PMAG 20 GEN M3 W STANAG 20-round magazine With Paracord Pull Tab",
        "TemplateID": "5448c1d04bdc2dff2f8b4569"
    },
    "684ad3635211455de05bd9ca": {
        "$type": "RealismMod.WeaponMod, RealismMod",
        "ItemID": "684ad3635211455de05bd9ca",
        "Name": "5.56x45 Magpul PMAG 30 GEN M3 STANAG 30-round magazine (FDE Baseplate)",
        "TemplateID": "5aaa5dfee5b5b000140293d3"
    },
    "684ad30d119a380ad788ca99": {
        "$type": "RealismMod.WeaponMod, RealismMod",
        "ItemID": "684ad30d119a380ad788ca99",
        "Name": "5.56x45 Magpul PMAG 30 GEN M3 STANAG 30-round magazine (Green Baseplate)",
        "TemplateID": "5aaa5dfee5b5b000140293d3"
    },
    "684ad249bce3002b5557179a": {
        "$type": "RealismMod.WeaponMod, RealismMod",
        "ItemID": "684ad249bce3002b5557179a",
        "Name": "5.56x45 Magpul PMAG 30 GEN M3 STANAG 30-round magazine (Hello Kitty Baseplate)",
        "TemplateID": "5aaa5dfee5b5b000140293d3"
    },
    "684ad31e98c2a3f3c98bb972": {
        "$type": "RealismMod.WeaponMod, RealismMod",
        "ItemID": "684ad31e98c2a3f3c98bb972",
        "Name": "5.56x45 Magpul PMAG 30 GEN M3 STANAG 30-round magazine (Olive Baseplate)",
        "TemplateID": "5aaa5dfee5b5b000140293d3"
    },
    "684ad327d4248b17d786bf20": {
        "$type": "RealismMod.WeaponMod, RealismMod",
        "ItemID": "684ad327d4248b17d786bf20",
        "Name": "5.56x45 Magpul PMAG 30 GEN M3 STANAG 30-round magazine (Orange Baseplate)",
        "TemplateID": "5aaa5dfee5b5b000140293d3"
    },
    "684ad33fde45241954083376": {
        "$type": "RealismMod.WeaponMod, RealismMod",
        "ItemID": "684ad33fde45241954083376",
        "Name": "5.56x45 Magpul PMAG 30 GEN M3 STANAG 30-round magazine (Pink Baseplate)",
        "TemplateID": "5aaa5dfee5b5b000140293d3"
    },
    "684ad34c0dd71df0d118c615": {
        "$type": "RealismMod.WeaponMod, RealismMod",
        "ItemID": "684ad34c0dd71df0d118c615",
        "Name": "5.56x45 Magpul PMAG 30 GEN M3 STANAG 30-round magazine (Purple Baseplate)",
        "TemplateID": "5aaa5dfee5b5b000140293d3"
    },
    "684ad359d653b358b52d620d": {
        "$type": "RealismMod.WeaponMod, RealismMod",
        "ItemID": "684ad359d653b358b52d620d",
        "Name": "5.56x45 Magpul PMAG 30 GEN M3 STANAG 30-round magazine (Red Baseplate)",
        "TemplateID": "5aaa5dfee5b5b000140293d3"
    },
    "684ad379aa4d15493bb5f5ab": {
        "$type": "RealismMod.WeaponMod, RealismMod",
        "ItemID": "684ad379aa4d15493bb5f5ab",
        "Name": "5.56x45 Magpul PMAG 30 GEN M3 STANAG 30-round magazine (White Baseplate)",
        "TemplateID": "5aaa5dfee5b5b000140293d3"
    },
    "684ad38b12ad0f86b3c3c1cd": {
        "$type": "RealismMod.WeaponMod, RealismMod",
        "ItemID": "684ad38b12ad0f86b3c3c1cd",
        "Name": "5.56x45 Magpul PMAG 30 GEN M3 STANAG 30-round magazine (Yellow Baseplate)",
        "TemplateID": "5aaa5dfee5b5b000140293d3"
    }
}