{
  "6859872fb5698809d7a4f446": {
        "$type": "RealismMod.Gun, RealismMod",
        "ItemID": "6859872fb5698809d7a4f446",
        "Name": "Anderson AM-15 7.62x39 assault rifle",
        "WeapType": "DI",
        "OperationType": "buffer",
        "WeapAccuracy": 0,
        "BaseTorque": 1,
        "HasShoulderContact": false,
        "Ergonomics": 90,
        "VerticalRecoil": 108,
        "HorizontalRecoil": 240,
        "Dispersion": 9,
        "CameraRecoil": 0.07,
        "VisualMulti": 1.05,
        "Convergence": 11.3,
        "RecoilAngle": 93,
        "BaseMalfunctionChance": 0.0015,
        "HeatFactorGun": 0.6,
        "HeatFactorByShot": 1,
        "CoolFactorGun": 0.1,
        "CoolFactorGunMods": 1,
        "AllowOverheat": true,
        "CenterOfImpact": 0,
        "HipAccuracyRestorationDelay": 0.2,
        "HipAccuracyRestorationSpeed": 7,
        "HipInnaccuracyGain": 0.16,
        "ShotgunDispersion": 0,
        "Velocity": 0,
        "RecoilDamping": 0.82,
        "RecoilHandDamping": 0.4,
        "WeaponAllowADS": false,
        "Weight": 1.123,
        "DurabilityBurnRatio": 0.45,
        "AutoROF": 650,
        "SemiROF": 395,
        "LoyaltyLevel": 4,
        "BaseReloadSpeedMulti": 1,
        "BaseChamberSpeedMulti": 1,
        "MinChamberSpeed": 0.6,
        "MaxChamberSpeed": 1.5,
        "IsManuallyOperated": false,
        "BaseChamberCheckSpeed": 0.9,
        "BaseFixSpeed": 0.9,
        "OffsetRotation": 0.01,
        "RecoilIntensity": 0.23,
        "MasteryCategory": "M4"
    },
    "6859877193867246761215df": {
        "$type": "RealismMod.WeaponMod, RealismMod",
        "ItemID": "6859877193867246761215df",
        "Name": "AM-15 7.62x39 upper receiver",
        "ModType": "",
        "ModMalfunctionChance": 8,
        "Accuracy": 7,
        "HeatFactor": 1.07,
        "CoolFactor": 1.02,
        "DurabilityBurnModificator": 0.94,
        "ConflictingItems": [],
        "Ergonomics": 0,
        "Weight": 0.256,
        "VerticalRecoil": 0,
        "HorizontalRecoil": 0,
        "ChamberSpeed": 0,
        "LoyaltyLevel": 3
    },
    "68598755a24f2d1dc31ff114": {
        "$type": "RealismMod.WeaponMod, RealismMod",
        "ItemID": "68598755a24f2d1dc31ff114",
        "Name": "AM-15 7.62x39 20 inch barrel",
        "ModType": "",
        "VerticalRecoil": 0,
        "HorizontalRecoil": -15,
        "AutoROF": -2.5,
        "SemiROF": -1.5,
        "ModMalfunctionChance": -15,
        "CameraRecoil": -15,
        "Convergence": 0,
        "Accuracy": 0,
        "CenterOfImpact": 0.02,
        "HeatFactor": 0.94,
        "CoolFactor": 0.94,
        "DurabilityBurnModificator": 0.8,
        "Velocity": 3.9,
        "ConflictingItems": [
            "5c0e2f5cd174af02a012cfc9",
            "5ae30db85acfc408fb139a05",
            "55d459824bdc2d892f8b4573",
            "5c78f2792e221600106f4683",
            "5c78f26f2e221601da3581d1",
            "5d00e0cbd7ad1a6c6566a42d",
            "5d00f63bd7ad1a59283b1c1e"
        ],
        "Ergonomics": 0,
        "Weight": 1.1,
        "ShotgunDispersion": 1,
        "Loudness": 0,
        "LoyaltyLevel": 3
    },
    "68598764b693cb1d960bc175": {
        "$type": "RealismMod.WeaponMod, RealismMod",
        "ItemID": "68598764b693cb1d960bc175",
        "Name": "AM-15 7.62x39 16 inch barrel",
        "ModType": "",
        "VerticalRecoil": 0,
        "HorizontalRecoil": -12,
        "AutoROF": -2.25,
        "SemiROF": -1.25,
        "ModMalfunctionChance": -12,
        "CameraRecoil": -12,
        "Convergence": 0,
        "Accuracy": 0,
        "CenterOfImpact": 0.015,
        "HeatFactor": 0.97,
        "CoolFactor": 1.03,
        "DurabilityBurnModificator": 0.89,
        "Velocity": 0,
        "ConflictingItems": [
            "5ae30db85acfc408fb139a05",
            "55d459824bdc2d892f8b4573",
            "5c78f2792e221600106f4683",
            "5c78f26f2e221601da3581d1",
            "5d00e0cbd7ad1a6c6566a42d",
            "5d00f63bd7ad1a59283b1c1e"
        ],
        "Ergonomics": 0,
        "Weight": 0.895,
        "ShotgunDispersion": 1,
        "Loudness": 0,
        "LoyaltyLevel": 3
    }
}