{
    "68534694bd5b4bbd0ef88134": {
        "$type": "RealismMod.WeaponMod, RealismMod",
        "ItemID": "68534694bd5b4bbd0ef88134",
        "Name": "AR-15 Diemaco C7A2 pistol grip ",
        "ModType": "",
        "VerticalRecoil": 0,
        "HorizontalRecoil": 0,
        "Dispersion": 0,
        "AimSpeed": 0,
        "Ergonomics": 1.5,
        "Accuracy": 0,
        "ConflictingItems": [],
        "Weight": 0.043,
        "LoyaltyLevel": 1
    },
    "68448aae27efb176e93b8d28": {
        "$type": "RealismMod.WeaponMod, RealismMod",
        "ItemID": "68448aae27efb176e93b8d28",
        "Name": "AR-15 ergonomic wooden pistol grip ",
        "ModType": "",
        "VerticalRecoil": 0,
        "HorizontalRecoil": 0,
        "Dispersion": 0,
        "AimSpeed": 0,
        "Ergonomics": 2.5,
        "Accuracy": 0,
        "ConflictingItems": [],
        "Weight": 0.088,
        "LoyaltyLevel": 1,
        "Handling": 0
    },
    "68448ab26eedaa77e5bc9b7d": {
        "$type": "RealismMod.WeaponMod, RealismMod",
        "ItemID": "68448ab26eedaa77e5bc9b7d",
        "Name": "AR-15 Promag Industries Tactical pistol grip",
        "ModType": "",
        "VerticalRecoil": 0,
        "HorizontalRecoil": 0,
        "Dispersion": 0,
        "AimSpeed": -1,
        "Ergonomics": 2.5,
        "Accuracy": 4.5,
        "ConflictingItems": [],
        "Weight": 0.1,
        "LoyaltyLevel": 3,
        "AimStability": 12
    },
    "68448ab5f77d8f147af0135c": {
        "$type": "RealismMod.WeaponMod, RealismMod",
        "ItemID": "68448ab5f77d8f147af0135c",
        "Name": "AR-15 Hogue MSR-15 polymer pistol grip",
        "ModType": "",
        "VerticalRecoil": 0,
        "HorizontalRecoil": 0,
        "Dispersion": 0,
        "AimSpeed": 0,
        "Ergonomics": 4.5,
        "Accuracy": 0,
        "ConflictingItems": [],
        "Weight": 0.07,
        "LoyaltyLevel": 1,
        "Handling": 5
    },
    "68448ab00ad8edb85f513c71": {
        "$type": "RealismMod.WeaponMod, RealismMod",
        "ItemID": "68448ab00ad8edb85f513c71",
        "Name": "AR-15 Magpul MOE-K Low Profile pistol grip",
        "ModType": "",
        "VerticalRecoil": 0,
        "HorizontalRecoil": 0,
        "Dispersion": 0,
        "AimSpeed": 2.5,
        "Ergonomics": 4.5,
        "Accuracy": 0,
        "ConflictingItems": [],
        "Weight": 0.064,
        "LoyaltyLevel": 3
    },
    "6826181fad2b06c46f7e22a8": {
        "$type": "RealismMod.WeaponMod, RealismMod",
        "ItemID": "6826181fad2b06c46f7e22a8",
        "Name": "Die Free Kung Fu AR-15 pistol grip (Green)",
        "ModType": "",
        "VerticalRecoil": 0,
        "HorizontalRecoil": -1.5,
        "Dispersion": 0,
        "AimSpeed": 2,
        "Ergonomics": 5.5,
        "Accuracy": 0,
        "ConflictingItems": [],
        "Weight": 0.056,
        "LoyaltyLevel": 3,
        "AimStability": 5
    },
    "68261803baf2cffc81f2d5eb": {
        "$type": "RealismMod.WeaponMod, RealismMod",
        "ItemID": "68261803baf2cffc81f2d5eb",
        "Name": "Die Free Kung Fu AR-15 pistol grip (FDE)",
        "ModType": "",
        "VerticalRecoil": 0,
        "HorizontalRecoil": -1.5,
        "Dispersion": 0,
        "AimSpeed": 2,
        "Ergonomics": 5.5,
        "Accuracy": 0,
        "ConflictingItems": [],
        "Weight": 0.056,
        "LoyaltyLevel": 3,
        "AimStability": 5
    },
    "68260152bf9583fe2cd70a42": {
        "$type": "RealismMod.WeaponMod, RealismMod",
        "ItemID": "68260152bf9583fe2cd70a42",
        "Name": "Die Free Kung Fu AR-15 pistol grip",
        "ModType": "",
        "VerticalRecoil": 0,
        "HorizontalRecoil": -1.5,
        "Dispersion": 0,
        "AimSpeed": 2,
        "Ergonomics": 5.5,
        "Accuracy": 0,
        "ConflictingItems": [],
        "Weight": 0.056,
        "LoyaltyLevel": 3,
        "AimStability": 5
    },
    "677187150147ea6631f5b93f": {
        "$type": "RealismMod.WeaponMod, RealismMod",
        "ItemID": "677187150147ea6631f5b93f",
        "Name": "RSB M-LOK foregrip",
        "ModType": "",
        "VerticalRecoil": -2,
        "HorizontalRecoil": -1,
        "Dispersion": -0.5,
        "AimSpeed": 0,
        "Ergonomics": 4.5,
        "Accuracy": 0,
        "ConflictingItems": [],
        "Weight": 0.056,
        "LoyaltyLevel": 3,
        "AimStability": 4.5,
        "Handling": 4.5
    },
    "6771857578614af1411b7d9e": {
        "$type": "RealismMod.WeaponMod, RealismMod",
        "ItemID": "6771857578614af1411b7d9e",
        "Name": "RSB M-LOK foregrip (FDE)",
        "ModType": "",
        "VerticalRecoil": -2,
        "HorizontalRecoil": -1,
        "Dispersion": -0.5,
        "AimSpeed": 0,
        "Ergonomics": 4.5,
        "Accuracy": 0,
        "ConflictingItems": [],
        "Weight": 0.056,
        "LoyaltyLevel": 3,
        "AimStability": 4.5,
        "Handling": 4.5
    },
    "6828cd620cb2ca5c4c8b318b": {
        "$type": "RealismMod.WeaponMod, RealismMod",
        "ItemID": "6828cd620cb2ca5c4c8b318b",
        "Name": "Emissary Development Handbrake MLOK tactical foregrip (Green)",
        "ModType": "",
        "VerticalRecoil": -1,
        "HorizontalRecoil": -3.5,
        "Dispersion": -3,
        "AimSpeed": 5,
        "Ergonomics": 2.5,
        "Accuracy": 0,
        "ConflictingItems": [],
        "Weight": 0.033,
        "LoyaltyLevel": 3,
        "AimStability": 5.5,
        "Handling": 4
    },
    "68272a652182ac144f61b957": {
        "$type": "RealismMod.WeaponMod, RealismMod",
        "ItemID": "68272a652182ac144f61b957",
        "Name": "Emissary Development Handbrake MLOK tactical foregrip",
        "ModType": "",
        "VerticalRecoil": -1,
        "HorizontalRecoil": -3.5,
        "Dispersion": -3,
        "AimSpeed": 5,
        "Ergonomics": 2.5,
        "Accuracy": 0,
        "ConflictingItems": [],
        "Weight": 0.033,
        "LoyaltyLevel": 3,
        "AimStability": 5.5,
        "Handling": 4
    },
    "6828cd508974345baeecac96": {
        "$type": "RealismMod.WeaponMod, RealismMod",
        "ItemID": "6828cd508974345baeecac96",
        "Name": "Emissary Development Handbrake MLOK tactical foregrip (FDE)",
        "ModType": "",
        "VerticalRecoil": -1,
        "HorizontalRecoil": -3.5,
        "Dispersion": -3,
        "AimSpeed": 5,
        "Ergonomics": 2.5,
        "Accuracy": 0,
        "ConflictingItems": [],
        "Weight": 0.033,
        "LoyaltyLevel": 3,
        "AimStability": 5.5,
        "Handling": 4
    },
    "68448a8f65afa711f83c6c29": {
        "$type": "RealismMod.WeaponMod, RealismMod",
        "ItemID": "68448a8f65afa711f83c6c29",
        "Name": "AR-15 Indignant Arms Streamline pistol grip (Walnut)",
        "ModType": "",
        "VerticalRecoil": 0,
        "HorizontalRecoil": 0,
        "Dispersion": 0,
        "AimSpeed": 0,
        "Ergonomics": 6.5,
        "Accuracy": 0,
        "ConflictingItems": [],
        "Weight": 0.078,
        "LoyaltyLevel": 5,
        "AimStability": 4
    }
}