{
    "68261c84b56f34d8f6a39e1f": {
        "$type": "RealismMod.WeaponMod, RealismMod",
        "ItemID": "68261c84b56f34d8f6a39e1f",
        "Name": "AR-15 Magpul CTR Carbine stock with Cheek-riser",
        "ModType": "Stock",
        "VerticalRecoil": 0,
        "HorizontalRecoil": -10,
        "Dispersion": -7,
        "CameraRecoil": -8,
        "AimSpeed": 3,
        "Ergonomics": 14,
        "Accuracy": 0,
        "HasShoulderContact": true,
        "BlocksFolding": false,
        "AutoROF": 0,
        "SemiROF": 0,
        "ModMalfunctionChance": 0,
        "StockAllowADS": false,
        "ConflictingItems": [],
        "Weight": 0.226,
        "LoyaltyLevel": 4,
        "AimStability": 2,
        "Handling": 4
    },
    "68262b6ab2e85c37abd16acb": {
        "$type": "RealismMod.WeaponMod, RealismMod",
        "ItemID": "68262b6ab2e85c37abd16acb",
        "Name": "AR-15 Magpul CTR Carbine stock with Cheek-riser (FDE)",
        "ModType": "Stock",
        "VerticalRecoil": 0,
        "HorizontalRecoil": -10,
        "Dispersion": -7,
        "CameraRecoil": -8,
        "AimSpeed": 3,
        "Ergonomics": 14,
        "Accuracy": 0,
        "HasShoulderContact": true,
        "BlocksFolding": false,
        "AutoROF": 0,
        "SemiROF": 0,
        "ModMalfunctionChance": 0,
        "StockAllowADS": false,
        "ConflictingItems": [],
        "Weight": 0.226,
        "LoyaltyLevel": 4,
        "AimStability": 2,
        "Handling": 4
    },
    "68262ce3a88c1f4f57e5ee37": {
        "$type": "RealismMod.WeaponMod, RealismMod",
        "ItemID": "68262ce3a88c1f4f57e5ee37",
        "Name": "AR-15 Magpul CTR Carbine stock with Cheek-riser (ODG)",
        "ModType": "Stock",
        "VerticalRecoil": 0,
        "HorizontalRecoil": -10,
        "Dispersion": -7,
        "CameraRecoil": -8,
        "AimSpeed": 3,
        "Ergonomics": 14,
        "Accuracy": 0,
        "HasShoulderContact": true,
        "BlocksFolding": false,
        "AutoROF": 0,
        "SemiROF": 0,
        "ModMalfunctionChance": 0,
        "StockAllowADS": false,
        "ConflictingItems": [],
        "Weight": 0.226,
        "LoyaltyLevel": 4,
        "AimStability": 2,
        "Handling": 4
    },
    "682649d62fc7db84eb78548b": {
        "$type": "RealismMod.WeaponMod, RealismMod",
        "ItemID": "682649d62fc7db84eb78548b",
        "Name": "AR-15 High Standard M4SS Stock With Cheek-riser",
        "ModType": "Stock",
        "VerticalRecoil": 0,
        "HorizontalRecoil": 0,
        "Dispersion": 0,
        "CameraRecoil": 0,
        "AimSpeed": 2,
        "Ergonomics": 7,
        "Accuracy": 0,
        "HasShoulderContact": true,
        "BlocksFolding": false,
        "AutoROF": 0,
        "SemiROF": 0,
        "ModMalfunctionChance": 0,
        "StockAllowADS": false,
        "ConflictingItems": [],
        "Weight": 0.181,
        "LoyaltyLevel": 1
    },
    "68264cf5f5076a3afe8dcb20": {
        "$type": "RealismMod.WeaponMod, RealismMod",
        "ItemID": "68264cf5f5076a3afe8dcb20",
        "Name": "AR-15 High Standard M4SS Stock With Cheek-riser (FDE)",
        "ModType": "Stock",
        "VerticalRecoil": 0,
        "HorizontalRecoil": 0,
        "Dispersion": 0,
        "CameraRecoil": 0,
        "AimSpeed": 2,
        "Ergonomics": 7,
        "Accuracy": 0,
        "HasShoulderContact": true,
        "BlocksFolding": false,
        "AutoROF": 0,
        "SemiROF": 0,
        "ModMalfunctionChance": 0,
        "StockAllowADS": false,
        "ConflictingItems": [],
        "Weight": 0.181,
        "LoyaltyLevel": 1
    },
    "68264d1d459d08917414601f": {
        "$type": "RealismMod.WeaponMod, RealismMod",
        "ItemID": "68264d1d459d08917414601f",
        "Name": "AR-15 High Standard M4SS Stock With Cheek-riser (ODG)",
        "ModType": "Stock",
        "VerticalRecoil": 0,
        "HorizontalRecoil": 0,
        "Dispersion": 0,
        "CameraRecoil": 0,
        "AimSpeed": 2,
        "Ergonomics": 7,
        "Accuracy": 0,
        "HasShoulderContact": true,
        "BlocksFolding": false,
        "AutoROF": 0,
        "SemiROF": 0,
        "ModMalfunctionChance": 0,
        "StockAllowADS": false,
        "ConflictingItems": [],
        "Weight": 0.181,
        "LoyaltyLevel": 1
    },
    "66f4a8d75a44076e9b2909d2": {
        "$type": "RealismMod.WeaponMod, RealismMod",
        "ItemID": "66f4a8d75a44076e9b2909d2",
        "Name": "AR-15 Magpul MOE custom carbine stock",
        "ModType": "Stock",
        "VerticalRecoil": 0,
        "HorizontalRecoil": -9,
        "Dispersion": -7,
        "CameraRecoil": -8,
        "AimSpeed": 10,
        "Ergonomics": 8,
        "Accuracy": 0,
        "HasShoulderContact": true,
        "BlocksFolding": false,
        "AutoROF": 0,
        "SemiROF": 0,
        "ModMalfunctionChance": 0,
        "StockAllowADS": false,
        "ConflictingItems": [],
        "Weight": 0.266,
        "LoyaltyLevel": 4,
        "AimStability": 2,
        "Handling": 4
    },
    "68350ff39748ffaecb636c6e": {
        "$type": "RealismMod.WeaponMod, RealismMod",
        "ItemID": "68350ff39748ffaecb636c6e",
        "Name": "SV-98 wooden stock (Digital Flora)",
        "ModType": "StockR",
        "VerticalRecoil": 0,
        "HorizontalRecoil": -15,
        "Dispersion": 0,
        "CameraRecoil": -14,
        "AimSpeed": 0,
        "Ergonomics": 15,
        "Accuracy": 0,
        "HasShoulderContact": true,
        "BlocksFolding": false,
        "AutoROF": 0,
        "SemiROF": 0,
        "ModMalfunctionChance": 0,
        "StockAllowADS": false,
        "ConflictingItems": [],
        "Weight": 2.513,
        "HeatFactor": 1,
        "CoolFactor": 1,
        "LoyaltyLevel": 1,
        "AimStability": 14
    },
    "68351058699470f269c98eab": {
        "$type": "RealismMod.WeaponMod, RealismMod",
        "ItemID": "68351058699470f269c98eab",
        "Name": "SV-98 wooden stock (Winter Flora)",
        "ModType": "StockR",
        "VerticalRecoil": 0,
        "HorizontalRecoil": -15,
        "Dispersion": 0,
        "CameraRecoil": -14,
        "AimSpeed": 0,
        "Ergonomics": 15,
        "Accuracy": 0,
        "HasShoulderContact": true,
        "BlocksFolding": false,
        "AutoROF": 0,
        "SemiROF": 0,
        "ModMalfunctionChance": 0,
        "StockAllowADS": false,
        "ConflictingItems": [],
        "Weight": 2.513,
        "HeatFactor": 1,
        "CoolFactor": 1,
        "LoyaltyLevel": 1,
        "AimStability": 14
    },
    "683510625b6fd52fe74c8b0c": {
        "$type": "RealismMod.WeaponMod, RealismMod",
        "ItemID": "683510625b6fd52fe74c8b0c",
        "Name": "SV-98 wooden stock (KLMK)",
        "ModType": "StockR",
        "VerticalRecoil": 0,
        "HorizontalRecoil": -15,
        "Dispersion": 0,
        "CameraRecoil": -14,
        "AimSpeed": 0,
        "Ergonomics": 15,
        "Accuracy": 0,
        "HasShoulderContact": true,
        "BlocksFolding": false,
        "AutoROF": 0,
        "SemiROF": 0,
        "ModMalfunctionChance": 0,
        "StockAllowADS": false,
        "ConflictingItems": [],
        "Weight": 2.513,
        "HeatFactor": 1,
        "CoolFactor": 1,
        "LoyaltyLevel": 1,
        "AimStability": 14
    },
    "683510aa16c0a8efa99385d1": {
        "$type": "RealismMod.WeaponMod, RealismMod",
        "ItemID": "683510aa16c0a8efa99385d1",
        "Name": "SV-98 wooden stock (Mandrake)",
        "ModType": "StockR",
        "VerticalRecoil": 0,
        "HorizontalRecoil": -15,
        "Dispersion": 0,
        "CameraRecoil": -14,
        "AimSpeed": 0,
        "Ergonomics": 15,
        "Accuracy": 0,
        "HasShoulderContact": true,
        "BlocksFolding": false,
        "AutoROF": 0,
        "SemiROF": 0,
        "ModMalfunctionChance": 0,
        "StockAllowADS": false,
        "ConflictingItems": [],
        "Weight": 2.513,
        "HeatFactor": 1,
        "CoolFactor": 1,
        "LoyaltyLevel": 1,
        "AimStability": 14
    },
    "683510bfbc971d605251b860": {
        "$type": "RealismMod.WeaponMod, RealismMod",
        "ItemID": "683510bfbc971d605251b860",
        "Name": "SV-98 wooden stock (Tiger Stripe)",
        "ModType": "StockR",
        "VerticalRecoil": 0,
        "HorizontalRecoil": -15,
        "Dispersion": 0,
        "CameraRecoil": -14,
        "AimSpeed": 0,
        "Ergonomics": 15,
        "Accuracy": 0,
        "HasShoulderContact": true,
        "BlocksFolding": false,
        "AutoROF": 0,
        "SemiROF": 0,
        "ModMalfunctionChance": 0,
        "StockAllowADS": false,
        "ConflictingItems": [],
        "Weight": 2.513,
        "HeatFactor": 1,
        "CoolFactor": 1,
        "LoyaltyLevel": 1,
        "AimStability": 14
    },
    "68336505ff3b852822eb0d1f": {
        "$type": "RealismMod.WeaponMod, RealismMod",
        "ItemID": "68336505ff3b852822eb0d1f",
        "Name": "M700 Hogue Overmolded Ghillie stock (Highlander)",
        "ModType": "StockR",
        "VerticalRecoil": -1,
        "HorizontalRecoil": -11,
        "Dispersion": -2,
        "CameraRecoil": -8,
        "AimSpeed": 0,
        "Ergonomics": 11,
        "Accuracy": 0,
        "HasShoulderContact": true,
        "BlocksFolding": false,
        "AutoROF": 0,
        "SemiROF": 0,
        "ModMalfunctionChance": 0,
        "StockAllowADS": false,
        "ConflictingItems": [
            "5d25a6538abbc306c62e630d",
            "5d25a4a98abbc30b917421a4",
            "5d25a7b88abbc3054f3e60bc",
            "5ce69cbad7f00c00b61c5098",
            "5d25a6a48abbc306c62e6310",
            "5d25af8f8abbc3055079fec5",
            "5cf12a15d7f00c05464b293f"
        ],
        "Weight": 1.8,
        "HeatFactor": 1,
        "CoolFactor": 1,
        "LoyaltyLevel": 1,
        "Handling": 8
    },
    "6837c322fc2a43f4deea2cf4": {
        "$type": "RealismMod.WeaponMod, RealismMod",
        "ItemID": "6837c322fc2a43f4deea2cf4",
        "Name": "M700 Hogue Overmolded Ghillie stock (CADPAT TW)",
        "ModType": "StockR",
        "VerticalRecoil": -1,
        "HorizontalRecoil": -11,
        "Dispersion": -2,
        "CameraRecoil": -8,
        "AimSpeed": 0,
        "Ergonomics": 11,
        "Accuracy": 0,
        "HasShoulderContact": true,
        "BlocksFolding": false,
        "AutoROF": 0,
        "SemiROF": 0,
        "ModMalfunctionChance": 0,
        "StockAllowADS": false,
        "ConflictingItems": [
            "5d25a6538abbc306c62e630d",
            "5d25a4a98abbc30b917421a4",
            "5d25a7b88abbc3054f3e60bc",
            "5ce69cbad7f00c00b61c5098",
            "5d25a6a48abbc306c62e6310",
            "5d25af8f8abbc3055079fec5",
            "5cf12a15d7f00c05464b293f"
        ],
        "Weight": 1.8,
        "HeatFactor": 1,
        "CoolFactor": 1,
        "LoyaltyLevel": 1,
        "Handling": 8
    },
    "68338b87fc8103da63185201": {
        "$type": "RealismMod.WeaponMod, RealismMod",
        "ItemID": "68338b87fc8103da63185201",
        "Name": "M700 Hogue Overmolded Ghillie stock (Funny)",
        "ModType": "StockR",
        "VerticalRecoil": -1,
        "HorizontalRecoil": -11,
        "Dispersion": -2,
        "CameraRecoil": -8,
        "AimSpeed": 0,
        "Ergonomics": 11,
        "Accuracy": 0,
        "HasShoulderContact": true,
        "BlocksFolding": false,
        "AutoROF": 0,
        "SemiROF": 0,
        "ModMalfunctionChance": 0,
        "StockAllowADS": false,
        "ConflictingItems": [
            "5d25a6538abbc306c62e630d",
            "5d25a4a98abbc30b917421a4",
            "5d25a7b88abbc3054f3e60bc",
            "5ce69cbad7f00c00b61c5098",
            "5d25a6a48abbc306c62e6310",
            "5d25af8f8abbc3055079fec5",
            "5cf12a15d7f00c05464b293f"
        ],
        "Weight": 1.8,
        "HeatFactor": 1,
        "CoolFactor": 1,
        "LoyaltyLevel": 1,
        "Handling": 8
    },
    "6833bdf80131ff59f7a66603": {
        "$type": "RealismMod.WeaponMod, RealismMod",
        "ItemID": "6833bdf80131ff59f7a66603",
        "Name": "M700 Hogue Overmolded Ghillie stock (DPM)",
        "ModType": "StockR",
        "VerticalRecoil": -1,
        "HorizontalRecoil": -11,
        "Dispersion": -2,
        "CameraRecoil": -8,
        "AimSpeed": 0,
        "Ergonomics": 11,
        "Accuracy": 0,
        "HasShoulderContact": true,
        "BlocksFolding": false,
        "AutoROF": 0,
        "SemiROF": 0,
        "ModMalfunctionChance": 0,
        "StockAllowADS": false,
        "ConflictingItems": [
            "5d25a6538abbc306c62e630d",
            "5d25a4a98abbc30b917421a4",
            "5d25a7b88abbc3054f3e60bc",
            "5ce69cbad7f00c00b61c5098",
            "5d25a6a48abbc306c62e6310",
            "5d25af8f8abbc3055079fec5",
            "5cf12a15d7f00c05464b293f"
        ],
        "Weight": 1.8,
        "HeatFactor": 1,
        "CoolFactor": 1,
        "LoyaltyLevel": 1,
        "Handling": 8
    },
    "6833df274c23dc6c04c9b871": {
        "$type": "RealismMod.WeaponMod, RealismMod",
        "ItemID": "6833df274c23dc6c04c9b871",
        "Name": "M700 Hogue Overmolded Ghillie stock (Black)",
        "ModType": "StockR",
        "VerticalRecoil": -1,
        "HorizontalRecoil": -11,
        "Dispersion": -2,
        "CameraRecoil": -8,
        "AimSpeed": 0,
        "Ergonomics": 11,
        "Accuracy": 0,
        "HasShoulderContact": true,
        "BlocksFolding": false,
        "AutoROF": 0,
        "SemiROF": 0,
        "ModMalfunctionChance": 0,
        "StockAllowADS": false,
        "ConflictingItems": [
            "5d25a6538abbc306c62e630d",
            "5d25a4a98abbc30b917421a4",
            "5d25a7b88abbc3054f3e60bc",
            "5ce69cbad7f00c00b61c5098",
            "5d25a6a48abbc306c62e6310",
            "5d25af8f8abbc3055079fec5",
            "5cf12a15d7f00c05464b293f"
        ],
        "Weight": 1.8,
        "HeatFactor": 1,
        "CoolFactor": 1,
        "LoyaltyLevel": 1,
        "Handling": 8
    },
    "6833e472ced13fc24fb637c7": {
        "$type": "RealismMod.WeaponMod, RealismMod",
        "ItemID": "6833e472ced13fc24fb637c7",
        "Name": "M700 Hogue Overmolded Ghillie stock (Worn Olive)",
        "ModType": "StockR",
        "VerticalRecoil": -1,
        "HorizontalRecoil": -11,
        "Dispersion": -2,
        "CameraRecoil": -8,
        "AimSpeed": 0,
        "Ergonomics": 11,
        "Accuracy": 0,
        "HasShoulderContact": true,
        "BlocksFolding": false,
        "AutoROF": 0,
        "SemiROF": 0,
        "ModMalfunctionChance": 0,
        "StockAllowADS": false,
        "ConflictingItems": [
            "5d25a6538abbc306c62e630d",
            "5d25a4a98abbc30b917421a4",
            "5d25a7b88abbc3054f3e60bc",
            "5ce69cbad7f00c00b61c5098",
            "5d25a6a48abbc306c62e6310",
            "5d25af8f8abbc3055079fec5",
            "5cf12a15d7f00c05464b293f"
        ],
        "Weight": 1.8,
        "HeatFactor": 1,
        "CoolFactor": 1,
        "LoyaltyLevel": 1,
        "Handling": 8
    },
    "6833ef7b6a70be570968799f": {
        "$type": "RealismMod.WeaponMod, RealismMod",
        "ItemID": "6833ef7b6a70be570968799f",
        "Name": "M700 Hogue Overmolded Ghillie stock (Badlands)",
        "ModType": "StockR",
        "VerticalRecoil": -1,
        "HorizontalRecoil": -11,
        "Dispersion": -2,
        "CameraRecoil": -8,
        "AimSpeed": 0,
        "Ergonomics": 11,
        "Accuracy": 0,
        "HasShoulderContact": true,
        "BlocksFolding": false,
        "AutoROF": 0,
        "SemiROF": 0,
        "ModMalfunctionChance": 0,
        "StockAllowADS": false,
        "ConflictingItems": [
            "5d25a6538abbc306c62e630d",
            "5d25a4a98abbc30b917421a4",
            "5d25a7b88abbc3054f3e60bc",
            "5ce69cbad7f00c00b61c5098",
            "5d25a6a48abbc306c62e6310",
            "5d25af8f8abbc3055079fec5",
            "5cf12a15d7f00c05464b293f"
        ],
        "Weight": 1.8,
        "HeatFactor": 1,
        "CoolFactor": 1,
        "LoyaltyLevel": 1,
        "Handling": 8
    },
    "6833ef99823dfcc6cfaf86cd": {
        "$type": "RealismMod.WeaponMod, RealismMod",
        "ItemID": "6833ef99823dfcc6cfaf86cd",
        "Name": "M700 Hogue Overmolded Ghillie stock (ERDL Woodland)",
        "ModType": "StockR",
        "VerticalRecoil": -1,
        "HorizontalRecoil": -11,
        "Dispersion": -2,
        "CameraRecoil": -8,
        "AimSpeed": 0,
        "Ergonomics": 11,
        "Accuracy": 0,
        "HasShoulderContact": true,
        "BlocksFolding": false,
        "AutoROF": 0,
        "SemiROF": 0,
        "ModMalfunctionChance": 0,
        "StockAllowADS": false,
        "ConflictingItems": [
            "5d25a6538abbc306c62e630d",
            "5d25a4a98abbc30b917421a4",
            "5d25a7b88abbc3054f3e60bc",
            "5ce69cbad7f00c00b61c5098",
            "5d25a6a48abbc306c62e6310",
            "5d25af8f8abbc3055079fec5",
            "5cf12a15d7f00c05464b293f"
        ],
        "Weight": 1.8,
        "HeatFactor": 1,
        "CoolFactor": 1,
        "LoyaltyLevel": 1,
        "Handling": 8
    },
    "6833efad6df4433edf26c14c": {
        "$type": "RealismMod.WeaponMod, RealismMod",
        "ItemID": "6833efad6df4433edf26c14c",
        "Name": "M700 Hogue Overmolded Ghillie stock (Hunting)",
        "ModType": "StockR",
        "VerticalRecoil": -1,
        "HorizontalRecoil": -11,
        "Dispersion": -2,
        "CameraRecoil": -8,
        "AimSpeed": 0,
        "Ergonomics": 11,
        "Accuracy": 0,
        "HasShoulderContact": true,
        "BlocksFolding": false,
        "AutoROF": 0,
        "SemiROF": 0,
        "ModMalfunctionChance": 0,
        "StockAllowADS": false,
        "ConflictingItems": [
            "5d25a6538abbc306c62e630d",
            "5d25a4a98abbc30b917421a4",
            "5d25a7b88abbc3054f3e60bc",
            "5ce69cbad7f00c00b61c5098",
            "5d25a6a48abbc306c62e6310",
            "5d25af8f8abbc3055079fec5",
            "5cf12a15d7f00c05464b293f"
        ],
        "Weight": 1.8,
        "HeatFactor": 1,
        "CoolFactor": 1,
        "LoyaltyLevel": 1,
        "Handling": 8
    },
    "6833efc07461f78c2a3c8015": {
        "$type": "RealismMod.WeaponMod, RealismMod",
        "ItemID": "6833efc07461f78c2a3c8015",
        "Name": "M700 Hogue Overmolded Ghillie stock (Typhon)",
        "ModType": "StockR",
        "VerticalRecoil": -1,
        "HorizontalRecoil": -11,
        "Dispersion": -2,
        "CameraRecoil": -8,
        "AimSpeed": 0,
        "Ergonomics": 11,
        "Accuracy": 0,
        "HasShoulderContact": true,
        "BlocksFolding": false,
        "AutoROF": 0,
        "SemiROF": 0,
        "ModMalfunctionChance": 0,
        "StockAllowADS": false,
        "ConflictingItems": [
            "5d25a6538abbc306c62e630d",
            "5d25a4a98abbc30b917421a4",
            "5d25a7b88abbc3054f3e60bc",
            "5ce69cbad7f00c00b61c5098",
            "5d25a6a48abbc306c62e6310",
            "5d25af8f8abbc3055079fec5",
            "5cf12a15d7f00c05464b293f"
        ],
        "Weight": 1.8,
        "HeatFactor": 1,
        "CoolFactor": 1,
        "LoyaltyLevel": 1,
        "Handling": 8
    },
    "683c5df82412c471872f202f": {
        "$type": "RealismMod.WeaponMod, RealismMod",
        "ItemID": "683c5df82412c471872f202f",
        "Name": "SA58/FAL humpback wooden stock",
        "ModType": "Stock",
        "VerticalRecoil": -4,
        "HorizontalRecoil": -10,
        "Dispersion": -10,
        "CameraRecoil": -8,
        "AimSpeed": 0,
        "Ergonomics": 5.5,
        "Accuracy": 0,
        "HasShoulderContact": true,
        "BlocksFolding": false,
        "AutoROF": 0,
        "SemiROF": 0,
        "ModMalfunctionChance": 0,
        "StockAllowADS": false,
        "ConflictingItems": [],
        "Weight": 0.9,
        "LoyaltyLevel": 1,
        "Handling": 10
    },
    "683f0510d6e616e483b9bbcb": {
        "$type": "RealismMod.WeaponMod, RealismMod",
        "ItemID": "683f0510d6e616e483b9bbcb",
        "Name": "DPMS CAR-15 Fiberlite Stock",
        "ModType": "Stock",
        "VerticalRecoil": 0,
        "HorizontalRecoil": -7,
        "Dispersion": -3,
        "CameraRecoil": -7,
        "AimSpeed": 1,
        "Ergonomics": 7,
        "Accuracy": 0,
        "HasShoulderContact": true,
        "BlocksFolding": false,
        "AutoROF": 0,
        "SemiROF": 0,
        "ModMalfunctionChance": 0,
        "StockAllowADS": false,
        "ConflictingItems": [],
        "Weight": 0.285,
        "LoyaltyLevel": 2
    },
    "6853451a659f4ba885e37fd3": {
        "$type": "RealismMod.WeaponMod, RealismMod",
        "ItemID": "6853451a659f4ba885e37fd3",
        "Name": "AR-15 Diemaco C7A2 Fiberlite stock",
        "ModType": "Stock",
        "VerticalRecoil": 0,
        "HorizontalRecoil": -7,
        "Dispersion": -3,
        "CameraRecoil": -7,
        "AimSpeed": 1,
        "Ergonomics": 7,
        "Accuracy": 0,
        "HasShoulderContact": true,
        "BlocksFolding": false,
        "AutoROF": 0,
        "SemiROF": 0,
        "ModMalfunctionChance": 0,
        "StockAllowADS": false,
        "ConflictingItems": [],
        "Weight": 0.285,
        "LoyaltyLevel": 2
    },
    "684c5f7f391c29580d74da8e": {
        "$type": "RealismMod.WeaponMod, RealismMod",
        "ItemID": "684c5f7f391c29580d74da8e",
        "Name": "HK MP5 A2 wooden stock",
        "ModType": "Stock",
        "VerticalRecoil": -3,
        "HorizontalRecoil": -10,
        "Dispersion": -5,
        "CameraRecoil": -8,
        "AimSpeed": 0,
        "Ergonomics": 12,
        "Accuracy": 0,
        "HasShoulderContact": true,
        "BlocksFolding": false,
        "AutoROF": 0,
        "SemiROF": 0,
        "ModMalfunctionChance": 0,
        "StockAllowADS": false,
        "ConflictingItems": [],
        "Weight": 0.465,
        "LoyaltyLevel": 1,
        "Handling": 7,
        "AimStability": 5
    },
    "683f054fe68ee1c225002090": {
        "$type": "RealismMod.WeaponMod, RealismMod",
        "ItemID": "683f054fe68ee1c225002090",
        "Name": "AR-15 Armalite M16A1-style stock",
        "ModType": "Stock",
        "VerticalRecoil": -1,
        "HorizontalRecoil": -9,
        "Dispersion": -9,
        "CameraRecoil": -8,
        "AimSpeed": -1,
        "Ergonomics": 3,
        "Accuracy": 6,
        "HasShoulderContact": true,
        "BlocksFolding": false,
        "AutoROF": 0,
        "SemiROF": 0,
        "ModMalfunctionChance": 0,
        "StockAllowADS": false,
        "ConflictingItems": [],
        "Weight": 0.750,
        "LoyaltyLevel": 2
    },
    "683f056981079dd84d52681d": {
        "$type": "RealismMod.WeaponMod, RealismMod",
        "ItemID": "683f056981079dd84d52681d",
        "Name": "NCR Ranger M16A1 Wooden stock",
        "ModType": "Stock",
        "VerticalRecoil": -1,
        "HorizontalRecoil": -9,
        "Dispersion": -9,
        "CameraRecoil": -8,
        "AimSpeed": -1,
        "Ergonomics": 3,
        "Accuracy": 6,
        "HasShoulderContact": true,
        "BlocksFolding": false,
        "AutoROF": 0,
        "SemiROF": 0,
        "ModMalfunctionChance": 0,
        "StockAllowADS": false,
        "ConflictingItems": [],
        "Weight": 0.750,
        "LoyaltyLevel": 2
    },
    "683f05abfde64f8d79afaa5e": {
        "$type": "RealismMod.WeaponMod, RealismMod",
        "ItemID": "683f05abfde64f8d79afaa5e",
        "Name": "ODIN WORKS Padded Pistol Buffer Tube",
        "ModType": "buffer",
        "VerticalRecoil": 5,
        "HorizontalRecoil": -14,
        "Dispersion": 0,
        "CameraRecoil": -3,
        "Convergence": -6,
        "AimSpeed": 2,
        "Ergonomics": 1,
        "Accuracy": -1,
        "HasShoulderContact": false,
        "BlocksFolding": false,
        "AutoROF": 20,
        "SemiROF": 5,
        "ModMalfunctionChance": -15,
        "StockAllowADS": false,
        "ConflictingItems": [],
        "Weight": 0.302,
        "DurabilityBurnModificator": 0.9,
        "LoyaltyLevel": 3
    },
    "683f0586083dc0841a3ae0fc": {
        "$type": "RealismMod.WeaponMod, RealismMod",
        "ItemID": "683f0586083dc0841a3ae0fc",
        "Name": "Battle Arms AR-15 VERT GEN2 PDW Stock",
        "ModType": "buffer_stock",
        "VerticalRecoil": 0,
        "HorizontalRecoil": 0,
        "Dispersion": 0,
        "CameraRecoil": 8,
        "AimSpeed": 14,
        "Ergonomics": 7,
        "Accuracy": -2,
        "HasShoulderContact": true,
        "BlocksFolding": false,
        "AutoROF": 4,
        "SemiROF": 9,
        "ModMalfunctionChance": 5,
        "StockAllowADS": false,
        "ConflictingItems": [],
        "Weight": 0.358,
        "DurabilityBurnModificator": 1.05,
        "LoyaltyLevel": 2,
        "AimStability": -7
    },
    "683f059f370de8b72f4eb839": {
        "$type": "RealismMod.WeaponMod, RealismMod",
        "ItemID": "683f059f370de8b72f4eb839",
        "Name": "Battle Arms AR-15 VERT GEN2 PDW Stock (extended)",
        "ModType": "buffer_stock",
        "VerticalRecoil": 0,
        "HorizontalRecoil": 0,
        "Dispersion": 0,
        "CameraRecoil": 8,
        "AimSpeed": 14,
        "Ergonomics": 7,
        "Accuracy": -2,
        "HasShoulderContact": true,
        "BlocksFolding": false,
        "AutoROF": 4,
        "SemiROF": 9,
        "ModMalfunctionChance": 5,
        "StockAllowADS": false,
        "ConflictingItems": [],
        "Weight": 0.358,
        "DurabilityBurnModificator": 1.05,
        "LoyaltyLevel": 2,
        "AimStability": -7
    }
}
