{  
    "68acd6643b73c1809c03fd36": {
        "$type": "RealismMod.WeaponMod, RealismMod",
        "ItemID": "68acd6643b73c1809c03fd36",
        "Name": "BCM Gunfighter stock (Black)",
        "ModType": "Stock",
        "VerticalRecoil": 0,
        "HorizontalRecoil": -12,
        "Dispersion": -5,
        "CameraRecoil": -5,
        "AimSpeed": 0,
        "Ergonomics": 11,
        "Accuracy": 0,
        "HasShoulderContact": true,
        "BlocksFolding": false,
        "AutoROF": 0,
        "SemiROF": 0,
        "ModMalfunctionChance": 0,
        "StockAllowADS": false,
        "ConflictingItems": [],
        "Weight": 0.238,
        "LoyaltyLevel": 3,
        "AimStability": 6,
        "Handling": 6
    },
    "68ae4cddb59f09166a086d2c": {
        "$type": "RealismMod.WeaponMod, RealismMod",
        "ItemID": "68ae4cddb59f09166a086d2c",
        "Name": "BCM Gunfighter stock (FDE)",
        "ModType": "Stock",
        "VerticalRecoil": 0,
        "HorizontalRecoil": -12,
        "Dispersion": -5,
        "CameraRecoil": -5,
        "AimSpeed": 0,
        "Ergonomics": 11,
        "Accuracy": 0,
        "HasShoulderContact": true,
        "BlocksFolding": false,
        "AutoROF": 0,
        "SemiROF": 0,
        "ModMalfunctionChance": 0,
        "StockAllowADS": false,
        "ConflictingItems": [],
        "Weight": 0.238,
        "LoyaltyLevel": 3,
        "AimStability": 6,
        "Handling": 6
    },
    "68ae4cddb59f09166a086d2d": {
        "$type": "RealismMod.WeaponMod, RealismMod",
        "ItemID": "68ae4cddb59f09166a086d2d",
        "Name": "BCM Gunfighter stock (ODG)",
        "ModType": "Stock",
        "VerticalRecoil": 0,
        "HorizontalRecoil": -12,
        "Dispersion": -5,
        "CameraRecoil": -5,
        "AimSpeed": 0,
        "Ergonomics": 11,
        "Accuracy": 0,
        "HasShoulderContact": true,
        "BlocksFolding": false,
        "AutoROF": 0,
        "SemiROF": 0,
        "ModMalfunctionChance": 0,
        "StockAllowADS": false,
        "ConflictingItems": [],
        "Weight": 0.238,
        "LoyaltyLevel": 3,
        "AimStability": 6,
        "Handling": 6
    },
    "68ae4cddb59f09166a086d2e": {
        "$type": "RealismMod.WeaponMod, RealismMod",
        "ItemID": "68ae4cddb59f09166a086d2e",
        "Name": "BCM Gunfighter stock (Pax Armata)",
        "ModType": "Stock",
        "VerticalRecoil": 0,
        "HorizontalRecoil": -12,
        "Dispersion": -5,
        "CameraRecoil": -5,
        "AimSpeed": 0,
        "Ergonomics": 11,
        "Accuracy": 0,
        "HasShoulderContact": true,
        "BlocksFolding": false,
        "AutoROF": 0,
        "SemiROF": 0,
        "ModMalfunctionChance": 0,
        "StockAllowADS": false,
        "ConflictingItems": [],
        "Weight": 0.238,
        "LoyaltyLevel": 3,
        "AimStability": 6,
        "Handling": 6
    },
    "68c59d1dbab700bb310485c4": {
        "$type": "RealismMod.WeaponMod, RealismMod",
        "ItemID": "68c59d1dbab700bb310485c4",
        "Name": "Geissele GFR stock",
        "ModType": "Stock",
        "VerticalRecoil": 0,
        "HorizontalRecoil": -10,
        "Dispersion": -2,
        "CameraRecoil": -5,
        "AimSpeed": 0,
        "Ergonomics": 10,
        "Accuracy": 0,
        "HasShoulderContact": true,
        "BlocksFolding": false,
        "AutoROF": 0,
        "SemiROF": 0,
        "ModMalfunctionChance": 0,
        "StockAllowADS": false,
        "ConflictingItems": [],
        "Weight": 0.225,
        "LoyaltyLevel": 3,
        "AimStability": 3,
        "Handling": 4
    },
    "68b1e5ef72ad20d8b10e7ceb": {
        "$type": "RealismMod.WeaponMod, RealismMod",
        "ItemID": "68b1e5ef72ad20d8b10e7ceb",
        "Name": "Geissele GFR stock (Fde)",
        "ModType": "Stock",
        "VerticalRecoil": 0,
        "HorizontalRecoil": -10,
        "Dispersion": -2,
        "CameraRecoil": -5,
        "AimSpeed": 0,
        "Ergonomics": 10,
        "Accuracy": 0,
        "HasShoulderContact": true,
        "BlocksFolding": false,
        "AutoROF": 0,
        "SemiROF": 0,
        "ModMalfunctionChance": 0,
        "StockAllowADS": false,
        "ConflictingItems": [],
        "Weight": 0.225,
        "LoyaltyLevel": 3,
        "AimStability": 3,
        "Handling": 4
    },
    "68b5e34459bf769d25000001": {
        "$type": "RealismMod.WeaponMod, RealismMod",
        "ItemID": "68b5e34459bf769d25000001",
        "Name": "AR-15 Reptilia RECC-E stock base (Black)",
        "ModType": "buffer",
        "VerticalRecoil": 0,
        "HorizontalRecoil": 5,
        "Dispersion": 0,
        "CameraRecoil": 5,
        "AimSpeed": 0,
        "Ergonomics": 0,
        "Accuracy": 0,
        "HasShoulderContact": false,
        "BlocksFolding": false,
        "AutoROF": 5,
        "SemiROF": 10,
        "ModMalfunctionChance": -10,
        "StockAllowADS": false,
        "ConflictingItems": [],
        "Weight": 0.131,
        "DurabilityBurnModificator": 1,
        "LoyaltyLevel": 4
    },
    "68b5e474fbf78a6b59000002": {
        "$type": "RealismMod.WeaponMod, RealismMod",
        "ItemID": "68b5e474fbf78a6b59000002",
        "Name": "AR-15 Reptilia RECC-E stock base (FDE)",
        "ModType": "buffer",
        "VerticalRecoil": 0,
        "HorizontalRecoil": 5,
        "Dispersion": 0,
        "CameraRecoil": 5,
        "AimSpeed": 0,
        "Ergonomics": 0,
        "Accuracy": 0,
        "HasShoulderContact": false,
        "BlocksFolding": false,
        "AutoROF": 5,
        "SemiROF": 10,
        "ModMalfunctionChance": -10,
        "StockAllowADS": false,
        "ConflictingItems": [],
        "Weight": 0.131,
        "DurabilityBurnModificator": 1,
        "LoyaltyLevel": 4
    },
    "68b5e474fbf78a6b59000004": {
        "$type": "RealismMod.WeaponMod, RealismMod",
        "ItemID": "68b5e474fbf78a6b59000004",
        "Name": "AR-15 Reptilia RECC-E stock arm (Black)",
        "ModType": "Stock",
        "VerticalRecoil": 0,
        "HorizontalRecoil": -13,
        "Dispersion": -12,
        "CameraRecoil": -15,
        "AimSpeed": 0,
        "Ergonomics": 10,
        "Accuracy": 3,
        "HasShoulderContact": true,
        "BlocksFolding": false,
        "AutoROF": 0,
        "SemiROF": 0,
        "ModMalfunctionChance": 0,
        "StockAllowADS": false,
        "ConflictingItems": [],
        "Weight": 0.209,
        "LoyaltyLevel": 4,
        "AimStability": 5
    },
    "68b5e474fbf78a6b59000005": {
        "$type": "RealismMod.WeaponMod, RealismMod",
        "ItemID": "68b5e474fbf78a6b59000005",
        "Name": "AR-15 Reptilia RECC-E stock arm (FDE)",
        "ModType": "Stock",
        "VerticalRecoil": 0,
        "HorizontalRecoil": -13,
        "Dispersion": -12,
        "CameraRecoil": -15,
        "AimSpeed": 0,
        "Ergonomics": 10,
        "Accuracy": 3,
        "HasShoulderContact": true,
        "BlocksFolding": false,
        "AutoROF": 0,
        "SemiROF": 0,
        "ModMalfunctionChance": 0,
        "StockAllowADS": false,
        "ConflictingItems": [],
        "Weight": 0.209,
        "LoyaltyLevel": 4,
        "AimStability": 5
    },
    "68b9ea8178d7ac07030cc218": {
        "$type": "RealismMod.WeaponMod, RealismMod",
        "ItemID": "68b9ea8178d7ac07030cc218",
        "Name": "AR-15 BCM MK2 5.56x45 upper receiver (Pax Armata)",
        "ModType": "",
        "ModMalfunctionChance": -10,
        "Accuracy": 15,
        "HeatFactor": 0.95,
        "CoolFactor": 1.04,
        "DurabilityBurnModificator": 0.92,
        "ConflictingItems": [],
        "Ergonomics": 0,
        "Weight": 0.227,
        "VerticalRecoil": 0,
        "HorizontalRecoil": 0,
        "ChamberSpeed": 0,
        "LoyaltyLevel": 3
    },
    "68a8cbc2556eb166a6026215": {
        "$type": "RealismMod.WeaponMod, RealismMod",
        "ItemID": "68a8cbc2556eb166a6026215",
        "Name": "AR-15 Clutch charging handle",
        "ModType": "",
        "ReloadSpeed": 0,
        "ConflictingItems": [],
        "FixSpeed": 0,
        "Ergonomics": 0,
        "Weight": 0.028,
        "VerticalRecoil": 0,
        "HorizontalRecoil": 0,
        "CameraRecoil": 0,
        "ChamberSpeed": 20,
        "LoyaltyLevel": 3,
        "Flash": -10
    },
    "68a98fc93c8091c6890e81c6": {
        "$type": "RealismMod.WeaponMod, RealismMod",
        "ItemID": "68a98fc93c8091c6890e81c6",
        "Name": "AR-15 Clutch charging handle RED",
        "ModType": "",
        "ReloadSpeed": 0,
        "ConflictingItems": [],
        "FixSpeed": 0,
        "Ergonomics": 0,
        "Weight": 0.028,
        "VerticalRecoil": 0,
        "HorizontalRecoil": 0,
        "CameraRecoil": 0,
        "ChamberSpeed": 20,
        "LoyaltyLevel": 3,
        "Flash": -10
    },
    "68a9997c3c8091c6890e81ca": {
        "$type": "RealismMod.WeaponMod, RealismMod",
        "ItemID": "68a9997c3c8091c6890e81ca",
        "Name": "AR-15 Clutch charging handle BLUE",
        "ModType": "",
        "ReloadSpeed": 0,
        "ConflictingItems": [],
        "FixSpeed": 0,
        "Ergonomics": 0,
        "Weight": 0.028,
        "VerticalRecoil": 0,
        "HorizontalRecoil": 0,
        "CameraRecoil": 0,
        "ChamberSpeed": 20,
        "LoyaltyLevel": 3,
        "Flash": -10
    },
    "68a9b3afc172cbefce0cde7f": {
        "$type": "RealismMod.WeaponMod, RealismMod",
        "ItemID": "68a9b3afc172cbefce0cde7f",
        "Name": "AR-15 Clutch charging handle FDE",
        "ModType": "",
        "ReloadSpeed": 0,
        "ConflictingItems": [],
        "FixSpeed": 0,
        "Ergonomics": 0,
        "Weight": 0.028,
        "VerticalRecoil": 0,
        "HorizontalRecoil": 0,
        "CameraRecoil": 0,
        "ChamberSpeed": 20,
        "LoyaltyLevel": 3,
        "Flash": -10
    },
    "68a9b3afc172cbefce0cde80": {
        "$type": "RealismMod.WeaponMod, RealismMod",
        "ItemID": "68a9b3afc172cbefce0cde80",
        "Name": "AR-15 Clutch charging handle GREY",
        "ModType": "",
        "ReloadSpeed": 0,
        "ConflictingItems": [],
        "FixSpeed": 0,
        "Ergonomics": 0,
        "Weight": 0.028,
        "VerticalRecoil": 0,
        "HorizontalRecoil": 0,
        "CameraRecoil": 0,
        "ChamberSpeed": 20,
        "LoyaltyLevel": 3,
        "Flash": -10
    },
    "68a9b3afc172cbefce0cde81": {
        "$type": "RealismMod.WeaponMod, RealismMod",
        "ItemID": "68a9b3afc172cbefce0cde81",
        "Name": "AR-15 Clutch charging handle ODG",
        "ModType": "",
        "ReloadSpeed": 0,
        "ConflictingItems": [],
        "FixSpeed": 0,
        "Ergonomics": 0,
        "Weight": 0.028,
        "VerticalRecoil": 0,
        "HorizontalRecoil": 0,
        "CameraRecoil": 0,
        "ChamberSpeed": 20,
        "LoyaltyLevel": 3,
        "Flash": -10
    },
    "68b4b24e27658b8b0d02439e": {
        "$type": "RealismMod.WeaponMod, RealismMod",
        "ItemID": "68b4b24e27658b8b0d02439e",
        "Name": "VLTOR CASV M4 handguard",
        "ModType": "",
        "VerticalRecoil": -1,
        "HorizontalRecoil": -1,
        "Dispersion": -2,
        "AimSpeed": 3,
        "Ergonomics": 8,
        "Accuracy": 10,
        "HeatFactor": 0.95,
        "CoolFactor": 1.09,
        "ConflictingItems": [],
        "Weight": 0.411,
        "LoyaltyLevel": 3,
        "Handling": 2,
        "AimStability": 1.5
    },
    "68b60691723514e8fc0d8a50": {
        "$type": "RealismMod.WeaponMod, RealismMod",
        "ItemID": "68b60691723514e8fc0d8a50",
        "Name": "VLTOR CASV M4 handguard FDE",
        "ModType": "",
        "VerticalRecoil": -1,
        "HorizontalRecoil": -1,
        "Dispersion": -2,
        "AimSpeed": 3,
        "Ergonomics": 8,
        "Accuracy": 10,
        "HeatFactor": 0.95,
        "CoolFactor": 1.09,
        "ConflictingItems": [],
        "Weight": 0.411,
        "LoyaltyLevel": 3,
        "Handling": 2,
        "AimStability": 1.5
    },
    "68b60691723514e8fc0d8a52": {
        "$type": "RealismMod.WeaponMod, RealismMod",
        "ItemID": "68b60691723514e8fc0d8a52",
        "Name": "VLTOR CASV M4 handguard NightOps",
        "ModType": "",
        "VerticalRecoil": -1,
        "HorizontalRecoil": -1,
        "Dispersion": -2,
        "AimSpeed": 3,
        "Ergonomics": 8,
        "Accuracy": 10,
        "HeatFactor": 0.95,
        "CoolFactor": 1.09,
        "ConflictingItems": [],
        "Weight": 0.411,
        "LoyaltyLevel": 3,
        "Handling": 2,
        "AimStability": 1.5
    },
    "68b60691723514e8fc0d8a51": {
        "$type": "RealismMod.WeaponMod, RealismMod",
        "ItemID": "68b60691723514e8fc0d8a51",
        "Name": "VLTOR CASV M4 handguard ODG",
        "ModType": "",
        "VerticalRecoil": -1,
        "HorizontalRecoil": -1,
        "Dispersion": -2,
        "AimSpeed": 3,
        "Ergonomics": 8,
        "Accuracy": 10,
        "HeatFactor": 0.95,
        "CoolFactor": 1.09,
        "ConflictingItems": [],
        "Weight": 0.411,
        "LoyaltyLevel": 3,
        "Handling": 2,
        "AimStability": 1.5
    },
    "68b89af3e5eff7014a0e1346": {
        "$type": "RealismMod.WeaponMod, RealismMod",
        "ItemID": "68b89af3e5eff7014a0e1346",
        "Name": "AR-15 BCM KMR13 KeyMod 13 inch handguard (Pax Armata)",
        "ModType": "",
        "VerticalRecoil": 0,
        "HorizontalRecoil": 0,
        "Dispersion": -1,
        "AimSpeed": 0,
        "Ergonomics": 12,
        "Accuracy": 12,
        "HeatFactor": 0.996,
        "CoolFactor": 1.054,
        "ConflictingItems": [],
        "Weight": 0.241,
        "LoyaltyLevel": 2,
        "Price": 0
    },
    "68b7658b24ef22c4b60177ac": {
        "$type": "RealismMod.WeaponMod, RealismMod",
        "ItemID": "68b7658b24ef22c4b60177ac",
        "Name": "AR-15 BCM KMR13 KeyMod 13 inch handguard (Covers)",
        "ModType": "",
        "VerticalRecoil": 0,
        "HorizontalRecoil": 0,
        "Dispersion": -1,
        "AimSpeed": 0,
        "Ergonomics": 12,
        "Accuracy": 12,
        "HeatFactor": 0.996,
        "CoolFactor": 1.054,
        "ConflictingItems": [],
        "Weight": 0.241,
        "LoyaltyLevel": 2,
        "Price": 0
    },
    "68b4b24e27658b8b0d02439a": {
        "$type": "RealismMod.WeaponMod, RealismMod",
        "ItemID": "68b4b24e27658b8b0d02439a",
        "Name": "RexTac TAR-21 Rear Sight",
        "ModType": "sight",
        "AimSpeed": 0,
        "Accuracy": 0,
        "ConflictingItems": [],
        "Ergonomics": 0,
        "Weight": 0.035,
        "VerticalRecoil": 0,
        "HorizontalRecoil": 0,
        "LoyaltyLevel": 2
    },
    "68b4b24e27658b8b0d024399": {
        "$type": "RealismMod.WeaponMod, RealismMod",
        "ItemID": "68b4b24e27658b8b0d024399",
        "Name": "RexTac TAR-21 Front Sight",
        "ModType": "sight",
        "AimSpeed": 0,
        "Accuracy": 0,
        "ConflictingItems": [],
        "Ergonomics": 0,
        "Weight": 0.035,
        "VerticalRecoil": 0,
        "HorizontalRecoil": 0,
        "LoyaltyLevel": 2
    },
    "68b4b24e27658b8b0d0243a1": {
        "$type": "RealismMod.WeaponMod, RealismMod",
        "ItemID": "68b4b24e27658b8b0d0243a1",
        "Name": "RexTac TAR-21 Rear Sight FDE",
        "ModType": "sight",
        "AimSpeed": 0,
        "Accuracy": 0,
        "ConflictingItems": [],
        "Ergonomics": 0,
        "Weight": 0.035,
        "VerticalRecoil": 0,
        "HorizontalRecoil": 0,
        "LoyaltyLevel": 2
    },
    "68b4b24e27658b8b0d02439b": {
        "$type": "RealismMod.WeaponMod, RealismMod",
        "ItemID": "68b4b24e27658b8b0d02439b",
        "Name": "RexTac TAR-21 Front Sight FDE",
        "ModType": "sight",
        "AimSpeed": 0,
        "Accuracy": 0,
        "ConflictingItems": [],
        "Ergonomics": 0,
        "Weight": 0.035,
        "VerticalRecoil": 0,
        "HorizontalRecoil": 0,
        "LoyaltyLevel": 2
    },
    "68b0a169dcf794dd9a0544b2": {
        "$type": "RealismMod.WeaponMod, RealismMod",
        "ItemID": "68b0a169dcf794dd9a0544b2",
        "Name": "AKMS Stock Adapter",
        "ModType": "stock_adapter",
        "VerticalRecoil": 30,
        "HorizontalRecoil": 30,
        "Dispersion": 0,
        "CameraRecoil": 10,
        "AimSpeed": 0,
        "Ergonomics": 0,
        "Accuracy": 0,
        "HasShoulderContact": true,
        "BlocksFolding": false,
        "AutoROF": 0,
        "SemiROF": 0,
        "ModMalfunctionChance": 0,
        "StockAllowADS": true,
        "ConflictingItems": [],
        "Weight": 0.06,
        "LoyaltyLevel": 2,
        "AimStability": -10
    },
    "68b1e5ef72ad20d8b10e7ce9": {
        "$type": "RealismMod.WeaponMod, RealismMod",
        "ItemID": "68b1e5ef72ad20d8b10e7ce9",
        "Name": "AK Ultimak M1-B gas tube",
        "ModType": "",
        "VerticalRecoil": -1,
        "HorizontalRecoil": -2,
        "Dispersion": -1,
        "AutoROF": 0,
        "SemiROF": 0,
        "ModMalfunctionChance": -5,
        "CanCycleSubs": false,
        "Accuracy": 0,
        "HeatFactor": 0.998,
        "CoolFactor": 1.004,
        "DurabilityBurnModificator": 1,
        "ConflictingItems": [],
        "Ergonomics": 0,
        "Weight": 0.121,
        "LoyaltyLevel": 1
    },
    "926b047bb9efdf9f7654a8c1": {
        "$type": "RealismMod.WeaponMod, RealismMod",
        "ItemID": "926b047bb9efdf9f7654a8c1",
        "Name": "WASR-10/63 Sharkfin style wooden foregrip",
        "ModType": "",
        "VerticalRecoil": -3,
        "HorizontalRecoil": -2,
        "Dispersion": -1,
        "AimSpeed": 0,
        "Ergonomics": 8,
        "Accuracy": -10,
        "HeatFactor": 1.05,
        "CoolFactor": 0.967,
        "ConflictingItems": [],
        "Weight": 0.264,
        "LoyaltyLevel": 1,
        "AimStability": 3,
        "Handling": 5
    },
    "679a73b003d8055ba8385ad5": {
        "$type": "RealismMod.WeaponMod, RealismMod",
        "ItemID": "679a73b003d8055ba8385ad5",
        "Name": "OmniTech Systems S4 Skeletonized AK Pistol Grip",
        "ModType": "",
        "VerticalRecoil": 0,
        "HorizontalRecoil": 0,
        "Dispersion": 0,
        "AimSpeed": 2,
        "Ergonomics": 5,
        "Accuracy": 0,
        "ConflictingItems": [],
        "Weight": 0.141,
        "LoyaltyLevel": 3
    },
    "68bdb058d3008fee9e07a940": {
        "$type": "RealismMod.WeaponMod, RealismMod",
        "ItemID": "68bdb058d3008fee9e07a940",
        "Name": "B5 Bravo-C Stock",
        "ModType": "Stock",
        "VerticalRecoil": 0,
        "HorizontalRecoil": -15,
        "Dispersion": -12,
        "CameraRecoil": -8,
        "AutoROF": 0,
        "SemiROF": 0,
        "ModMalfunctionChance": 0,
        "AimSpeed": 1,
        "Ergonomics": 9.5,
        "Accuracy": 0,
        "HasShoulderContact": true,
        "BlocksFolding": false,
        "StockAllowADS": false,
        "ConflictingItems": [],
        "Weight": 0.290,
        "AimStability": 5,
        "Handling": 2.5,
        "LoyaltyLevel": 2
    },
    "68bdb058d3008fee9e07a941": {
        "$type": "RealismMod.WeaponMod, RealismMod",
        "ItemID": "68bdb058d3008fee9e07a941",
        "Name": "B5 Bravo-C Stock Coyote",
        "ModType": "Stock",
        "VerticalRecoil": 0,
        "HorizontalRecoil": -15,
        "Dispersion": -12,
        "CameraRecoil": -8,
        "AutoROF": 0,
        "SemiROF": 0,
        "ModMalfunctionChance": 0,
        "AimSpeed": 1,
        "Ergonomics": 9.5,
        "Accuracy": 0,
        "HasShoulderContact": true,
        "BlocksFolding": false,
        "StockAllowADS": false,
        "ConflictingItems": [],
        "Weight": 0.290,
        "AimStability": 5,
        "Handling": 2.5,
        "LoyaltyLevel": 2
    },
    "68bdb058d3008fee9e07a942": {
        "$type": "RealismMod.WeaponMod, RealismMod",
        "ItemID": "68bdb058d3008fee9e07a942",
        "Name": "B5 Bravo-C Stock FDE",
        "ModType": "Stock",
        "VerticalRecoil": 0,
        "HorizontalRecoil": -15,
        "Dispersion": -12,
        "CameraRecoil": -8,
        "AutoROF": 0,
        "SemiROF": 0,
        "ModMalfunctionChance": 0,
        "AimSpeed": 1,
        "Ergonomics": 9.5,
        "Accuracy": 0,
        "HasShoulderContact": true,
        "BlocksFolding": false,
        "StockAllowADS": false,
        "ConflictingItems": [],
        "Weight": 0.290,
        "AimStability": 5,
        "Handling": 2.5,
        "LoyaltyLevel": 2
    },
    "68bdb058d3008fee9e07a943": {
        "$type": "RealismMod.WeaponMod, RealismMod",
        "ItemID": "68bdb058d3008fee9e07a943",
        "Name": "B5 Bravo-C Stock Multicam Black",
        "ModType": "Stock",
        "VerticalRecoil": 0,
        "HorizontalRecoil": -15,
        "Dispersion": -12,
        "CameraRecoil": -8,
        "AutoROF": 0,
        "SemiROF": 0,
        "ModMalfunctionChance": 0,
        "AimSpeed": 1,
        "Ergonomics": 9.5,
        "Accuracy": 0,
        "HasShoulderContact": true,
        "BlocksFolding": false,
        "StockAllowADS": false,
        "ConflictingItems": [],
        "Weight": 0.290,
        "AimStability": 5,
        "Handling": 2.5,
        "LoyaltyLevel": 2
    },
    "68bdb058d3008fee9e07a944": {
        "$type": "RealismMod.WeaponMod, RealismMod",
        "ItemID": "68bdb058d3008fee9e07a944",
        "Name": "B5 Bravo-C Stock ODG",
        "ModType": "Stock",
        "VerticalRecoil": 0,
        "HorizontalRecoil": -15,
        "Dispersion": -12,
        "CameraRecoil": -8,
        "AutoROF": 0,
        "SemiROF": 0,
        "ModMalfunctionChance": 0,
        "AimSpeed": 1,
        "Ergonomics": 9.5,
        "Accuracy": 0,
        "HasShoulderContact": true,
        "BlocksFolding": false,
        "StockAllowADS": false,
        "ConflictingItems": [],
        "Weight": 0.290,
        "AimStability": 5,
        "Handling": 2.5,
        "LoyaltyLevel": 2
    },
    "68bdb058d3008fee9e07a945": {
        "$type": "RealismMod.WeaponMod, RealismMod",
        "ItemID": "68bdb058d3008fee9e07a945",
        "Name": "B5 Bravo-C Stock Pax Armata",
        "ModType": "Stock",
        "VerticalRecoil": 0,
        "HorizontalRecoil": -15,
        "Dispersion": -12,
        "CameraRecoil": -8,
        "AutoROF": 0,
        "SemiROF": 0,
        "ModMalfunctionChance": 0,
        "AimSpeed": 1,
        "Ergonomics": 9.5,
        "Accuracy": 0,
        "HasShoulderContact": true,
        "BlocksFolding": false,
        "StockAllowADS": false,
        "ConflictingItems": [],
        "Weight": 0.290,
        "AimStability": 5,
        "Handling": 2.5,
        "LoyaltyLevel": 2
    },
    "68c5613ff19e7d06d6029a43": {
        "$type": "RealismMod.WeaponMod, RealismMod",
        "ItemID": "68c5613ff19e7d06d6029a43",
        "Name": "B5 P22 pistol grip",
        "ModType": "",
        "VerticalRecoil": 0,
        "HorizontalRecoil": 0,
        "Dispersion": 0,
        "AimSpeed": 2,
        "Ergonomics": 5.5,
        "Accuracy": 0,
        "ConflictingItems": [],
        "Weight": 0.053,
        "LoyaltyLevel": 3,
        "Handling": 5,
        "AimStability": 5
    },
    "68c5613ff19e7d06d6029a44": {
        "$type": "RealismMod.WeaponMod, RealismMod",
        "ItemID": "68c5613ff19e7d06d6029a44",
        "Name": "B5 P22 pistol grip Coyote",
        "ModType": "",
        "VerticalRecoil": 0,
        "HorizontalRecoil": 0,
        "Dispersion": 0,
        "AimSpeed": 2,
        "Ergonomics": 5.5,
        "Accuracy": 0,
        "ConflictingItems": [],
        "Weight": 0.053,
        "LoyaltyLevel": 3,
        "Handling": 5,
        "AimStability": 5
    },
    "68c5613ff19e7d06d6029a45": {
        "$type": "RealismMod.WeaponMod, RealismMod",
        "ItemID": "68c5613ff19e7d06d6029a45",
        "Name": "B5 P22 pistol grip FDE",
        "ModType": "",
        "VerticalRecoil": 0,
        "HorizontalRecoil": 0,
        "Dispersion": 0,
        "AimSpeed": 2,
        "Ergonomics": 5.5,
        "Accuracy": 0,
        "ConflictingItems": [],
        "Weight": 0.053,
        "LoyaltyLevel": 3,
        "Handling": 5,
        "AimStability": 5
    },
    "68c5613ff19e7d06d6029a47": {
        "$type": "RealismMod.WeaponMod, RealismMod",
        "ItemID": "68c5613ff19e7d06d6029a47",
        "Name": "B5 P22 pistol grip MCBlack",
        "ModType": "",
        "VerticalRecoil": 0,
        "HorizontalRecoil": 0,
        "Dispersion": 0,
        "AimSpeed": 2,
        "Ergonomics": 5.5,
        "Accuracy": 0,
        "ConflictingItems": [],
        "Weight": 0.053,
        "LoyaltyLevel": 3,
        "Handling": 5,
        "AimStability": 5
    },
    "68c5613ff19e7d06d6029a46": {
        "$type": "RealismMod.WeaponMod, RealismMod",
        "ItemID": "68c5613ff19e7d06d6029a46",
        "Name": "B5 P22 pistol grip OD",
        "ModType": "",
        "VerticalRecoil": 0,
        "HorizontalRecoil": 0,
        "Dispersion": 0,
        "AimSpeed": 2,
        "Ergonomics": 5.5,
        "Accuracy": 0,
        "ConflictingItems": [],
        "Weight": 0.053,
        "LoyaltyLevel": 3,
        "Handling": 5,
        "AimStability": 5
    },
    "68c58ca0bab700bb310485c0": {
        "$type": "RealismMod.WeaponMod, RealismMod",
        "ItemID": "68c58ca0bab700bb310485c0",
        "Name": "B5 P22 pistol grip Pax Armata",
        "ModType": "",
        "VerticalRecoil": 0,
        "HorizontalRecoil": 0,
        "Dispersion": 0,
        "AimSpeed": 2,
        "Ergonomics": 5.5,
        "Accuracy": 0,
        "ConflictingItems": [],
        "Weight": 0.053,
        "LoyaltyLevel": 3,
        "Handling": 5,
        "AimStability": 5
    },
    "68c57d3bf19e7d06d6029a48": {
        "$type": "RealismMod.WeaponMod, RealismMod",
        "ItemID": "68c57d3bf19e7d06d6029a48",
        "Name": "B5 P22 pistol grip Wolf Grey",
        "ModType": "",
        "VerticalRecoil": 0,
        "HorizontalRecoil": 0,
        "Dispersion": 0,
        "AimSpeed": 2,
        "Ergonomics": 5.5,
        "Accuracy": 0,
        "ConflictingItems": [],
        "Weight": 0.053,
        "LoyaltyLevel": 3,
        "Handling": 5,
        "AimStability": 5
    },
    "68c5613ff19e7d06d6029a41": {
        "$type": "RealismMod.WeaponMod, RealismMod",
        "ItemID": "68c5613ff19e7d06d6029a41",
        "Name": "BCM GunFighter Mod 4 pistol grip",
        "ModType": "",
        "VerticalRecoil": 0,
        "HorizontalRecoil": 0,
        "Dispersion": 0,
        "AimSpeed": 1,
        "Ergonomics": 6.5,
        "Accuracy": 0,
        "ConflictingItems": [],
        "Weight": 0.077,
        "LoyaltyLevel": 2,
        "AimStability": 4
    },
    "68c5613ff19e7d06d6029a42": {
        "$type": "RealismMod.WeaponMod, RealismMod",
        "ItemID": "68c5613ff19e7d06d6029a42",
        "Name": "BCM GunFighter Mod 4 pistol grip FDE",
        "ModType": "",
        "VerticalRecoil": 0,
        "HorizontalRecoil": 0,
        "Dispersion": 0,
        "AimSpeed": 1,
        "Ergonomics": 6.5,
        "Accuracy": 0,
        "ConflictingItems": [],
        "Weight": 0.077,
        "LoyaltyLevel": 2,
        "AimStability": 4
    },
    "68c58ca0bab700bb310485c1": {
        "$type": "RealismMod.WeaponMod, RealismMod",
        "ItemID": "68c58ca0bab700bb310485c1",
        "Name": "BCM GunFighter Mod 4 pistol grip PAX ARMATA",
        "ModType": "",
        "VerticalRecoil": 0,
        "HorizontalRecoil": 0,
        "Dispersion": 0,
        "AimSpeed": 1,
        "Ergonomics": 6.5,
        "Accuracy": 0,
        "ConflictingItems": [],
        "Weight": 0.077,
        "LoyaltyLevel": 2,
        "AimStability": 4
    },
    "68c6e7ae55918f7c4f044d55": {
        "$type": "RealismMod.WeaponMod, RealismMod",
        "ItemID": "68c6e7ae55918f7c4f044d55",
        "Name": "Strike Industries Sidewinder Front Sight",
        "ModType": "sight",
        "AimSpeed": 0,
        "Accuracy": 0,
        "ConflictingItems": [],
        "Ergonomics": 0,
        "Weight": 0.05,
        "VerticalRecoil": 0,
        "HorizontalRecoil": 0,
        "LoyaltyLevel": 2
    },
    "68c6e7ae55918f7c4f044d53": {
        "$type": "RealismMod.WeaponMod, RealismMod",
        "ItemID": "68c6e7ae55918f7c4f044d53",
        "Name": "Strike Industries Sidewinder Rear Sight",
        "ModType": "sight",
        "AimSpeed": 0,
        "Accuracy": 0,
        "ConflictingItems": [],
        "Ergonomics": 0,
        "Weight": 0.05,
        "VerticalRecoil": 0,
        "HorizontalRecoil": 0,
        "LoyaltyLevel": 2
    },
    "68c734bdcac1ff3d420fceb6": {
        "$type": "RealismMod.WeaponMod, RealismMod",
        "ItemID": "68c734bdcac1ff3d420fceb6",
        "Name": "Strike Industries Sidewinder Front Sight FDE",
        "ModType": "sight",
        "AimSpeed": 0,
        "Accuracy": 0,
        "ConflictingItems": [],
        "Ergonomics": 0,
        "Weight": 0.05,
        "VerticalRecoil": 0,
        "HorizontalRecoil": 0,
        "LoyaltyLevel": 2
    },
    "68c734bdcac1ff3d420fceb5": {
        "$type": "RealismMod.WeaponMod, RealismMod",
        "ItemID": "68c734bdcac1ff3d420fceb5",
        "Name": "Strike Industries Sidewinder Rear Sight FDE",
        "ModType": "sight",
        "AimSpeed": 0,
        "Accuracy": 0,
        "ConflictingItems": [],
        "Ergonomics": 0,
        "Weight": 0.05,
        "VerticalRecoil": 0,
        "HorizontalRecoil": 0,
        "LoyaltyLevel": 2
    },
    "68c72885cac1ff3d420fceb0": {
        "$type": "RealismMod.WeaponMod, RealismMod",
        "ItemID": "68c72885cac1ff3d420fceb0",
        "Name": "Strike Industries Sidewinder Front Sight Red",
        "ModType": "sight",
        "AimSpeed": 0,
        "Accuracy": 0,
        "ConflictingItems": [],
        "Ergonomics": 0,
        "Weight": 0.05,
        "VerticalRecoil": 0,
        "HorizontalRecoil": 0,
        "LoyaltyLevel": 2
    },
    "68c6e7ae55918f7c4f044d54": {
        "$type": "RealismMod.WeaponMod, RealismMod",
        "ItemID": "68c6e7ae55918f7c4f044d54",
        "Name": "Strike Industries Sidewinder Rear Sight Red",
        "ModType": "sight",
        "AimSpeed": 0,
        "Accuracy": 0,
        "ConflictingItems": [],
        "Ergonomics": 0,
        "Weight": 0.05,
        "VerticalRecoil": 0,
        "HorizontalRecoil": 0,
        "LoyaltyLevel": 2
    },
    "68c72885cac1ff3d420fceaf": {
        "$type": "RealismMod.WeaponMod, RealismMod",
        "ItemID": "68c72885cac1ff3d420fceaf",
        "Name": "Strike Industries Sidewinder Front Sight Folded",
        "ModType": "sight",
        "AimSpeed": 0,
        "Accuracy": 0,
        "ConflictingItems": [],
        "Ergonomics": 0,
        "Weight": 0.05,
        "VerticalRecoil": 0,
        "HorizontalRecoil": 0,
        "LoyaltyLevel": 2
    },
    "68c72885cac1ff3d420fceb1": {
        "$type": "RealismMod.WeaponMod, RealismMod",
        "ItemID": "68c72885cac1ff3d420fceb1",
        "Name": "Strike Industries Sidewinder Rear Sight Folded",
        "ModType": "sight",
        "AimSpeed": 0,
        "Accuracy": 0,
        "ConflictingItems": [],
        "Ergonomics": 0,
        "Weight": 0.05,
        "VerticalRecoil": 0,
        "HorizontalRecoil": 0,
        "LoyaltyLevel": 2
    },
    "68c734bdcac1ff3d420fceb3": {
        "$type": "RealismMod.WeaponMod, RealismMod",
        "ItemID": "68c734bdcac1ff3d420fceb3",
        "Name": "Strike Industries Sidewinder Front Sight Folded FDE",
        "ModType": "sight",
        "AimSpeed": 0,
        "Accuracy": 0,
        "ConflictingItems": [],
        "Ergonomics": 0,
        "Weight": 0.05,
        "VerticalRecoil": 0,
        "HorizontalRecoil": 0,
        "LoyaltyLevel": 2
    },
    "68c734bdcac1ff3d420fceb4": {
        "$type": "RealismMod.WeaponMod, RealismMod",
        "ItemID": "68c734bdcac1ff3d420fceb4",
        "Name": "Strike Industries Sidewinder Rear Sight Folded FDE",
        "ModType": "sight",
        "AimSpeed": 0,
        "Accuracy": 0,
        "ConflictingItems": [],
        "Ergonomics": 0,
        "Weight": 0.05,
        "VerticalRecoil": 0,
        "HorizontalRecoil": 0,
        "LoyaltyLevel": 2
    },
    "68c6e7ae55918f7c4f044d56": {
        "$type": "RealismMod.WeaponMod, RealismMod",
        "ItemID": "68c6e7ae55918f7c4f044d56",
        "Name": "Strike Industries Sidewinder Front Sight Folded Red",
        "ModType": "sight",
        "AimSpeed": 0,
        "Accuracy": 0,
        "ConflictingItems": [],
        "Ergonomics": 0,
        "Weight": 0.05,
        "VerticalRecoil": 0,
        "HorizontalRecoil": 0,
        "LoyaltyLevel": 2
    },
    "68c72885cac1ff3d420fceb2": {
        "$type": "RealismMod.WeaponMod, RealismMod",
        "ItemID": "68c72885cac1ff3d420fceb2",
        "Name": "Strike Industries Sidewinder Rear Sight Folded Red",
        "ModType": "sight",
        "AimSpeed": 0,
        "Accuracy": 0,
        "ConflictingItems": [],
        "Ergonomics": 0,
        "Weight": 0.05,
        "VerticalRecoil": 0,
        "HorizontalRecoil": 0,
        "LoyaltyLevel": 2
    },
    "68c09d530821a5c0980abde0": {
        "$type": "RealismMod.WeaponMod, RealismMod",
        "ItemID": "68c09d530821a5c0980abde0",
        "Name": "MK-12 Mod 0 Handguard Replica",
        "ModType": "",
        "VerticalRecoil": -3,
        "HorizontalRecoil": -1,
        "Dispersion": -5,
        "AimSpeed": 2,
        "ChamberSpeed": 0,
        "Ergonomics": 14,
        "Accuracy": 15,
        "HeatFactor": 0.998,
        "CoolFactor": 1.05,
        "ConflictingItems": [
            "5a34fbadc4a28200741e230a",
            "55d35ee94bdc2d61338b4568",
            "5ae30e795acfc408fb139a0b",
            "56ea8d2fd2720b7c698b4570"
        ],
        "Weight": 0.467,
        "LoyaltyLevel": 4,
        "AimStability": 10,
        "Handling": 1
    },
    "68c2053d92d53f5c800981f0": {
        "$type": "RealismMod.WeaponMod, RealismMod",
        "ItemID": "68c2053d92d53f5c800981f0",
        "Name": "MK-12 Mod 0 Barrel",
        "ModType": "",
        "VerticalRecoil": 0,
        "HorizontalRecoil": -18,
        "AutoROF": -1.5,
        "SemiROF": -1.5,
        "ModMalfunctionChance": -15,
        "CameraRecoil": -15,
        "Convergence": 0,
        "Accuracy": 5,
        "CenterOfImpact": 0.02,
        "HeatFactor": 0.928,
        "CoolFactor": 1.053,
        "DurabilityBurnModificator": 0.75,
        "Velocity": 4,
        "ConflictingItems": [
            "5c0e2f5cd174af02a012cfc9",
            "5ae30db85acfc408fb139a05",
            "55d459824bdc2d892f8b4573",
            "5c78f2792e221600106f4683",
            "5c78f26f2e221601da3581d1",
            "5d00e0cbd7ad1a6c6566a42d",
            "5d00f63bd7ad1a59283b1c1e"
        ],
        "Ergonomics": 0,
        "Weight": 1.185,
        "ShotgunDispersion": 1,
        "Loudness": 0,
        "LoyaltyLevel": 3
    },
    "68c3305a5cb3ac684f078d1d": {
        "$type": "RealismMod.WeaponMod, RealismMod",
        "ItemID": "68c3305a5cb3ac684f078d1d",
        "Name": "Mk-12 Mod 0 FlashHider",
        "ModType": "muzzle_supp_adapter",
        "VerticalRecoil": 0,
        "HorizontalRecoil": -13,
        "Dispersion": -12,
        "CameraRecoil": 0,
        "AutoROF": 0,
        "SemiROF": 0,
        "ModMalfunctionChance": 0,
        "CanCycleSubs": false,
        "Accuracy": 0,
        "HeatFactor": 1,
        "CoolFactor": 1,
        "DurabilityBurnModificator": 1,
        "Velocity": 0,
        "RecoilAngle": 0,
        "ConflictingItems": [],
        "Ergonomics": 0,
        "Weight": 0.077,
        "Loudness": 15,
        "Convergence": 7,
        "LoyaltyLevel": 3,
        "Flash": -35
    },
    "68c74b75cac1ff3d420fcecd": {
        "$type": "RealismMod.WeaponMod, RealismMod",
        "ItemID": "68c74b75cac1ff3d420fcecd",
        "Name": "Rotor 43 Handguard",
        "ModType": "",
        "VerticalRecoil": -1,
        "HorizontalRecoil": -5,
        "Dispersion": -3,
        "AimSpeed": 0,
        "Ergonomics": 12,
        "Accuracy": 12,
        "HeatFactor": 0.978,
        "CoolFactor": 1.02,
        "ConflictingItems": [],
        "Weight": 0.255,
        "LoyaltyLevel": 3,
        "AimStability": 10,
        "Handling": 5
    },
    "68c74b75cac1ff3d420fceca": {
        "$type": "RealismMod.WeaponMod, RealismMod",
        "ItemID": "68c74b75cac1ff3d420fceca",
        "Name": "Rotor 43 Handguard FDE",
        "ModType": "",
        "VerticalRecoil": -1,
        "HorizontalRecoil": -5,
        "Dispersion": -3,
        "AimSpeed": 0,
        "Ergonomics": 12,
        "Accuracy": 12,
        "HeatFactor": 0.978,
        "CoolFactor": 1.02,
        "ConflictingItems": [],
        "Weight": 0.255,
        "LoyaltyLevel": 3,
        "AimStability": 10,
        "Handling": 5
        
    },
    "68bd7b4d8ce7029b6409b4a2": {
        "$type": "RealismMod.WeaponMod, RealismMod",
        "ItemID": "68bd7b4d8ce7029b6409b4a2",
        "Name": "Anaconda Picatinny Riser",
        "ModType": "sight",
        "AimSpeed": 5,
        "Accuracy": -30,
        "ConflictingItems": [],
        "Ergonomics": 0,
        "Weight": 0.155,
        "VerticalRecoil": 0,
        "HorizontalRecoil": 0,
        "LoyaltyLevel": 1
    },
    "68bd7b4d8ce7029b6409b4a3": {
        "$type": "RealismMod.WeaponMod, RealismMod",
        "ItemID": "68bd7b4d8ce7029b6409b4a3",
        "Name": "Anaconda Picatinny Riser FDE",
        "ModType": "sight",
        "AimSpeed": 5,
        "Accuracy": -30,
        "ConflictingItems": [],
        "Ergonomics": 0,
        "Weight": 0.155,
        "VerticalRecoil": 0,
        "HorizontalRecoil": 0,
        "LoyaltyLevel": 1
    },
    "68c69bd6cf7c316a7a006186": {
        "$type": "RealismMod.WeaponMod, RealismMod",
        "ItemID": "68c69bd6cf7c316a7a006186",
        "Name": "AR-15 KAC 14 KeyMod inch handguard",
        "ModType": "",
        "VerticalRecoil": -3,
        "HorizontalRecoil": -3,
        "Dispersion": -1,
        "AimSpeed": 0,
        "Ergonomics": 20,
        "Accuracy": 20,
        "HeatFactor": 0.965,
        "CoolFactor": 1.03,
        "ConflictingItems": [],
        "Weight": 0.41,
        "LoyaltyLevel": 3,
        "Handling": 2,
        "AimStability": 4
    },
    "68c5e43bbab700bb3104865b": {
        "$type": "RealismMod.WeaponMod, RealismMod",
        "ItemID": "68c5e43bbab700bb3104865b",
        "Name": "AR-15 KAC 14 KeyMod inch handguard",
        "ModType": "",
        "VerticalRecoil": -3,
        "HorizontalRecoil": -3,
        "Dispersion": -1,
        "AimSpeed": 0,
        "Ergonomics": 14,
        "Accuracy": 20,
        "HeatFactor": 0.965,
        "CoolFactor": 1.03,
        "ConflictingItems": [],
        "Weight": 0.41,
        "LoyaltyLevel": 3,
        "Handling": 2,
        "AimStability": 4
    },
    "68c60900bab700bb3104874f": {
        "$type": "RealismMod.WeaponMod, RealismMod",
        "ItemID": "68c60900bab700bb3104874f",
        "Name": "AR-15 KAC 13 KeyMod inch handguard",
        "ModType": "",
        "VerticalRecoil": -3,
        "HorizontalRecoil": -2,
        "Dispersion": -1,
        "AimSpeed": 0,
        "Ergonomics": 14,
        "Accuracy": 15,
        "HeatFactor": 0.977,
        "CoolFactor": 1.008,
        "ConflictingItems": [
            "5a34fbadc4a28200741e230a",
            "5ae30e795acfc408fb139a0b",
            "56ea8d2fd2720b7c698b4570",
            "55d35ee94bdc2d61338b4568",
            "603372b4da11d6478d5a07ff"
        ],
        "Weight": 0.389,
        "LoyaltyLevel": 3,
        "AimStability": 4,
        "Handling": 5
    },
    "68c60900bab700bb3104874d": {
        "$type": "RealismMod.WeaponMod, RealismMod",
        "ItemID": "68c60900bab700bb3104874d",
        "Name": "AR-15 KAC 10.75 KeyMod inch handguard",
        "ModType": "",
        "VerticalRecoil": -3,
        "HorizontalRecoil": -2,
        "Dispersion": -1,
        "AimSpeed": 0,
        "Ergonomics": 14,
        "Accuracy": 15,
        "HeatFactor": 0.976,
        "CoolFactor": 1.007,
        "ConflictingItems": [],
        "Weight": 0.345,
        "LoyaltyLevel": 3,
        "AimStability": 4,
        "Handling": 5
    },
    "68c60900bab700bb3104874c": {
        "$type": "RealismMod.WeaponMod, RealismMod",
        "ItemID": "68c60900bab700bb3104874c",
        "Name": "AR-15 KAC 10 KeyMod inch handguard",
        "ModType": "",
        "VerticalRecoil": -3,
        "HorizontalRecoil": -2,
        "Dispersion": -1,
        "AimSpeed": 0,
        "Ergonomics": 14,
        "Accuracy": 15,
        "HeatFactor": 0.977,
        "CoolFactor": 1.008,
        "ConflictingItems": [],
        "Weight": 0.335,
        "LoyaltyLevel": 3,
        "AimStability": 4,
        "Handling": 5
    },
    "68c5e43bbab700bb3104865a": {
        "$type": "RealismMod.WeaponMod, RealismMod",
        "ItemID": "68c5e43bbab700bb3104865a",
        "Name": "AR-15 KAC 8 KeyMod inch handguard",
        "ModType": "",
        "VerticalRecoil": -1,
        "HorizontalRecoil": -2,
        "Dispersion": -1,
        "AimSpeed": 0,
        "Ergonomics": 16,
        "Accuracy": 9,
        "HeatFactor": 0.996,
        "CoolFactor": 1.054,
        "ConflictingItems": [],
        "Weight": 0.290,
        "LoyaltyLevel": 3,
        "Price": 0,
        "AimStability": 4,
        "Handling": 5
    },
    "68bb6be346d4437fb40002e0": {
        "$type": "RealismMod.WeaponMod, RealismMod",
        "ItemID": "68bb6be346d4437fb40002e0",
        "Name": "Arisaka offset optic mount",
        "ModType": "mount",
        "Ergonomics": 0,
        "AimSpeed": 2,
        "Accuracy": -5,
        "ConflictingItems": [],
        "Weight": 0.04,
        "LoyaltyLevel": 2
    },
    "68cc8c8364bcae283b0e0a6b": {
        "$type": "RealismMod.WeaponMod, RealismMod",
        "ItemID": "68cc8c8364bcae283b0e0a6b",
        "Name": "AS VAL Mod 3.5 Full Handguard",
        "ModType": "",
        "VerticalRecoil": -2,
        "HorizontalRecoil": -5,
        "Dispersion": -3,
        "Handling": 5,
        "AimSpeed": 0,
        "ChamberSpeed": 0,
        "Ergonomics": 10,
        "Accuracy": 5,
        "HeatFactor": 0.945,
        "CoolFactor": 1.056,
        "ConflictingItems": [],
        "Weight": 0.358,
        "LoyaltyLevel": 3
    },
    "68c48eb7c91390fb930e8d95": {
        "$type": "RealismMod.WeaponMod, RealismMod",
        "ItemID": "68c48eb7c91390fb930e8d95",
        "Name": "Knight's Armament KAC M-LOK Finger Stop",
        "ModType": "",
        "VerticalRecoil": -1,
        "HorizontalRecoil": -4,
        "Dispersion": -2,
        "AimSpeed": 5,
        "Ergonomics": 2.5,
        "Accuracy": 0,
        "ConflictingItems": [],
        "Weight": 0.025,
        "LoyaltyLevel": 2,
        "AimStability": 2,
        "Handling": 1
    },
    "68c48eb7c91390fb930e8d96": {
        "$type": "RealismMod.WeaponMod, RealismMod",
        "ItemID": "68c48eb7c91390fb930e8d96",
        "Name": "Knight's Armament KAC M-LOK Barrier Stop",
        "ModType": "",
        "VerticalRecoil": -1,
        "HorizontalRecoil": -4,
        "Dispersion": -2,
        "AimSpeed": 5,
        "Ergonomics": 4.5,
        "Accuracy": 0,
        "ConflictingItems": [],
        "Weight": 0.028,
        "LoyaltyLevel": 2,
        "AimStability": 2,
        "Handling": 1
    },
    "68c48eb7c91390fb930e8d94": {
        "$type": "RealismMod.WeaponMod, RealismMod",
        "ItemID": "68c48eb7c91390fb930e8d94",
        "Name": "Knight's Armament KAC M-LOK Barrier Grip",
        "ModType": "",
        "VerticalRecoil": 0,
        "HorizontalRecoil": -4,
        "Dispersion": -3,
        "AimSpeed": 4,
        "Ergonomics": 4.5,
        "Accuracy": 0,
        "ConflictingItems": [],
        "Weight": 0.031,
        "LoyaltyLevel": 2,
        "AimStability": 4,
        "Handling": 5
    },
    "68cc8c8364bcae283b0e0a5c": {
        "$type": "RealismMod.WeaponMod, RealismMod",
        "ItemID": "68cc8c8364bcae283b0e0a5c",
        "Name": "ZenitCo PT-2 LMG Telescopic Stock (FDE)",
        "ModType": "StockR",
        "VerticalRecoil": 0,
        "HorizontalRecoil": -35,
        "Dispersion": 0,
        "CameraRecoil": -15,
        "AimSpeed": 3,
        "Ergonomics": 16,
        "Accuracy": 0,
        "HasShoulderContact": true,
        "BlocksFolding": false,
        "AutoROF": 0,
        "SemiROF": 0,
        "ModMalfunctionChance": 0,
        "StockAllowADS": false,
        "ConflictingItems": [],
        "Weight": 1.11,
        "HeatFactor": 1,
        "CoolFactor": 1,
        "LoyaltyLevel": 3
    },
    "68cc8c8364bcae283b0e0a62": {
        "$type": "RealismMod.WeaponMod, RealismMod",
        "ItemID": "68cc8c8364bcae283b0e0a62",
        "Name": "ZenitCo PT-2 LMG Telescopic Stock",
        "ModType": "StockR",
        "VerticalRecoil": 0,
        "HorizontalRecoil": -35,
        "Dispersion": 0,
        "CameraRecoil": -15,
        "AimSpeed": 3,
        "Ergonomics": 16,
        "Accuracy": 0,
        "HasShoulderContact": true,
        "BlocksFolding": false,
        "AutoROF": 0,
        "SemiROF": 0,
        "ModMalfunctionChance": 0,
        "StockAllowADS": false,
        "ConflictingItems": [],
        "Weight": 1.11,
        "HeatFactor": 1,
        "CoolFactor": 1,
        "LoyaltyLevel": 3
    },
    "68cc8c8364bcae283b0e0a65": {
        "$type": "RealismMod.WeaponMod, RealismMod",
        "ItemID": "68cc8c8364bcae283b0e0a65",
        "Name": "PK Zenit B-50 handguard (FDE)",
        "ModType": "",
        "VerticalRecoil": -1,
        "HorizontalRecoil": -1,
        "Dispersion": -1,
        "AimSpeed": 0,
        "Ergonomics": 22,
        "Accuracy": 0,
        "HeatFactor": 1,
        "CoolFactor": 1.1,
        "ConflictingItems": [],
        "Weight": 0.36,
        "LoyaltyLevel": 4
    },
    "68ce92c6f9eb4574170fbac9": {
        "$type": "RealismMod.WeaponMod, RealismMod",
        "ItemID": "68ce92c6f9eb4574170fbac9",
        "Name": "Zenitco B-51 PKM Top Rail",
        "ModType": "mount",
        "Ergonomics": 0,
        "AimSpeed": 2,
        "Accuracy": -5,
        "ConflictingItems": [],
        "Weight": 0.229,
        "LoyaltyLevel": 3
    },
    "68ce92c6f9eb4574170fbace": {
        "$type": "RealismMod.WeaponMod, RealismMod",
        "ItemID": "68ce92c6f9eb4574170fbace",
        "Name": "Zenitco B-51 PKM Top Rail FDE",
        "ModType": "mount",
        "Ergonomics": 0,
        "AimSpeed": 2,
        "Accuracy": -5,
        "ConflictingItems": [],
        "Weight": 0.229,
        "LoyaltyLevel": 3
    },
    "68e6df79cf0bb22665098f60": {
        "$type": "RealismMod.Gun, RealismMod",
        "ItemID": "68e6df79cf0bb22665098f60",
        "Name": "Zastava M19 MCS 7.62x39 assault rifle",
        "WeapType": "",
        "OperationType": "",
        "WeapAccuracy": 0,
        "BaseTorque": 0,
        "HasShoulderContact": false,
        "Ergonomics": 81,
        "VerticalRecoil": 92,
        "HorizontalRecoil": 196,
        "Dispersion": 10,
        "CameraRecoil": 0.036,
        "VisualMulti": 0.95,
        "Convergence": 14,
        "RecoilAngle": 84,
        "BaseMalfunctionChance": 0.0015,
        "HeatFactorGun": 0.34,
        "HeatFactorByShot": 1,
        "CoolFactorGun": 0.1,
        "CoolFactorGunMods": 1,
        "AllowOverheat": true,
        "CenterOfImpact": 0.01,
        "HipAccuracyRestorationDelay": 0.2,
        "HipAccuracyRestorationSpeed": 7,
        "HipInnaccuracyGain": 0.16,
        "ShotgunDispersion": 0,
        "Velocity": 0,
        "RecoilDamping": 0.837,
        "RecoilHandDamping": 0.75,
        "WeaponAllowADS": false,
        "Weight": 1.97,
        "DurabilityBurnRatio": 0.36,
        "AutoROF": 700,
        "SemiROF": 410,
        "LoyaltyLevel": 3,
        "BaseReloadSpeedMulti": 1,
        "BaseChamberSpeedMulti": 1,
        "MinChamberSpeed": 0.7,
        "MaxChamberSpeed": 1.5,
        "IsManuallyOperated": false,
        "BaseChamberCheckSpeed": 0.9,
        "BaseFixSpeed": 0.8,
        "OffsetRotation": 0.009,
        "RecoilIntensity": 0.16
    },
    "68e84293bc3a402bbb07e11d": {
        "$type": "RealismMod.Gun, RealismMod",
        "ItemID": "68e84293bc3a402bbb07e11d",
        "Name": "Zastava M19 MCS 7.62x39 assault rifle (FDE)",
        "WeapType": "",
        "OperationType": "",
        "WeapAccuracy": 0,
        "BaseTorque": 0,
        "HasShoulderContact": false,
        "Ergonomics": 81,
        "VerticalRecoil": 92,
        "HorizontalRecoil": 196,
        "Dispersion": 10,
        "CameraRecoil": 0.036,
        "VisualMulti": 0.95,
        "Convergence": 14,
        "RecoilAngle": 84,
        "BaseMalfunctionChance": 0.0015,
        "HeatFactorGun": 0.34,
        "HeatFactorByShot": 1,
        "CoolFactorGun": 0.1,
        "CoolFactorGunMods": 1,
        "AllowOverheat": true,
        "CenterOfImpact": 0.01,
        "HipAccuracyRestorationDelay": 0.2,
        "HipAccuracyRestorationSpeed": 7,
        "HipInnaccuracyGain": 0.16,
        "ShotgunDispersion": 0,
        "Velocity": 0,
        "RecoilDamping": 0.837,
        "RecoilHandDamping": 0.75,
        "WeaponAllowADS": false,
        "Weight": 1.97,
        "DurabilityBurnRatio": 0.36,
        "AutoROF": 700,
        "SemiROF": 410,
        "LoyaltyLevel": 3,
        "BaseReloadSpeedMulti": 1,
        "BaseChamberSpeedMulti": 1,
        "MinChamberSpeed": 0.7,
        "MaxChamberSpeed": 1.5,
        "IsManuallyOperated": false,
        "BaseChamberCheckSpeed": 0.9,
        "BaseFixSpeed": 0.8,
        "OffsetRotation": 0.009,
        "RecoilIntensity": 0.16
    },
    "68e6df79cf0bb22665098f61": {
        "$type": "RealismMod.WeaponMod, RealismMod",
        "ItemID": "68e6df79cf0bb22665098f61",
        "Name": "Zastava M19 7.62x39 16.3 inch barrel",
        "ModType": "",
        "VerticalRecoil": -6,
        "HorizontalRecoil": -16,
        "AutoROF": 2,
        "SemiROF": 1.25,
        "ModMalfunctionChance": -5,
        "CameraRecoil": -10,
        "Convergence": 0,
        "Accuracy": 0,
        "CenterOfImpact": 0.015,
        "HeatFactor": 0.94,
        "CoolFactor": 0.94,
        "DurabilityBurnModificator": 1,
        "Velocity": 4.6,
        "ConflictingItems": [],
        "Ergonomics": 0,
        "Weight": 1.12,
        "ShotgunDispersion": 1,
        "Loudness": 0,
        "LoyaltyLevel": 3
    },
    "68e84293bc3a402bbb07e11f": {
        "$type": "RealismMod.WeaponMod, RealismMod",
        "ItemID": "68e84293bc3a402bbb07e11f",
        "Name": "Zastava M19 7.62x39 16.3 inch barrel (FDE)",
        "ModType": "",
        "VerticalRecoil": -6,
        "HorizontalRecoil": -16,
        "AutoROF": 2,
        "SemiROF": 1.25,
        "ModMalfunctionChance": -5,
        "CameraRecoil": -10,
        "Convergence": 0,
        "Accuracy": 0,
        "CenterOfImpact": 0.015,
        "HeatFactor": 0.94,
        "CoolFactor": 0.94,
        "DurabilityBurnModificator": 1,
        "Velocity": 4.6,
        "ConflictingItems": [],
        "Ergonomics": 0,
        "Weight": 1.12,
        "ShotgunDispersion": 1,
        "Loudness": 0,
        "LoyaltyLevel": 3
    },
    "68e95e883eb804510c028a84": {
        "$type": "RealismMod.WeaponMod, RealismMod",
        "ItemID": "68e95e883eb804510c028a84",
        "Name": "Zastava M19 7.62x39 10 inch barrel",
        "ModType": "short_barrel",
        "VerticalRecoil": -1,
        "HorizontalRecoil": -3,
        "AutoROF": 5.5,
        "SemiROF": 2.5,
        "CameraRecoil": 2,
        "ModMalfunctionChance": 60,
        "Convergence": 0,
        "Accuracy": 0,
        "CenterOfImpact": 0.028,
        "HeatFactor": 1.06,
        "CoolFactor": 1.09,
        "DurabilityBurnModificator": 1.08,
        "Velocity": -19.2,
        "ConflictingItems": [],
        "Ergonomics": 0,
        "Weight": 0.76,
        "ShotgunDispersion": 1,
        "Loudness": 0,
        "LoyaltyLevel": 3
    },
    "68e95e883eb804510c028a85": {
        "$type": "RealismMod.WeaponMod, RealismMod",
        "ItemID": "68e95e883eb804510c028a85",
        "Name": "Zastava M19 7.62x39 10 inch barrel (FDE)",
        "ModType": "short_barrel",
        "VerticalRecoil": -1,
        "HorizontalRecoil": -3,
        "AutoROF": 5.5,
        "SemiROF": 2.5,
        "CameraRecoil": 2,
        "ModMalfunctionChance": 60,
        "Convergence": 0,
        "Accuracy": 0,
        "CenterOfImpact": 0.028,
        "HeatFactor": 1.06,
        "CoolFactor": 1.09,
        "DurabilityBurnModificator": 1.08,
        "Velocity": -19.2,
        "ConflictingItems": [],
        "Ergonomics": 0,
        "Weight": 0.76,
        "ShotgunDispersion": 1,
        "Loudness": 0,
        "LoyaltyLevel": 3
    },
    "68e6df79cf0bb22665098f64": {
        "$type": "RealismMod.WeaponMod, RealismMod",
        "ItemID": "68e6df79cf0bb22665098f64",
        "Name": "Zastava M19 standard charging handle",
        "ModType": "",
        "ReloadSpeed": 0,
        "ConflictingItems": [],
        "FixSpeed": 0,
        "Ergonomics": 0,
        "Weight": 0.03,
        "VerticalRecoil": 0,
        "HorizontalRecoil": 0,
        "CameraRecoil": 0,
        "ChamberSpeed": 5,
        "LoyaltyLevel": 3,
        "Flash": -5
    },
    "68e84293bc3a402bbb07e121": {
        "$type": "RealismMod.WeaponMod, RealismMod",
        "ItemID": "68e84293bc3a402bbb07e121",
        "Name": "Zastava M19 standard charging handle (FDE)",
        "ModType": "",
        "ReloadSpeed": 0,
        "ConflictingItems": [],
        "FixSpeed": 0,
        "Ergonomics": 0,
        "Weight": 0.03,
        "VerticalRecoil": 0,
        "HorizontalRecoil": 0,
        "CameraRecoil": 0,
        "ChamberSpeed": 5,
        "LoyaltyLevel": 3,
        "Flash": -5
    },
    "68e6df79cf0bb22665098f63": {
        "$type": "RealismMod.WeaponMod, RealismMod",
        "ItemID": "68e6df79cf0bb22665098f63",
        "Name": "Zastava M19 Handguard",
        "ModType": "",
        "VerticalRecoil": -1,
        "HorizontalRecoil": -1,
        "Dispersion": -1,
        "AimSpeed": 0,
        "Ergonomics": 8,
        "Accuracy": 0,
        "HeatFactor": 1,
        "CoolFactor": 1,
        "ConflictingItems": [],
        "Weight": 0.15,
        "LoyaltyLevel": 3,
        "Handling": 5,
        "AimStability": 5
    },
    "68e84293bc3a402bbb07e11e": {
        "$type": "RealismMod.WeaponMod, RealismMod",
        "ItemID": "68e84293bc3a402bbb07e11e",
        "Name": "Zastava M19 Handguard (FDE)",
        "ModType": "",
        "VerticalRecoil": -1,
        "HorizontalRecoil": -1,
        "Dispersion": -1,
        "AimSpeed": 0,
        "Ergonomics": 8,
        "Accuracy": 0,
        "HeatFactor": 1,
        "CoolFactor": 1,
        "ConflictingItems": [],
        "Weight": 0.15,
        "LoyaltyLevel": 3,
        "Handling": 5,
        "AimStability": 5
    },
    "68e6df79cf0bb22665098f69": {
        "$type": "RealismMod.WeaponMod, RealismMod",
        "ItemID": "68e6df79cf0bb22665098f69",
        "Name": "Zastava M19 standard rear sight",
        "ModType": "sight",
        "AimSpeed": 0,
        "Accuracy": 0,
        "ConflictingItems": [],
        "Ergonomics": 0,
        "Weight": 0.035,
        "VerticalRecoil": 0,
        "HorizontalRecoil": 0,
        "LoyaltyLevel": 2
    },
    "68e84293bc3a402bbb07e124": {
        "$type": "RealismMod.WeaponMod, RealismMod",
        "ItemID": "68e84293bc3a402bbb07e124",
        "Name": "Zastava M19 standard rear sight (FDE)",
        "ModType": "sight",
        "AimSpeed": 0,
        "Accuracy": 0,
        "ConflictingItems": [],
        "Ergonomics": 0,
        "Weight": 0.035,
        "VerticalRecoil": 0,
        "HorizontalRecoil": 0,
        "LoyaltyLevel": 2
    },
    "68e6df79cf0bb22665098f66": {
        "$type": "RealismMod.WeaponMod, RealismMod",
        "ItemID": "68e6df79cf0bb22665098f66",
        "Name": "Zastava M19 Pistol Grip",
        "ModType": "",
        "VerticalRecoil": 0,
        "HorizontalRecoil": 0,
        "Dispersion": 0,
        "AimSpeed": 0,
        "Ergonomics": 4.5,
        "Accuracy": 0,
        "ConflictingItems": [],
        "Weight": 0.051,
        "LoyaltyLevel": 3,
        "Handling": 0,
        "AimStability": 0
    },
    "68e84293bc3a402bbb07e123": {
        "$type": "RealismMod.WeaponMod, RealismMod",
        "ItemID": "68e84293bc3a402bbb07e123",
        "Name": "Zastava M19 pistol grip (FDE)",
        "ModType": "",
        "VerticalRecoil": 0,
        "HorizontalRecoil": 0,
        "Dispersion": 0,
        "AimSpeed": 0,
        "Ergonomics": 4.5,
        "Accuracy": 0,
        "ConflictingItems": [],
        "Weight": 0.051,
        "LoyaltyLevel": 3,
        "Handling": 0,
        "AimStability": 0
    },
    "68e6df79cf0bb22665098f62": {
        "$type": "RealismMod.WeaponMod, RealismMod",
        "ItemID": "68e6df79cf0bb22665098f62",
        "Name": "Zastava M19 Upper Receiver",
        "ModType": "",
        "ModMalfunctionChance": 0,
        "Accuracy": 10,
        "HeatFactor": 0.984,
        "CoolFactor": 1.017,
        "DurabilityBurnModificator": 1,
        "ConflictingItems": [],
        "Ergonomics": 0,
        "Weight": 0.250,
        "VerticalRecoil": 0,
        "HorizontalRecoil": 0,
        "ChamberSpeed": 0,
        "LoyaltyLevel": 3
    },
    "68e84293bc3a402bbb07e120": {
        "$type": "RealismMod.WeaponMod, RealismMod",
        "ItemID": "68e84293bc3a402bbb07e120",
        "Name": "Zastava M19 Upper Receiver (FDE)",
        "ModType": "",
        "ModMalfunctionChance": 0,
        "Accuracy": 10,
        "HeatFactor": 0.984,
        "CoolFactor": 1.017,
        "DurabilityBurnModificator": 1,
        "ConflictingItems": [],
        "Ergonomics": 0,
        "Weight": 0.250,
        "VerticalRecoil": 0,
        "HorizontalRecoil": 0,
        "ChamberSpeed": 0,
        "LoyaltyLevel": 3
    },
    "68e6df79cf0bb22665098f65": {
        "$type": "RealismMod.WeaponMod, RealismMod",
        "ItemID": "68e6df79cf0bb22665098f65",
        "Name": "Zastava M19 folding stock",
        "ModType": "",
        "VerticalRecoil": -2,
        "HorizontalRecoil": -5,
        "Dispersion": -2,
        "CameraRecoil": -5,
        "AimSpeed": 0,
        "Ergonomics": 10,
        "Accuracy": 0,
        "HasShoulderContact": false,
        "BlocksFolding": false,
        "AutoROF": 0,
        "SemiROF": 0,
        "ModMalfunctionChance": 0,
        "StockAllowADS": false,
        "ConflictingItems": [],
        "Weight": 0.275,
        "LoyaltyLevel": 1,
        "Handling": 6
    },
    "68e84293bc3a402bbb07e122": {
        "$type": "RealismMod.WeaponMod, RealismMod",
        "ItemID": "68e84293bc3a402bbb07e122",
        "Name": "Zastava M19 folding stock (FDE)",
        "ModType": "",
        "VerticalRecoil": -2,
        "HorizontalRecoil": -5,
        "Dispersion": -2,
        "CameraRecoil": -5,
        "AimSpeed": 0,
        "Ergonomics": 10,
        "Accuracy": 0,
        "HasShoulderContact": false,
        "BlocksFolding": false,
        "AutoROF": 0,
        "SemiROF": 0,
        "ModMalfunctionChance": 0,
        "StockAllowADS": false,
        "ConflictingItems": [],
        "Weight": 0.275,
        "LoyaltyLevel": 1,
        "Handling": 6
    },
    "68dec580d8cef922540a65c6": {
        "$type": "RealismMod.Gun, RealismMod",
        "ItemID": "68dec580d8cef922540a65c6",
        "Name": "Kalashnikov SR-1 5.56x45 NATO",
        "WeapType": "",
        "OperationType": "",
        "WeapAccuracy": 0,
        "BaseTorque": 0,
        "HasShoulderContact": false,
        "Ergonomics": 80,
        "VerticalRecoil": 40,
        "HorizontalRecoil": 50,
        "Dispersion": -10,
        "CameraRecoil": 0.06,
        "VisualMulti": 0.5,
        "Convergence": 15,
        "RecoilAngle": 80,
        "BaseMalfunctionChance": 0.0015,
        "HeatFactorGun": 0.30,
        "HeatFactorByShot": 1,
        "CoolFactorGun": 0.1,
        "CoolFactorGunMods": 1,
        "AllowOverheat": true,
        "CenterOfImpact": 0.01,
        "HipAccuracyRestorationDelay": 0.2,
        "HipAccuracyRestorationSpeed": 7,
        "HipInnaccuracyGain": 0.16,
        "ShotgunDispersion": 0,
        "Velocity": 0,
        "RecoilDamping": 0.9,
        "RecoilHandDamping": 0.9,
        "WeaponAllowADS": false,
        "Weight": 2.97,
        "DurabilityBurnRatio": 0.34,
        "AutoROF": 700,
        "SemiROF": 410,
        "LoyaltyLevel": 5,
        "BaseReloadSpeedMulti": 1,
        "BaseChamberSpeedMulti": 1,
        "MinChamberSpeed": 0.7,
        "MaxChamberSpeed": 1.5,
        "IsManuallyOperated": false,
        "BaseChamberCheckSpeed": 0.9,
        "BaseFixSpeed": 0.8,
        "OffsetRotation": 0.009,
        "RecoilIntensity": 0.1
    },
    "68e1040726e57f736103f027": {
        "$type": "RealismMod.Gun, RealismMod",
        "ItemID": "68e1040726e57f736103f027",
        "Name": "Kalashnikov SR-1 5.56x45 NATO (FDE)",
        "WeapType": "",
        "OperationType": "",
        "WeapAccuracy": 0,
        "BaseTorque": 0,
        "HasShoulderContact": false,
        "Ergonomics": 80,
        "VerticalRecoil": 40,
        "HorizontalRecoil": 50,
        "Dispersion": -10,
        "CameraRecoil": 0.06,
        "VisualMulti": 0.5,
        "Convergence": 15,
        "RecoilAngle": 80,
        "BaseMalfunctionChance": 0.0015,
        "HeatFactorGun": 0.30,
        "HeatFactorByShot": 1,
        "CoolFactorGun": 0.1,
        "CoolFactorGunMods": 1,
        "AllowOverheat": true,
        "CenterOfImpact": 0.01,
        "HipAccuracyRestorationDelay": 0.2,
        "HipAccuracyRestorationSpeed": 7,
        "HipInnaccuracyGain": 0.16,
        "ShotgunDispersion": 0,
        "Velocity": 0,
        "RecoilDamping": 0.9,
        "RecoilHandDamping": 0.9,
        "WeaponAllowADS": false,
        "Weight": 2.97,
        "DurabilityBurnRatio": 0.34,
        "AutoROF": 700,
        "SemiROF": 410,
        "LoyaltyLevel": 5,
        "BaseReloadSpeedMulti": 1,
        "BaseChamberSpeedMulti": 1,
        "MinChamberSpeed": 0.7,
        "MaxChamberSpeed": 1.5,
        "IsManuallyOperated": false,
        "BaseChamberCheckSpeed": 0.9,
        "BaseFixSpeed": 0.8,
        "OffsetRotation": 0.009,
        "RecoilIntensity": 0.1
    },
    "68dec580d8cef922540a65c7": {
        "$type": "RealismMod.WeaponMod, RealismMod",
        "ItemID": "68dec580d8cef922540a65c7",
        "Name": "SR-1 Handguard",
        "ModType": "",
        "VerticalRecoil": -1,
        "HorizontalRecoil": -1,
        "Dispersion": -1,
        "AimSpeed": 0,
        "Ergonomics": 7,
        "Accuracy": 0,
        "HeatFactor": 0.98,
        "CoolFactor": 0.97,
        "ConflictingItems": [],
        "Weight": 0.121,
        "LoyaltyLevel": 4,
        "Handling": 5,
        "AimStability": 5
    },
    "68e1040726e57f736103f028": {
        "$type": "RealismMod.WeaponMod, RealismMod",
        "ItemID": "68e1040726e57f736103f028",
        "Name": "SR-1 Handguard (FDE)",
        "ModType": "",
        "VerticalRecoil": -1,
        "HorizontalRecoil": -1,
        "Dispersion": -1,
        "AimSpeed": 0,
        "Ergonomics": 7,
        "Accuracy": 0,
        "HeatFactor": 0.98,
        "CoolFactor": 0.97,
        "ConflictingItems": [],
        "Weight": 0.121,
        "LoyaltyLevel": 4,
        "Handling": 5,
        "AimStability": 5
    },
    "68dec580d8cef922540a65c8": {
        "$type": "RealismMod.WeaponMod, RealismMod",
        "ItemID": "68dec580d8cef922540a65c8",
        "Name": "SR-1 Pistol Grip",
        "ModType": "",
        "VerticalRecoil": 0,
        "HorizontalRecoil": 0,
        "Dispersion": 0,
        "AimSpeed": 0,
        "Ergonomics": 5.5,
        "Accuracy": 0,
        "ConflictingItems": [],
        "Weight": 0.071,
        "LoyaltyLevel": 4,
        "Handling": 4,
        "AimStability": 3
    },
    "68e1040726e57f736103f029": {
        "$type": "RealismMod.WeaponMod, RealismMod",
        "ItemID": "68e1040726e57f736103f029",
        "Name": "SR-1 Pistol Grip (FDE)",
        "ModType": "",
        "VerticalRecoil": 0,
        "HorizontalRecoil": 0,
        "Dispersion": 0,
        "AimSpeed": 0,
        "Ergonomics": 5.5,
        "Accuracy": 0,
        "ConflictingItems": [],
        "Weight": 0.071,
        "LoyaltyLevel": 4,
        "Handling": 4,
        "AimStability": 3
    },
    "68dec580d8cef922540a65c9": {
        "$type": "RealismMod.WeaponMod, RealismMod",
        "ItemID": "68dec580d8cef922540a65c9",
        "Name": "SR-1 DustCover",
        "ModType": "",
        "ModMalfunctionChance": -5,
        "Accuracy": 0,
        "HeatFactor": 0.998,
        "CoolFactor": 1,
        "DurabilityBurnModificator": 0.95,
        "ConflictingItems": [],
        "Ergonomics": 0,
        "Weight": 0.092,
        "VerticalRecoil": 0,
        "HorizontalRecoil": 0,
        "ChamberSpeed": 0,
        "LoyaltyLevel": 4
    },
    "68e1040726e57f736103f02b": {
        "$type": "RealismMod.WeaponMod, RealismMod",
        "ItemID": "68e1040726e57f736103f02b",
        "Name": "SR-1 Stock",
        "ModType": "Stock",
        "VerticalRecoil": 0,
        "HorizontalRecoil": -10,
        "Dispersion": -7,
        "CameraRecoil": -8,
        "AimSpeed": 0,
        "Ergonomics": 12,
        "Accuracy": 0,
        "HasShoulderContact": true,
        "BlocksFolding": false,
        "AutoROF": 0,
        "SemiROF": 0,
        "ModMalfunctionChance": 0,
        "StockAllowADS": false,
        "ConflictingItems": [],
        "Weight": 0.230,
        "LoyaltyLevel": 4,
        "AimStability": 3,
        "Handling": 2
    },
    "68e1040726e57f736103f02a": {
        "$type": "RealismMod.WeaponMod, RealismMod",
        "ItemID": "68e1040726e57f736103f02a",
        "Name": "SR-1 Stock (FDE)",
        "ModType": "Stock",
        "VerticalRecoil": 0,
        "HorizontalRecoil": -10,
        "Dispersion": -7,
        "CameraRecoil": -8,
        "AimSpeed": 0,
        "Ergonomics": 12,
        "Accuracy": 0,
        "HasShoulderContact": true,
        "BlocksFolding": false,
        "AutoROF": 0,
        "SemiROF": 0,
        "ModMalfunctionChance": 0,
        "StockAllowADS": false,
        "ConflictingItems": [],
        "Weight": 0.230,
        "LoyaltyLevel": 4,
        "AimStability": 3,
        "Handling": 2
    },
    "68dec580d8cef922540a65ca": {
        "$type": "RealismMod.WeaponMod, RealismMod",
        "ItemID": "68dec580d8cef922540a65ca",
        "Name": "SR-1 Stock Adapter",
        "ModType": "stock_adapter",
        "VerticalRecoil": 3,
        "HorizontalRecoil": 6.5,
        "Dispersion": 10,
        "CameraRecoil": 7.5,
        "AimSpeed": 0,
        "Ergonomics": 0,
        "Accuracy": 0,
        "HasShoulderContact": false,
        "BlocksFolding": false,
        "AutoROF": 0,
        "SemiROF": 0,
        "ModMalfunctionChance": 0,
        "StockAllowADS": false,
        "ConflictingItems": [],
        "Weight": 0.154,
        "LoyaltyLevel": 4
    },
    "68e257fb2a8dbe0b9903bb2c": {
        "$type": "RealismMod.WeaponMod, RealismMod",
        "ItemID": "68e257fb2a8dbe0b9903bb2c",
        "Name": "Zenitco Sport-4 Handguard",
        "ModType": "",
        "VerticalRecoil": -1,
        "HorizontalRecoil": -3,
        "Dispersion": -2,
        "AimSpeed": 0,
        "ChamberSpeed": 0,
        "Ergonomics": 12,
        "Accuracy": 15,
        "HeatFactor": 0.95,
        "CoolFactor": 1.05,
        "ConflictingItems": [
            "62e7e7bbe6da9612f743f1e0"
        ],
        "Weight": 0.346,
        "Handling": 7,
        "AimStability": 5,
        "LoyaltyLevel": 3
    },
    "68e257fb2a8dbe0b9903bb2d": {
        "$type": "RealismMod.WeaponMod, RealismMod",
        "ItemID": "68e257fb2a8dbe0b9903bb2d",
        "Name": "Zenitco Sport-4 Handguard (FDE)",
        "ModType": "",
        "VerticalRecoil": -1,
        "HorizontalRecoil": -3,
        "Dispersion": -2,
        "AimSpeed": 0,
        "ChamberSpeed": 0,
        "Ergonomics": 12,
        "Accuracy": 15,
        "HeatFactor": 0.95,
        "CoolFactor": 1.05,
        "ConflictingItems": [
            "62e7e7bbe6da9612f743f1e0"
        ],
        "Weight": 0.346,
        "Handling": 7,
        "AimStability": 5,
        "LoyaltyLevel": 3
    },
    "68d96442d7aac8a7a904dafc": {
        "$type": "RealismMod.WeaponMod, RealismMod",
        "ItemID": "68d96442d7aac8a7a904dafc",
        "Name": "Zenitco Sport-1 Handguard",
        "ModType": "",
        "VerticalRecoil": 0,
        "HorizontalRecoil": -1,
        "Dispersion": -1,
        "AimSpeed": 0,
        "ChamberSpeed": 0,
        "Ergonomics": 14,
        "Accuracy": 13,
        "HeatFactor": 0.97,
        "CoolFactor": 1.02,
        "ConflictingItems": [
            "62e7e7bbe6da9612f743f1e0"
        ],
        "Weight": 0.260,
        "Handling": 8,
        "AimStability": 7,
        "LoyaltyLevel": 3
    },
    "68d96442d7aac8a7a904db0c": {
        "$type": "RealismMod.WeaponMod, RealismMod",
        "ItemID": "68d96442d7aac8a7a904db0c",
        "Name": "Zenitco Sport-1 Handguard (FDE)",
        "ModType": "",
        "VerticalRecoil": 0,
        "HorizontalRecoil": -1,
        "Dispersion": -1,
        "AimSpeed": 0,
        "ChamberSpeed": 0,
        "Ergonomics": 14,
        "Accuracy": 13,
        "HeatFactor": 0.97,
        "CoolFactor": 1.02,
        "ConflictingItems": [
            "62e7e7bbe6da9612f743f1e0"
        ],
        "Weight": 0.260,
        "Handling": 8,
        "AimStability": 7,
        "LoyaltyLevel": 3
    },
    "68d96442d7aac8a7a904daf9": {
        "$type": "RealismMod.WeaponMod, RealismMod",
        "ItemID": "68d96442d7aac8a7a904daf9",
        "Name": "SUR300 Charging Handle",
        "ModType": "",
        "ReloadSpeed": 0,
        "ConflictingItems": [],
        "FixSpeed": 15,
        "Ergonomics": 0,
        "Weight": 0.03,
        "VerticalRecoil": 0,
        "HorizontalRecoil": 0,
        "CameraRecoil": 0,
        "ChamberSpeed": 20,
        "LoyaltyLevel": 3,
        "Flash": -10
    },
    "68d96442d7aac8a7a904dafa": {
        "$type": "RealismMod.WeaponMod, RealismMod",
        "ItemID": "68d96442d7aac8a7a904dafa",
        "Name": "SUR300 Charging Handle (FDE)",
        "ModType": "",
        "ReloadSpeed": 0,
        "ConflictingItems": [],
        "FixSpeed": 15,
        "Ergonomics": 0,
        "Weight": 0.03,
        "VerticalRecoil": 0,
        "HorizontalRecoil": 0,
        "CameraRecoil": 0,
        "ChamberSpeed": 20,
        "LoyaltyLevel": 3,
        "Flash": -10
    },
    "68d96442d7aac8a7a904daf7": {
        "$type": "RealismMod.WeaponMod, RealismMod",
        "ItemID": "68d96442d7aac8a7a904daf7",
        "Name": "SUR300 Long Length Handguard",
        "ModType": "",
        "VerticalRecoil": -3.5,
        "HorizontalRecoil": -4,
        "Dispersion": -2.5,
        "AimSpeed": 0,
        "Ergonomics": 13,
        "Accuracy": 0,
        "HeatFactor": 0.940,
        "CoolFactor": 1.031,
        "ConflictingItems": [],
        "Weight": 0.391,
        "LoyaltyLevel": 3,
        "Handling": 5,
        "AimStability": 5
    },
    "68d96442d7aac8a7a904daf8": {
        "$type": "RealismMod.WeaponMod, RealismMod",
        "ItemID": "68d96442d7aac8a7a904daf8",
        "Name": "SUR300 Long Length Handguard (FDE)",
        "ModType": "",
        "VerticalRecoil": -3.5,
        "HorizontalRecoil": -4,
        "Dispersion": -2.5,
        "AimSpeed": 0,
        "Ergonomics": 13,
        "Accuracy": 0,
        "HeatFactor": 0.940,
        "CoolFactor": 1.031,
        "ConflictingItems": [],
        "Weight": 0.391,
        "LoyaltyLevel": 3,
        "Handling": 5,
        "AimStability": 5
    },
    "68d96442d7aac8a7a904daf4": {
        "$type": "RealismMod.WeaponMod, RealismMod",
        "ItemID": "68d96442d7aac8a7a904daf4",
        "Name": "SUR300 Medium Length Handguard",
        "ModType": "",
        "VerticalRecoil": -3,
        "HorizontalRecoil": -3,
        "Dispersion": -2,
        "AimSpeed": 0,
        "Ergonomics": 8,
        "Accuracy": -5,
        "HeatFactor": 0.947,
        "CoolFactor": 1.022,
        "ConflictingItems": [],
        "Weight": 0.365,
        "LoyaltyLevel": 3,
        "Handling": 5,
        "AimStability": 5
    },
    "68d96442d7aac8a7a904daf6": {
        "$type": "RealismMod.WeaponMod, RealismMod",
        "ItemID": "68d96442d7aac8a7a904daf6",
        "Name": "SUR300 Medium Length Handguard (Alt FDE)",
        "ModType": "",
        "VerticalRecoil": -3,
        "HorizontalRecoil": -3,
        "Dispersion": -2,
        "AimSpeed": 0,
        "Ergonomics": 8,
        "Accuracy": -5,
        "HeatFactor": 0.947,
        "CoolFactor": 1.022,
        "ConflictingItems": [],
        "Weight": 0.365,
        "LoyaltyLevel": 3,
        "Handling": 5,
        "AimStability": 5
    },
    "68d96442d7aac8a7a904daf5": {
        "$type": "RealismMod.WeaponMod, RealismMod",
        "ItemID": "68d96442d7aac8a7a904daf5",
        "Name": "SUR300 Medium Length Handguard (Alt)",
        "ModType": "",
        "VerticalRecoil": -3,
        "HorizontalRecoil": -3,
        "Dispersion": -2,
        "AimSpeed": 0,
        "Ergonomics": 8,
        "Accuracy": -5,
        "HeatFactor": 0.947,
        "CoolFactor": 1.022,
        "ConflictingItems": [],
        "Weight": 0.365,
        "LoyaltyLevel": 3,
        "Handling": 5,
        "AimStability": 5
    },
    "68d96442d7aac8a7a904daf3": {
        "$type": "RealismMod.WeaponMod, RealismMod",
        "ItemID": "68d96442d7aac8a7a904daf3",
        "Name": "SUR300 Medium Length Handguard (FDE)",
        "ModType": "",
        "VerticalRecoil": -3,
        "HorizontalRecoil": -3,
        "Dispersion": -2,
        "AimSpeed": 0,
        "Ergonomics": 8,
        "Accuracy": -5,
        "HeatFactor": 0.947,
        "CoolFactor": 1.022,
        "ConflictingItems": [],
        "Weight": 0.365,
        "LoyaltyLevel": 3,
        "Handling": 5,
        "AimStability": 5
    },
    "68d96442d7aac8a7a904daf0": {
        "$type": "RealismMod.WeaponMod, RealismMod",
        "ItemID": "68d96442d7aac8a7a904daf0",
        "Name": "SUR300 Upper Receiver",
        "ModType": "",
        "ModMalfunctionChance": -15,
        "Accuracy": 5,
        "HeatFactor": 1,
        "CoolFactor": 1,
        "DurabilityBurnModificator": 0.92,
        "ConflictingItems": [],
        "Ergonomics": 0,
        "Weight": 0.355,
        "VerticalRecoil": -5,
        "HorizontalRecoil": -6,
        "ChamberSpeed": 0,
        "LoyaltyLevel": 3
    },
    "68d96442d7aac8a7a904daf1": {
        "$type": "RealismMod.WeaponMod, RealismMod",
        "ItemID": "68d96442d7aac8a7a904daf1",
        "Name": "SUR300 Upper Receiver (FDE)",
        "ModType": "",
        "ModMalfunctionChance": -15,
        "Accuracy": 5,
        "HeatFactor": 1,
        "CoolFactor": 1,
        "DurabilityBurnModificator": 0.92,
        "ConflictingItems": [],
        "Ergonomics": 0,
        "Weight": 0.355,
        "VerticalRecoil": -5,
        "HorizontalRecoil": -6,
        "ChamberSpeed": 0,
        "LoyaltyLevel": 3
    },
    "68e95e883eb804510c028a87": {
        "$type": "RealismMod.WeaponMod, RealismMod",
        "ItemID": "68e95e883eb804510c028a87",
        "Name": "SUR300 Gas Block",
        "ModType": "",
        "VerticalRecoil": -2,
        "HorizontalRecoil": -3,
        "Dispersion": -1,
        "AutoROF": 15,
        "SemiROF": 30,
        "ModMalfunctionChance": -20,
        "CanCycleSubs": false,
        "Accuracy": 0,
        "HeatFactor": 0.978,
        "CoolFactor": 1.021,
        "DurabilityBurnModificator": 0.93,
        "ConflictingItems": [],
        "Ergonomics": 0,
        "Weight": 0.0101,
        "Flash": -15,
        "LoyaltyLevel": 3,
        "MalfChance": 0
    },
    "68e95e883eb804510c028a86": {
        "$type": "RealismMod.WeaponMod, RealismMod",
        "ItemID": "68e95e883eb804510c028a86",
        "Name": "Sig MCX SUR300 14inch Barrel",
        "ModType": "",
        "VerticalRecoil": -3,
        "HorizontalRecoil": -10,
        "AutoROF": 0,
        "SemiROF": 0,
        "ModMalfunctionChance": -5,
        "CameraRecoil": -5,
        "Convergence": 0,
        "Accuracy": 10,
        "CenterOfImpact": 0.016,
        "HeatFactor": 0.98,
        "CoolFactor": 1.01,
        "DurabilityBurnModificator": 0.93,
        "Velocity": 9.7,
        "ConflictingItems": [],
        "Ergonomics": 0,
        "Weight": 0.695,
        "ShotgunDispersion": 1,
        "Loudness": 0,
        "LoyaltyLevel": 3
    },
    "68d6d2b9c1e2fa80130e7b5a": {
        "$type": "RealismMod.WeaponMod, RealismMod",
        "ItemID": "68d6d2b9c1e2fa80130e7b5a",
        "Name": "KAC L119A2 Upper Receiver and Rail",
        "ModType": "",
        "ModMalfunctionChance": -10,
        "Accuracy": 16,
        "HeatFactor": 0.965,
        "CoolFactor": 1.055,
        "DurabilityBurnModificator": 0.92,
        "ConflictingItems": [],
        "Ergonomics": 0,
        "Weight": 0.712,
        "VerticalRecoil": -5,
        "HorizontalRecoil": -10,
        "ChamberSpeed": 0,
        "LoyaltyLevel": 3
    },
    "68cf3ff71ba9b90c5b08665c": {
        "$type": "RealismMod.WeaponMod, RealismMod",
        "ItemID": "68cf3ff71ba9b90c5b08665c",
        "Name": "M60A3 Handguard with Grip",
        "ModType": "",
        "VerticalRecoil": -11,
        "HorizontalRecoil": -15,
        "Dispersion": -2,
        "AimSpeed": -5,
        "Ergonomics": 15,
        "Accuracy": -10,
        "HeatFactor": 1.21,
        "CoolFactor": 0.825,
        "ConflictingItems": [],
        "Weight": 0.210,
        "LoyaltyLevel": 3,
        "AimStability": 10,
        "Handling": 10
    },
    "68cf3ff71ba9b90c5b086664": {
        "$type": "RealismMod.WeaponMod, RealismMod",
        "ItemID": "68cf3ff71ba9b90c5b086664",
        "Name": "AEK 999 Handguard",
        "ModType": "",
        "VerticalRecoil": -1,
        "HorizontalRecoil": -1,
        "Dispersion": 0,
        "AimSpeed": 0,
        "Ergonomics": 20,
        "Accuracy": 0,
        "HeatFactor": 1.1,
        "CoolFactor": 0.975,
        "ConflictingItems": [
            "64639a9aab86f8fd4300146c"
        ],
        "Weight": 0.225,
        "LoyaltyLevel": 3
    },
    "68cf3ff71ba9b90c5b086669": {
        "$type": "RealismMod.WeaponMod, RealismMod",
        "ItemID": "68cf3ff71ba9b90c5b086669",
        "Name": "AEK 999 Suppressor",
        "ModType": "",
        "VerticalRecoil": -15,
        "HorizontalRecoil": -14,
        "Dispersion": -13,
        "CameraRecoil": -5,
        "AutoROF": 0,
        "SemiROF": 0,
        "ModMalfunctionChance": 0,
        "CanCycleSubs": false,
        "Accuracy": -5,
        "HeatFactor": 1.15,
        "CoolFactor": 1,
        "DurabilityBurnModificator": 1.22,
        "Velocity": 0.9,
        "RecoilAngle": 0,
        "ConflictingItems": [],
        "Ergonomics": 0,
        "Weight": 0.365,
        "Loudness": -30,
        "Convergence": 5,
        "LoyaltyLevel": 3,
        "Flash": -30
    },
    "68d7db2929420f94ff04cb16": {
        "$type": "RealismMod.WeaponMod, RealismMod",
        "ItemID": "68d7db2929420f94ff04cb16",
        "Name": "Pressure pad for Steiner DBAL-A3",
        "ModType": "",
        "ReloadSpeed": 0,
        "ConflictingItems": [],
        "FixSpeed": 0,
        "Ergonomics": 3,
        "Weight": 0.027,
        "VerticalRecoil": 0,
        "HorizontalRecoil": 0,
        "CameraRecoil": 0,
        "ChamberSpeed": 0,
        "LoyaltyLevel": 1,
        "Flash": 0
    },
    "68d7db2929420f94ff04cb15": {
        "$type": "RealismMod.WeaponMod, RealismMod",
        "ItemID": "68d7db2929420f94ff04cb15",
        "Name": "L3Harris AN/PEQ-15 tactical device (Pad)",
        "ModType": "",
        "ReloadSpeed": 0,
        "ConflictingItems": [],
        "FixSpeed": 0,
        "Ergonomics": 3,
        "Weight": 0.257,
        "VerticalRecoil": 0,
        "HorizontalRecoil": 0,
        "CameraRecoil": 0,
        "ChamberSpeed": 0,
        "LoyaltyLevel": 2,
        "Flash": 0
    },
    "68d06cc7bc54e7c1b40cb9ed": {
        "$type": "RealismMod.WeaponMod, RealismMod",
        "ItemID": "68d06cc7bc54e7c1b40cb9ed",
        "Name": "S12 Handguard for The AK-12",
        "ModType": "",
        "VerticalRecoil": -1,
        "HorizontalRecoil": -5,
        "Dispersion": -3,
        "AimSpeed": 0,
        "Ergonomics": 12,
        "Accuracy": 10,
        "HeatFactor": 0.95,
        "CoolFactor": 1.08,
        "ConflictingItems": [],
        "Weight": 0.245,
        "LoyaltyLevel": 3,
        "AimStability": 10,
        "Handling": 5
    },
    "68d06cc7bc54e7c1b40cb9ee": {
        "$type": "RealismMod.WeaponMod, RealismMod",
        "ItemID": "68d06cc7bc54e7c1b40cb9ee",
        "Name": "S12 Handguard for The AK-12 (FDE)",
        "ModType": "",
        "VerticalRecoil": -1,
        "HorizontalRecoil": -5,
        "Dispersion": -2,
        "AimSpeed": 0,
        "Ergonomics": 12,
        "Accuracy": 10,
        "HeatFactor": 0.95,
        "CoolFactor": 1.08,
        "ConflictingItems": [],
        "Weight": 0.245,
        "LoyaltyLevel": 3,
        "AimStability": 10,
        "Handling": 5
    },
    "68d06cc7bc54e7c1b40cb9f0": {
        "$type": "RealismMod.WeaponMod, RealismMod",
        "ItemID": "68d06cc7bc54e7c1b40cb9f0",
        "Name": "S12U Handguard for The AK-12",
        "ModType": "",
        "VerticalRecoil": -3,
        "HorizontalRecoil": -7,
        "Dispersion": -3,
        "AimSpeed": 0,
        "Ergonomics": 12,
        "Accuracy": 10,
        "HeatFactor": 0.94,
        "CoolFactor": 1.09,
        "ConflictingItems": [],
        "Weight": 0.265,
        "LoyaltyLevel": 3,
        "AimStability": 10,
        "Handling": 5
    },
    "68d06cc7bc54e7c1b40cb9ef": {
        "$type": "RealismMod.WeaponMod, RealismMod",
        "ItemID": "68d06cc7bc54e7c1b40cb9ef",
        "Name": "S12U Handguard for The AK-12 (FDE)",
        "ModType": "",
        "VerticalRecoil": -3,
        "HorizontalRecoil": -7,
        "Dispersion": -3,
        "AimSpeed": 0,
        "Ergonomics": 12,
        "Accuracy": 10,
        "HeatFactor": 0.94,
        "CoolFactor": 1.09,
        "ConflictingItems": [],
        "Weight": 0.265,
        "LoyaltyLevel": 3,
        "AimStability": 10,
        "Handling": 5
    },
    "68d06cc7bc54e7c1b40cb9cb": {
        "$type": "RealismMod.WeaponMod, RealismMod",
        "ItemID": "68d06cc7bc54e7c1b40cb9cb",
        "Name": "Zenitco NPN-2 Rail Covers",
        "ModType": "",
        "ConflictingItems": [],
        "Ergonomics": 4,
        "Weight": 0.015,
        "VerticalRecoil": 0,
        "HorizontalRecoil": 0,
        "LoyaltyLevel": 2
    },
    "68d06cc7bc54e7c1b40cb9d7": {
        "$type": "RealismMod.WeaponMod, RealismMod",
        "ItemID": "68d06cc7bc54e7c1b40cb9d7",
        "Name": "Zenitco NPN-2 Rail Covers",
        "ModType": "",
        "ConflictingItems": [],
        "Ergonomics": 4,
        "Weight": 0.015,
        "VerticalRecoil": 0,
        "HorizontalRecoil": 0,
        "LoyaltyLevel": 2
    },
    "68d06cc7bc54e7c1b40cb9e4": {
        "$type": "RealismMod.WeaponMod, RealismMod",
        "ItemID": "68d06cc7bc54e7c1b40cb9e4",
        "Name": "AK-12 Modified Stock Adapter",
        "ModType": "stock_adapter",
        "VerticalRecoil": 0,
        "HorizontalRecoil": 5,
        "Dispersion": 0,
        "CameraRecoil": 0,
        "AimSpeed": 0,
        "Ergonomics": 0,
        "Accuracy": 0,
        "HasShoulderContact": true,
        "BlocksFolding": false,
        "AutoROF": 0,
        "SemiROF": 0,
        "ModMalfunctionChance": 0,
        "StockAllowADS": true,
        "ConflictingItems": [],
        "Weight": 0.03,
        "LoyaltyLevel": 2,
        "AimStability": 0
    }
}   