{  
    "68acd6643b73c1809c03fd36": {
        "$type": "RealismMod.WeaponMod, RealismMod",
        "ItemID": "68acd6643b73c1809c03fd36",
        "Name": "BCM Gunfighter stock (Black)",
        "ModType": "Stock",
        "VerticalRecoil": 0,
        "HorizontalRecoil": -12,
        "Dispersion": -5,
        "CameraRecoil": -5,
        "AimSpeed": 0,
        "Ergonomics": 11,
        "Accuracy": 0,
        "HasShoulderContact": true,
        "BlocksFolding": false,
        "AutoROF": 0,
        "SemiROF": 0,
        "ModMalfunctionChance": 0,
        "StockAllowADS": false,
        "ConflictingItems": [],
        "Weight": 0.238,
        "LoyaltyLevel": 3,
        "AimStability": 6,
        "Handling": 6
    },
    "68ae4cddb59f09166a086d2c": {
        "$type": "RealismMod.WeaponMod, RealismMod",
        "ItemID": "68ae4cddb59f09166a086d2c",
        "Name": "BCM Gunfighter stock (FDE)",
        "ModType": "Stock",
        "VerticalRecoil": 0,
        "HorizontalRecoil": -12,
        "Dispersion": -5,
        "CameraRecoil": -5,
        "AimSpeed": 0,
        "Ergonomics": 11,
        "Accuracy": 0,
        "HasShoulderContact": true,
        "BlocksFolding": false,
        "AutoROF": 0,
        "SemiROF": 0,
        "ModMalfunctionChance": 0,
        "StockAllowADS": false,
        "ConflictingItems": [],
        "Weight": 0.238,
        "LoyaltyLevel": 3,
        "AimStability": 6,
        "Handling": 6
    },
    "68ae4cddb59f09166a086d2d": {
        "$type": "RealismMod.WeaponMod, RealismMod",
        "ItemID": "68ae4cddb59f09166a086d2d",
        "Name": "BCM Gunfighter stock (ODG)",
        "ModType": "Stock",
        "VerticalRecoil": 0,
        "HorizontalRecoil": -12,
        "Dispersion": -5,
        "CameraRecoil": -5,
        "AimSpeed": 0,
        "Ergonomics": 11,
        "Accuracy": 0,
        "HasShoulderContact": true,
        "BlocksFolding": false,
        "AutoROF": 0,
        "SemiROF": 0,
        "ModMalfunctionChance": 0,
        "StockAllowADS": false,
        "ConflictingItems": [],
        "Weight": 0.238,
        "LoyaltyLevel": 3,
        "AimStability": 6,
        "Handling": 6
    },
    "68ae4cddb59f09166a086d2e": {
        "$type": "RealismMod.WeaponMod, RealismMod",
        "ItemID": "68ae4cddb59f09166a086d2e",
        "Name": "BCM Gunfighter stock (Pax Armata)",
        "ModType": "Stock",
        "VerticalRecoil": 0,
        "HorizontalRecoil": -12,
        "Dispersion": -5,
        "CameraRecoil": -5,
        "AimSpeed": 0,
        "Ergonomics": 11,
        "Accuracy": 0,
        "HasShoulderContact": true,
        "BlocksFolding": false,
        "AutoROF": 0,
        "SemiROF": 0,
        "ModMalfunctionChance": 0,
        "StockAllowADS": false,
        "ConflictingItems": [],
        "Weight": 0.238,
        "LoyaltyLevel": 3,
        "AimStability": 6,
        "Handling": 6
    },
    "68c59d1dbab700bb310485c4": {
        "$type": "RealismMod.WeaponMod, RealismMod",
        "ItemID": "68c59d1dbab700bb310485c4",
        "Name": "Geissele GFR stock",
        "ModType": "Stock",
        "VerticalRecoil": 0,
        "HorizontalRecoil": -10,
        "Dispersion": -2,
        "CameraRecoil": -5,
        "AimSpeed": 0,
        "Ergonomics": 10,
        "Accuracy": 0,
        "HasShoulderContact": true,
        "BlocksFolding": false,
        "AutoROF": 0,
        "SemiROF": 0,
        "ModMalfunctionChance": 0,
        "StockAllowADS": false,
        "ConflictingItems": [],
        "Weight": 0.225,
        "LoyaltyLevel": 3,
        "AimStability": 3,
        "Handling": 4
    },
    "68b1e5ef72ad20d8b10e7ceb": {
        "$type": "RealismMod.WeaponMod, RealismMod",
        "ItemID": "68b1e5ef72ad20d8b10e7ceb",
        "Name": "Geissele GFR stock (Fde)",
        "ModType": "Stock",
        "VerticalRecoil": 0,
        "HorizontalRecoil": -10,
        "Dispersion": -2,
        "CameraRecoil": -5,
        "AimSpeed": 0,
        "Ergonomics": 10,
        "Accuracy": 0,
        "HasShoulderContact": true,
        "BlocksFolding": false,
        "AutoROF": 0,
        "SemiROF": 0,
        "ModMalfunctionChance": 0,
        "StockAllowADS": false,
        "ConflictingItems": [],
        "Weight": 0.225,
        "LoyaltyLevel": 3,
        "AimStability": 3,
        "Handling": 4
    },
    "68b5e34459bf769d25000001": {
        "$type": "RealismMod.WeaponMod, RealismMod",
        "ItemID": "68b5e34459bf769d25000001",
        "Name": "AR-15 Reptilia RECC-E stock base (Black)",
        "ModType": "buffer",
        "VerticalRecoil": 0,
        "HorizontalRecoil": 5,
        "Dispersion": 0,
        "CameraRecoil": 5,
        "AimSpeed": 0,
        "Ergonomics": 0,
        "Accuracy": 0,
        "HasShoulderContact": false,
        "BlocksFolding": false,
        "AutoROF": 5,
        "SemiROF": 10,
        "ModMalfunctionChance": -10,
        "StockAllowADS": false,
        "ConflictingItems": [],
        "Weight": 0.131,
        "DurabilityBurnModificator": 1,
        "LoyaltyLevel": 4
    },
    "68b5e474fbf78a6b59000002": {
        "$type": "RealismMod.WeaponMod, RealismMod",
        "ItemID": "68b5e474fbf78a6b59000002",
        "Name": "AR-15 Reptilia RECC-E stock base (FDE)",
        "ModType": "buffer",
        "VerticalRecoil": 0,
        "HorizontalRecoil": 5,
        "Dispersion": 0,
        "CameraRecoil": 5,
        "AimSpeed": 0,
        "Ergonomics": 0,
        "Accuracy": 0,
        "HasShoulderContact": false,
        "BlocksFolding": false,
        "AutoROF": 5,
        "SemiROF": 10,
        "ModMalfunctionChance": -10,
        "StockAllowADS": false,
        "ConflictingItems": [],
        "Weight": 0.131,
        "DurabilityBurnModificator": 1,
        "LoyaltyLevel": 4
    },
    "68b5e474fbf78a6b59000004": {
        "$type": "RealismMod.WeaponMod, RealismMod",
        "ItemID": "68b5e474fbf78a6b59000004",
        "Name": "AR-15 Reptilia RECC-E stock arm (Black)",
        "ModType": "Stock",
        "VerticalRecoil": 0,
        "HorizontalRecoil": -13,
        "Dispersion": -12,
        "CameraRecoil": -15,
        "AimSpeed": 0,
        "Ergonomics": 10,
        "Accuracy": 3,
        "HasShoulderContact": true,
        "BlocksFolding": false,
        "AutoROF": 0,
        "SemiROF": 0,
        "ModMalfunctionChance": 0,
        "StockAllowADS": false,
        "ConflictingItems": [],
        "Weight": 0.209,
        "LoyaltyLevel": 4,
        "AimStability": 5
    },
    "68b5e474fbf78a6b59000005": {
        "$type": "RealismMod.WeaponMod, RealismMod",
        "ItemID": "68b5e474fbf78a6b59000005",
        "Name": "AR-15 Reptilia RECC-E stock arm (FDE)",
        "ModType": "Stock",
        "VerticalRecoil": 0,
        "HorizontalRecoil": -13,
        "Dispersion": -12,
        "CameraRecoil": -15,
        "AimSpeed": 0,
        "Ergonomics": 10,
        "Accuracy": 3,
        "HasShoulderContact": true,
        "BlocksFolding": false,
        "AutoROF": 0,
        "SemiROF": 0,
        "ModMalfunctionChance": 0,
        "StockAllowADS": false,
        "ConflictingItems": [],
        "Weight": 0.209,
        "LoyaltyLevel": 4,
        "AimStability": 5
    },
    "68b9ea8178d7ac07030cc218": {
        "$type": "RealismMod.WeaponMod, RealismMod",
        "ItemID": "68b9ea8178d7ac07030cc218",
        "Name": "AR-15 BCM MK2 5.56x45 upper receiver (Pax Armata)",
        "ModType": "",
        "ModMalfunctionChance": -10,
        "Accuracy": 15,
        "HeatFactor": 0.95,
        "CoolFactor": 1.04,
        "DurabilityBurnModificator": 0.92,
        "ConflictingItems": [],
        "Ergonomics": 0,
        "Weight": 0.227,
        "VerticalRecoil": 0,
        "HorizontalRecoil": 0,
        "ChamberSpeed": 0,
        "LoyaltyLevel": 3
    },
    "68a8cbc2556eb166a6026215": {
        "$type": "RealismMod.WeaponMod, RealismMod",
        "ItemID": "68a8cbc2556eb166a6026215",
        "Name": "AR-15 Clutch charging handle",
        "ModType": "",
        "ReloadSpeed": 0,
        "ConflictingItems": [],
        "FixSpeed": 0,
        "Ergonomics": 0,
        "Weight": 0.028,
        "VerticalRecoil": 0,
        "HorizontalRecoil": 0,
        "CameraRecoil": 0,
        "ChamberSpeed": 20,
        "LoyaltyLevel": 3,
        "Flash": -10
    },
    "68a98fc93c8091c6890e81c6": {
        "$type": "RealismMod.WeaponMod, RealismMod",
        "ItemID": "68a98fc93c8091c6890e81c6",
        "Name": "AR-15 Clutch charging handle RED",
        "ModType": "",
        "ReloadSpeed": 0,
        "ConflictingItems": [],
        "FixSpeed": 0,
        "Ergonomics": 0,
        "Weight": 0.028,
        "VerticalRecoil": 0,
        "HorizontalRecoil": 0,
        "CameraRecoil": 0,
        "ChamberSpeed": 20,
        "LoyaltyLevel": 3,
        "Flash": -10
    },
    "68a9997c3c8091c6890e81ca": {
        "$type": "RealismMod.WeaponMod, RealismMod",
        "ItemID": "68a9997c3c8091c6890e81ca",
        "Name": "AR-15 Clutch charging handle BLUE",
        "ModType": "",
        "ReloadSpeed": 0,
        "ConflictingItems": [],
        "FixSpeed": 0,
        "Ergonomics": 0,
        "Weight": 0.028,
        "VerticalRecoil": 0,
        "HorizontalRecoil": 0,
        "CameraRecoil": 0,
        "ChamberSpeed": 20,
        "LoyaltyLevel": 3,
        "Flash": -10
    },
    "68a9b3afc172cbefce0cde7f": {
        "$type": "RealismMod.WeaponMod, RealismMod",
        "ItemID": "68a9b3afc172cbefce0cde7f",
        "Name": "AR-15 Clutch charging handle FDE",
        "ModType": "",
        "ReloadSpeed": 0,
        "ConflictingItems": [],
        "FixSpeed": 0,
        "Ergonomics": 0,
        "Weight": 0.028,
        "VerticalRecoil": 0,
        "HorizontalRecoil": 0,
        "CameraRecoil": 0,
        "ChamberSpeed": 20,
        "LoyaltyLevel": 3,
        "Flash": -10
    },
    "68a9b3afc172cbefce0cde80": {
        "$type": "RealismMod.WeaponMod, RealismMod",
        "ItemID": "68a9b3afc172cbefce0cde80",
        "Name": "AR-15 Clutch charging handle GREY",
        "ModType": "",
        "ReloadSpeed": 0,
        "ConflictingItems": [],
        "FixSpeed": 0,
        "Ergonomics": 0,
        "Weight": 0.028,
        "VerticalRecoil": 0,
        "HorizontalRecoil": 0,
        "CameraRecoil": 0,
        "ChamberSpeed": 20,
        "LoyaltyLevel": 3,
        "Flash": -10
    },
    "68a9b3afc172cbefce0cde81": {
        "$type": "RealismMod.WeaponMod, RealismMod",
        "ItemID": "68a9b3afc172cbefce0cde81",
        "Name": "AR-15 Clutch charging handle ODG",
        "ModType": "",
        "ReloadSpeed": 0,
        "ConflictingItems": [],
        "FixSpeed": 0,
        "Ergonomics": 0,
        "Weight": 0.028,
        "VerticalRecoil": 0,
        "HorizontalRecoil": 0,
        "CameraRecoil": 0,
        "ChamberSpeed": 20,
        "LoyaltyLevel": 3,
        "Flash": -10
    },
    "68b4b24e27658b8b0d02439e": {
        "$type": "RealismMod.WeaponMod, RealismMod",
        "ItemID": "68b4b24e27658b8b0d02439e",
        "Name": "VLTOR CASV M4 handguard",
        "ModType": "",
        "VerticalRecoil": -1,
        "HorizontalRecoil": -1,
        "Dispersion": -2,
        "AimSpeed": 3,
        "Ergonomics": 8,
        "Accuracy": 10,
        "HeatFactor": 0.95,
        "CoolFactor": 1.09,
        "ConflictingItems": [],
        "Weight": 0.411,
        "LoyaltyLevel": 3,
        "Handling": 2,
        "AimStability": 1.5
    },
    "68b60691723514e8fc0d8a50": {
        "$type": "RealismMod.WeaponMod, RealismMod",
        "ItemID": "68b60691723514e8fc0d8a50",
        "Name": "VLTOR CASV M4 handguard FDE",
        "ModType": "",
        "VerticalRecoil": -1,
        "HorizontalRecoil": -1,
        "Dispersion": -2,
        "AimSpeed": 3,
        "Ergonomics": 8,
        "Accuracy": 10,
        "HeatFactor": 0.95,
        "CoolFactor": 1.09,
        "ConflictingItems": [],
        "Weight": 0.411,
        "LoyaltyLevel": 3,
        "Handling": 2,
        "AimStability": 1.5
    },
    "68b60691723514e8fc0d8a52": {
        "$type": "RealismMod.WeaponMod, RealismMod",
        "ItemID": "68b60691723514e8fc0d8a52",
        "Name": "VLTOR CASV M4 handguard NightOps",
        "ModType": "",
        "VerticalRecoil": -1,
        "HorizontalRecoil": -1,
        "Dispersion": -2,
        "AimSpeed": 3,
        "Ergonomics": 8,
        "Accuracy": 10,
        "HeatFactor": 0.95,
        "CoolFactor": 1.09,
        "ConflictingItems": [],
        "Weight": 0.411,
        "LoyaltyLevel": 3,
        "Handling": 2,
        "AimStability": 1.5
    },
    "68b60691723514e8fc0d8a51": {
        "$type": "RealismMod.WeaponMod, RealismMod",
        "ItemID": "68b60691723514e8fc0d8a51",
        "Name": "VLTOR CASV M4 handguard ODG",
        "ModType": "",
        "VerticalRecoil": -1,
        "HorizontalRecoil": -1,
        "Dispersion": -2,
        "AimSpeed": 3,
        "Ergonomics": 8,
        "Accuracy": 10,
        "HeatFactor": 0.95,
        "CoolFactor": 1.09,
        "ConflictingItems": [],
        "Weight": 0.411,
        "LoyaltyLevel": 3,
        "Handling": 2,
        "AimStability": 1.5
    },
    "68b89af3e5eff7014a0e1346": {
        "$type": "RealismMod.WeaponMod, RealismMod",
        "ItemID": "68b89af3e5eff7014a0e1346",
        "Name": "AR-15 BCM KMR13 KeyMod 13 inch handguard (Pax Armata)",
        "ModType": "",
        "VerticalRecoil": 0,
        "HorizontalRecoil": 0,
        "Dispersion": -1,
        "AimSpeed": 0,
        "Ergonomics": 12,
        "Accuracy": 12,
        "HeatFactor": 0.996,
        "CoolFactor": 1.054,
        "ConflictingItems": [],
        "Weight": 0.241,
        "LoyaltyLevel": 2,
        "Price": 0
    },
    "68b7658b24ef22c4b60177ac": {
        "$type": "RealismMod.WeaponMod, RealismMod",
        "ItemID": "68b7658b24ef22c4b60177ac",
        "Name": "AR-15 BCM KMR13 KeyMod 13 inch handguard (Covers)",
        "ModType": "",
        "VerticalRecoil": 0,
        "HorizontalRecoil": 0,
        "Dispersion": -1,
        "AimSpeed": 0,
        "Ergonomics": 12,
        "Accuracy": 12,
        "HeatFactor": 0.996,
        "CoolFactor": 1.054,
        "ConflictingItems": [],
        "Weight": 0.241,
        "LoyaltyLevel": 2,
        "Price": 0
    },
    "68b4b24e27658b8b0d02439a": {
        "$type": "RealismMod.WeaponMod, RealismMod",
        "ItemID": "68b4b24e27658b8b0d02439a",
        "Name": "RexTac TAR-21 Rear Sight",
        "ModType": "sight",
        "AimSpeed": 0,
        "Accuracy": 0,
        "ConflictingItems": [],
        "Ergonomics": 0,
        "Weight": 0.035,
        "VerticalRecoil": 0,
        "HorizontalRecoil": 0,
        "LoyaltyLevel": 2
    },
    "68b4b24e27658b8b0d024399": {
        "$type": "RealismMod.WeaponMod, RealismMod",
        "ItemID": "68b4b24e27658b8b0d024399",
        "Name": "RexTac TAR-21 Front Sight",
        "ModType": "sight",
        "AimSpeed": 0,
        "Accuracy": 0,
        "ConflictingItems": [],
        "Ergonomics": 0,
        "Weight": 0.035,
        "VerticalRecoil": 0,
        "HorizontalRecoil": 0,
        "LoyaltyLevel": 2
    },
    "68b4b24e27658b8b0d0243a1": {
        "$type": "RealismMod.WeaponMod, RealismMod",
        "ItemID": "68b4b24e27658b8b0d0243a1",
        "Name": "RexTac TAR-21 Rear Sight FDE",
        "ModType": "sight",
        "AimSpeed": 0,
        "Accuracy": 0,
        "ConflictingItems": [],
        "Ergonomics": 0,
        "Weight": 0.035,
        "VerticalRecoil": 0,
        "HorizontalRecoil": 0,
        "LoyaltyLevel": 2
    },
    "68b4b24e27658b8b0d02439b": {
        "$type": "RealismMod.WeaponMod, RealismMod",
        "ItemID": "68b4b24e27658b8b0d02439b",
        "Name": "RexTac TAR-21 Front Sight FDE",
        "ModType": "sight",
        "AimSpeed": 0,
        "Accuracy": 0,
        "ConflictingItems": [],
        "Ergonomics": 0,
        "Weight": 0.035,
        "VerticalRecoil": 0,
        "HorizontalRecoil": 0,
        "LoyaltyLevel": 2
    },
    "68b0a169dcf794dd9a0544b2": {
        "$type": "RealismMod.WeaponMod, RealismMod",
        "ItemID": "68b0a169dcf794dd9a0544b2",
        "Name": "AKMS Stock Adapter",
        "ModType": "Stock",
        "VerticalRecoil": 0,
        "HorizontalRecoil": 0,
        "Dispersion": 0,
        "CameraRecoil": 10,
        "AimSpeed": 0,
        "Ergonomics": 3,
        "Accuracy": 0,
        "HasShoulderContact": true,
        "BlocksFolding": false,
        "AutoROF": 0,
        "SemiROF": 0,
        "ModMalfunctionChance": 0,
        "StockAllowADS": true,
        "ConflictingItems": [],
        "Weight": 0.645,
        "LoyaltyLevel": 1,
        "AimStability": -10
    },
    "68b1e5ef72ad20d8b10e7ce9": {
        "$type": "RealismMod.WeaponMod, RealismMod",
        "ItemID": "68b1e5ef72ad20d8b10e7ce9",
        "Name": "AK Ultimak M1-B gas tube",
        "ModType": "",
        "VerticalRecoil": -1,
        "HorizontalRecoil": -2,
        "Dispersion": -1,
        "AutoROF": 0,
        "SemiROF": 0,
        "ModMalfunctionChance": -5,
        "CanCycleSubs": false,
        "Accuracy": 0,
        "HeatFactor": 0.998,
        "CoolFactor": 1.004,
        "DurabilityBurnModificator": 1,
        "ConflictingItems": [],
        "Ergonomics": 0,
        "Weight": 0.121,
        "LoyaltyLevel": 1
    },
    "926b047bb9efdf9f7654a8c1": {
        "$type": "RealismMod.WeaponMod, RealismMod",
        "ItemID": "926b047bb9efdf9f7654a8c1",
        "Name": "WASR-10/63 Sharkfin style wooden foregrip",
        "ModType": "",
        "VerticalRecoil": -3,
        "HorizontalRecoil": -2,
        "Dispersion": -1,
        "AimSpeed": 0,
        "Ergonomics": 8,
        "Accuracy": -10,
        "HeatFactor": 1.05,
        "CoolFactor": 0.967,
        "ConflictingItems": [],
        "Weight": 0.264,
        "LoyaltyLevel": 1,
        "AimStability": 3,
        "Handling": 5
    },
    "679a73b003d8055ba8385ad5": {
        "$type": "RealismMod.WeaponMod, RealismMod",
        "ItemID": "679a73b003d8055ba8385ad5",
        "Name": "OmniTech Systems S4 Skeletonized AK Pistol Grip",
        "ModType": "",
        "VerticalRecoil": 0,
        "HorizontalRecoil": 0,
        "Dispersion": 0,
        "AimSpeed": 2,
        "Ergonomics": 5,
        "Accuracy": 0,
        "ConflictingItems": [],
        "Weight": 0.141,
        "LoyaltyLevel": 3
    },
    "68bdb058d3008fee9e07a940": {
        "$type": "RealismMod.WeaponMod, RealismMod",
        "ItemID": "68bdb058d3008fee9e07a940",
        "Name": "B5 Bravo-C Stock",
        "ModType": "Stock",
        "VerticalRecoil": 0,
        "HorizontalRecoil": -15,
        "Dispersion": -12,
        "CameraRecoil": -8,
        "AutoROF": 0,
        "SemiROF": 0,
        "ModMalfunctionChance": 0,
        "AimSpeed": 1,
        "Ergonomics": 9.5,
        "Accuracy": 0,
        "HasShoulderContact": true,
        "BlocksFolding": false,
        "StockAllowADS": false,
        "ConflictingItems": [],
        "Weight": 0.290,
        "AimStability": 5,
        "Handling": 2.5,
        "LoyaltyLevel": 2
    },
    "68bdb058d3008fee9e07a941": {
        "$type": "RealismMod.WeaponMod, RealismMod",
        "ItemID": "68bdb058d3008fee9e07a941",
        "Name": "B5 Bravo-C Stock Coyote",
        "ModType": "Stock",
        "VerticalRecoil": 0,
        "HorizontalRecoil": -15,
        "Dispersion": -12,
        "CameraRecoil": -8,
        "AutoROF": 0,
        "SemiROF": 0,
        "ModMalfunctionChance": 0,
        "AimSpeed": 1,
        "Ergonomics": 9.5,
        "Accuracy": 0,
        "HasShoulderContact": true,
        "BlocksFolding": false,
        "StockAllowADS": false,
        "ConflictingItems": [],
        "Weight": 0.290,
        "AimStability": 5,
        "Handling": 2.5,
        "LoyaltyLevel": 2
    },
    "68bdb058d3008fee9e07a942": {
        "$type": "RealismMod.WeaponMod, RealismMod",
        "ItemID": "68bdb058d3008fee9e07a942",
        "Name": "B5 Bravo-C Stock FDE",
        "ModType": "Stock",
        "VerticalRecoil": 0,
        "HorizontalRecoil": -15,
        "Dispersion": -12,
        "CameraRecoil": -8,
        "AutoROF": 0,
        "SemiROF": 0,
        "ModMalfunctionChance": 0,
        "AimSpeed": 1,
        "Ergonomics": 9.5,
        "Accuracy": 0,
        "HasShoulderContact": true,
        "BlocksFolding": false,
        "StockAllowADS": false,
        "ConflictingItems": [],
        "Weight": 0.290,
        "AimStability": 5,
        "Handling": 2.5,
        "LoyaltyLevel": 2
    },
    "68bdb058d3008fee9e07a943": {
        "$type": "RealismMod.WeaponMod, RealismMod",
        "ItemID": "68bdb058d3008fee9e07a943",
        "Name": "B5 Bravo-C Stock Multicam Black",
        "ModType": "Stock",
        "VerticalRecoil": 0,
        "HorizontalRecoil": -15,
        "Dispersion": -12,
        "CameraRecoil": -8,
        "AutoROF": 0,
        "SemiROF": 0,
        "ModMalfunctionChance": 0,
        "AimSpeed": 1,
        "Ergonomics": 9.5,
        "Accuracy": 0,
        "HasShoulderContact": true,
        "BlocksFolding": false,
        "StockAllowADS": false,
        "ConflictingItems": [],
        "Weight": 0.290,
        "AimStability": 5,
        "Handling": 2.5,
        "LoyaltyLevel": 2
    },
    "68bdb058d3008fee9e07a944": {
        "$type": "RealismMod.WeaponMod, RealismMod",
        "ItemID": "68bdb058d3008fee9e07a944",
        "Name": "B5 Bravo-C Stock ODG",
        "ModType": "Stock",
        "VerticalRecoil": 0,
        "HorizontalRecoil": -15,
        "Dispersion": -12,
        "CameraRecoil": -8,
        "AutoROF": 0,
        "SemiROF": 0,
        "ModMalfunctionChance": 0,
        "AimSpeed": 1,
        "Ergonomics": 9.5,
        "Accuracy": 0,
        "HasShoulderContact": true,
        "BlocksFolding": false,
        "StockAllowADS": false,
        "ConflictingItems": [],
        "Weight": 0.290,
        "AimStability": 5,
        "Handling": 2.5,
        "LoyaltyLevel": 2
    },
    "68bdb058d3008fee9e07a945": {
        "$type": "RealismMod.WeaponMod, RealismMod",
        "ItemID": "68bdb058d3008fee9e07a945",
        "Name": "B5 Bravo-C Stock Pax Armata",
        "ModType": "Stock",
        "VerticalRecoil": 0,
        "HorizontalRecoil": -15,
        "Dispersion": -12,
        "CameraRecoil": -8,
        "AutoROF": 0,
        "SemiROF": 0,
        "ModMalfunctionChance": 0,
        "AimSpeed": 1,
        "Ergonomics": 9.5,
        "Accuracy": 0,
        "HasShoulderContact": true,
        "BlocksFolding": false,
        "StockAllowADS": false,
        "ConflictingItems": [],
        "Weight": 0.290,
        "AimStability": 5,
        "Handling": 2.5,
        "LoyaltyLevel": 2
    },
    "68c5613ff19e7d06d6029a43": {
        "$type": "RealismMod.WeaponMod, RealismMod",
        "ItemID": "68c5613ff19e7d06d6029a43",
        "Name": "B5 P22 pistol grip",
        "ModType": "",
        "VerticalRecoil": 0,
        "HorizontalRecoil": 0,
        "Dispersion": 0,
        "AimSpeed": 2,
        "Ergonomics": 5.5,
        "Accuracy": 0,
        "ConflictingItems": [],
        "Weight": 0.053,
        "LoyaltyLevel": 3,
        "Handling": 5,
        "AimStability": 5
    },
    "68c5613ff19e7d06d6029a44": {
        "$type": "RealismMod.WeaponMod, RealismMod",
        "ItemID": "68c5613ff19e7d06d6029a44",
        "Name": "B5 P22 pistol grip Coyote",
        "ModType": "",
        "VerticalRecoil": 0,
        "HorizontalRecoil": 0,
        "Dispersion": 0,
        "AimSpeed": 2,
        "Ergonomics": 5.5,
        "Accuracy": 0,
        "ConflictingItems": [],
        "Weight": 0.053,
        "LoyaltyLevel": 3,
        "Handling": 5,
        "AimStability": 5
    },
    "68c5613ff19e7d06d6029a45": {
        "$type": "RealismMod.WeaponMod, RealismMod",
        "ItemID": "68c5613ff19e7d06d6029a45",
        "Name": "B5 P22 pistol grip FDE",
        "ModType": "",
        "VerticalRecoil": 0,
        "HorizontalRecoil": 0,
        "Dispersion": 0,
        "AimSpeed": 2,
        "Ergonomics": 5.5,
        "Accuracy": 0,
        "ConflictingItems": [],
        "Weight": 0.053,
        "LoyaltyLevel": 3,
        "Handling": 5,
        "AimStability": 5
    },
    "68c5613ff19e7d06d6029a47": {
        "$type": "RealismMod.WeaponMod, RealismMod",
        "ItemID": "68c5613ff19e7d06d6029a47",
        "Name": "B5 P22 pistol grip MCBlack",
        "ModType": "",
        "VerticalRecoil": 0,
        "HorizontalRecoil": 0,
        "Dispersion": 0,
        "AimSpeed": 2,
        "Ergonomics": 5.5,
        "Accuracy": 0,
        "ConflictingItems": [],
        "Weight": 0.053,
        "LoyaltyLevel": 3,
        "Handling": 5,
        "AimStability": 5
    },
    "68c5613ff19e7d06d6029a46": {
        "$type": "RealismMod.WeaponMod, RealismMod",
        "ItemID": "68c5613ff19e7d06d6029a46",
        "Name": "B5 P22 pistol grip OD",
        "ModType": "",
        "VerticalRecoil": 0,
        "HorizontalRecoil": 0,
        "Dispersion": 0,
        "AimSpeed": 2,
        "Ergonomics": 5.5,
        "Accuracy": 0,
        "ConflictingItems": [],
        "Weight": 0.053,
        "LoyaltyLevel": 3,
        "Handling": 5,
        "AimStability": 5
    },
    "68c58ca0bab700bb310485c0": {
        "$type": "RealismMod.WeaponMod, RealismMod",
        "ItemID": "68c58ca0bab700bb310485c0",
        "Name": "B5 P22 pistol grip Pax Armata",
        "ModType": "",
        "VerticalRecoil": 0,
        "HorizontalRecoil": 0,
        "Dispersion": 0,
        "AimSpeed": 2,
        "Ergonomics": 5.5,
        "Accuracy": 0,
        "ConflictingItems": [],
        "Weight": 0.053,
        "LoyaltyLevel": 3,
        "Handling": 5,
        "AimStability": 5
    },
    "68c57d3bf19e7d06d6029a48": {
        "$type": "RealismMod.WeaponMod, RealismMod",
        "ItemID": "68c57d3bf19e7d06d6029a48",
        "Name": "B5 P22 pistol grip Wolf Grey",
        "ModType": "",
        "VerticalRecoil": 0,
        "HorizontalRecoil": 0,
        "Dispersion": 0,
        "AimSpeed": 2,
        "Ergonomics": 5.5,
        "Accuracy": 0,
        "ConflictingItems": [],
        "Weight": 0.053,
        "LoyaltyLevel": 3,
        "Handling": 5,
        "AimStability": 5
    },
    "68c5613ff19e7d06d6029a41": {
        "$type": "RealismMod.WeaponMod, RealismMod",
        "ItemID": "68c5613ff19e7d06d6029a41",
        "Name": "BCM GunFighter Mod 4 pistol grip",
        "ModType": "",
        "VerticalRecoil": 0,
        "HorizontalRecoil": 0,
        "Dispersion": 0,
        "AimSpeed": 1,
        "Ergonomics": 6.5,
        "Accuracy": 0,
        "ConflictingItems": [],
        "Weight": 0.077,
        "LoyaltyLevel": 2,
        "AimStability": 4
    },
    "68c5613ff19e7d06d6029a42": {
        "$type": "RealismMod.WeaponMod, RealismMod",
        "ItemID": "68c5613ff19e7d06d6029a42",
        "Name": "BCM GunFighter Mod 4 pistol grip FDE",
        "ModType": "",
        "VerticalRecoil": 0,
        "HorizontalRecoil": 0,
        "Dispersion": 0,
        "AimSpeed": 1,
        "Ergonomics": 6.5,
        "Accuracy": 0,
        "ConflictingItems": [],
        "Weight": 0.077,
        "LoyaltyLevel": 2,
        "AimStability": 4
    },
    "68c58ca0bab700bb310485c1": {
        "$type": "RealismMod.WeaponMod, RealismMod",
        "ItemID": "68c58ca0bab700bb310485c1",
        "Name": "BCM GunFighter Mod 4 pistol grip PAX ARMATA",
        "ModType": "",
        "VerticalRecoil": 0,
        "HorizontalRecoil": 0,
        "Dispersion": 0,
        "AimSpeed": 1,
        "Ergonomics": 6.5,
        "Accuracy": 0,
        "ConflictingItems": [],
        "Weight": 0.077,
        "LoyaltyLevel": 2,
        "AimStability": 4
    },
    "68c6e7ae55918f7c4f044d55": {
        "$type": "RealismMod.WeaponMod, RealismMod",
        "ItemID": "68c6e7ae55918f7c4f044d55",
        "Name": "Strike Industries Sidewinder Front Sight",
        "ModType": "sight",
        "AimSpeed": 0,
        "Accuracy": 0,
        "ConflictingItems": [],
        "Ergonomics": 0,
        "Weight": 0.05,
        "VerticalRecoil": 0,
        "HorizontalRecoil": 0,
        "LoyaltyLevel": 2
    },
    "68c6e7ae55918f7c4f044d53": {
        "$type": "RealismMod.WeaponMod, RealismMod",
        "ItemID": "68c6e7ae55918f7c4f044d53",
        "Name": "Strike Industries Sidewinder Rear Sight",
        "ModType": "sight",
        "AimSpeed": 0,
        "Accuracy": 0,
        "ConflictingItems": [],
        "Ergonomics": 0,
        "Weight": 0.05,
        "VerticalRecoil": 0,
        "HorizontalRecoil": 0,
        "LoyaltyLevel": 2
    },
    "68c734bdcac1ff3d420fceb6": {
        "$type": "RealismMod.WeaponMod, RealismMod",
        "ItemID": "68c734bdcac1ff3d420fceb6",
        "Name": "Strike Industries Sidewinder Front Sight FDE",
        "ModType": "sight",
        "AimSpeed": 0,
        "Accuracy": 0,
        "ConflictingItems": [],
        "Ergonomics": 0,
        "Weight": 0.05,
        "VerticalRecoil": 0,
        "HorizontalRecoil": 0,
        "LoyaltyLevel": 2
    },
    "68c734bdcac1ff3d420fceb5": {
        "$type": "RealismMod.WeaponMod, RealismMod",
        "ItemID": "68c734bdcac1ff3d420fceb5",
        "Name": "Strike Industries Sidewinder Rear Sight FDE",
        "ModType": "sight",
        "AimSpeed": 0,
        "Accuracy": 0,
        "ConflictingItems": [],
        "Ergonomics": 0,
        "Weight": 0.05,
        "VerticalRecoil": 0,
        "HorizontalRecoil": 0,
        "LoyaltyLevel": 2
    },
    "68c72885cac1ff3d420fceb0": {
        "$type": "RealismMod.WeaponMod, RealismMod",
        "ItemID": "68c72885cac1ff3d420fceb0",
        "Name": "Strike Industries Sidewinder Front Sight Red",
        "ModType": "sight",
        "AimSpeed": 0,
        "Accuracy": 0,
        "ConflictingItems": [],
        "Ergonomics": 0,
        "Weight": 0.05,
        "VerticalRecoil": 0,
        "HorizontalRecoil": 0,
        "LoyaltyLevel": 2
    },
    "68c6e7ae55918f7c4f044d54": {
        "$type": "RealismMod.WeaponMod, RealismMod",
        "ItemID": "68c6e7ae55918f7c4f044d54",
        "Name": "Strike Industries Sidewinder Rear Sight Red",
        "ModType": "sight",
        "AimSpeed": 0,
        "Accuracy": 0,
        "ConflictingItems": [],
        "Ergonomics": 0,
        "Weight": 0.05,
        "VerticalRecoil": 0,
        "HorizontalRecoil": 0,
        "LoyaltyLevel": 2
    },
    "68c72885cac1ff3d420fceaf": {
        "$type": "RealismMod.WeaponMod, RealismMod",
        "ItemID": "68c72885cac1ff3d420fceaf",
        "Name": "Strike Industries Sidewinder Front Sight Folded",
        "ModType": "sight",
        "AimSpeed": 0,
        "Accuracy": 0,
        "ConflictingItems": [],
        "Ergonomics": 0,
        "Weight": 0.05,
        "VerticalRecoil": 0,
        "HorizontalRecoil": 0,
        "LoyaltyLevel": 2
    },
    "68c72885cac1ff3d420fceb1": {
        "$type": "RealismMod.WeaponMod, RealismMod",
        "ItemID": "68c72885cac1ff3d420fceb1",
        "Name": "Strike Industries Sidewinder Rear Sight Folded",
        "ModType": "sight",
        "AimSpeed": 0,
        "Accuracy": 0,
        "ConflictingItems": [],
        "Ergonomics": 0,
        "Weight": 0.05,
        "VerticalRecoil": 0,
        "HorizontalRecoil": 0,
        "LoyaltyLevel": 2
    },
    "68c734bdcac1ff3d420fceb3": {
        "$type": "RealismMod.WeaponMod, RealismMod",
        "ItemID": "68c734bdcac1ff3d420fceb3",
        "Name": "Strike Industries Sidewinder Front Sight Folded FDE",
        "ModType": "sight",
        "AimSpeed": 0,
        "Accuracy": 0,
        "ConflictingItems": [],
        "Ergonomics": 0,
        "Weight": 0.05,
        "VerticalRecoil": 0,
        "HorizontalRecoil": 0,
        "LoyaltyLevel": 2
    },
    "68c734bdcac1ff3d420fceb4": {
        "$type": "RealismMod.WeaponMod, RealismMod",
        "ItemID": "68c734bdcac1ff3d420fceb4",
        "Name": "Strike Industries Sidewinder Rear Sight Folded FDE",
        "ModType": "sight",
        "AimSpeed": 0,
        "Accuracy": 0,
        "ConflictingItems": [],
        "Ergonomics": 0,
        "Weight": 0.05,
        "VerticalRecoil": 0,
        "HorizontalRecoil": 0,
        "LoyaltyLevel": 2
    },
    "68c6e7ae55918f7c4f044d56": {
        "$type": "RealismMod.WeaponMod, RealismMod",
        "ItemID": "68c6e7ae55918f7c4f044d56",
        "Name": "Strike Industries Sidewinder Front Sight Folded Red",
        "ModType": "sight",
        "AimSpeed": 0,
        "Accuracy": 0,
        "ConflictingItems": [],
        "Ergonomics": 0,
        "Weight": 0.05,
        "VerticalRecoil": 0,
        "HorizontalRecoil": 0,
        "LoyaltyLevel": 2
    },
    "68c72885cac1ff3d420fceb2": {
        "$type": "RealismMod.WeaponMod, RealismMod",
        "ItemID": "68c72885cac1ff3d420fceb2",
        "Name": "Strike Industries Sidewinder Rear Sight Folded Red",
        "ModType": "sight",
        "AimSpeed": 0,
        "Accuracy": 0,
        "ConflictingItems": [],
        "Ergonomics": 0,
        "Weight": 0.05,
        "VerticalRecoil": 0,
        "HorizontalRecoil": 0,
        "LoyaltyLevel": 2
    },
    "68c09d530821a5c0980abde0": {
        "$type": "RealismMod.WeaponMod, RealismMod",
        "ItemID": "68c09d530821a5c0980abde0",
        "Name": "MK-12 Mod 0 Handguard Replica",
        "ModType": "",
        "VerticalRecoil": -3,
        "HorizontalRecoil": -1,
        "Dispersion": -5,
        "AimSpeed": 2,
        "ChamberSpeed": 0,
        "Ergonomics": 14,
        "Accuracy": 15,
        "HeatFactor": 0.998,
        "CoolFactor": 1.05,
        "ConflictingItems": [
            "5a34fbadc4a28200741e230a",
            "55d35ee94bdc2d61338b4568",
            "5ae30e795acfc408fb139a0b",
            "56ea8d2fd2720b7c698b4570"
        ],
        "Weight": 0.467,
        "LoyaltyLevel": 4,
        "AimStability": 10,
        "Handling": 1
    },
    "68c2053d92d53f5c800981f0": {
        "$type": "RealismMod.WeaponMod, RealismMod",
        "ItemID": "68c2053d92d53f5c800981f0",
        "Name": "MK-12 Mod 0 Barrel",
        "ModType": "",
        "VerticalRecoil": 0,
        "HorizontalRecoil": -18,
        "AutoROF": -1.5,
        "SemiROF": -1.5,
        "ModMalfunctionChance": -15,
        "CameraRecoil": -15,
        "Convergence": 0,
        "Accuracy": 5,
        "CenterOfImpact": 0.02,
        "HeatFactor": 0.928,
        "CoolFactor": 1.053,
        "DurabilityBurnModificator": 0.75,
        "Velocity": 4,
        "ConflictingItems": [
            "5c0e2f5cd174af02a012cfc9",
            "5ae30db85acfc408fb139a05",
            "55d459824bdc2d892f8b4573",
            "5c78f2792e221600106f4683",
            "5c78f26f2e221601da3581d1",
            "5d00e0cbd7ad1a6c6566a42d",
            "5d00f63bd7ad1a59283b1c1e"
        ],
        "Ergonomics": 0,
        "Weight": 1.185,
        "ShotgunDispersion": 1,
        "Loudness": 0,
        "LoyaltyLevel": 3
    },
    "68c3305a5cb3ac684f078d1d": {
        "$type": "RealismMod.WeaponMod, RealismMod",
        "ItemID": "68c3305a5cb3ac684f078d1d",
        "Name": "Mk-12 Mod 0 FlashHider",
        "ModType": "muzzle_supp_adapter",
        "VerticalRecoil": 0,
        "HorizontalRecoil": -13,
        "Dispersion": -12,
        "CameraRecoil": 0,
        "AutoROF": 0,
        "SemiROF": 0,
        "ModMalfunctionChance": 0,
        "CanCycleSubs": false,
        "Accuracy": 0,
        "HeatFactor": 1,
        "CoolFactor": 1,
        "DurabilityBurnModificator": 1,
        "Velocity": 0,
        "RecoilAngle": 0,
        "ConflictingItems": [],
        "Ergonomics": 0,
        "Weight": 0.077,
        "Loudness": 15,
        "Convergence": 7,
        "LoyaltyLevel": 3,
        "Flash": -35
    },
    "68c74b75cac1ff3d420fcecd": {
        "$type": "RealismMod.WeaponMod, RealismMod",
        "ItemID": "68c74b75cac1ff3d420fcecd",
        "Name": "Rotor 43 Handguard",
        "ModType": "",
        "VerticalRecoil": -1,
        "HorizontalRecoil": -5,
        "Dispersion": -3,
        "AimSpeed": 0,
        "Ergonomics": 12,
        "Accuracy": 0,
        "HeatFactor": 1.03,
        "CoolFactor": 0.97,
        "ConflictingItems": [],
        "Weight": 0.255,
        "LoyaltyLevel": 3
    },
    "68c74b75cac1ff3d420fceca": {
        "$type": "RealismMod.WeaponMod, RealismMod",
        "ItemID": "68c74b75cac1ff3d420fceca",
        "Name": "Rotor 43 Handguard FDE",
        "ModType": "",
        "VerticalRecoil": -1,
        "HorizontalRecoil": -5,
        "Dispersion": -3,
        "AimSpeed": 0,
        "Ergonomics": 12,
        "Accuracy": 0,
        "HeatFactor": 1.03,
        "CoolFactor": 0.97,
        "ConflictingItems": [],
        "Weight": 0.255,
        "LoyaltyLevel": 3
    },
    "68bd7b4d8ce7029b6409b4a2": {
        "$type": "RealismMod.WeaponMod, RealismMod",
        "ItemID": "68bd7b4d8ce7029b6409b4a2",
        "Name": "Anaconda Picatinny Riser",
        "ModType": "sight",
        "AimSpeed": 5,
        "Accuracy": -30,
        "ConflictingItems": [],
        "Ergonomics": 0,
        "Weight": 0.155,
        "VerticalRecoil": 0,
        "HorizontalRecoil": 0,
        "LoyaltyLevel": 1
    },
    "68bd7b4d8ce7029b6409b4a3": {
        "$type": "RealismMod.WeaponMod, RealismMod",
        "ItemID": "68bd7b4d8ce7029b6409b4a3",
        "Name": "Anaconda Picatinny Riser FDE",
        "ModType": "sight",
        "AimSpeed": 5,
        "Accuracy": -30,
        "ConflictingItems": [],
        "Ergonomics": 0,
        "Weight": 0.155,
        "VerticalRecoil": 0,
        "HorizontalRecoil": 0,
        "LoyaltyLevel": 1
    },
    "68c69bd6cf7c316a7a006186": {
        "$type": "RealismMod.WeaponMod, RealismMod",
        "ItemID": "68c69bd6cf7c316a7a006186",
        "Name": "AR-15 KAC 14 KeyMod inch handguard",
        "ModType": "",
        "VerticalRecoil": -3,
        "HorizontalRecoil": -3,
        "Dispersion": -1,
        "AimSpeed": 0,
        "Ergonomics": 20,
        "Accuracy": 20,
        "HeatFactor": 0.965,
        "CoolFactor": 1.03,
        "ConflictingItems": [],
        "Weight": 0.41,
        "LoyaltyLevel": 3,
        "Handling": 2,
        "AimStability": 4
    },
    "68c5e43bbab700bb3104865b": {
        "$type": "RealismMod.WeaponMod, RealismMod",
        "ItemID": "68c5e43bbab700bb3104865b",
        "Name": "AR-15 KAC 14 KeyMod inch handguard",
        "ModType": "",
        "VerticalRecoil": -3,
        "HorizontalRecoil": -3,
        "Dispersion": -1,
        "AimSpeed": 0,
        "Ergonomics": 14,
        "Accuracy": 20,
        "HeatFactor": 0.965,
        "CoolFactor": 1.03,
        "ConflictingItems": [],
        "Weight": 0.41,
        "LoyaltyLevel": 3,
        "Handling": 2,
        "AimStability": 4
    },
    "68c60900bab700bb3104874f": {
        "$type": "RealismMod.WeaponMod, RealismMod",
        "ItemID": "68c60900bab700bb3104874f",
        "Name": "AR-15 KAC 13 KeyMod inch handguard",
        "ModType": "",
        "VerticalRecoil": -3,
        "HorizontalRecoil": -2,
        "Dispersion": -1,
        "AimSpeed": 0,
        "Ergonomics": 14,
        "Accuracy": 15,
        "HeatFactor": 0.977,
        "CoolFactor": 1.008,
        "ConflictingItems": [
            "5a34fbadc4a28200741e230a",
            "5ae30e795acfc408fb139a0b",
            "56ea8d2fd2720b7c698b4570",
            "55d35ee94bdc2d61338b4568",
            "603372b4da11d6478d5a07ff"
        ],
        "Weight": 0.389,
        "LoyaltyLevel": 3,
        "AimStability": 4,
        "Handling": 5
    },
    "68c60900bab700bb3104874d": {
        "$type": "RealismMod.WeaponMod, RealismMod",
        "ItemID": "68c60900bab700bb3104874d",
        "Name": "AR-15 KAC 10.75 KeyMod inch handguard",
        "ModType": "",
        "VerticalRecoil": -3,
        "HorizontalRecoil": -2,
        "Dispersion": -1,
        "AimSpeed": 0,
        "Ergonomics": 14,
        "Accuracy": 15,
        "HeatFactor": 0.976,
        "CoolFactor": 1.007,
        "ConflictingItems": [],
        "Weight": 0.345,
        "LoyaltyLevel": 3,
        "AimStability": 4,
        "Handling": 5
    },
    "68c60900bab700bb3104874c": {
        "$type": "RealismMod.WeaponMod, RealismMod",
        "ItemID": "68c60900bab700bb3104874c",
        "Name": "AR-15 KAC 10 KeyMod inch handguard",
        "ModType": "",
        "VerticalRecoil": -3,
        "HorizontalRecoil": -2,
        "Dispersion": -1,
        "AimSpeed": 0,
        "Ergonomics": 14,
        "Accuracy": 15,
        "HeatFactor": 0.977,
        "CoolFactor": 1.008,
        "ConflictingItems": [],
        "Weight": 0.335,
        "LoyaltyLevel": 3,
        "AimStability": 4,
        "Handling": 5
    },
    "68c5e43bbab700bb3104865a": {
        "$type": "RealismMod.WeaponMod, RealismMod",
        "ItemID": "68c5e43bbab700bb3104865a",
        "Name": "AR-15 KAC 8 KeyMod inch handguard",
        "ModType": "",
        "VerticalRecoil": -1,
        "HorizontalRecoil": -2,
        "Dispersion": -1,
        "AimSpeed": 0,
        "Ergonomics": 16,
        "Accuracy": 9,
        "HeatFactor": 0.996,
        "CoolFactor": 1.054,
        "ConflictingItems": [],
        "Weight": 0.290,
        "LoyaltyLevel": 3,
        "Price": 0,
        "AimStability": 4,
        "Handling": 5
    },
    "68bb6be346d4437fb40002e0": {
        "$type": "RealismMod.WeaponMod, RealismMod",
        "ItemID": "68bb6be346d4437fb40002e0",
        "Name": "Arisaka offset optic mount",
        "ModType": "mount",
        "Ergonomics": 0,
        "AimSpeed": 2,
        "Accuracy": -5,
        "ConflictingItems": [],
        "Weight": 0.04,
        "LoyaltyLevel": 2
    },
    "68cc8c8364bcae283b0e0a6b": {
        "$type": "RealismMod.WeaponMod, RealismMod",
        "ItemID": "68cc8c8364bcae283b0e0a6b",
        "Name": "AS VAL Mod 3.5 Full Handguard",
        "ModType": "",
        "VerticalRecoil": -2,
        "HorizontalRecoil": -5,
        "Dispersion": -3,
        "Handling": 5,
        "AimSpeed": 0,
        "ChamberSpeed": 0,
        "Ergonomics": 10,
        "Accuracy": 5,
        "HeatFactor": 0.945,
        "CoolFactor": 1.056,
        "ConflictingItems": [],
        "Weight": 0.358,
        "LoyaltyLevel": 3
    },
    "68c48eb7c91390fb930e8d95": {
        "$type": "RealismMod.WeaponMod, RealismMod",
        "ItemID": "68c48eb7c91390fb930e8d95",
        "Name": "Knight's Armament KAC M-LOK Finger Stop",
        "ModType": "",
        "VerticalRecoil": -1,
        "HorizontalRecoil": -4,
        "Dispersion": -2,
        "AimSpeed": 5,
        "Ergonomics": 2.5,
        "Accuracy": 0,
        "ConflictingItems": [],
        "Weight": 0.025,
        "LoyaltyLevel": 2,
        "AimStability": 2,
        "Handling": 1
    },
    "68c48eb7c91390fb930e8d96": {
        "$type": "RealismMod.WeaponMod, RealismMod",
        "ItemID": "68c48eb7c91390fb930e8d96",
        "Name": "Knight's Armament KAC M-LOK Barrier Stop",
        "ModType": "",
        "VerticalRecoil": -1,
        "HorizontalRecoil": -4,
        "Dispersion": -2,
        "AimSpeed": 5,
        "Ergonomics": 4.5,
        "Accuracy": 0,
        "ConflictingItems": [],
        "Weight": 0.028,
        "LoyaltyLevel": 2,
        "AimStability": 2,
        "Handling": 1
    },
    "68c48eb7c91390fb930e8d94": {
        "$type": "RealismMod.WeaponMod, RealismMod",
        "ItemID": "68c48eb7c91390fb930e8d94",
        "Name": "Knight's Armament KAC M-LOK Barrier Grip",
        "ModType": "",
        "VerticalRecoil": 0,
        "HorizontalRecoil": -4,
        "Dispersion": -3,
        "AimSpeed": 4,
        "Ergonomics": 4.5,
        "Accuracy": 0,
        "ConflictingItems": [],
        "Weight": 0.031,
        "LoyaltyLevel": 2,
        "AimStability": 4,
        "Handling": 5
    },
    "68cc8c8364bcae283b0e0a5c": {
        "$type": "RealismMod.WeaponMod, RealismMod",
        "ItemID": "68cc8c8364bcae283b0e0a5c",
        "Name": "ZenitCo PT-2 LMG Telescopic Stock (FDE)",
        "ModType": "StockR",
        "VerticalRecoil": 0,
        "HorizontalRecoil": -35,
        "Dispersion": 0,
        "CameraRecoil": -15,
        "AimSpeed": 3,
        "Ergonomics": 16,
        "Accuracy": 0,
        "HasShoulderContact": true,
        "BlocksFolding": false,
        "AutoROF": 0,
        "SemiROF": 0,
        "ModMalfunctionChance": 0,
        "StockAllowADS": false,
        "ConflictingItems": [],
        "Weight": 1.11,
        "HeatFactor": 1,
        "CoolFactor": 1,
        "LoyaltyLevel": 3
    },
    "68cc8c8364bcae283b0e0a62": {
        "$type": "RealismMod.WeaponMod, RealismMod",
        "ItemID": "68cc8c8364bcae283b0e0a62",
        "Name": "ZenitCo PT-2 LMG Telescopic Stock",
        "ModType": "StockR",
        "VerticalRecoil": 0,
        "HorizontalRecoil": -35,
        "Dispersion": 0,
        "CameraRecoil": -15,
        "AimSpeed": 3,
        "Ergonomics": 16,
        "Accuracy": 0,
        "HasShoulderContact": true,
        "BlocksFolding": false,
        "AutoROF": 0,
        "SemiROF": 0,
        "ModMalfunctionChance": 0,
        "StockAllowADS": false,
        "ConflictingItems": [],
        "Weight": 1.11,
        "HeatFactor": 1,
        "CoolFactor": 1,
        "LoyaltyLevel": 4
    },
    "68cc8c8364bcae283b0e0a65": {
        "$type": "RealismMod.WeaponMod, RealismMod",
        "ItemID": "68cc8c8364bcae283b0e0a65",
        "Name": "PK Zenit B-50 handguard (FDE)",
        "ModType": "",
        "VerticalRecoil": -1,
        "HorizontalRecoil": -1,
        "Dispersion": -1,
        "AimSpeed": 0,
        "Ergonomics": 22,
        "Accuracy": 0,
        "HeatFactor": 1,
        "CoolFactor": 1.1,
        "ConflictingItems": [],
        "Weight": 0.36,
        "LoyaltyLevel": 4
    },
    "68ce92c6f9eb4574170fbac9": {
        "$type": "RealismMod.WeaponMod, RealismMod",
        "ItemID": "68ce92c6f9eb4574170fbac9",
        "Name": "Zenitco B-51 PKM Top Rail",
        "ModType": "mount",
        "Ergonomics": 0,
        "AimSpeed": 2,
        "Accuracy": -5,
        "ConflictingItems": [],
        "Weight": 0.229,
        "LoyaltyLevel": 3
    },
    "68ce92c6f9eb4574170fbace": {
        "$type": "RealismMod.WeaponMod, RealismMod",
        "ItemID": "68ce92c6f9eb4574170fbace",
        "Name": "Zenitco B-51 PKM Top Rail FDE",
        "ModType": "mount",
        "Ergonomics": 0,
        "AimSpeed": 2,
        "Accuracy": -5,
        "ConflictingItems": [],
        "Weight": 0.229,
        "LoyaltyLevel": 3
    }
}