{
    "6868377c7bb1c07772467ee7": {
        "$type": "RealismMod.Gun, RealismMod",
        "ItemID": "6868377c7bb1c07772467ee7",
        "Name": "FN FNX-45 Tactical .45 ACP pistol",
        "WeapType": "pistol",
        "OperationType": "",
        "WeapAccuracy": 0,
        "BaseTorque": 0,
        "HasShoulderContact": false,
        "Ergonomics": 80,
        "VerticalRecoil": 460,
        "HorizontalRecoil": 235,
        "Dispersion": 12,
        "CameraRecoil": 0.003,
        "VisualMulti": 2,
        "Convergence": 17,
        "RecoilAngle": 92,
        "BaseMalfunctionChance": 0.0008,
        "HeatFactorGun": 0.2,
        "HeatFactorByShot": 1,
        "CoolFactorGun": 0.1,
        "CoolFactorGunMods": 1,
        "AllowOverheat": true,
        "CenterOfImpact": 0,
        "HipAccuracyRestorationDelay": 0.2,
        "HipAccuracyRestorationSpeed": 7,
        "HipInnaccuracyGain": 0.16,
        "ShotgunDispersion": 10,
        "Velocity": 0,
        "RecoilDamping": 0.77,
        "RecoilHandDamping": 0.45,
        "WeaponAllowADS": false,
        "Weight": 0.222,
        "DurabilityBurnRatio": 0.04,
        "AutoROF": 30,
        "SemiROF": 380,
        "LoyaltyLevel": 4,
        "BaseReloadSpeedMulti": 1.1,
        "BaseChamberSpeedMulti": 1,
        "MinChamberSpeed": 0.8,
        "MaxChamberSpeed": 1.5,
        "IsManuallyOperated": false,
        "BaseChamberCheckSpeed": 1,
        "BaseFixSpeed": 1,
        "OffsetRotation": 0.01,
        "RecoilIntensity": 0.33,
        "MasteryCategory": "P226"
    },
    "68683cf77880574d9637afc6": {
        "$type": "RealismMod.WeaponMod, RealismMod",
        "ItemID": "68683cf77880574d9637afc6",
        "Name": "FN FNX-45 .45 ACP 5.1 inch threaded barrel",
        "ModType": "",
        "VerticalRecoil": 0,
        "HorizontalRecoil": 0,
        "AutoROF": 0,
        "SemiROF": 0,
        "ModMalfunctionChance": 0,
        "Convergence": 0,
        "Accuracy": 0,
        "CenterOfImpact": 0.18,
        "HeatFactor": 1.1,
        "CoolFactor": 1.14,
        "DurabilityBurnModificator": 1,
        "Velocity": -9,
        "ConflictingItems": [],
        "Ergonomics": 0,
        "Weight": 0.215,
        "ShotgunDispersion": 1,
        "Loudness": 0,
        "LoyaltyLevel": 2,
        "Price": 0
    },
    "68683d4d23f083775c62f84e": {
        "$type": "RealismMod.WeaponMod, RealismMod",
        "ItemID": "68683d4d23f083775c62f84e",
        "Name": "FN FNX-45 pistol slide",
        "ModType": "",
        "ModMalfunctionChance": 0,
        "Accuracy": 5,
        "HeatFactor": 0.954,
        "CoolFactor": 1.06,
        "DurabilityBurnModificator": 1,
        "ConflictingItems": [],
        "Ergonomics": 0,
        "Weight": 0.385,
        "VerticalRecoil": 0,
        "HorizontalRecoil": 0,
        "ChamberSpeed": 15,
        "LoyaltyLevel": 2,
        "Price": 0
  },
  "686838eb0859ea2bd8e18c5f": {
        "$type": "RealismMod.WeaponMod, RealismMod",
        "ItemID": "686838eb0859ea2bd8e18c5f",
        "Name": "FN FNX/FNP .45 ACP 15-round magazine",
        "ModType": "",
        "ReloadSpeed": 0,
        "Ergonomics": 0,
        "MagMalfunctionChance": 0,
        "LoadUnloadModifier": -10,
        "CheckTimeModifier": -20,
        "ConflictingItems": [],
        "Weight": 0.095,
        "VerticalRecoil": 0,
        "HorizontalRecoil": 0,
        "LoyaltyLevel": 2,
        "Price": 0
  },
  "686860759bcdfbaef057bfc3": {
        "$type": "RealismMod.WeaponMod, RealismMod",
        "ItemID": "686860759bcdfbaef057bfc3",
        "Name": "FN FNX-45 tritium front sight",
        "ModType": "sight",
        "AimSpeed": 0,
        "Accuracy": 0,
        "ConflictingItems": [],
        "Ergonomics": 0,
        "Weight": 0.005,
        "VerticalRecoil": 0,
        "HorizontalRecoil": 0,
        "LoyaltyLevel": 2,
        "Price": 0
  },
  "686860901db0bec621ef9e35": {
        "$type": "RealismMod.WeaponMod, RealismMod",
        "ItemID": "686860901db0bec621ef9e35",
        "Name": "FN FNX-45 tritium rear sight",
        "ModType": "sight",
        "AimSpeed": 0,
        "Accuracy": 0,
        "ConflictingItems": [],
        "Ergonomics": 0,
        "Weight": 0.005,
        "VerticalRecoil": 0,
        "HorizontalRecoil": 0,
        "LoyaltyLevel": 2,
        "Price": 0
  }
}