{
    "6850956dcf12c18a4d8ed9ab": {
        "$type": "RealismMod.Gun, RealismMod",
        "ItemID": "6850956dcf12c18a4d8ed9ab",
        "Name": "Glock 22 .40 S&W pistol",
        "WeapType": "pistol",
        "OperationType": "",
        "WeapAccuracy": 0,
        "BaseTorque": 0,
        "HasShoulderContact": false,
        "Ergonomics": 79,
        "VerticalRecoil": 490,
        "HorizontalRecoil": 245,
        "Dispersion": 13,
        "CameraRecoil": 0.005,
        "VisualMulti": 2,
        "Convergence": 17,
        "RecoilAngle": 93,
        "BaseMalfunctionChance": 0.0008,
        "HeatFactorGun": 0.2,
        "HeatFactorByShot": 1,
        "CoolFactorGun": 0.1,
        "CoolFactorGunMods": 1,
        "AllowOverheat": true,
        "CenterOfImpact": 0,
        "HipAccuracyRestorationDelay": 0.2,
        "HipAccuracyRestorationSpeed": 7,
        "HipInnaccuracyGain": 0.16,
        "ShotgunDispersion": 10,
        "Velocity": 0,
        "RecoilDamping": 0.77,
        "RecoilHandDamping": 0.45,
        "WeaponAllowADS": false,
        "Weight": 0.222,
        "DurabilityBurnRatio": 0.04,
        "AutoROF": 30,
        "SemiROF": 380,
        "LoyaltyLevel": 4,
        "BaseReloadSpeedMulti": 1.1,
        "BaseChamberSpeedMulti": 1,
        "MinChamberSpeed": 0.8,
        "MaxChamberSpeed": 1.5,
        "IsManuallyOperated": false,
        "BaseChamberCheckSpeed": 1,
        "BaseFixSpeed": 1,
        "OffsetRotation": 0.01,
        "RecoilIntensity": 0.340,
        "MasteryCategory": "P226"
}, 
    "68580e9cea46c81b4db2221e": {
        "$type": "RealismMod.Gun, RealismMod",
        "ItemID": "68580e9cea46c81b4db2221e",
        "Name": "Kalashnikov AKS-74UN 5.56x45 assault rifle",
        "WeapType": "short_AK",
        "OperationType": "",
        "WeapAccuracy": 0,
        "BaseTorque": -1,
        "HasShoulderContact": false,
        "Ergonomics": 80,
        "VerticalRecoil": 81,
        "HorizontalRecoil": 195,
        "Dispersion": 11,
        "CameraRecoil": 0.039,
        "VisualMulti": 1.05,
        "Convergence": 15.5,
        "RecoilAngle": 89,
        "BaseMalfunctionChance": 0.0024,
        "HeatFactorGun": 0.35,
        "HeatFactorByShot": 1,
        "CoolFactorGun": 0.1,
        "CoolFactorGunMods": 1,
        "AllowOverheat": true,
        "CenterOfImpact": 0.053,
        "HipAccuracyRestorationDelay": 0.2,
        "HipAccuracyRestorationSpeed": 7,
        "HipInnaccuracyGain": 0.16,
        "ShotgunDispersion": 0,
        "Velocity": -25.5,
        "RecoilDamping": 0.84,
        "RecoilHandDamping": 0.74,
        "WeaponAllowADS": false,
        "Weight": 1.809,
        "DurabilityBurnRatio": 0.4,
        "AutoROF": 680,
        "SemiROF": 415,
        "LoyaltyLevel": 2,
        "BaseReloadSpeedMulti": 1,
        "BaseChamberSpeedMulti": 1,
        "MinChamberSpeed": 0.7,
        "MaxChamberSpeed": 1.5,
        "IsManuallyOperated": false,
        "BaseChamberCheckSpeed": 1.5,
        "BaseFixSpeed": 1.3,
        "OffsetRotation": 0.009,
        "RecoilIntensity": 0.16,
        "MasteryCategory": "AKM"
    }

}