{
    "6859411da7ac91f2e4088de4": {
        "$type": "RealismMod.WeaponMod, RealismMod",
        "ItemID": "6859411da7ac91f2e4088de4",
        "Name": "EOTech EXPS3-1 holographic sight",
        "ModType": "sight",
        "AimSpeed": 16,
        "Accuracy": 17,
        "ConflictingItems": [],
        "Ergonomics": 0,
        "Weight": 0.255,
        "VerticalRecoil": 0,
        "HorizontalRecoil": 0,
        "LoyaltyLevel": 3
    },
    "5a1539825682a7fa06dc4243": {
        "$type": "RealismMod.WeaponMod, RealismMod",
        "ItemID": "5a1539825682a7fa06dc4243",
        "Name": "Holosun HS507C (Green reticle)",
        "ModType": "sight",
        "AimSpeed": 10,
        "Accuracy": 0,
        "ConflictingItems": [],
        "Ergonomics": 0,
        "Weight": 0.06,
        "VerticalRecoil": 0,
        "HorizontalRecoil": 0,
        "LoyaltyLevel": 2
    },
    "2f5f355a48a470aeb12452b1": {
        "$type": "RealismMod.WeaponMod, RealismMod",
        "ItemID": "2f5f355a48a470aeb12452b1",
        "Name": "Holosun HS507C (Red reticle)",
        "ModType": "sight",
        "AimSpeed": 10,
        "Accuracy": 0,
        "ConflictingItems": [],
        "Ergonomics": 0,
        "Weight": 0.06,
        "VerticalRecoil": 0,
        "HorizontalRecoil": 0,
        "LoyaltyLevel": 2
    },
    "68642e0200397ba2b9e4ea9a": {
        "$type": "RealismMod.WeaponMod, RealismMod",
        "ItemID": "68642e0200397ba2b9e4ea9a",
        "Name": "Tasco ProPoint",
        "ModType": "sight",
        "AimSpeed": 0,
        "Accuracy": -10,
        "ConflictingItems": [],
        "Ergonomics": 0,
        "Weight": 0.147,
        "VerticalRecoil": 0,
        "HorizontalRecoil": 0,
        "LoyaltyLevel": 1
    },
    "685d43c384852051ef64e4e8": {
        "$type": "RealismMod.WeaponMod, RealismMod",
        "ItemID": "685d43c384852051ef64e4e8",
        "Name": "EOTech 553 holographic sight (FDE)",
        "ModType": "sight",
        "AimSpeed": 15,
        "Accuracy": 16,
        "ConflictingItems": [],
        "Ergonomics": 0,
        "Weight": 0.349,
        "VerticalRecoil": 0,
        "HorizontalRecoil": 0,
        "LoyaltyLevel": 3
    },
    "686b15f7cf5ae78dbd7b950b": {
        "$type": "RealismMod.WeaponMod, RealismMod",
        "ItemID": "686b15f7cf5ae78dbd7b950b",
        "Name": "SIG Sauer BRAVO5 5x30 scope",
        "ModType": "sight",
        "AimSpeed": 5,
        "Accuracy": 8,
        "ConflictingItems": [],
        "Ergonomics": 0,
        "Weight": 0.652,
        "VerticalRecoil": 0,
        "HorizontalRecoil": 0,
        "LoyaltyLevel": 3
    },
    "6857c3a0b4fec9f18e5e5e36": {
        "$type": "RealismMod.WeaponMod, RealismMod",
        "ItemID": "6857c3a0b4fec9f18e5e5e36",
        "Name": "SIG Sauer ROMEO7 1x30 reflex sight",
        "ModType": "sight",
        "AimSpeed": 10,
        "Accuracy": 8,
        "ConflictingItems": [],
        "Ergonomics": 0,
        "Weight": 0.354,
        "VerticalRecoil": 0,
        "HorizontalRecoil": 0,
        "LoyaltyLevel": 3
    },
    "685912a257837068f1460c7a": {
        "$type": "RealismMod.WeaponMod, RealismMod",
        "ItemID": "685912a257837068f1460c7a",
        "Name": "SIG Sauer ROMEO7 1x30 reflex sight (FDE)",
        "ModType": "sight",
        "AimSpeed": 10,
        "Accuracy": 8,
        "ConflictingItems": [],
        "Ergonomics": 0,
        "Weight": 0.354,
        "VerticalRecoil": 0,
        "HorizontalRecoil": 0,
        "LoyaltyLevel": 3
    },
    "6858f8db6ed3644b6c11c9a0": {
        "$type": "RealismMod.WeaponMod, RealismMod",
        "ItemID": "6858f8db6ed3644b6c11c9a0",
        "Name": "Holosun HE509T X2 reflex sight",
        "ModType": "sight",
        "AimSpeed": 5,
        "Accuracy": 0,
        "ConflictingItems": [],
        "Ergonomics": 0,
        "Weight": 0.049,
        "VerticalRecoil": 0,
        "HorizontalRecoil": 0,
        "LoyaltyLevel": 3
    },
    "685904bd76b06df2198b2f1b": {
        "$type": "RealismMod.WeaponMod, RealismMod",
        "ItemID": "685904bd76b06df2198b2f1b",
        "Name": "Holosun HE509T X2 reflex sight (FDE)",
        "ModType": "sight",
        "AimSpeed": 5,
        "Accuracy": 0,
        "ConflictingItems": [],
        "Ergonomics": 0,
        "Weight": 0.049,
        "VerticalRecoil": 0,
        "HorizontalRecoil": 0,
        "LoyaltyLevel": 3
    }

}