{
    "6858233fe23b980eb4f1514f": {
        "$type": "RealismMod.WeaponMod, RealismMod",
        "ItemID": "6858233fe23b980eb4f1514f",
        "Name": "AK Zenit B-11 handguard with B-19 upper mount",
        "ModType": "",
        "VerticalRecoil": -2,
        "HorizontalRecoil": -1,
        "Dispersion": -2,
        "AimSpeed": 0,
        "Ergonomics": 6.5,
        "Accuracy": 11,
        "HeatFactor": 0.968,
        "CoolFactor": 1.051,
        "ConflictingItems": [],
        "Weight": 0.29,
        "LoyaltyLevel": 3,
        "Handling": 4
    },
    "685b0a6054f4bf2b066d6c2c": {
        "$type": "RealismMod.WeaponMod, RealismMod",
        "ItemID": "685b0a6054f4bf2b066d6c2c",
        "Name": "AK KRUK CRC 1U020-MIL M-LOK handguard",
        "ModType": "",
        "VerticalRecoil": -2,
        "HorizontalRecoil": -5,
        "Dispersion": -4,
        "AimSpeed": 0,
        "Ergonomics": 14,
        "Accuracy": 12,
        "HeatFactor": 0.975,
        "CoolFactor": 1,
        "ConflictingItems": [],
        "Weight": 0.360,
        "LoyaltyLevel": 3,
        "Handling": 5
    },
    "685b0d680624e87899344355": {
        "$type": "RealismMod.WeaponMod, RealismMod",
        "ItemID": "685b0d680624e87899344355",
        "Name": "AK KRUK CRC 1U020-MIL M-LOK handguard (FDE)",
        "ModType": "",
        "VerticalRecoil": -2,
        "HorizontalRecoil": -5,
        "Dispersion": -4,
        "AimSpeed": 0,
        "Ergonomics": 14,
        "Accuracy": 12,
        "HeatFactor": 0.975,
        "CoolFactor": 1,
        "ConflictingItems": [],
        "Weight": 0.360,
        "LoyaltyLevel": 3,
        "Handling": 5
    },
    "685b0d8f154cae33f3a47ed9": {
        "$type": "RealismMod.WeaponMod, RealismMod",
        "ItemID": "685b0d8f154cae33f3a47ed9",
        "Name": "AK KRUK CRC 1U020-MIL M-LOK handguard (Olive Drab)",
        "ModType": "",
        "VerticalRecoil": -2,
        "HorizontalRecoil": -5,
        "Dispersion": -4,
        "AimSpeed": 0,
        "Ergonomics": 14,
        "Accuracy": 12,
        "HeatFactor": 0.975,
        "CoolFactor": 1,
        "ConflictingItems": [],
        "Weight": 0.360,
        "LoyaltyLevel": 3,
        "Handling": 5
    },
    "685b0dbdb33127b982055205": {
        "$type": "RealismMod.WeaponMod, RealismMod",
        "ItemID": "685b0dbdb33127b982055205",
        "Name": "AK KRUK CRC 1U020-MIL M-LOK handguard (Anodized Red)",
        "ModType": "",
        "VerticalRecoil": -2,
        "HorizontalRecoil": -5,
        "Dispersion": -4,
        "AimSpeed": 0,
        "Ergonomics": 14,
        "Accuracy": 12,
        "HeatFactor": 0.975,
        "CoolFactor": 1,
        "ConflictingItems": [],
        "Weight": 0.360,
        "LoyaltyLevel": 3,
        "Handling": 5
    },
    "686157209ffd81f32ce534ba": {
        "$type": "RealismMod.WeaponMod, RealismMod",
        "ItemID": "686157209ffd81f32ce534ba",
        "Name": "AK Molot Arms RPK/VEPR-12 polymer handguard",
        "ModType": "",
        "VerticalRecoil": -1,
        "HorizontalRecoil": -1.5,
        "Dispersion": -1,
        "AimSpeed": 0,
        "Ergonomics": 5,
        "Accuracy": 3,
        "HeatFactor": 1.032,
        "CoolFactor": 1.035,
        "ConflictingItems": [],
        "Weight": 0.22,
        "LoyaltyLevel": 1
    },
      "68627f891c1601d14b88016a": {
        "$type": "RealismMod.WeaponMod, RealismMod",
        "ItemID": "68627f891c1601d14b88016a",
        "Name": "AR-15 Strike Industries Advanced Receiver Extension buffer tube (FDE)",
        "ModType": "buffer",
        "VerticalRecoil": 0,
        "HorizontalRecoil": -10,
        "Dispersion": -10,
        "CameraRecoil": 5,
        "AimSpeed": 0,
        "Ergonomics": 0,
        "Accuracy": 0,
        "HasShoulderContact": false,
        "BlocksFolding": false,
        "AutoROF": 5,
        "SemiROF": 10,
        "ModMalfunctionChance": -5,
        "StockAllowADS": false,
        "ConflictingItems": [],
        "Weight": 0.11,
        "DurabilityBurnModificator": 1.08,
        "Convergence": 10,
        "LoyaltyLevel": 4
    },
      "68627fc110d11b57f67433b9": {
        "$type": "RealismMod.WeaponMod, RealismMod",
        "ItemID": "68627fc110d11b57f67433b9",
        "Name": "AR-15 Strike Industries Advanced Receiver Extension buffer tube (Olive Drab)",
        "ModType": "buffer",
        "VerticalRecoil": 0,
        "HorizontalRecoil": -10,
        "Dispersion": -10,
        "CameraRecoil": 5,
        "AimSpeed": 0,
        "Ergonomics": 0,
        "Accuracy": 0,
        "HasShoulderContact": false,
        "BlocksFolding": false,
        "AutoROF": 5,
        "SemiROF": 10,
        "ModMalfunctionChance": 5,
        "StockAllowADS": false,
        "ConflictingItems": [],
        "Weight": 0.11,
        "DurabilityBurnModificator": 1.08,
        "Convergence": 10,
        "LoyaltyLevel": 4
    },
      "68627fa0df4af978ea48e2ee": {
        "$type": "RealismMod.WeaponMod, RealismMod",
        "ItemID": "68627fa0df4af978ea48e2ee",
        "Name": "AR-15 Strike Industries Advanced Receiver Extension buffer tube (Anodized Blue)",
        "ModType": "buffer",
        "VerticalRecoil": 0,
        "HorizontalRecoil": -10,
        "Dispersion": -10,
        "CameraRecoil": 5,
        "AimSpeed": 0,
        "Ergonomics": 0,
        "Accuracy": 0,
        "HasShoulderContact": false,
        "BlocksFolding": false,
        "AutoROF": 5,
        "SemiROF": 10,
        "ModMalfunctionChance": 30,
        "StockAllowADS": false,
        "ConflictingItems": [],
        "Weight": 0.11,
        "DurabilityBurnModificator": 1.08,
        "Convergence": 10,
        "LoyaltyLevel": 5
    },
      "685d14c26bd75f52d9d4f068": {
        "$type": "RealismMod.WeaponMod, RealismMod",
        "ItemID": "685d14c26bd75f52d9d4f068",
        "Name": "Daniel Defence Enhanced Picatinny Vertical Foregrip",
        "ModType": "",
        "VerticalRecoil": -3.5,
        "HorizontalRecoil": -1,
        "Dispersion": 0,
        "AimSpeed": -1,
        "Ergonomics": 8,
        "Accuracy": 0,
        "ConflictingItems": [],
        "Weight": 0.068,
        "LoyaltyLevel": 3,
        "Handling": 10
    },
      "685d1544a4233f993d69e802": {
        "$type": "RealismMod.WeaponMod, RealismMod",
        "ItemID": "685d1544a4233f993d69e802",
        "Name": "Daniel Defence Enhanced Picatinny Vertical Foregrip (Coyote Brown)",
        "ModType": "",
        "VerticalRecoil": -3.5,
        "HorizontalRecoil": -1,
        "Dispersion": 0,
        "AimSpeed": -1,
        "Ergonomics": 8,
        "Accuracy": 0,
        "ConflictingItems": [],
        "Weight": 0.068,
        "LoyaltyLevel": 3,
        "Handling": 10
    },
      "685d1558f7cc3c5737893bbe": {
        "$type": "RealismMod.WeaponMod, RealismMod",
        "ItemID": "685d1558f7cc3c5737893bbe",
        "Name": "Daniel Defence Enhanced Picatinny Vertical Foregrip (Slate Gray)",
        "ModType": "",
        "VerticalRecoil": -3.5,
        "HorizontalRecoil": -1,
        "Dispersion": 0,
        "AimSpeed": -1,
        "Ergonomics": 8,
        "Accuracy": 0,
        "ConflictingItems": [],
        "Weight": 0.068,
        "LoyaltyLevel": 3,
        "Handling": 10
    },
      "686ad244771ad06c4fd8c970": {
        "$type": "RealismMod.WeaponMod, RealismMod",
        "ItemID": "686ad244771ad06c4fd8c970",
        "Name": "AAC Ti-RANT 45S .45 ACP sound suppressor",
        "ModType": "",
        "VerticalRecoil": 0,
        "HorizontalRecoil": -4,
        "Dispersion": -10,
        "CameraRecoil": -10,
        "AutoROF": 2.25,
        "SemiROF": 3,
        "ModMalfunctionChance": -22,
        "CanCycleSubs": false,
        "Accuracy": 10,
        "HeatFactor": 1.12,
        "CoolFactor": 1,
        "DurabilityBurnModificator": 1.22,
        "Velocity": 1.12,
        "RecoilAngle": 0,
        "ConflictingItems": [],
        "Ergonomics": 0,
        "Weight": 0.52,
        "Loudness": -34.7,
        "Convergence": 0,
        "LoyaltyLevel": 3,
        "Flash": 16
    }, 
      "686ad2e1cb1cd4ac811bfe81": {
        "$type": "RealismMod.WeaponMod, RealismMod",
        "ItemID": "686ad2e1cb1cd4ac811bfe81",
        "Name": "AAC Ti-RANT 45S .45 ACP sound suppressor (FDE)",
        "ModType": "",
        "VerticalRecoil": 0,
        "HorizontalRecoil": -4,
        "Dispersion": -10,
        "CameraRecoil": -10,
        "AutoROF": 2.25,
        "SemiROF": 3,
        "ModMalfunctionChance": -22,
        "CanCycleSubs": false,
        "Accuracy": 10,
        "HeatFactor": 1.12,
        "CoolFactor": 1,
        "DurabilityBurnModificator": 1.22,
        "Velocity": 1.12,
        "RecoilAngle": 0,
        "ConflictingItems": [],
        "Ergonomics": 0,
        "Weight": 0.52,
        "Loudness": -34.7,
        "Convergence": 0,
        "LoyaltyLevel": 3,
        "Flash": 16
    }, 
      "685783eaa05975b2c91ca071": {
        "$type": "RealismMod.WeaponMod, RealismMod",
        "ItemID": "685783eaa05975b2c91ca071",
        "Name": "Glock .40 S&W Lone Wolf AlphaWolf threaded barrel",
        "ModType": "",
        "VerticalRecoil": 0,
        "HorizontalRecoil": 0,
        "AutoROF": 0,
        "SemiROF": 0,
        "ModMalfunctionChance": 0,
        "Convergence": 0,
        "Accuracy": 0,
        "CenterOfImpact": 0.11,
        "HeatFactor": 1.14,
        "CoolFactor": 1.21,
        "DurabilityBurnModificator": 1,
        "Velocity": -11.8,
        "ConflictingItems": [],
        "Ergonomics": 0,
        "Weight": 0.18,
        "ShotgunDispersion": 1,
        "Loudness": 0,
        "LoyaltyLevel": 2
    }, 
    "685782ebcb63ccdc073e6c5b": {
        "$type": "RealismMod.WeaponMod, RealismMod",
        "ItemID": "685782ebcb63ccdc073e6c5b",
        "Name": "Glock 22 .40 S&W 114mm barrel",
        "ModType": "",
        "VerticalRecoil": -20,
        "HorizontalRecoil": 0,
        "Dispersion": 0,
        "AutoROF": 0,
        "SemiROF": 0,
        "ModMalfunctionChance": 0,
        "Convergence": 10,
        "Accuracy": 0,
        "CenterOfImpact": 0.14,
        "HeatFactor": 1.14,
        "CoolFactor": 1.21,
        "DurabilityBurnModificator": 1,
        "Velocity": -12,
        "ConflictingItems": [],
        "Ergonomics": 0,
        "Weight": 0.18,
        "ShotgunDispersion": 1,
        "Loudness": 0,
        "LoyaltyLevel": 1
    }, 
    "68509710f0df4dbc5b0ff7fe": {
        "$type": "RealismMod.WeaponMod, RealismMod",
        "ItemID": "68509710f0df4dbc5b0ff7fe",
        "Name": "Glock 22 MOS pistol slide",
        "ModType": "",
        "ModMalfunctionChance": 0,
        "Accuracy": 5,
        "HeatFactor": 1.058,
        "CoolFactor": 0.98,
        "DurabilityBurnModificator": 1,
        "ConflictingItems": [],
        "Ergonomics": 0,
        "Weight": 0.325,
        "VerticalRecoil": 0,
        "HorizontalRecoil": 0,
        "ChamberSpeed": 24,
        "LoyaltyLevel": 1
    },
    "685760329044ae9bac9012c3": {
        "$type": "RealismMod.WeaponMod, RealismMod",
        "ItemID": "685760329044ae9bac9012c3",
        "Name": "Unity Tactical FAST COG sight mount",
        "ModType": "mount",
        "Ergonomics": 0,
        "Accuracy": 3,
        "AimSpeed": 5,
        "ConflictingItems": [],
        "Weight": 0.098,
        "LoyaltyLevel": 3,
        "Price": 0
    },
    "6857624d565daea78886d0c2": {
        "$type": "RealismMod.WeaponMod, RealismMod",
        "ItemID": "6857624d565daea78886d0c2",
        "Name": "Unity Tactical FAST COG sight mount (FDE)",
        "ModType": "mount",
        "Ergonomics": 0,
        "Accuracy": 3,
        "AimSpeed": 5,
        "ConflictingItems": [],
        "Weight": 0.098,
        "LoyaltyLevel": 3,
        "Price": 0
    },
    "68599b6ad4d99d0c051b5964": {
        "$type": "RealismMod.WeaponMod, RealismMod",
        "ItemID": "68599b6ad4d99d0c051b5964",
        "Name": "Unity Tactical FAST Micro sight mount (Bronze)",
        "ModType": "mount",
        "Ergonomics": 0,
        "AimSpeed": 8,
        "Accuracy": -2,
        "ConflictingItems": [],
        "Weight": 0.015,
        "LoyaltyLevel": 0,
        "Price": 0
    },
    "68599c5272359bd6b568656c": {
        "$type": "RealismMod.WeaponMod, RealismMod",
        "ItemID": "68599c5272359bd6b568656c",
        "Name": "Unity Tactical FAST Micro sight mount (Green)",
        "ModType": "mount",
        "Ergonomics": 0,
        "AimSpeed": 8,
        "Accuracy": -2,
        "ConflictingItems": [],
        "Weight": 0.015,
        "LoyaltyLevel": 0,
        "Price": 0
    },
    "68599c64f0a918bcd731198f": {
        "$type": "RealismMod.WeaponMod, RealismMod",
        "ItemID": "68599c64f0a918bcd731198f",
        "Name": "Unity Tactical FAST Micro sight mount (White)",
        "ModType": "mount",
        "Ergonomics": 0,
        "AimSpeed": 5,
        "Accuracy": 0,
        "ConflictingItems": [],
        "Weight": 0.015,
        "LoyaltyLevel": 0,
        "Price": 0
    },
    "685acb7cdabf1c595fd9b3b7": {
        "$type": "RealismMod.WeaponMod, RealismMod",
        "ItemID": "685acb7cdabf1c595fd9b3b7",
        "Name": "Unity Tactical FAST MRDS sight mount (FDE)",
        "ModType": "mount",
        "Ergonomics": -1,
        "AimSpeed": 5,
        "Accuracy": -3,
        "ConflictingItems": [],
        "Weight": 0.085,
        "LoyaltyLevel": 0,
        "Price": 0
    },
    "685ac95d7bde7c5e19ba8d89": {
        "$type": "RealismMod.WeaponMod, RealismMod",
        "ItemID": "685ac95d7bde7c5e19ba8d89",
        "Name": "Unity Tactical FAST MRDS sight mount",
        "ModType": "mount",
        "Ergonomics": -1,
        "AimSpeed": 5,
        "Accuracy": -3,
        "ConflictingItems": [],
        "Weight": 0.085,
        "LoyaltyLevel": 0,
        "Price": 0
    },
    "685e519eacaed4c4e66980a7": {
        "$type": "RealismMod.WeaponMod, RealismMod",
        "ItemID": "685e519eacaed4c4e66980a7",
        "Name": "Unity Tactical FAST COMP-series scope mount",
        "ModType": "mount",
        "Ergonomics": 0,
        "AimSpeed": 3,
        "Accuracy": -1,
        "ConflictingItems": [],
        "Weight": 0.091,
        "LoyaltyLevel": 0,
        "Price": 0
    },
    "685e52a030452e0aa23b53b6": {
        "$type": "RealismMod.WeaponMod, RealismMod",
        "ItemID": "685e52a030452e0aa23b53b6",
        "Name": "Unity Tactical FAST COMP-series scope mount (FDE)",
        "ModType": "mount",
        "Ergonomics": 0,
        "AimSpeed": 3,
        "Accuracy": -1,
        "ConflictingItems": [],
        "Weight": 0.091,
        "LoyaltyLevel": 0,
        "Price": 0
    },
    "685e52e7038ea03a82a7a2c1": {
        "$type": "RealismMod.WeaponMod, RealismMod",
        "ItemID": "685e52e7038ea03a82a7a2c1",
        "Name": "Unity Tactical FAST COMP-series scope mount (Bronze)",
        "ModType": "mount",
        "Ergonomics": 0,
        "AimSpeed": 3,
        "Accuracy": -1,
        "ConflictingItems": [],
        "Weight": 0.091,
        "LoyaltyLevel": 0,
        "Price": 0
    },
    "685e5326a119194a7cbaa34e": {
        "$type": "RealismMod.WeaponMod, RealismMod",
        "ItemID": "685e5326a119194a7cbaa34e",
        "Name": "Unity Tactical FAST COMP-series scope mount (Green)",
        "ModType": "mount",
        "Ergonomics": 0,
        "AimSpeed": 3,
        "Accuracy": -1,
        "ConflictingItems": [],
        "Weight": 0.091,
        "LoyaltyLevel": 0,
        "Price": 0
    },
    "685e5339826695a4b438120c": {
        "$type": "RealismMod.WeaponMod, RealismMod",
        "ItemID": "685e5339826695a4b438120c",
        "Name": "Unity Tactical FAST COMP-series scope mount (White)",
        "ModType": "mount",
        "Ergonomics": 0,
        "AimSpeed": 3,
        "Accuracy": -1,
        "ConflictingItems": [],
        "Weight": 0.091,
        "LoyaltyLevel": 0,
        "Price": 0
    },
    "68611c8d57834d1471676982": {
        "$type": "RealismMod.WeaponMod, RealismMod",
        "ItemID": "68611c8d57834d1471676982",
        "Name": "Kastle Group FRT 226 scope mount",
        "ModType": "mount",
        "Ergonomics": 0,
        "AimSpeed": 4,
        "Accuracy": 1,
        "ConflictingItems": [],
        "Weight": 0.112,
        "LoyaltyLevel": 0,
        "Price": 0
    },
    "68611d271b5181217dee6c31": {
        "$type": "RealismMod.WeaponMod, RealismMod",
        "ItemID": "68611d271b5181217dee6c31",
        "Name": "Kastle Group FRT 226 scope mount (FDE)",
        "ModType": "mount",
        "Ergonomics": 0,
        "AimSpeed": 4,
        "Accuracy": 1,
        "ConflictingItems": [],
        "Weight": 0.112,
        "LoyaltyLevel": 0,
        "Price": 0
    },
    "68611d79d2f8c2caf35ddd39": {
        "$type": "RealismMod.WeaponMod, RealismMod",
        "ItemID": "68611d79d2f8c2caf35ddd39",
        "Name": "Kastle Group FRT 226 scope mount (Sand)",
        "ModType": "mount",
        "Ergonomics": 0,
        "AimSpeed": 4,
        "Accuracy": 1,
        "ConflictingItems": [],
        "Weight": 0.112,
        "LoyaltyLevel": 0,
        "Price": 0
    },
    "686a950f332bd39442d996c7": {
        "$type": "RealismMod.WeaponMod, RealismMod",
        "ItemID": "686a950f332bd39442d996c7",
        "Name": "Unity Tactical FAST LPVO 30mm ring scope mount",
        "ModType": "mount",
        "Ergonomics": 0,
        "AimSpeed": 3,
        "Accuracy": 9,
        "ConflictingItems": [],
        "Weight": 0.212,
        "LoyaltyLevel": 0,
        "Price": 0
    },
    "686a959fea53389283823a5e": {
        "$type": "RealismMod.WeaponMod, RealismMod",
        "ItemID": "686a959fea53389283823a5e",
        "Name": "Unity Tactical FAST LPVO 30mm ring scope mount (FDE)",
        "ModType": "mount",
        "Ergonomics": 0,
        "AimSpeed": 3,
        "Accuracy": 9,
        "ConflictingItems": [],
        "Weight": 0.212,
        "LoyaltyLevel": 0,
        "Price": 0
    },
    "686a95d3d23099a58e981e27": {
        "$type": "RealismMod.WeaponMod, RealismMod",
        "ItemID": "686a95d3d23099a58e981e27",
        "Name": "Unity Tactical FAST LPVO 30mm ring scope mount (ODG)",
        "ModType": "mount",
        "Ergonomics": 0,
        "AimSpeed": 3,
        "Accuracy": 9,
        "ConflictingItems": [],
        "Weight": 0.212,
        "LoyaltyLevel": 0,
        "Price": 0
    },
    "686a95919c10df31081c9e2b": {
        "$type": "RealismMod.WeaponMod, RealismMod",
        "ItemID": "686a95919c10df31081c9e2b",
        "Name": "Unity Tactical FAST LPVO canted optic mount",
        "ModType": "mount",
        "Ergonomics": 0,
        "AimSpeed": 2,
        "Accuracy": -5,
        "ConflictingItems": [],
        "Weight": 0.04,
        "LoyaltyLevel": 2
    },
    "686a990e217f312ed3fe65bf": {
        "$type": "RealismMod.WeaponMod, RealismMod",
        "ItemID": "686a990e217f312ed3fe65bf",
        "Name": "Unity Tactical FAST MRO sight mount",
        "ModType": "mount",
        "Ergonomics": 0,
        "AimSpeed": 5,
        "Accuracy": -2,
        "ConflictingItems": [],
        "Weight": 0.099,
        "LoyaltyLevel": 0,
        "Price": 0
    },
    "686a99b24e95c2b6c57ef026": {
        "$type": "RealismMod.WeaponMod, RealismMod",
        "ItemID": "686a99b24e95c2b6c57ef026",
        "Name": "Unity Tactical FAST MRO sight mount (FDE)",
        "ModType": "mount",
        "Ergonomics": 0,
        "AimSpeed": 5,
        "Accuracy": -2,
        "ConflictingItems": [],
        "Weight": 0.099,
        "LoyaltyLevel": 0,
        "Price": 0
    },
    "68548617d7005d82dc8a7e05": {
        "$type": "RealismMod.WeaponMod, RealismMod",
        "ItemID": "68548617d7005d82dc8a7e05",
        "Name": "Arisaka Inline Scout Mount M-Lok",
        "ModType": "mount",
        "Ergonomics": 0,
        "AimSpeed": 0,
        "Accuracy": 0,
        "ConflictingItems": [],
        "Weight": 0.017,
        "LoyaltyLevel": 0,
        "Price": 0
    },
    "685485a71047ce6ee139b2fb": {
        "$type": "RealismMod.WeaponMod, RealismMod",
        "ItemID": "685485a71047ce6ee139b2fb",
        "Name": "Arisaka Inline Scout Mount M-Lok Fde",
        "ModType": "mount",
        "Ergonomics": 0,
        "AimSpeed": 0,
        "Accuracy": 0,
        "ConflictingItems": [],
        "Weight": 0.017,
        "LoyaltyLevel": 0,
        "Price": 0
    },
    "6855af4552c03724cc5956b4": {
        "$type": "RealismMod.WeaponMod, RealismMod",
        "ItemID": "6855af4552c03724cc5956b4",
        "Name": "Arisaka Side Scout Mount M-Lok - Black",
        "ModType": "mount",
        "Ergonomics": 0,
        "AimSpeed": 0,
        "Accuracy": 0,
        "ConflictingItems": [],
        "Weight": 0.018,
        "LoyaltyLevel": 0,
        "Price": 0
    },
    "6855afa723e132bdea932a41": {
        "$type": "RealismMod.WeaponMod, RealismMod",
        "ItemID": "6855afa723e132bdea932a41",
        "Name": "Arisaka Side Scout Mount M-Lok - Fde",
        "ModType": "mount",
        "Ergonomics": 0,
        "AimSpeed": 5,
        "Accuracy": -2,
        "ConflictingItems": [],
        "Weight": 0.018,
        "LoyaltyLevel": 0,
        "Price": 0
    }
}