{
        "685c83e3b9ee925a05b52461": {
        "$type": "RealismMod.WeaponMod, RealismMod",
        "ItemID": "685c83e3b9ee925a05b52461",
        "Name": "AR-15 5.56x45 HK MR556 PMAG Gen3 STANAG 30-round magazine",
        "ModType": "",
        "ReloadSpeed": 5,
        "Ergonomics": 0,
        "MalfunctionChance": 0.03,
        "LoadUnloadModifier": 10,
        "CheckTimeModifier": 15,
        "ConflictingItems": [],
        "Weight": 0.166,
        "VerticalRecoil": 0,
        "HorizontalRecoil": 0,
        "LoyaltyLevel": 3
    },
    "685c83ee6a8af2446b13f814": {
        "$type": "RealismMod.WeaponMod, RealismMod",
        "ItemID": "685c83ee6a8af2446b13f814",
        "Name": "AR-15 5.56x45 HK MR556 PMAG Gen3 STANAG 30-round magazine (FDE)",
        "ModType": "",
        "ReloadSpeed": 5,
        "Ergonomics": 0,
        "MalfunctionChance": 0.03,
        "LoadUnloadModifier": 10,
        "CheckTimeModifier": 15,
        "ConflictingItems": [],
        "Weight": 0.166,
        "VerticalRecoil": 0,
        "HorizontalRecoil": 0,
        "LoyaltyLevel": 3
    },
    "685c8415ed68f153c9bcf5ff": {
        "$type": "RealismMod.WeaponMod, RealismMod",
        "ItemID": "685c8415ed68f153c9bcf5ff",
        "Name": "AR-15 5.56x45 HK MR556 PMAG Gen3 STANAG 30-round magazine (Sand)",
        "ModType": "",
        "ReloadSpeed": 5,
        "Ergonomics": 0,
        "MalfunctionChance": 0.03,
        "LoadUnloadModifier": 10,
        "CheckTimeModifier": 15,
        "ConflictingItems": [],
        "Weight": 0.166,
        "VerticalRecoil": 0,
        "HorizontalRecoil": 0,
        "LoyaltyLevel": 3
    },
    "685ea2d7d361ce968d776a61": {
        "$type": "RealismMod.WeaponMod, RealismMod",
        "ItemID": "685ea2d7d361ce968d776a61",
        "Name": "AR-15 5.56x45 HEXMAG Series 2 PMAG 30-round magazine",
        "ModType": "",
        "ReloadSpeed": 5,
        "Ergonomics": 0,
        "MalfunctionChance": 0.05,
        "LoadUnloadModifier": 10,
        "CheckTimeModifier": 15,
        "ConflictingItems": [],
        "Weight": 0.139,
        "VerticalRecoil": 0,
        "HorizontalRecoil": 0,
        "LoyaltyLevel": 3
    },
    "685ea424ae29ce869f15365a": {
        "$type": "RealismMod.WeaponMod, RealismMod",
        "ItemID": "685ea424ae29ce869f15365a",
        "Name": "AR-15 5.56x45 HEXMAG Series 2 PMAG 30-round magazine (FDE)",
        "ModType": "",
        "ReloadSpeed": 5,
        "Ergonomics": 0,
        "MalfunctionChance": 0.05,
        "LoadUnloadModifier": 10,
        "CheckTimeModifier": 15,
        "ConflictingItems": [],
        "Weight": 0.139,
        "VerticalRecoil": 0,
        "HorizontalRecoil": 0,
        "LoyaltyLevel": 3
    },
    "685ea5774f566619e928fd4c": {
        "$type": "RealismMod.WeaponMod, RealismMod",
        "ItemID": "685ea5774f566619e928fd4c",
        "Name": "AR-15 5.56x45 Strike Industries PMAG 33-round magazine",
        "ModType": "",
        "ReloadSpeed": 0,
        "Ergonomics": 0,
        "MalfunctionChance": 0.05,
        "LoadUnloadModifier": 10,
        "CheckTimeModifier": 15,
        "ConflictingItems": [],
        "Weight": 0.139,
        "VerticalRecoil": 0,
        "HorizontalRecoil": 0,
        "LoyaltyLevel": 3
    },
    "685ea58fd46519c32d440109": {
        "$type": "RealismMod.WeaponMod, RealismMod",
        "ItemID": "685ea58fd46519c32d440109",
        "Name": "AR-15 5.56x45 Strike Industries PMAG 33-round magazine (FDE)",
        "ModType": "",
        "ReloadSpeed": 0,
        "Ergonomics": 0,
        "MalfunctionChance": 0.05,
        "LoadUnloadModifier": 10,
        "CheckTimeModifier": 15,
        "ConflictingItems": [],
        "Weight": 0.139,
        "VerticalRecoil": 0,
        "HorizontalRecoil": 0,
        "LoyaltyLevel": 3
    },
    "686693bfa7e7678c13d94dcd": {
        "$type": "RealismMod.WeaponMod, RealismMod",
        "ItemID": "686693bfa7e7678c13d94dcd",
        "Name": "AK-74 5.45x39 6L23 modified windowed 30-round magazine",
        "ModType": "",
        "ReloadSpeed": 5,
        "Ergonomics": 0,
        "MalfunctionChance": 0.02,
        "LoadUnloadModifier": 0,
        "CheckTimeModifier": -35,
        "ConflictingItems": [],
        "Weight": 0.156,
        "VerticalRecoil": 0,
        "HorizontalRecoil": 0,
        "LoyaltyLevel": 3
    },
    "6866948c33d189a854f4593c": {
        "$type": "RealismMod.WeaponMod, RealismMod",
        "ItemID": "6866948c33d189a854f4593c",
        "Name": "AK-74 5.45x39 6L23 modified windowed 30-round magazine (Plum)",
        "ModType": "",
        "ReloadSpeed": 5,
        "Ergonomics": 0,
        "MalfunctionChance": 0.02,
        "LoadUnloadModifier": 0,
        "CheckTimeModifier": -35,
        "ConflictingItems": [],
        "Weight": 0.138,
        "VerticalRecoil": 0,
        "HorizontalRecoil": 0,
        "LoyaltyLevel": 3
    },
    "6867206a980fcf4a475d4678": {
        "$type": "RealismMod.WeaponMod, RealismMod",
        "ItemID": "6867206a980fcf4a475d4678",
        "Name": "AK 7.62x39 Hungarian \"Tanker\" 20-round magazine",
        "ModType": "",
        "ReloadSpeed": 10,
        "Ergonomics": 0,
        "MalfunctionChance": 0.005,
        "LoadUnloadModifier": 0,
        "CheckTimeModifier": 0,
        "ConflictingItems": [],
        "Weight": 0.125,
        "VerticalRecoil": 0,
        "HorizontalRecoil": 0,
        "LoyaltyLevel": 2
    },
    "6867211462ddc1942b59637b": {
        "$type": "RealismMod.WeaponMod, RealismMod",
        "ItemID": "6867211462ddc1942b59637b",
        "Name": "AK 7.62x39 modified windowed 30-round magazine (issued '55 or later)",
        "ModType": "",
        "ReloadSpeed": 5,
        "Ergonomics": 0,
        "MalfunctionChance": 0.015,
        "LoadUnloadModifier": 0,
        "CheckTimeModifier": -35,
        "ConflictingItems": [],
        "Weight": 0.138,
        "VerticalRecoil": 0,
        "HorizontalRecoil": 0,
        "LoyaltyLevel": 3
    }
}