{
        "ad81fd2ff8a755342ea626c4": {
                "$type": "RealismMod.WeaponMod, RealismMod",
                "ItemID": "ad81fd2ff8a755342ea626c4",
                "Name": "MPX/MCX folding visor stock",
                "ModType": "Stock",
                "VerticalRecoil": 0,
                "HorizontalRecoil": -6,
                "Dispersion": -2,
                "CameraRecoil": -4,
                "AimSpeed": 7,
                "Ergonomics": 5,
                "Accuracy": 0,
                "HasShoulderContact": true,
                "BlocksFolding": false,
                "AutoROF": 0,
                "SemiROF": 0,
                "ModMalfunctionChance": 0,
                "StockAllowADS": false,
                "ConflictingItems": [],
                "Weight": 0.425,
                "LoyaltyLevel": 2,
                "Handling": 5
        },
        "70eb49132ee4b5a739b8fa7f": {
                "$type": "RealismMod.WeaponMod, RealismMod",
                "ItemID": "70eb49132ee4b5a739b8fa7f",
                "Name": "AR-15 B5 Systems Bravo stock",
                "ModType": "Stock",
                "VerticalRecoil": 0,
                "HorizontalRecoil": -10,
                "Dispersion": -6,
                "CameraRecoil": -4,
                "AimSpeed": 0,
                "Ergonomics": 11,
                "Accuracy": 2,
                "HasShoulderContact": true,
                "BlocksFolding": false,
                "AutoROF": 0,
                "SemiROF": 0,
                "ModMalfunctionChance": 0,
                "StockAllowADS": false,
                "ConflictingItems": [],
                "Weight": 0.263,
                "LoyaltyLevel": 3,
                "AimStability": 8
        },
        "857f6f505667d85233704faa": {
                "$type": "RealismMod.WeaponMod, RealismMod",
                "ItemID": "857f6f505667d85233704faa",
                "Name": "AR-15 B5 Systems Bravo stock (Coyote)",
                "ModType": "Stock",
                "VerticalRecoil": 0,
                "HorizontalRecoil": -10,
                "Dispersion": -6,
                "CameraRecoil": -4,
                "AimSpeed": 0,
                "Ergonomics": 11,
                "Accuracy": 2,
                "HasShoulderContact": true,
                "BlocksFolding": false,
                "AutoROF": 0,
                "SemiROF": 0,
                "ModMalfunctionChance": 0,
                "StockAllowADS": false,
                "ConflictingItems": [],
                "Weight": 0.263,
                "LoyaltyLevel": 3,
                "AimStability": 8
        },
        "3f9e58d5bea75f1a0ca43399": {
                "$type": "RealismMod.WeaponMod, RealismMod",
                "ItemID": "3f9e58d5bea75f1a0ca43399",
                "Name": "AR-15 B5 Systems Bravo stock (FDE)",
                "ModType": "Stock",
                "VerticalRecoil": 0,
                "HorizontalRecoil": -10,
                "Dispersion": -6,
                "CameraRecoil": -4,
                "AimSpeed": 0,
                "Ergonomics": 11,
                "Accuracy": 2,
                "HasShoulderContact": true,
                "BlocksFolding": false,
                "AutoROF": 0,
                "SemiROF": 0,
                "ModMalfunctionChance": 0,
                "StockAllowADS": false,
                "ConflictingItems": [],
                "Weight": 0.263,
                "LoyaltyLevel": 3,
                "AimStability": 8
        },
        "b6ec2a1724ebddcb6ff9f16c": {
                "$type": "RealismMod.WeaponMod, RealismMod",
                "ItemID": "b6ec2a1724ebddcb6ff9f16c",
                "Name": "AR-15 B5 Systems Bravo stock (Grey)",
                "ModType": "Stock",
                "VerticalRecoil": 0,
                "HorizontalRecoil": -10,
                "Dispersion": -6,
                "CameraRecoil": -4,
                "AimSpeed": 0,
                "Ergonomics": 11,
                "Accuracy": 2,
                "HasShoulderContact": true,
                "BlocksFolding": false,
                "AutoROF": 0,
                "SemiROF": 0,
                "ModMalfunctionChance": 0,
                "StockAllowADS": false,
                "ConflictingItems": [],
                "Weight": 0.263,
                "LoyaltyLevel": 3,
                "AimStability": 8
        },
        "cbd2e6731fb69eb72df5cd78": {
                "$type": "RealismMod.WeaponMod, RealismMod",
                "ItemID": "cbd2e6731fb69eb72df5cd78",
                "Name": "AR-15 B5 Systems Bravo stock (ODG)",
                "ModType": "Stock",
                "VerticalRecoil": 0,
                "HorizontalRecoil": -10,
                "Dispersion": -6,
                "CameraRecoil": -4,
                "AimSpeed": 0,
                "Ergonomics": 11,
                "Accuracy": 2,
                "HasShoulderContact": true,
                "BlocksFolding": false,
                "AutoROF": 0,
                "SemiROF": 0,
                "ModMalfunctionChance": 0,
                "StockAllowADS": false,
                "ConflictingItems": [],
                "Weight": 0.263,
                "LoyaltyLevel": 3,
                "AimStability": 8
        },
        "2a6882a9265b63e56b00f0e8": {
                "$type": "RealismMod.WeaponMod, RealismMod",
                "ItemID": "2a6882a9265b63e56b00f0e8",
                "Name": "AR-15 Magpul PRS Lite stock",
                "ModType": "Stock",
                "VerticalRecoil": 0,
                "HorizontalRecoil": -8,
                "Dispersion": -9,
                "CameraRecoil": -22,
                "AimSpeed": 0,
                "Ergonomics": 5,
                "Accuracy": 2,
                "HasShoulderContact": true,
                "BlocksFolding": false,
                "AutoROF": 0,
                "SemiROF": 0,
                "ModMalfunctionChance": 0,
                "StockAllowADS": false,
                "ConflictingItems": [],
                "Weight": 0.644,
                "LoyaltyLevel": 4,
                "AimStability": 5
        },
        "e7033144137177533f1fe6cf": {
                "$type": "RealismMod.WeaponMod, RealismMod",
                "ItemID": "e7033144137177533f1fe6cf",
                "Name": "AR-15 Magpul PRS Lite stock (FDE)",
                "ModType": "Stock",
                "VerticalRecoil": 0,
                "HorizontalRecoil": -8,
                "Dispersion": -9,
                "CameraRecoil": -22,
                "AimSpeed": 0,
                "Ergonomics": 5,
                "Accuracy": 2,
                "HasShoulderContact": true,
                "BlocksFolding": false,
                "AutoROF": 0,
                "SemiROF": 0,
                "ModMalfunctionChance": 0,
                "StockAllowADS": false,
                "ConflictingItems": [],
                "Weight": 0.644,
                "LoyaltyLevel": 4,
                "AimStability": 5
        },
        "9798b0087903422f1eb5475a": {
                "$type": "RealismMod.WeaponMod, RealismMod",
                "ItemID": "9798b0087903422f1eb5475a",
                "Name": "AR-15 Hogue OverMolded Carbine stock (Pink)",
                "ModType": "Stock",
                "VerticalRecoil": 0,
                "HorizontalRecoil": -11,
                "Dispersion": -6,
                "CameraRecoil": -6,
                "AimSpeed": 0,
                "Ergonomics": 11,
                "Accuracy": 0,
                "HasShoulderContact": true,
                "BlocksFolding": false,
                "AutoROF": 0,
                "SemiROF": 0,
                "ModMalfunctionChance": 0,
                "StockAllowADS": false,
                "ConflictingItems": [],
                "Weight": 0.235,
                "LoyaltyLevel": 3,
                "AimStability": 2,
                "Handling": 6
        },
        "80cf189d3de1a40fb52a902f": {
                "$type": "RealismMod.WeaponMod, RealismMod",
                "ItemID": "80cf189d3de1a40fb52a902f",
                "Name": "AR-15 Hogue OverMolded Carbine stock (Black)",
                "ModType": "Stock",
                "VerticalRecoil": 0,
                "HorizontalRecoil": -11,
                "Dispersion": -6,
                "CameraRecoil": -6,
                "AimSpeed": 0,
                "Ergonomics": 11,
                "Accuracy": 0,
                "HasShoulderContact": true,
                "BlocksFolding": false,
                "AutoROF": 0,
                "SemiROF": 0,
                "ModMalfunctionChance": 0,
                "StockAllowADS": false,
                "ConflictingItems": [],
                "Weight": 0.235,
                "LoyaltyLevel": 3,
                "AimStability": 2,
                "Handling": 6
        },
        "eb3ba7bf51c35159a78e90e9": {
                "$type": "RealismMod.WeaponMod, RealismMod",
                "ItemID": "eb3ba7bf51c35159a78e90e9",
                "Name": "AR-15 Hogue OverMolded Carbine stock (Aqua)",
                "ModType": "Stock",
                "VerticalRecoil": 0,
                "HorizontalRecoil": -11,
                "Dispersion": -6,
                "CameraRecoil": -6,
                "AimSpeed": 0,
                "Ergonomics": 11,
                "Accuracy": 0,
                "HasShoulderContact": true,
                "BlocksFolding": false,
                "AutoROF": 0,
                "SemiROF": 0,
                "ModMalfunctionChance": 0,
                "StockAllowADS": false,
                "ConflictingItems": [],
                "Weight": 0.235,
                "LoyaltyLevel": 3,
                "AimStability": 2,
                "Handling": 6
        },
        "308b73dbcf2997db750985dc": {
                "$type": "RealismMod.WeaponMod, RealismMod",
                "ItemID": "308b73dbcf2997db750985dc",
                "Name": "AR-15 Hogue OverMolded Carbine stock (Grey)",
                "ModType": "Stock",
                "VerticalRecoil": 0,
                "HorizontalRecoil": -11,
                "Dispersion": -6,
                "CameraRecoil": -6,
                "AimSpeed": 0,
                "Ergonomics": 11,
                "Accuracy": 0,
                "HasShoulderContact": true,
                "BlocksFolding": false,
                "AutoROF": 0,
                "SemiROF": 0,
                "ModMalfunctionChance": 0,
                "StockAllowADS": false,
                "ConflictingItems": [],
                "Weight": 0.235,
                "LoyaltyLevel": 3,
                "AimStability": 2,
                "Handling": 6
        },
        "ac318298b846df28e18338ab": {
                "$type": "RealismMod.WeaponMod, RealismMod",
                "ItemID": "ac318298b846df28e18338ab",
                "Name": "AR-15 Hogue OverMolded Carbine stock (ODG)",
                "ModType": "Stock",
                "VerticalRecoil": 0,
                "HorizontalRecoil": -11,
                "Dispersion": -6,
                "CameraRecoil": -6,
                "AimSpeed": 0,
                "Ergonomics": 11,
                "Accuracy": 0,
                "HasShoulderContact": true,
                "BlocksFolding": false,
                "AutoROF": 0,
                "SemiROF": 0,
                "ModMalfunctionChance": 0,
                "StockAllowADS": false,
                "ConflictingItems": [],
                "Weight": 0.235,
                "LoyaltyLevel": 3,
                "AimStability": 2,
                "Handling": 6
        },
        "394ddec62819583ac6b760d7": {
                "$type": "RealismMod.WeaponMod, RealismMod",
                "ItemID": "394ddec62819583ac6b760d7",
                "Name": "AR-15 Magpul DT-PR Carbine Stock (FDE)",
                "ModType": "Stock",
                "VerticalRecoil": 0,
                "HorizontalRecoil": -17,
                "Dispersion": -5,
                "CameraRecoil": -16,
                "AimSpeed": 0,
                "Ergonomics": 13,
                "Accuracy": 2,
                "HasShoulderContact": true,
                "BlocksFolding": false,
                "AutoROF": 0,
                "SemiROF": 0,
                "ModMalfunctionChance": 0,
                "StockAllowADS": false,
                "ConflictingItems": [],
                "Weight": 0.343,
                "LoyaltyLevel": 3,
                "Handling": 3,
                "AimStability": 4.5
        },
        "d1d91c5935812a383f894338": {
                "$type": "RealismMod.WeaponMod, RealismMod",
                "ItemID": "d1d91c5935812a383f894338",
                "Name": "AR-15 Magpul DT-PR Carbine Stock (BLK)",
                "ModType": "Stock",
                "VerticalRecoil": 0,
                "HorizontalRecoil": -17,
                "Dispersion": -5,
                "CameraRecoil": -16,
                "AimSpeed": 0,
                "Ergonomics": 13,
                "Accuracy": 2,
                "HasShoulderContact": true,
                "BlocksFolding": false,
                "AutoROF": 0,
                "SemiROF": 0,
                "ModMalfunctionChance": 0,
                "StockAllowADS": false,
                "ConflictingItems": [],
                "Weight": 0.343,
                "LoyaltyLevel": 3,
                "Handling": 3,
                "AimStability": 4.5
        },
        "c492dd59489e2096f9461ffb": {
                "$type": "RealismMod.WeaponMod, RealismMod",
                "ItemID": "c492dd59489e2096f9461ffb",
                "Name": "AR-15 Magpul DT Carbine Stock (Foliage Green)",
                "ModType": "Stock",
                "VerticalRecoil": 0,
                "HorizontalRecoil": -17,
                "Dispersion": -5,
                "CameraRecoil": -18,
                "AimSpeed": 0,
                "Ergonomics": 10,
                "Accuracy": 0,
                "HasShoulderContact": true,
                "BlocksFolding": false,
                "AutoROF": 0,
                "SemiROF": 0,
                "ModMalfunctionChance": 0,
                "StockAllowADS": false,
                "ConflictingItems": [],
                "Weight": 0.359,
                "LoyaltyLevel": 3,
                "Handling": 2
        },
        "2adbfe8b01c45020b7a77a9e": {
                "$type": "RealismMod.WeaponMod, RealismMod",
                "ItemID": "2adbfe8b01c45020b7a77a9e",
                "Name": "AR-15 Magpul DT Carbine Stock (Black)",
                "ModType": "Stock",
                "VerticalRecoil": 0,
                "HorizontalRecoil": -17,
                "Dispersion": -5,
                "CameraRecoil": -18,
                "AimSpeed": 0,
                "Ergonomics": 10,
                "Accuracy": 0,
                "HasShoulderContact": true,
                "BlocksFolding": false,
                "AutoROF": 0,
                "SemiROF": 0,
                "ModMalfunctionChance": 0,
                "StockAllowADS": false,
                "ConflictingItems": [],
                "Weight": 0.359,
                "LoyaltyLevel": 3,
                "Handling": 2,
                "AimStability": 2
        },
        "bc1310a6a0aaa46970321e55": {
                "$type": "RealismMod.WeaponMod, RealismMod",
                "ItemID": "bc1310a6a0aaa46970321e55",
                "Name": "AR-15 Magpul DT Carbine Stock (FDE)",
                "ModType": "Stock",
                "VerticalRecoil": 0,
                "HorizontalRecoil": -17,
                "Dispersion": -5,
                "CameraRecoil": -18,
                "AimSpeed": 0,
                "Ergonomics": 10,
                "Accuracy": 0,
                "HasShoulderContact": true,
                "BlocksFolding": false,
                "AutoROF": 0,
                "SemiROF": 0,
                "ModMalfunctionChance": 0,
                "StockAllowADS": false,
                "ConflictingItems": [],
                "Weight": 0.359,
                "LoyaltyLevel": 3,
                "Handling": 2,
                "AimStability": 2
        },
        "364b69dba974eba7ec8a4f1a": {
                "$type": "RealismMod.WeaponMod, RealismMod",
                "ItemID": "364b69dba974eba7ec8a4f1a",
                "Name": "AR-15 Magpul STR Carbine Stock (BLK)",
                "ModType": "Stock",
                "VerticalRecoil": 0,
                "HorizontalRecoil": -13,
                "Dispersion": -5,
                "CameraRecoil": -10,
                "AimSpeed": 0,
                "Ergonomics": 10,
                "Accuracy": 2,
                "HasShoulderContact": true,
                "BlocksFolding": false,
                "AutoROF": 0,
                "SemiROF": 0,
                "ModMalfunctionChance": 0,
                "StockAllowADS": false,
                "ConflictingItems": [],
                "Weight": 0.388,
                "LoyaltyLevel": 3,
                "AimStability": 8,
                "Handling": 5
        },
        "ffbf7c0c8acab5ec67bf4788": {
                "$type": "RealismMod.WeaponMod, RealismMod",
                "ItemID": "ffbf7c0c8acab5ec67bf4788",
                "Name": "AR-15 Magpul STR Carbine Stock (FDE)",
                "ModType": "Stock",
                "VerticalRecoil": 0,
                "HorizontalRecoil": -13,
                "Dispersion": -5,
                "CameraRecoil": -10,
                "AimSpeed": 0,
                "Ergonomics": 10,
                "Accuracy": 2,
                "HasShoulderContact": true,
                "BlocksFolding": false,
                "AutoROF": 0,
                "SemiROF": 0,
                "ModMalfunctionChance": 0,
                "StockAllowADS": false,
                "ConflictingItems": [],
                "Weight": 0.388,
                "LoyaltyLevel": 3,
                "AimStability": 8,
                "Handling": 5
        },
        "eb35aa47f15f9bd6f211c967": {
                "$type": "RealismMod.WeaponMod, RealismMod",
                "ItemID": "eb35aa47f15f9bd6f211c967",
                "Name": "AR-15 MFT BATTLELINK Minimalist stock (Black)",
                "ModType": "Stock",
                "VerticalRecoil": 0,
                "HorizontalRecoil": -9,
                "Dispersion": -7,
                "CameraRecoil": -5,
                "AimSpeed": 2,
                "Ergonomics": 9,
                "Accuracy": 2,
                "HasShoulderContact": true,
                "BlocksFolding": false,
                "AutoROF": 0,
                "SemiROF": 0,
                "ModMalfunctionChance": 0,
                "StockAllowADS": false,
                "ConflictingItems": [],
                "Weight": 0.283,
                "LoyaltyLevel": 2,
                "AimStability": 4,
                "Handling": 3
        },
        "cfb17094a69e2094a4886fb8": {
                "$type": "RealismMod.WeaponMod, RealismMod",
                "ItemID": "cfb17094a69e2094a4886fb8",
                "Name": "AR-15 MFT BATTLELINK Minimalist stock (FDE)",
                "ModType": "Stock",
                "VerticalRecoil": 0,
                "HorizontalRecoil": -9,
                "Dispersion": -7,
                "CameraRecoil": -5,
                "AimSpeed": 2,
                "Ergonomics": 9,
                "Accuracy": 2,
                "HasShoulderContact": true,
                "BlocksFolding": false,
                "AutoROF": 0,
                "SemiROF": 0,
                "ModMalfunctionChance": 0,
                "StockAllowADS": false,
                "ConflictingItems": [],
                "Weight": 0.283,
                "LoyaltyLevel": 2,
                "AimStability": 4,
                "Handling": 3
        },
        "bb51865a7e56f49a5af59829": {
                "$type": "RealismMod.WeaponMod, RealismMod",
                "ItemID": "bb51865a7e56f49a5af59829",
                "Name": "AR-15 Colt FiberLite stock",
                "ModType": "Stock",
                "VerticalRecoil": 0,
                "HorizontalRecoil": -7,
                "Dispersion": -3,
                "CameraRecoil": -7,
                "AimSpeed": 1,
                "Ergonomics": 7,
                "Accuracy": 0,
                "HasShoulderContact": true,
                "BlocksFolding": false,
                "AutoROF": 0,
                "SemiROF": 0,
                "ModMalfunctionChance": 0,
                "StockAllowADS": false,
                "ConflictingItems": [],
                "Weight": 0.285,
                "LoyaltyLevel": 2
        },
        "788eac2547e9e3f30daa57ba": {
                "$type": "RealismMod.WeaponMod, RealismMod",
                "ItemID": "788eac2547e9e3f30daa57ba",
                "Name": "AR-15 UTG M16A2 style fixed stock (FDE)",
                "ModType": "Stock",
                "VerticalRecoil": -1,
                "HorizontalRecoil": -9,
                "Dispersion": -9,
                "CameraRecoil": -8,
                "AimSpeed": -1,
                "Ergonomics": 3,
                "Accuracy": 6,
                "HasShoulderContact": true,
                "BlocksFolding": false,
                "AutoROF": 0,
                "SemiROF": 0,
                "ModMalfunctionChance": 0,
                "StockAllowADS": false,
                "ConflictingItems": [],
                "Weight": 0.750,
                "LoyaltyLevel": 2
        },
        "bfe86caecde6728199b9eed5": {
                "$type": "RealismMod.WeaponMod, RealismMod",
                "ItemID": "bfe86caecde6728199b9eed5",
                "Name": "AR-15 Colt M16A2 style fixed stock",
                "ModType": "Stock",
                "VerticalRecoil": -1,
                "HorizontalRecoil": -9,
                "Dispersion": -9,
                "CameraRecoil": -8,
                "AimSpeed": -1,
                "Ergonomics": 3,
                "Accuracy": 6,
                "HasShoulderContact": true,
                "BlocksFolding": false,
                "AutoROF": 0,
                "SemiROF": 0,
                "ModMalfunctionChance": 0,
                "StockAllowADS": false,
                "ConflictingItems": [],
                "Weight": 0.750,
                "LoyaltyLevel": 2
        },
        "26aab2ba6d945ea7877cfded": {
                "$type": "RealismMod.WeaponMod, RealismMod",
                "ItemID": "26aab2ba6d945ea7877cfded",
                "Name": "AR-15 Armalite M16A1 fixed stock type D",
                "ModType": "Stock",
                "VerticalRecoil": -1,
                "HorizontalRecoil": -9,
                "Dispersion": -9,
                "CameraRecoil": -8,
                "AimSpeed": -1,
                "Ergonomics": 3,
                "Accuracy": 6,
                "HasShoulderContact": true,
                "BlocksFolding": false,
                "AutoROF": 0,
                "SemiROF": 0,
                "ModMalfunctionChance": 0,
                "StockAllowADS": false,
                "ConflictingItems": [],
                "Weight": 0.750,
                "LoyaltyLevel": 2
        },
        "6761779c48fa5c377e06fc3f": {
                "$type": "RealismMod.WeaponMod, RealismMod",
                "ItemID": "6761779c48fa5c377e06fc3f",
                "Name": "Kalashnikov Concern AK-EVO stock",
                "ModType": "Stock",
                "VerticalRecoil": -4,
                "HorizontalRecoil": -11,
                "Dispersion": -7,
                "CameraRecoil": -16,
                "AimSpeed": 0,
                "Ergonomics": 14,
                "Accuracy": 5,
                "HasShoulderContact": true,
                "BlocksFolding": false,
                "AutoROF": 0,
                "SemiROF": 0,
                "ModMalfunctionChance": 0,
                "StockAllowADS": false,
                "ConflictingItems": [],
                "Weight": 0.365,
                "LoyaltyLevel": 4,
                "AimStability": 16
        },
        "043301C64C64301000000000": {
                "$type": "RealismMod.WeaponMod, RealismMod",
                "ItemID": "043301C64C64301000000000",
                "Name": "YL QTUM-02P lightweight stock",
                "TemplateID": "5fbcc437d724d907e2077d5c"    
        },
        "d69ecdc7b49d7b7aa6f8d4b8": {
                "$type": "RealismMod.WeaponMod, RealismMod",
                "ItemID": "d69ecdc7b49d7b7aa6f8d4b8",
                "Name": "Midwest Industries Fixed Extruded stock",
                "ModType": "Stock",
                "VerticalRecoil": -1.5,
                "HorizontalRecoil": -11,
                "Dispersion": -3,
                "CameraRecoil": -10,
                "AimSpeed": 5,
                "Ergonomics": 11,
                "Accuracy": 0,
                "HasShoulderContact": true,
                "BlocksFolding": false,
                "AutoROF": 0,
                "SemiROF": 0,
                "ModMalfunctionChance": 0,
                "StockAllowADS": false,
                "ConflictingItems": [],
                "Weight": 0.439,
                "LoyaltyLevel": 3,
                "Handling": 6
        },
        "6733edbe21f258964d0d4c5a": {
                "$type": "RealismMod.WeaponMod, RealismMod",
                "ItemID": "6733edbe21f258964d0d4c5a",
                "Name": "AR-15 Honey Badger Q stock",
                "ModType": "buffer_stock",
                "VerticalRecoil": 0,
                "HorizontalRecoil": -15,
                "Dispersion": 4,
                "CameraRecoil": 3,
                "AimSpeed": 5,
                "Ergonomics": 14,
                "Accuracy": 0,
                "HasShoulderContact": true,
                "BlocksFolding": false,
                "AutoROF": 6,
                "SemiROF": 30,
                "ModMalfunctionChance": -15,
                "StockAllowADS": false,
                "ConflictingItems": [],
                "Weight": 0.184,
                "DurabilityBurnModificator": 0.9,
                "LoyaltyLevel": 3,
                "AimStability": -2
        },
        "e191f12b24388f954a284c20": {
                "$type": "RealismMod.WeaponMod, RealismMod",
                "ItemID": "e191f12b24388f954a284c20",
                "Name": "AR-15 Maxim Gen 7 CQB buttpad (Arid)",
                "ModType": "Stock",
                "VerticalRecoil": -3,
                "HorizontalRecoil": -10,
                "Dispersion": 0,
                "CameraRecoil": -4,
                "AimSpeed": 15,
                "Ergonomics": 11,
                "Accuracy": 0,
                "HasShoulderContact": true,
                "BlocksFolding": false,
                "AutoROF": 0,
                "SemiROF": 0,
                "ModMalfunctionChance": 0,
                "StockAllowADS": false,
                "ConflictingItems": [],
                "Weight": 0.5244662,
                "LoyaltyLevel": 1,
                "AimStability": 9
        },
        "9d60f153bb8ee15f018f180b": {
                "$type": "RealismMod.WeaponMod, RealismMod",
                "ItemID": "9d60f153bb8ee15f018f180b",
                "Name": "AR-15 Maxim Gen 7 CQB buttpad (Black)",
                "ModType": "Stock",
                "VerticalRecoil": -3,
                "HorizontalRecoil": -10,
                "Dispersion": 0,
                "CameraRecoil": -4,
                "AimSpeed": 15,
                "Ergonomics": 11,
                "Accuracy": 0,
                "HasShoulderContact": true,
                "BlocksFolding": false,
                "AutoROF": 0,
                "SemiROF": 0,
                "ModMalfunctionChance": 0,
                "StockAllowADS": false,
                "ConflictingItems": [],
                "Weight": 0.5244662,
                "LoyaltyLevel": 1,
                "AimStability": 9
        },
        "d58286c3428cd91b964031e4": {
                "$type": "RealismMod.WeaponMod, RealismMod",
                "ItemID": "d58286c3428cd91b964031e4",
                "Name": "AKS-74/AKS-74U Picatinny Adapter",
                "ModType": "stock_adapter",
                "VerticalRecoil": -13,
                "HorizontalRecoil": 7.5,
                "Dispersion": 0,
                "CameraRecoil": 7.5,
                "AimSpeed": 0,
                "Ergonomics": 0,
                "Accuracy": 0,
                "HasShoulderContact": false,
                "BlocksFolding": false,
                "AutoROF": 0,
                "SemiROF": 0,
                "ModMalfunctionChance": 0,
                "StockAllowADS": false,
                "ConflictingItems": [],
                "Weight": 0.31,
                "LoyaltyLevel": 0,
                "Price": 0
        },
        "185bbb4e20e87b9aec36b1d5": {
                "$type": "RealismMod.WeaponMod, RealismMod",
                "ItemID": "185bbb4e20e87b9aec36b1d5",
                "Name": "AK-74M/AK-100 Picatinny Adapter",
                "ModType": "stock_adapter",
                "VerticalRecoil": -13,
                "HorizontalRecoil": 7.5,
                "Dispersion": 0,
                "CameraRecoil": 7.5,
                "AimSpeed": 0,
                "Ergonomics": 0,
                "Accuracy": 0,
                "HasShoulderContact": false,
                "BlocksFolding": false,
                "AutoROF": 0,
                "SemiROF": 0,
                "ModMalfunctionChance": 0,
                "StockAllowADS": false,
                "ConflictingItems": [],
                "Weight": 0.31,
                "LoyaltyLevel": 0,
                "Price": 0
        },
        "9d387502b50d1f4b0fb8b0ce": {
                "$type": "RealismMod.WeaponMod, RealismMod",
                "ItemID": "9d387502b50d1f4b0fb8b0ce",
                "Name": "SAG Folding M4 Stock Adapter",
                "ModType": "buffer_adapter",
                "VerticalRecoil": -5.5,
                "HorizontalRecoil": 3.25,
                "Dispersion": 0,
                "CameraRecoil": 3.25,
                "AimSpeed": 0,
                "Ergonomics": 0,
                "Accuracy": 0,
                "HasShoulderContact": false,
                "BlocksFolding": false,
                "AutoROF": 0,
                "SemiROF": 0,
                "ModMalfunctionChance": 0,
                "StockAllowADS": false,
                "ConflictingItems": [],
                "Weight": 0.142,
                "LoyaltyLevel": 3
        },
        "043302C64C64302000000000": {
                "$type": "RealismMod.WeaponMod, RealismMod",
                "ItemID": "043302C64C64302000000000",
                "Name": "LSG64-QTZJQ stock adapter",
                "ModType": "stock_adapter",
                "VerticalRecoil": 0,
                "HorizontalRecoil": 0,
                "Dispersion": 0,
                "CameraRecoil": 0,
                "AimSpeed": 0,
                "Ergonomics": 0,
                "Accuracy": 0,
                "HasShoulderContact": false,
                "BlocksFolding": false,
                "AutoROF": 0,
                "SemiROF": 0,
                "ModMalfunctionChance": 0,
                "StockAllowADS": false,
                "ConflictingItems": [],
                "Weight": 0.19,
                "LoyaltyLevel": 0,
                "Price": 0
	}
}