{
"a06aec4316ac6ff7353845f4": {
        "$type": "RealismMod.WeaponMod, RealismMod",
        "ItemID": "a06aec4316ac6ff7353845f4",
        "Name": "barrel_ar15_8in300blackout",
        "ModType": "short_barrel",
        "VerticalRecoil": 0,
        "HorizontalRecoil": -5,
        "AutoROF": 3,
        "SemiROF": 5,
        "CameraRecoil": 0,
        "ModMalfunctionChance": 5,
        "Convergence": 0,
        "Accuracy": 0,
        "CenterOfImpact": 0.028,
        "HeatFactor": 1.06,
        "CoolFactor": 0.94,
        "DurabilityBurnModificator": 1.35,
        "Velocity": -15,
        "ConflictingItems": [],
        "Ergonomics": 0,
        "Weight": 0.6305,
        "ShotgunDispersion": 1,
        "Loudness": 0,
        "LoyaltyLevel": 0,
        "Price": 0
	},
"36743efe52b803c9ec56ba99": {
        "$type": "RealismMod.WeaponMod, RealismMod",
        "ItemID": "36743efe52b803c9ec56ba99",
        "Name": "barrel_ar15_adar_406mm_300blackout",
        "ModType": "",
        "VerticalRecoil": -10,
        "HorizontalRecoil": -20,
        "AutoROF": -2,
        "SemiROF": -1,
        "ModMalfunctionChance": -10,
        "CameraRecoil": -10,
        "Convergence": 0,
        "Accuracy": 0,
        "CenterOfImpact": 0.03,
        "HeatFactor": 0.98,
        "CoolFactor": 1.01,
        "DurabilityBurnModificator": 0.93,
        "Velocity": -1,
        "Ergonomics": 0,
                "ConflictingItems": [],
        "Weight": 0.9616,
        "ShotgunDispersion": 1,
        "Loudness": 0,
        "LoyaltyLevel": 0,
        "Price": 0
	},
"855c66034be3bb6aece3919b": {
        "$type": "RealismMod.WeaponMod, RealismMod",
        "ItemID": "855c66034be3bb6aece3919b",
        "Name": "barrel_ar15_370mm_300blackout",
        "ModType": "",
        "VerticalRecoil": -5,
        "HorizontalRecoil": -10,
        "AutoROF": 0,
        "SemiROF": 0,
        "CameraRecoil": -15,
        "ModMalfunctionChance": 0,
        "Convergence": 0,
        "Accuracy": 0,
        "CenterOfImpact": 0.023,
        "HeatFactor": 1.02,
        "CoolFactor": 0.97,
        "DurabilityBurnModificator": 1,
        "Velocity": 4,
        "ConflictingItems": [],
        "Ergonomics": 0,
        "Weight": 0.7326,
        "ShotgunDispersion": 1,
        "Loudness": 0,
        "LoyaltyLevel": 0,
        "Price": 0
	},
"c6b01e3e7a1ec6168254e687": {
        "$type": "RealismMod.WeaponMod, RealismMod",
        "ItemID": "c6b01e3e7a1ec6168254e687",
        "Name": "barrel_ar15_260mm_300blackout",
        "ModType": "short_barrel",
        "VerticalRecoil": -1,
        "HorizontalRecoil": -6,
        "AutoROF": 1,
        "SemiROF": 3,
        "CameraRecoil": -5,
        "ModMalfunctionChance": 15,
        "Convergence": 0,
        "Accuracy": 0,
        "CenterOfImpact": 0.028,
        "HeatFactor": 1.06,
        "CoolFactor": 0.94,
        "DurabilityBurnModificator": 1.35,
        "Velocity": -10,
        "ConflictingItems": [],
        "Ergonomics": 0,
        "Weight": 0.6305,
        "ShotgunDispersion": 1,
        "Loudness": 0,
        "LoyaltyLevel": 0,
        "Price": 0
	},
"bc9a059a5c6cb11a3b57c670": {
        "$type": "RealismMod.WeaponMod, RealismMod",
        "ItemID": "bc9a059a5c6cb11a3b57c670",
        "Name": "barrel_ar15_ba_hanson_carbine_pro_348mm_blackout",
        "ModType": "",
        "VerticalRecoil": -3,
        "HorizontalRecoil": -8,
        "AutoROF": 0,
        "SemiROF": 0,
        "CameraRecoil": -10,
        "ModMalfunctionChance": 5,
        "Convergence": 0,
        "Accuracy": 0,
        "CenterOfImpact": 0.018,
        "HeatFactor": 1.035,
        "CoolFactor": 0.97,
        "DurabilityBurnModificator": 1.1,
        "Velocity": 0,
        "ConflictingItems": [ ],
        "Ergonomics": 0,
        "Weight": 0.509,
        "ShotgunDispersion": 1,
        "Loudness": 0,
        "LoyaltyLevel": 0,
        "Price": 0
	},
"8f3a04aaba92798bf7c59f91": {
        "$type": "RealismMod.WeaponMod, RealismMod",
        "ItemID": "8f3a04aaba92798bf7c59f91",
        "Name": "barrel_ar15_457mm_300blackout",
        "ModType": "",
        "VerticalRecoil": -15,
        "HorizontalRecoil": -25,
        "AutoROF": -2.5,
        "SemiROF": -1.5,
        "ModMalfunctionChance": -15,
        "CameraRecoil": -15,
        "Convergence": 0,
        "Accuracy": 0,
        "CenterOfImpact": 0.017,
        "HeatFactor": 0.96,
        "CoolFactor": 1.04,
        "DurabilityBurnModificator": 0.9,
        "Velocity": 2,
        "Ergonomics": 0,
        "ConflictingItems": [],
        "Weight": 0.99,
        "ShotgunDispersion": 1,
        "Loudness": 0,
        "LoyaltyLevel": 0,
        "Price": 0
	},
"9e7ef7236e5189be2386e4c2": {
        "$type": "RealismMod.WeaponMod, RealismMod",
        "ItemID": "9e7ef7236e5189be2386e4c2",
        "Name": "barrel_ar15_11_5in300blackout",
        "ModType": "short_barrel",
        "VerticalRecoil": -3,
        "HorizontalRecoil": -8,
        "AutoROF": 3,
        "SemiROF": 5,
        "CameraRecoil": -8,
        "ModMalfunctionChance": 0,
        "Convergence": 0,
        "Accuracy": 0,
        "CenterOfImpact": 0.028,
        "HeatFactor": 1.06,
        "CoolFactor": 0.94,
        "DurabilityBurnModificator": 1.35,
        "Velocity": -10,
        "ConflictingItems": [],
        "Ergonomics": 0,
        "Weight": 0.6305,
        "ShotgunDispersion": 1,
        "Loudness": 0,
        "LoyaltyLevel": 0,
        "Price": 0
	},
"d0b292e070ee6c5263285461": {
        "$type": "RealismMod.WeaponMod, RealismMod",
        "ItemID": "d0b292e070ee6c5263285461",
        "Name": "barrel_ar15_12_5in300blackout",
        "ModType": "short_barrel",
        "VerticalRecoil": -4,
        "HorizontalRecoil": -9,
        "AutoROF": 3,
        "SemiROF": 5,
        "CameraRecoil": -10,
        "ModMalfunctionChance": -2,
        "Convergence": 0,
        "Accuracy": 0,
        "CenterOfImpact": 0.026,
        "HeatFactor": 1.06,
        "CoolFactor": 0.94,
        "DurabilityBurnModificator": 1.35,
        "Velocity": -5,
        "ConflictingItems": [],
        "Ergonomics": 0,
        "Weight": 0.6305,
        "ShotgunDispersion": 1,
        "Loudness": 0,
        "LoyaltyLevel": 0,
        "Price": 0
	},
"ee8c293ca09a8e3a72c63171": {
        "$type": "RealismMod.WeaponMod, RealismMod",
        "ItemID": "ee8c293ca09a8e3a72c63171",
        "Name": "barrel_mcx_sig_spear_330mm_762x51",
        "ModType": "308",
        "VerticalRecoil": 4,
        "HorizontalRecoil": 10,
        "AutoROF": 0,
        "SemiROF": 0,
        "ModMalfunctionChance": 0,
        "Convergence": 0,
        "Accuracy": 0,
        "CenterOfImpact": 0.025,
        "HeatFactor": 0.968,
        "CoolFactor": 0.971,
        "DurabilityBurnModificator": 1,
        "Velocity": -5,
        "ConflictingItems": [],
        "Ergonomics": 0,
        "Weight": 0.6,
        "ShotgunDispersion": 1,
        "Loudness": 0,
        "MalfChance": 0,
        "LoyaltyLevel": 0,
        "Price": 0
	},
"7e907f07001010565675cab3": {
        "$type": "RealismMod.WeaponMod, RealismMod",
        "ItemID": "7e907f07001010565675cab3",
        "Name": "barrel_mk47_cmmg_254mm_545x39",
        "ModType": "short_barrel",
        "VerticalRecoil": -5,
        "HorizontalRecoil": -10,
        "AutoROF": 5,
        "SemiROF": 3,
        "ModMalfunctionChance": 20,
        "Convergence": 0,
        "Accuracy": 5,
        "CenterOfImpact": 0.034,
        "HeatFactor": 1.02,
        "CoolFactor": 1.09,
        "DurabilityBurnModificator": 0.87,
	"CameraRecoil": -5,
        "Velocity": -16,
        "Ergonomics": 0,
        "ConflictingItems": [ ],
        "Weight": 0.35,
        "ShotgunDispersion": 1,
        "Loudness": 0,
        "LoyaltyLevel": 0,
        "Price": 0
	},
"e76f8cc1a9991402c3577669": {
        "$type": "RealismMod.WeaponMod, RealismMod",
        "ItemID": "e76f8cc1a9991402c3577669",
        "Name": "barrel_mk47_cmmg_254mm_9x39",
        "ModType": "short_barrel",
        "VerticalRecoil": -10,
        "HorizontalRecoil": -15,
        "AutoROF": 5,
        "SemiROF": 3,
        "ModMalfunctionChance": 20,
        "Convergence": 0,
        "Accuracy": 5,
        "CenterOfImpact": 0.034,
        "HeatFactor": 1.02,
        "CoolFactor": 1.09,
        "DurabilityBurnModificator": 0.87,
        "Velocity": 0,
        "Ergonomics": 0,
        "ConflictingItems": [],
        "Weight": 0.35,
        "ShotgunDispersion": 1,
        "Loudness": 0,
        "LoyaltyLevel": 0,
        "Price": 0
	},
"5f6f029a5e87bfd11d7f73e7": {
        "$type": "RealismMod.WeaponMod, RealismMod",
        "ItemID": "5f6f029a5e87bfd11d7f73e7",
        "Name": "barrel_m700_remington_heavy_5_r_stainless_threaded_508mm_277",
        "ModType": "",
        "VerticalRecoil": -2,
        "HorizontalRecoil": -5,
        "AutoROF": 0,
        "SemiROF": 0,
        "ModMalfunctionChance": 0,
        "Convergence": 0,
        "Accuracy": 0,
        "CenterOfImpact": 0.0145,
        "HeatFactor": 0.85,
        "CoolFactor": 0.9,
        "DurabilityBurnModificator": 1,
        "Velocity": 0,
        "ConflictingItems": [],
        "Ergonomics": 0,
        "Weight": 1.105,
        "ShotgunDispersion": 1,
        "Loudness": 0,
        "LoyaltyLevel": 0,
        "Price": 0
	},
"d86734035b117af77620caf0": {
        "$type": "RealismMod.WeaponMod, RealismMod",
        "ItemID": "d86734035b117af77620caf0",
        "Name": "barrel_mk47_cmmg_409mm_9x39",
        "ModType": "",
        "VerticalRecoil": -15,
        "HorizontalRecoil": -25,
        "AutoROF": 5,
        "SemiROF": 3,
        "ModMalfunctionChance": 20,
        "Convergence": 0,
        "Accuracy": 5,
        "CenterOfImpact": 0.034,
        "HeatFactor": 1.02,
        "CoolFactor": 1.09,
        "DurabilityBurnModificator": 0.87,
        "Velocity": 0,
        "Ergonomics": 0,
        "ConflictingItems": [],
        "Weight": 1.02,
        "ShotgunDispersion": 1,
        "Loudness": 0,
        "LoyaltyLevel": 0,
        "Price": 0
    },
"3a67dd4a1cda6a6d29bafc0e": {
        "$type": "RealismMod.WeaponMod, RealismMod",
        "ItemID": "3a67dd4a1cda6a6d29bafc0e",
        "Name": "barrel_mk47_cmmg_409mm_545x39",
        "ModType": "",
        "VerticalRecoil": -10,
        "HorizontalRecoil": -20,
        "AutoROF": -2,
        "SemiROF": -1,
        "ModMalfunctionChance": -10,
        "CameraRecoil": -15,
        "Convergence": 0,
        "Accuracy": 0,
        "CenterOfImpact": 0.038,
        "HeatFactor": 0.94,
        "CoolFactor": 0.99,
        "DurabilityBurnModificator": 0.9,
        "Velocity": 0,
        "ConflictingItems": [],
        "Ergonomics": 0,
        "Weight": 1.05,
        "ShotgunDispersion": 1,
        "Loudness": 0,
        "LoyaltyLevel": 0,
        "Price": 0
    },
"097969ab2090312a61dc8c34": {
        "$type": "RealismMod.WeaponMod, RealismMod",
        "ItemID": "097969ab2090312a61dc8c34",
        "Name": "barrel_m700_remington_heavy_660mm_277",
        "ModType": "",
        "VerticalRecoil": -10,
        "HorizontalRecoil": -15,
        "AutoROF": 0,
        "SemiROF": 0,
        "ModMalfunctionChance": 0,
        "Convergence": 0,
        "Accuracy": 5,
        "CenterOfImpact": 0.011,
        "HeatFactor": 0.82,
        "CoolFactor": 0.86,
        "DurabilityBurnModificator": 0.95,
        "Velocity": 5.2,
        "ConflictingItems": [],
        "Ergonomics": 0,
        "Weight": 1.305,
        "ShotgunDispersion": 1,
        "Loudness": 0,
        "LoyaltyLevel": 0,
        "Price": 0
	},
"5c0ee3f1dd704f16c12da7fb": {
        "$type": "RealismMod.WeaponMod, RealismMod",
        "ItemID": "5c0ee3f1dd704f16c12da7fb",
        "Name": "barrel_m700_remington_heavy_threaded_508mm_277",
        "ModType": "",
        "VerticalRecoil": -5,
        "HorizontalRecoil": -10,
        "AutoROF": 0,
        "SemiROF": 0,
        "ModMalfunctionChance": 0,
        "Convergence": 0,
        "Accuracy": 3,
        "CenterOfImpact": 0.0145,
        "HeatFactor": 0.85,
        "CoolFactor": 0.9,
        "DurabilityBurnModificator": 1,
        "Velocity": 0,
        "ConflictingItems": [],
        "Ergonomics": 0,
        "Weight": 1.105,
        "ShotgunDispersion": 1,
        "Loudness": 0,
        "LoyaltyLevel": 0,
        "Price": 0
	},
"9a1df2227c186dbe0a69acd7": {
        "$type": "RealismMod.WeaponMod, RealismMod",
        "ItemID": "9a1df2227c186dbe0a69acd7",
        "Name": "barrel_m700_shilen_stainless_660mm",
	"VerticalRecoil": -5,
        "HorizontalRecoil": -10,
        "AutoROF": 0,
        "SemiROF": 0,
        "ModMalfunctionChance": 0,
        "Convergence": 0,
        "Accuracy": 3,
        "CenterOfImpact": 0.011,
        "HeatFactor": 0.82,
        "CoolFactor": 0.86,
        "DurabilityBurnModificator": 0.95,
        "Velocity": 5.2,
        "ConflictingItems": [],
        "Ergonomics": 0,
        "Weight": 1.2,
        "ShotgunDispersion": 1,
        "Loudness": 0,
        "LoyaltyLevel": 0,
        "Price": 0
	},
"75aaff6e4b9746a9a43aed1b": {
        "$type": "RealismMod.WeaponMod, RealismMod",
        "ItemID": "75aaff6e4b9746a9a43aed1b",
        "Name": "barrel_mcx_5_5in300blackout",
        "ModType": "short_barrel",
        "VerticalRecoil": 0,
        "HorizontalRecoil": 10,
        "AutoROF": 3,
        "SemiROF": 5,
        "CameraRecoil": 5,
        "ModMalfunctionChance": 5,
        "Convergence": 0,
        "Accuracy": 0,
        "CenterOfImpact": 0.028,
        "HeatFactor": 1.06,
        "CoolFactor": 0.94,
        "DurabilityBurnModificator": 1.35,
        "Velocity": -15,
        "ConflictingItems": [],
        "Ergonomics": 0,
        "Weight": 0.4305,
        "ShotgunDispersion": 1,
        "Loudness": 0,
        "LoyaltyLevel": 0,
        "Price": 0
	},
"8f13f88e0c490b2f28dcf023": {
        "$type": "RealismMod.WeaponMod, RealismMod",
        "ItemID": "8f13f88e0c490b2f28dcf023",
        "Name": "barrel_mcx_171mm_556x45",
        "ModType": "short_barrel",
        "VerticalRecoil": 5,
        "HorizontalRecoil": 15,
        "AutoROF": 5,
        "SemiROF": 8,
        "CameraRecoil": 0,
        "ModMalfunctionChance": 5,
        "Convergence": 0,
        "Accuracy": 0,
        "CenterOfImpact": 0.028,
        "HeatFactor": 1.06,
        "CoolFactor": 0.94,
        "DurabilityBurnModificator": 1.35,
        "Velocity": -20,
                "ConflictingItems": [],
        "Ergonomics": 0,
        "Weight": 0.5305,
        "ShotgunDispersion": 1,
        "Loudness": 0,
        "LoyaltyLevel": 0,
        "Price": 0
	},
"2905579cfacf2a9ddaa2a922": {
        "$type": "RealismMod.WeaponMod, RealismMod",
        "ItemID": "2905579cfacf2a9ddaa2a922",
        "Name": "barrel_mcx_229mm_556x45",
        "ModType": "short_barrel",
        "VerticalRecoil": 0,
        "HorizontalRecoil": 10,
        "AutoROF": 3,
        "SemiROF": 5,
        "CameraRecoil": 5,
        "ModMalfunctionChance": 5,
        "Convergence": 0,
        "Accuracy": 0,
        "CenterOfImpact": 0.028,
        "HeatFactor": 1.06,
        "CoolFactor": 0.94,
        "DurabilityBurnModificator": 1.35,
        "Velocity": -20,
                "ConflictingItems": [],
        "Ergonomics": 0,
        "Weight": 0.5305,
        "ShotgunDispersion": 1,
        "Loudness": 0,
        "LoyaltyLevel": 0,
        "Price": 0
	},
        "87b350feb4e5dfeeb4a97377": {
        "$type": "RealismMod.WeaponMod, RealismMod",
        "ItemID": "87b350feb4e5dfeeb4a97377",
        "Name": "Glock 19X 9x19 Triarc Track 2.0 threaded barrel",
        "ModType": "",
        "VerticalRecoil": 0,
        "HorizontalRecoil": 0,
        "AutoROF": 0,
        "SemiROF": 0,
        "ModMalfunctionChance": 0,
        "Convergence": 0,
        "Accuracy": 0,
        "CenterOfImpact": 0.10,
        "HeatFactor": 1.09,
        "CoolFactor": 1.27,
        "DurabilityBurnModificator": 0.98,
        "Velocity": -14,
        "ConflictingItems": [],
        "Ergonomics": 0,
        "Weight": 0.11,
        "ShotgunDispersion": 1,
        "Loudness": 0,
        "LoyaltyLevel": 1
    },
    "0db56c7f879a084c742e91ab": {
        "$type": "RealismMod.WeaponMod, RealismMod",
        "ItemID": "0db56c7f879a084c742e91ab",
        "Name": "Glock 19X 9x19 Triarc Track 2.0 barrel",
        "ModType": "",
        "VerticalRecoil": 0,
        "HorizontalRecoil": 0,
        "AutoROF": 0,
        "SemiROF": 0,
        "ModMalfunctionChance": 0,
        "Convergence": 0,
        "Accuracy": 0,
        "CenterOfImpact": 0.09,
        "HeatFactor": 1.09,
        "CoolFactor": 1.27,
        "DurabilityBurnModificator": 0.98,
        "Velocity": -14,
        "ConflictingItems": [],
        "Ergonomics": 0,
        "Weight": 0.11,
        "ShotgunDispersion": 1,
        "Loudness": 0,
        "LoyaltyLevel": 1
    }
}