{
    "4b81488c78c8a8ac7d37f9b9": {
        "$type": "RealismMod.Gun, RealismMod",
        "ItemID": "4b81488c78c8a8ac7d37f9b9",
        "Name": "Mechanic's Colt M4A1 .300 blackout assault rifle",
        "WeapType": "DI",
        "OperationType": "buffer",
        "WeapAccuracy": 0,
        "BaseTorque": 1,
        "HasShoulderContact": false,
        "Ergonomics": 85,
        "VerticalRecoil": 75,
        "HorizontalRecoil": 130,
        "Dispersion": 11,
        "CameraRecoil": 0.04,
        "VisualMulti": 1.13,
        "Convergence": 17,
        "RecoilAngle": 90,
        "BaseMalfunctionChance": 0.001,
        "HeatFactorGun": 0.27,
        "HeatFactorByShot": 1,
        "CoolFactorGun": 0.1,
        "CoolFactorGunMods": 1,
        "AllowOverheat": true,
        "CenterOfImpact": 0.01,
        "HipAccuracyRestorationDelay": 0.2,
        "HipAccuracyRestorationSpeed": 7,
        "HipInnaccuracyGain": 0.16,
        "ShotgunDispersion": 0,
        "Velocity": 0,
        "RecoilDamping": 0.85,
        "RecoilHandDamping": 0.6,
        "WeaponAllowADS": false,
        "Weight": 1.114,
        "DurabilityBurnRatio": 0.35,
        "AutoROF": 800,
        "SemiROF": 400,
        "LoyaltyLevel": 2,
        "BaseReloadSpeedMulti": 1,
        "BaseChamberSpeedMulti": 1.5,
        "MinChamberSpeed": 0.7,
        "MaxChamberSpeed": 1.5,
        "IsManuallyOperated": false,
        "BaseChamberCheckSpeed": 1.5,
        "BaseFixSpeed": 1.2,
        "OffsetRotation": 0.008,
        "RecoilIntensity": 0.165,
        "MasteryCategory": "M4"
    },
    "d672109946fe88b803449054": {
        "$type": "RealismMod.Gun, RealismMod",
        "ItemID": "d672109946fe88b803449054",
        "Name": "Kalashnikov AK-101 .300 Blackout assault rifle",
        "WeapType": "",
        "OperationType": "",
        "WeapAccuracy": 0,
        "BaseTorque": -3.8,
        "HasShoulderContact": false,
        "Ergonomics": 80,
        "VerticalRecoil": 58,
        "HorizontalRecoil": 190,
        "Dispersion": 12,
        "CameraRecoil": 0.037,
        "VisualMulti": 1,
        "Convergence": 18.1,
        "RecoilAngle": 81,
        "BaseMalfunctionChance": 0.0014,
        "HeatFactorGun": 0.22,
        "HeatFactorByShot": 1,
        "CoolFactorGun": 0.1,
        "CoolFactorGunMods": 1,
        "AllowOverheat": true,
        "CenterOfImpact": 0.038,
        "HipAccuracyRestorationDelay": 0.2,
        "HipAccuracyRestorationSpeed": 7,
        "HipInnaccuracyGain": 0.16,
        "ShotgunDispersion": 0,
        "Velocity": 14.3,
        "RecoilDamping": 0.84,
        "RecoilHandDamping": 0.73,
        "WeaponAllowADS": false,
        "Weight": 2.399,
        "DurabilityBurnRatio": 0.25,
        "AutoROF": 655,
        "SemiROF": 385,
        "LoyaltyLevel": 3,
        "BaseReloadSpeedMulti": 1,
        "BaseChamberSpeedMulti": 1,
        "MinChamberSpeed": 0.7,
        "MaxChamberSpeed": 1.5,
        "IsManuallyOperated": false,
        "BaseChamberCheckSpeed": 1.5,
        "BaseFixSpeed": 1.3,
        "OffsetRotation": 0.009,
        "RecoilIntensity": 0.14,
        "MasteryCategory": "AKM"
    },
    "939c742f7dad852286188029": {
        "$type": "RealismMod.Gun, RealismMod",
        "ItemID": "939c742f7dad852286188029",
        "Name": "Kalashnikov AKS-74UB .300 Blackout Assault Rifle",
        "WeapType": "short_AK",
        "OperationType": "",
        "WeapAccuracy": 0,
        "BaseTorque": -1,
        "HasShoulderContact": false,
        "Ergonomics": 80,
        "VerticalRecoil": 75,
        "HorizontalRecoil": 185,
        "Dispersion": 12,
        "CameraRecoil": 0.037,
        "VisualMulti": 1.05,
        "Convergence": 16.5,
        "RecoilAngle": 89,
        "BaseMalfunctionChance": 0.002,
        "HeatFactorGun": 0.55,
        "HeatFactorByShot": 1,
        "CoolFactorGun": 0.1,
        "CoolFactorGunMods": 1,
        "AllowOverheat": true,
        "CenterOfImpact": 0.044,
        "HipAccuracyRestorationDelay": 0.2,
        "HipAccuracyRestorationSpeed": 7,
        "HipInnaccuracyGain": 0.16,
        "ShotgunDispersion": 0,
        "Velocity": -1,
        "RecoilDamping": 0.87,
        "RecoilHandDamping": 0.74,
        "WeaponAllowADS": false,
        "Weight": 1.85,
        "DurabilityBurnRatio": 0.18,
        "AutoROF": 680,
        "SemiROF": 395,
        "LoyaltyLevel": 3,
        "BaseReloadSpeedMulti": 1,
        "BaseChamberSpeedMulti": 1,
        "MinChamberSpeed": 0.7,
        "MaxChamberSpeed": 1.5,
        "IsManuallyOperated": false,
        "BaseChamberCheckSpeed": 1.5,
        "BaseFixSpeed": 1.3,
        "OffsetRotation": 0.009,
        "RecoilIntensity": 0.16,
        "MasteryCategory": "AKM"
    },
    "627c4fe34b0a558e8a3642a1": {
        "$type": "RealismMod.Gun, RealismMod",
        "ItemID": "627c4fe34b0a558e8a3642a1",
        "Name": "Kalashnikov AKS-74UN .300 Blackout Assault Rifle",
        "WeapType": "short_AK",
        "OperationType": "",
        "WeapAccuracy": 0,
        "BaseTorque": -1,
        "HasShoulderContact": false,
        "Ergonomics": 80,
        "VerticalRecoil": 75,
        "HorizontalRecoil": 185,
        "Dispersion": 12,
        "CameraRecoil": 0.045,
        "VisualMulti": 1.05,
        "Convergence": 16.5,
        "RecoilAngle": 89,
        "BaseMalfunctionChance": 0.0025,
        "HeatFactorGun": 0.55,
        "HeatFactorByShot": 1,
        "CoolFactorGun": 0.1,
        "CoolFactorGunMods": 1,
        "AllowOverheat": true,
        "CenterOfImpact": 0.049,
        "HipAccuracyRestorationDelay": 0.2,
        "HipAccuracyRestorationSpeed": 7,
        "HipInnaccuracyGain": 0.16,
        "ShotgunDispersion": 0,
        "Velocity": -1,
        "RecoilDamping": 0.87,
        "RecoilHandDamping": 0.74,
        "WeaponAllowADS": false,
        "Weight": 1.85,
        "DurabilityBurnRatio": 0.18,
        "AutoROF": 680,
        "SemiROF": 410,
        "LoyaltyLevel": 3,
        "BaseReloadSpeedMulti": 1,
        "BaseChamberSpeedMulti": 1,
        "MinChamberSpeed": 0.7,
        "MaxChamberSpeed": 1.5,
        "IsManuallyOperated": false,
        "BaseChamberCheckSpeed": 1.5,
        "BaseFixSpeed": 1.3,
        "OffsetRotation": 0.009,
        "RecoilIntensity": 0.16,
        "MasteryCategory": "AKM"
    },
    "ed05294ed53c0400ae0e8a55": {
        "$type": "RealismMod.Gun, RealismMod",
        "ItemID": "ed05294ed53c0400ae0e8a55",
        "Name": "Kalashnikov AKS-74U .300 Blackout Assault Rifle",
        "WeapType": "short_AK",
        "OperationType": "",
        "WeapAccuracy": 0,
        "BaseTorque": -2,
        "HasShoulderContact": false,
        "Ergonomics": 80,
        "VerticalRecoil": 75,
        "HorizontalRecoil": 185,
        "Dispersion": 12,
        "CameraRecoil": 0.045,
        "VisualMulti": 1.05,
        "Convergence": 16.5,
        "RecoilAngle": 89,
        "BaseMalfunctionChance": 0.0024,
        "HeatFactorGun": 0.55,
        "HeatFactorByShot": 1,
        "CoolFactorGun": 0.1,
        "CoolFactorGunMods": 1,
        "AllowOverheat": true,
        "CenterOfImpact": 0.053,
        "HipAccuracyRestorationDelay": 0.2,
        "HipAccuracyRestorationSpeed": 7,
        "HipInnaccuracyGain": 0.16,
        "ShotgunDispersion": 0,
        "Velocity": -1,
        "RecoilDamping": 0.87,
        "RecoilHandDamping": 0.74,
        "WeaponAllowADS": false,
        "Weight": 1.809,
        "DurabilityBurnRatio": 0.15,
        "AutoROF": 680,
        "SemiROF": 415,
        "LoyaltyLevel": 3,
        "BaseReloadSpeedMulti": 1,
        "BaseChamberSpeedMulti": 1,
        "MinChamberSpeed": 0.7,
        "MaxChamberSpeed": 1.5,
        "IsManuallyOperated": false,
        "BaseChamberCheckSpeed": 1.5,
        "BaseFixSpeed": 1.3,
        "OffsetRotation": 0.009,
        "RecoilIntensity": 0.16,
        "MasteryCategory": "AKM"
    },
    "ffc95b9d143f52202a311820": {
        "$type": "RealismMod.Gun, RealismMod",
        "ItemID": "ffc95b9d143f52202a311820",
        "Name": "Kalashnikov AK-102 .300 Blackout assault rifle",
        "WeapType": "short_AK",
        "OperationType": "",
        "WeapAccuracy": 0,
        "BaseTorque": -3,
        "HasShoulderContact": false,
        "Ergonomics": 80,
        "VerticalRecoil": 55,
        "HorizontalRecoil": 195,
        "Dispersion": 12,
        "CameraRecoil": 0.05,
        "VisualMulti": 1.03,
        "Convergence": 18.2,
        "RecoilAngle": 88,
        "BaseMalfunctionChance": 0.0022,
        "HeatFactorGun": 0.26,
        "HeatFactorByShot": 1,
        "CoolFactorGun": 0.1,
        "CoolFactorGunMods": 1,
        "AllowOverheat": true,
        "CenterOfImpact": 0.04,
        "HipAccuracyRestorationDelay": 0.2,
        "HipAccuracyRestorationSpeed": 7,
        "HipInnaccuracyGain": 0.16,
        "ShotgunDispersion": 0,
        "Velocity": 6.6,
        "RecoilDamping": 0.85,
        "RecoilHandDamping": 0.75,
        "WeaponAllowADS": false,
        "Weight": 2.038,
        "DurabilityBurnRatio": 0.25,
        "AutoROF": 595,
        "SemiROF": 385,
        "LoyaltyLevel": 3,
        "BaseReloadSpeedMulti": 1,
        "BaseChamberSpeedMulti": 1,
        "MinChamberSpeed": 0.7,
        "MaxChamberSpeed": 1.5,
        "IsManuallyOperated": false,
        "BaseChamberCheckSpeed": 1.5,
        "BaseFixSpeed": 1.3,
        "OffsetRotation": 0.009,
        "RecoilIntensity": 0.15,
        "MasteryCategory": "AKM"
    },
    "93bcdfda236122e67c098847": {
        "$type": "RealismMod.Gun, RealismMod",
        "ItemID": "93bcdfda236122e67c098847",
        "Name": "Century Arms Draco 7.62x39 carbine",
        "WeapType": "short_AK",
        "OperationType": "",
        "WeapAccuracy": 0,
        "BaseTorque": -2,
        "HasShoulderContact": false,
        "Ergonomics": 80,
        "VerticalRecoil": 75,
        "HorizontalRecoil": 185,
        "Dispersion": 12,
        "CameraRecoil": 0.045,
        "VisualMulti": 1.05,
        "Convergence": 16.5,
        "RecoilAngle": 89,
        "BaseMalfunctionChance": 0.0024,
        "HeatFactorGun": 0.55,
        "HeatFactorByShot": 1,
        "CoolFactorGun": 0.1,
        "CoolFactorGunMods": 1,
        "AllowOverheat": true,
        "CenterOfImpact": 0.049,
        "HipAccuracyRestorationDelay": 0.2,
        "HipAccuracyRestorationSpeed": 7,
        "HipInnaccuracyGain": 0.16,
        "ShotgunDispersion": 0,
        "Velocity": -14.25,
        "RecoilDamping": 0.87,
        "RecoilHandDamping": 0.74,
        "WeaponAllowADS": false,
        "Weight": 1.85,
        "DurabilityBurnRatio": 0.18,
        "AutoROF": 680,
        "SemiROF": 410,
        "LoyaltyLevel": 3,
        "BaseReloadSpeedMulti": 1,
        "BaseChamberSpeedMulti": 1,
        "MinChamberSpeed": 0.7,
        "MaxChamberSpeed": 1.5,
        "IsManuallyOperated": false,
        "BaseChamberCheckSpeed": 1.5,
        "BaseFixSpeed": 1.3,
        "OffsetRotation": 0.009,
        "RecoilIntensity": 0.16,
        "MasteryCategory": "AKM"
    },
    "57f28a7ffb22e277b0234219": {
        "$type": "RealismMod.Gun, RealismMod",
        "ItemID": "57f28a7ffb22e277b0234219",
        "Name": "Saiga SGL31 5.45x39 Carbine",
        "WeapType": "",
        "OperationType": "",
        "WeapAccuracy": 0,
        "BaseTorque": -3.8,
        "HasShoulderContact": false,
        "Ergonomics": 80,
        "VerticalRecoil": 75,
        "HorizontalRecoil": 185,
        "Dispersion": 11,
        "CameraRecoil": 0.041,
        "VisualMulti": 1.01,
        "Convergence": 15,
        "RecoilAngle": 87,
        "BaseMalfunctionChance": 0.001,
        "HeatFactorGun": 0.2,
        "HeatFactorByShot": 1,
        "CoolFactorGun": 0.1,
        "CoolFactorGunMods": 1,
        "AllowOverheat": true,
        "CenterOfImpact": 0.041,
        "HipAccuracyRestorationDelay": 0.2,
        "HipAccuracyRestorationSpeed": 7,
        "HipInnaccuracyGain": 0.16,
        "ShotgunDispersion": 0,
        "Velocity": 0,
        "RecoilDamping": 0.86,
        "RecoilHandDamping": 0.64,
        "WeaponAllowADS": false,
        "Weight": 2.007,
        "DurabilityBurnRatio": 0.18,
        "AutoROF": 650,
        "SemiROF": 400,
        "LoyaltyLevel": 3,
        "BaseReloadSpeedMulti": 1,
        "BaseChamberSpeedMulti": 1,
        "MinChamberSpeed": 0.7,
        "MaxChamberSpeed": 1.5,
        "IsManuallyOperated": false,
        "BaseChamberCheckSpeed": 1.5,
        "BaseFixSpeed": 1.3,
        "OffsetRotation": 0.009,
        "RecoilIntensity": 0.15,
        "MasteryCategory": "AKM"
    },
    "e895575bcd1fa1de36d301b6": {
        "$type": "RealismMod.Gun, RealismMod",
        "ItemID": "e895575bcd1fa1de36d301b6",
        "Name": "Saiga MK Ver. 030 5.45x39 Carbine",
        "WeapType": "",
        "OperationType": "",
        "WeapAccuracy": 0,
        "BaseTorque": -3.8,
        "HasShoulderContact": false,
        "Ergonomics": 80,
        "VerticalRecoil": 84,
        "HorizontalRecoil": 195,
        "Dispersion": 11,
        "CameraRecoil": 0.033,
        "VisualMulti": 1.025,
        "Convergence": 15,
        "RecoilAngle": 87,
        "BaseMalfunctionChance": 0.0009,
        "HeatFactorGun": 0.2,
        "HeatFactorByShot": 1,
        "CoolFactorGun": 0.1,
        "CoolFactorGunMods": 1,
        "AllowOverheat": true,
        "CenterOfImpact": 0.042,
        "HipAccuracyRestorationDelay": 0.2,
        "HipAccuracyRestorationSpeed": 7,
        "HipInnaccuracyGain": 0.16,
        "ShotgunDispersion": 0,
        "Velocity": 0,
        "RecoilDamping": 0.81,
        "RecoilHandDamping": 0.64,
        "WeaponAllowADS": false,
        "Weight": 2.402,
        "DurabilityBurnRatio": 0.15,
        "AutoROF": 650,
        "SemiROF": 390,
        "LoyaltyLevel": 3,
        "BaseReloadSpeedMulti": 1,
        "BaseChamberSpeedMulti": 1,
        "MinChamberSpeed": 0.7,
        "MaxChamberSpeed": 1.5,
        "IsManuallyOperated": false,
        "BaseChamberCheckSpeed": 1.5,
        "BaseFixSpeed": 1.3,
        "OffsetRotation": 0.009,
        "RecoilIntensity": 0.15,
        "MasteryCategory": "AKM"
    },    
    "3dc691f607ffed3228bf6ca2": {
        "$type": "RealismMod.Gun, RealismMod",
        "ItemID": "3dc691f607ffed3228bf6ca2",
        "Name": "Kalashnikov AK-15 7.62x39 assault rifle",
        "WeapType": "",
        "OperationType": "",
        "WeapAccuracy": 0,
        "BaseTorque": -3.7,
        "HasShoulderContact": false,
        "Ergonomics": 80,
        "VerticalRecoil": 95,
        "HorizontalRecoil": 215,
        "Dispersion": 11,
        "CameraRecoil": 0.044,
        "VisualMulti": 1.05,
        "Convergence": 17,
        "RecoilAngle": 84,
        "BaseMalfunctionChance": 0.0012,
        "HeatFactorGun": 0.18,
        "HeatFactorByShot": 1,
        "CoolFactorGun": 0.1,
        "CoolFactorGunMods": 1,
        "AllowOverheat": true,
        "CenterOfImpact": 0.034,
        "HipAccuracyRestorationDelay": 0.2,
        "HipAccuracyRestorationSpeed": 7,
        "HipInnaccuracyGain": 0.16,
        "ShotgunDispersion": 0,
        "Velocity": 0,
        "RecoilDamping": 0.86,
        "RecoilHandDamping": 0.7,
        "WeaponAllowADS": false,
        "Weight": 2.392,
        "DurabilityBurnRatio": 0.15,
        "AutoROF": 700,
        "SemiROF": 360,
        "LoyaltyLevel": 4,
        "BaseReloadSpeedMulti": 1,
        "BaseChamberSpeedMulti": 1,
        "MinChamberSpeed": 0.7,
        "MaxChamberSpeed": 1.5,
        "IsManuallyOperated": false,
        "BaseChamberCheckSpeed": 1.5,
        "BaseFixSpeed": 1.3,
        "OffsetRotation": 0.009,
        "RecoilIntensity": 0.151,
        "MasteryCategory": "AKM"
    },
    "52500592c7109667abb6cbeb": {
        "$type": "RealismMod.Gun, RealismMod",
        "ItemID": "52500592c7109667abb6cbeb",
        "Name": "Modified Century Arms Draco 7.62x39 Assault Rifle",
        "WeapType": "short_AK",
        "OperationType": "",
        "WeapAccuracy": 0,
        "BaseTorque": -2,
        "HasShoulderContact": false,
        "Ergonomics": 80,
        "VerticalRecoil": 75,
        "HorizontalRecoil": 185,
        "Dispersion": 12,
        "CameraRecoil": 0.045,
        "VisualMulti": 1.05,
        "Convergence": 16.5,
        "RecoilAngle": 89,
        "BaseMalfunctionChance": 0.0025,
        "HeatFactorGun": 0.55,
        "HeatFactorByShot": 1,
        "CoolFactorGun": 0.1,
        "CoolFactorGunMods": 1,
        "AllowOverheat": true,
        "CenterOfImpact": 0.044,
        "HipAccuracyRestorationDelay": 0.2,
        "HipAccuracyRestorationSpeed": 7,
        "HipInnaccuracyGain": 0.16,
        "ShotgunDispersion": 0,
        "Velocity": -14.25,
        "RecoilDamping": 0.87,
        "RecoilHandDamping": 0.74,
        "WeaponAllowADS": false,
        "Weight": 1.85,
        "DurabilityBurnRatio": 0.18,
        "AutoROF": 680,
        "SemiROF": 395,
        "LoyaltyLevel": 3,
        "BaseReloadSpeedMulti": 1,
        "BaseChamberSpeedMulti": 1,
        "MinChamberSpeed": 0.7,
        "MaxChamberSpeed": 1.5,
        "IsManuallyOperated": false,
        "BaseChamberCheckSpeed": 1.5,
        "BaseFixSpeed": 1.3,
        "OffsetRotation": 0.009,
        "RecoilIntensity": 0.16,
        "MasteryCategory": "AKM"
    },
    "0af5f6a5aa9712e11c733fb9": {
        "$type": "RealismMod.Gun, RealismMod",
        "ItemID": "0af5f6a5aa9712e11c733fb9",
        "Name": "Remington Model 700 .277 Sig Fury bolt-action sniper rifle",
        "WeapType": "",
        "OperationType": "manual",
        "WeapAccuracy": 0,
        "BaseTorque": 0,
        "HasShoulderContact": false,
        "Ergonomics": 80,
        "VerticalRecoil": 170,
        "HorizontalRecoil": 480,
        "Dispersion": 2,
        "CameraRecoil": 0.125,
        "VisualMulti": 2,
        "Convergence": 5,
        "RecoilAngle": 90,
        "BaseMalfunctionChance": 0.0008,
        "HeatFactorGun": 1.4,
        "HeatFactorByShot": 1,
        "CoolFactorGun": 0.1,
        "CoolFactorGunMods": 1,
        "AllowOverheat": true,
        "CenterOfImpact": 0.011,
        "HipAccuracyRestorationDelay": 0.2,
        "HipAccuracyRestorationSpeed": 7,
        "HipInnaccuracyGain": 0.16,
        "ShotgunDispersion": 0,
        "Velocity": 0,
        "RecoilDamping": 0.8,
        "RecoilHandDamping": 0.41,
        "WeaponAllowADS": false,
        "Weight": 0.55,
        "DurabilityBurnRatio": 0.3,
        "AutoROF": 30,
        "SemiROF": 450,
        "LoyaltyLevel": 3,
        "BaseReloadSpeedMulti": 1,
        "BaseChamberSpeedMulti": 1.2,
        "MinChamberSpeed": 0.7,
        "MaxChamberSpeed": 1.5,
        "IsManuallyOperated": true,
        "BaseChamberCheckSpeed": 1.3,
        "BaseFixSpeed": 1.3,
        "OffsetRotation": 0.01,
        "RecoilIntensity": 0.2645,
        "RecoilCenter": {
            "x": 0,
            "y": -0.45,
            "z": 0
        },
        "MasteryCategory": "SV98"
    },
    "52ce1b65b13e1035808c4fd2": {
        "$type": "RealismMod.Gun, RealismMod",
        "ItemID": "52ce1b65b13e1035808c4fd2",
        "Name": "CMMG Mk47 Mutant 5.45X39 assault rifle",
        "WeapType": "DI",
        "OperationType": "buffer",
        "WeapAccuracy": 0,
        "BaseTorque": 1,
        "HasShoulderContact": false,
        "Ergonomics": 80,
        "VerticalRecoil": 85,
        "HorizontalRecoil": 200,
        "Dispersion": 11,
        "CameraRecoil": 0.04,
        "VisualMulti": 1.12,
        "Convergence": 14,
        "RecoilAngle": 84,
        "BaseMalfunctionChance": 0.0016,
        "HeatFactorGun": 0.34,
        "HeatFactorByShot": 1,
        "CoolFactorGun": 0.1,
        "CoolFactorGunMods": 1,
        "AllowOverheat": true,
        "CenterOfImpact": 0.01,
        "HipAccuracyRestorationDelay": 0.2,
        "HipAccuracyRestorationSpeed": 7,
        "HipInnaccuracyGain": 0.16,
        "ShotgunDispersion": 0,
        "Velocity": 0,
        "RecoilDamping": 0.867,
        "RecoilHandDamping": 0.5,
        "WeaponAllowADS": false,
        "Weight": 0.664,
        "DurabilityBurnRatio": 0.36,
        "AutoROF": 650,
        "SemiROF": 410,
        "LoyaltyLevel": 4,
        "BaseReloadSpeedMulti": 1,
        "BaseChamberSpeedMulti": 1,
        "MinChamberSpeed": 0.7,
        "MaxChamberSpeed": 1.5,
        "IsManuallyOperated": false,
        "BaseChamberCheckSpeed": 0.9,
        "BaseFixSpeed": 0.8,
        "OffsetRotation": 0.009,
        "RecoilIntensity": 0.17,
        "MasteryCategory": "M4"
    },
    "96f5c38a676e11e13544dfba": {
        "$type": "RealismMod.Gun, RealismMod",
        "ItemID": "96f5c38a676e11e13544dfba",
        "Name": "CMMG Mk47 Mutant 9X39 assault rifle",
        "WeapType": "DI",
        "OperationType": "buffer",
        "WeapAccuracy": 0,
        "BaseTorque": 1,
        "HasShoulderContact": false,
        "Ergonomics": 80,
        "VerticalRecoil": 75,
        "HorizontalRecoil": 190,
        "Dispersion": 11,
        "CameraRecoil": 0.04,
        "VisualMulti": 1.12,
        "Convergence": 14,
        "RecoilAngle": 84,
        "BaseMalfunctionChance": 0.0016,
        "HeatFactorGun": 0.34,
        "HeatFactorByShot": 1,
        "CoolFactorGun": 0.1,
        "CoolFactorGunMods": 1,
        "AllowOverheat": true,
        "CenterOfImpact": 0.01,
        "HipAccuracyRestorationDelay": 0.2,
        "HipAccuracyRestorationSpeed": 7,
        "HipInnaccuracyGain": 0.16,
        "ShotgunDispersion": 0,
        "Velocity": 0,
        "RecoilDamping": 0.867,
        "RecoilHandDamping": 0.5,
        "WeaponAllowADS": false,
        "Weight": 0.664,
        "DurabilityBurnRatio": 0.36,
        "AutoROF": 650,
        "SemiROF": 410,
        "LoyaltyLevel": 4,
        "BaseReloadSpeedMulti": 1,
        "BaseChamberSpeedMulti": 1,
        "MinChamberSpeed": 0.7,
        "MaxChamberSpeed": 1.5,
        "IsManuallyOperated": false,
        "BaseChamberCheckSpeed": 0.9,
        "BaseFixSpeed": 0.8,
        "OffsetRotation": 0.009,
        "RecoilIntensity": 0.17,
        "MasteryCategory": "M4"
    },
    "8d59d8b10a4c2e85b871c317": {
        "$type": "RealismMod.Gun, RealismMod",
        "ItemID": "8d59d8b10a4c2e85b871c317",
        "Name": "SIG MCX SPEAR 7.62x51 assault rifle",
        "WeapType": "",
        "OperationType": "",
        "WeapAccuracy": 0,
        "BaseTorque": 0.25,
        "RecoilDamping": 0.85,
        "RecoilHandDamping": 0.75,
        "OffsetRotation": 0.0054,
        "RecoilIntensity": 0.1,
        "HasShoulderContact": false,
        "WeaponAllowADS": false,
        "Ergonomics": 80,
        "VerticalRecoil": 135,
        "HorizontalRecoil": 190,
        "Dispersion": 19,
        "CameraRecoil": 0.049,
        "VisualMulti": 1,
        "Convergence": 15,
        "RecoilAngle": 84,
        "DurabilityBurnRatio": 0.4,
        "BaseMalfunctionChance": 0.0008,
        "HeatFactorGun": 0.4,
        "HeatFactorByShot": 1,
        "CoolFactorGun": 0.1,
        "CoolFactorGunMods": 1,
        "AllowOverheat": true,
        "CenterOfImpact": 0.01,
        "HipAccuracyRestorationDelay": 0.2,
        "HipAccuracyRestorationSpeed": 7,
        "HipInnaccuracyGain": 0.16,
        "Velocity": 0,
        "Weight": 1.475,
        "AutoROF": 800,
        "SemiROF": 450,
        "LoyaltyLevel": 5,
        "BaseReloadSpeedMulti": 1,
        "BaseChamberSpeedMulti": 1.25,
        "MaxChamberSpeed": 1.5,
        "MinChamberSpeed": 0.8,
        "IsManuallyOperated": false,
        "BaseChamberCheckSpeed": 1.05,
        "BaseFixSpeed": 2.7,
        "MasteryCategory": "M4"
    },
    "72bbf927bf5b1d4a0837485b": {
        "$type": "RealismMod.Gun, RealismMod",
        "ItemID": "72bbf927bf5b1d4a0837485b",
        "Name": "SIG MCX 5.56x45 assault rifle",
        "WeapType": "",
        "OperationType": "",
        "WeapAccuracy": 0,
        "BaseTorque": 0,
        "HasShoulderContact": false,
        "Ergonomics": 80,
        "VerticalRecoil": 90,
        "HorizontalRecoil": 160,
        "Dispersion": 14,
        "CameraRecoil": 0.038,
        "VisualMulti": 1.075,
        "Convergence": 14.4,
        "RecoilAngle": 89,
        "BaseMalfunctionChance": 0.0015,
        "HeatFactorGun": 0.22,
        "HeatFactorByShot": 1,
        "CoolFactorGun": 0.1,
        "CoolFactorGunMods": 1,
        "AllowOverheat": true,
        "CenterOfImpact": 0.01,
        "HipAccuracyRestorationDelay": 0.2,
        "HipAccuracyRestorationSpeed": 7,
        "HipInnaccuracyGain": 0.16,
        "ShotgunDispersion": 0,
        "Velocity": 0,
        "RecoilDamping": 0.86,
        "RecoilHandDamping": 0.65,
        "WeaponAllowADS": false,
        "Weight": 0.4,
        "DurabilityBurnRatio": 0.25,
        "AutoROF": 800,
        "SemiROF": 420,
        "LoyaltyLevel": 4,
        "BaseReloadSpeedMulti": 0.8,
        "BaseChamberSpeedMulti": 1,
        "MinChamberSpeed": 0.7,
        "MaxChamberSpeed": 1.5,
        "IsManuallyOperated": false,
        "BaseChamberCheckSpeed": 0.9,
        "BaseFixSpeed": 0.8,
        "OffsetRotation": 0.009,
        "RecoilIntensity": 0.15,
        "MasteryCategory": "M4"
    }
}