{
        "fda2c36ae178185078035ce3": {
                "$type": "RealismMod.WeaponMod, RealismMod",
                "ItemID": "fda2c36ae178185078035ce3",
                "Name": "AR-15 Midwest Industries Night Fighter 10.5 inch M-LOK handguard",
                "ModType": "",
                "VerticalRecoil": -1.5,
                "HorizontalRecoil": -2,
                "Dispersion": -1,
                "AimSpeed": 0,
                "Ergonomics": 13,
                "Accuracy": 18,
                "HeatFactor": 0.96,
                "CoolFactor": 1.1,
                "ConflictingItems": [],
                "Weight": 0.351,
                "LoyaltyLevel": 0,
                "Price": 0,
                "AimStability": 6.5    
        },
        "ec47c8fd149c9b6a07db4dc6": {
                "$type": "RealismMod.WeaponMod, RealismMod",
                "ItemID": "ec47c8fd149c9b6a07db4dc6",
                "Name": "AR-15 Midwest Industries Night Fighter 13.5 inch M-LOK handguard",
                "ModType": "",
                "VerticalRecoil": -3,
                "HorizontalRecoil": -3,
                "Dispersion": -2,
                "AimSpeed": 0,
                "Ergonomics": 10,
                "Accuracy": 20,
                "HeatFactor": 0.96,
                "CoolFactor": 1.1,
                "ConflictingItems": [],
                "Weight": 0.351,
                "LoyaltyLevel": 0,
                "Price": 0,
                "AimStability": 6.5,
                "Handling": 1.5
        },
        "4eec6c5df7521b4c5512d257": {
                "$type": "RealismMod.WeaponMod, RealismMod",
                "ItemID": "4eec6c5df7521b4c5512d257",
                "Name": "AR-15 Knights Armament URX 4 13 inch M-LOK handguard (FDE)",
                "ModType": "",
                "VerticalRecoil": -2,
                "HorizontalRecoil": -2,
                "Dispersion": -2,
                "AimSpeed": 0,
                "Ergonomics": 13,
                "Accuracy": 20,
                "HeatFactor": 0.965,
                "CoolFactor": 1.03,
                "ConflictingItems": [],
                "Weight": 0.395,
                "LoyaltyLevel": 0,
                "Price": 0
        },
        "2954b640d102782dbd31f967": {
                "$type": "RealismMod.WeaponMod, RealismMod",
                "ItemID": "2954b640d102782dbd31f967",
                "Name": "AR-15 Knights Armament URX 4 13 inch M-LOK handguard (Black)",
                "ModType": "",
                "VerticalRecoil": -2,
                "HorizontalRecoil": -2,
                "Dispersion": -2,
                "AimSpeed": 0,
                "Ergonomics": 13,
                "Accuracy": 20,
                "HeatFactor": 0.965,
                "CoolFactor": 1.03,
                "ConflictingItems": [],
                "Weight": 0.395,
                "LoyaltyLevel": 0,
                "Price": 0
        },
        "cdd912ad2c46dc2c85ddabe9": {
                "$type": "RealismMod.WeaponMod, RealismMod",
                "ItemID": "cdd912ad2c46dc2c85ddabe9",
                "Name": "AR-15 Knights Armament URX 4 14.5 inch M-LOK handguard (FDE)",
                "ModType": "",
                "VerticalRecoil": -2,
                "HorizontalRecoil": -2,
                "Dispersion": -2,
                "AimSpeed": 0,
                "Ergonomics": 13,
                "Accuracy": 20,
                "HeatFactor": 0.955,
                "CoolFactor": 1.035,
                "ConflictingItems": [],
                "Weight": 0.42,
                "LoyaltyLevel": 0,
                "Price": 0
        },
        "575c716cbedac41ab557af94": {
                "$type": "RealismMod.WeaponMod, RealismMod",
                "ItemID": "575c716cbedac41ab557af94",
                "Name": "AR-15 Knights Armament URX 4 14.5 inch M-LOK handguard (Black)",
                "ModType": "",
                "VerticalRecoil": -2,
                "HorizontalRecoil": -2,
                "Dispersion": -2,
                "AimSpeed": 0,
                "Ergonomics": 13,
                "Accuracy": 20,
                "HeatFactor": 0.955,
                "CoolFactor": 1.035,
                "ConflictingItems": [],
                "Weight": 0.42,
                "LoyaltyLevel": 0,
                "Price": 0
        },
        "5ce8cbc95925855be248fb33": {
                "$type": "RealismMod.WeaponMod, RealismMod",
                "ItemID": "5ce8cbc95925855be248fb33",
                "Name": "AR-15 Knights Armament URX 4 10.75 inch M-LOK handguard",
                "ModType": "",
                "VerticalRecoil": 0,
                "HorizontalRecoil": 0,
                "Dispersion": 0,
                "AimSpeed": 0,
                "Ergonomics": 0,
                "Accuracy": 7,
                "HeatFactor": 1.023,
                "CoolFactor": 1.067,
                "ConflictingItems": [],
                "Weight": 0.31,
                "LoyaltyLevel": 0,
                "Price": 0
        },
        "d358ade47bd93cce3bb7afa6": {
                "$type": "RealismMod.WeaponMod, RealismMod",
                "ItemID": "d358ade47bd93cce3bb7afa6",
                "Name": "AR-15 Knights Armament URX 4 10.75 inch M-LOK handguard (FDE)",
                "ModType": "",
                "VerticalRecoil": 0,
                "HorizontalRecoil": 0,
                "Dispersion": 0,
                "AimSpeed": 0,
                "Ergonomics": 0,
                "Accuracy": 7,
                "HeatFactor": 1.023,
                "CoolFactor": 1.067,
                "ConflictingItems": [],
                "Weight": 0.31,
                "LoyaltyLevel": 0,
                "Price": 0
        },
        "eb351db5c0033682427e5ddf": {
                "$type": "RealismMod.WeaponMod, RealismMod",
                "ItemID": "eb351db5c0033682427e5ddf",
                "Name": "AR-15 Knights Armament URX 4 8.5 inch M-LOK handguard",
                "ModType": "",
                "VerticalRecoil": 0,
                "HorizontalRecoil": 0,
                "Dispersion": 0,
                "AimSpeed": 0,
                "Ergonomics": 0,
                "Accuracy": 7,
                "HeatFactor": 1.023,
                "CoolFactor": 1.067,
                "ConflictingItems": [],
                "Weight": 0.24,
                "LoyaltyLevel": 0,
                "Price": 0
        },
        "18b71fb6878ffa6640e75aa1": {
                "$type": "RealismMod.WeaponMod, RealismMod",
                "ItemID": "18b71fb6878ffa6640e75aa1",
                "Name": "AR-15 Knights Armament URX 4 8.5 inch M-LOK handguard (FDE)",
                "ModType": "",
                "VerticalRecoil": 0,
                "HorizontalRecoil": 0,
                "Dispersion": 0,
                "AimSpeed": 0,
                "Ergonomics": 0,
                "Accuracy": 7,
                "HeatFactor": 1.023,
                "CoolFactor": 1.067,
                "ConflictingItems": [],
                "Weight": 0.24,
                "LoyaltyLevel": 0,
                "Price": 0
        },
        "0bba67a701522f99575b181f": {
                "$type": "RealismMod.WeaponMod, RealismMod",
                "ItemID": "0bba67a701522f99575b181f",
                "Name": "AR-15 Daniel Defense RIS III 13 inch lower handguard (FDE)",
                "ModType": "",
                "VerticalRecoil": -3,
                "HorizontalRecoil": -3,
                "Dispersion": -1,
                "AimSpeed": 0,
                "Ergonomics": 8,
                "Accuracy": 0,
                "HeatFactor": 1,
                "CoolFactor": 1,
                "ConflictingItems": [],
                "Weight": 0.194,
                "LoyaltyLevel": 0,
                "Price": 0
        },
        "06f91b13baa74bd3f49b387c": {
                "$type": "RealismMod.WeaponMod, RealismMod",
                "ItemID": "06f91b13baa74bd3f49b387c",
                "Name": "AR-15 Daniel Defense RIS III 13 inch lower handguard (DFDE)",
                "ModType": "",
                "VerticalRecoil": -3,
                "HorizontalRecoil": -3,
                "Dispersion": -1,
                "AimSpeed": 0,
                "Ergonomics": 8,
                "Accuracy": 0,
                "HeatFactor": 1,
                "CoolFactor": 1,
                "ConflictingItems": [],
                "Weight": 0.194,
                "LoyaltyLevel": 0,
                "Price": 0
        },
        "474fc2c71c535aaa54973e7f": {
                "$type": "RealismMod.WeaponMod, RealismMod",
                "ItemID": "474fc2c71c535aaa54973e7f",
                "Name": "AR-15 Daniel Defense RIS III 13 inch lower handguard",
                "ModType": "",
                "VerticalRecoil": -3,
                "HorizontalRecoil": -3,
                "Dispersion": -1,
                "AimSpeed": 0,
                "Ergonomics": 8,
                "Accuracy": 0,
                "HeatFactor": 1,
                "CoolFactor": 1,
                "ConflictingItems": [],
                "Weight": 0.194,
                "LoyaltyLevel": 0,
                "Price": 0
        },
        "5658c6dbe290e948a715c896": {
                "$type": "RealismMod.WeaponMod, RealismMod",
                "ItemID": "5658c6dbe290e948a715c896",
                "Name": "AR-15 Daniel Defense RIS III 12.5 inch lower handguard (FDE)",
                "ModType": "",
                "VerticalRecoil": -3,
                "HorizontalRecoil": -3,
                "Dispersion": -1,
                "AimSpeed": 0,
                "Ergonomics": 8,
                "Accuracy": 1,
                "HeatFactor": 1,
                "CoolFactor": 1,
                "ConflictingItems": [],
                "Weight": 0.200,
                "LoyaltyLevel": 0,
                "Price": 0
        },
        "e214a01a6e82932b9ba17c2a": {
                "$type": "RealismMod.WeaponMod, RealismMod",
                "ItemID": "e214a01a6e82932b9ba17c2a",
                "Name": "AR-15 Daniel Defense RIS III 12.5 inch lower handguard (DFDE)",
                "ModType": "",
                "VerticalRecoil": -3,
                "HorizontalRecoil": -3,
                "Dispersion": -1,
                "AimSpeed": 0,
                "Ergonomics": 8,
                "Accuracy": 1,
                "HeatFactor": 1,
                "CoolFactor": 1,
                "ConflictingItems": [],
                "Weight": 0.200,
                "LoyaltyLevel": 0,
                "Price": 0
        },
        "43f5accd8a978396dfb0754c": {
                "$type": "RealismMod.WeaponMod, RealismMod",
                "ItemID": "43f5accd8a978396dfb0754c",
                "Name": "AR-15 Daniel Defense RIS III 12.5 inch lower handguard",
                "ModType": "",
                "VerticalRecoil": -3,
                "HorizontalRecoil": -3,
                "Dispersion": -1,
                "AimSpeed": 0,
                "Ergonomics": 8,
                "Accuracy": 1,
                "HeatFactor": 1,
                "CoolFactor": 1,
                "ConflictingItems": [],
                "Weight": 0.200,
                "LoyaltyLevel": 0,
                "Price": 0
        },
        "eb314fb4d8025c0d696a3ffc": {
                "$type": "RealismMod.WeaponMod, RealismMod",
                "ItemID": "eb314fb4d8025c0d696a3ffc",
                "Name": "AR-15 Daniel Defense RIS III 10.5 inch lower handguard (FDE)",
                "ModType": "",
                "VerticalRecoil": -2,
                "HorizontalRecoil": -3,
                "Dispersion": -1,
                "AimSpeed": 0,
                "Ergonomics": 8,
                "Accuracy": 0,
                "HeatFactor": 1,
                "CoolFactor": 1,
                "ConflictingItems": [],
                "Weight": 0.140,
                "LoyaltyLevel": 0,
                "Price": 0
        },
        "887069265f946005918c6279": {
                "$type": "RealismMod.WeaponMod, RealismMod",
                "ItemID": "887069265f946005918c6279",
                "Name": "AR-15 Daniel Defense RIS III 10.5 inch lower handguard (DFDE)",
                "ModType": "",
                "VerticalRecoil": -2,
                "HorizontalRecoil": -3,
                "Dispersion": -1,
                "AimSpeed": 0,
                "Ergonomics": 8,
                "Accuracy": 0,
                "HeatFactor": 1,
                "CoolFactor": 1,
                "ConflictingItems": [],
                "Weight": 0.140,
                "LoyaltyLevel": 0,
                "Price": 0
        },
        "d08180b5c44b8b094246f8c3": {
                "$type": "RealismMod.WeaponMod, RealismMod",
                "ItemID": "d08180b5c44b8b094246f8c3",
                "Name": "AR-15 Daniel Defense RIS III 10.5 inch lower handguard",
                "ModType": "",
                "VerticalRecoil": -2,
                "HorizontalRecoil": -3,
                "Dispersion": -1,
                "AimSpeed": 0,
                "Ergonomics": 8,
                "Accuracy": 0,
                "HeatFactor": 1,
                "CoolFactor": 1,
                "ConflictingItems": [],
                "Weight": 0.140,
                "LoyaltyLevel": 0,
                "Price": 0
        },
        "033ccd2711dabbb7eecea522": {
                "$type": "RealismMod.WeaponMod, RealismMod",
                "ItemID": "033ccd2711dabbb7eecea522",
                "Name": "AR-15 Daniel Defense RIS III 9.5 inch lower handguard (FDE)",
                "ModType": "",
                "VerticalRecoil": -2,
                "HorizontalRecoil": -2,
                "Dispersion": -1,
                "AimSpeed": 0,
                "Ergonomics": 10,
                "Accuracy": 0,
                "HeatFactor": 1,
                "CoolFactor": 1,
                "ConflictingItems": [],
                "Weight": 0.120,
                "LoyaltyLevel": 0,
                "Price": 0
        },
        "5a6d510008f101731e1ccad1": {
                "$type": "RealismMod.WeaponMod, RealismMod",
                "ItemID": "5a6d510008f101731e1ccad1",
                "Name": "AR-15 Daniel Defense RIS III 9.5 inch lower handguard (DFDE)",
                "ModType": "",
                "VerticalRecoil": -2,
                "HorizontalRecoil": -2,
                "Dispersion": -1,
                "AimSpeed": 0,
                "Ergonomics": 10,
                "Accuracy": 0,
                "HeatFactor": 1,
                "CoolFactor": 1,
                "ConflictingItems": [],
                "Weight": 0.120,
                "LoyaltyLevel": 0,
                "Price": 0
        },
        "c05b151aa1c288e00f6204a8": {
                "$type": "RealismMod.WeaponMod, RealismMod",
                "ItemID": "c05b151aa1c288e00f6204a8",
                "Name": "AR-15 Daniel Defense RIS III 9.5 inch lower handguard",
                "ModType": "",
                "VerticalRecoil": -2,
                "HorizontalRecoil": -2,
                "Dispersion": -1,
                "AimSpeed": 0,
                "Ergonomics": 10,
                "Accuracy": 0,
                "HeatFactor": 1,
                "CoolFactor": 1,
                "ConflictingItems": [],
                "Weight": 0.120,
                "LoyaltyLevel": 0,
                "Price": 0
        },
        "2dd0bae941a035f84debc5d1": {
                "$type": "RealismMod.WeaponMod, RealismMod",
                "ItemID": "2dd0bae941a035f84debc5d1",
                "Name": "AR-15 Daniel Defense RIS III 13 inch handguard (FDE)",
                "ModType": "",
                "VerticalRecoil": 0,
                "HorizontalRecoil": 0,
                "Dispersion": 0,
                "AimSpeed": 0,
                "Ergonomics": 0,
                "Accuracy": 11,
                "HeatFactor": 0.942,
                "CoolFactor": 1.084,
                "ConflictingItems": [],
                "Weight": 0.270,
                "LoyaltyLevel": 0,
                "Price": 0
        },
        "86171495d4b6145eb4f0f1d5": {
                "$type": "RealismMod.WeaponMod, RealismMod",
                "ItemID": "86171495d4b6145eb4f0f1d5",
                "Name": "AR-15 Daniel Defense RIS III 13 inch handguard (DFDE)",
                "ModType": "",
                "VerticalRecoil": 0,
                "HorizontalRecoil": 0,
                "Dispersion": 0,
                "AimSpeed": 0,
                "Ergonomics": 0,
                "Accuracy": 11,
                "HeatFactor": 0.942,
                "CoolFactor": 1.084,
                "ConflictingItems": [],
                "Weight": 0.270,
                "LoyaltyLevel": 0,
                "Price": 0
        },
        "909d5c3241210a0bc5a22fa0": {
                "$type": "RealismMod.WeaponMod, RealismMod",
                "ItemID": "909d5c3241210a0bc5a22fa0",
                "Name": "AR-15 Daniel Defense RIS III 13 inch handguard",
                "ModType": "",
                "VerticalRecoil": 0,
                "HorizontalRecoil": 0,
                "Dispersion": 0,
                "AimSpeed": 0,
                "Ergonomics": 0,
                "Accuracy": 11,
                "HeatFactor": 0.942,
                "CoolFactor": 1.084,
                "ConflictingItems": [],
                "Weight": 0.270,
                "LoyaltyLevel": 0,
                "Price": 0
        },
        "6581a57dfb78e9f0f816c845": {
                "$type": "RealismMod.WeaponMod, RealismMod",
                "ItemID": "6581a57dfb78e9f0f816c845",
                "Name": "AR-15 Daniel Defense RIS III 12.5 inch handguard (FDE)",
                "ModType": "",
                "VerticalRecoil": 0,
                "HorizontalRecoil": 0,
                "Dispersion": 0,
                "AimSpeed": 0,
                "Ergonomics": 0,
                "Accuracy": 11,
                "HeatFactor": 0.942,
                "CoolFactor": 1.084,
                "ConflictingItems": [],
                "Weight": 0.270,
                "LoyaltyLevel": 0,
                "Price": 0
        },
        "b9acede708b1c97d3c895862": {
                "$type": "RealismMod.WeaponMod, RealismMod",
                "ItemID": "b9acede708b1c97d3c895862",
                "Name": "AR-15 Daniel Defense RIS III 12.5 inch handguard (DFDE)",
                "ModType": "",
                "VerticalRecoil": 0,
                "HorizontalRecoil": 0,
                "Dispersion": 0,
                "AimSpeed": 0,
                "Ergonomics": 0,
                "Accuracy": 11,
                "HeatFactor": 0.942,
                "CoolFactor": 1.084,
                "ConflictingItems": [],
                "Weight": 0.270,
                "LoyaltyLevel": 0,
                "Price": 0
        },
        "59126f13e8bf4e9db57a14d5": {
                "$type": "RealismMod.WeaponMod, RealismMod",
                "ItemID": "59126f13e8bf4e9db57a14d5",
                "Name": "AR-15 Daniel Defense RIS III 12.5 inch handguard",
                "ModType": "",
                "VerticalRecoil": 0,
                "HorizontalRecoil": 0,
                "Dispersion": 0,
                "AimSpeed": 0,
                "Ergonomics": 0,
                "Accuracy": 11,
                "HeatFactor": 0.942,
                "CoolFactor": 1.084,
                "ConflictingItems": [],
                "Weight": 0.270,
                "LoyaltyLevel": 0,
                "Price": 0
        },
        "1a72eed8a4467f67e02eb6a5": {
                "$type": "RealismMod.WeaponMod, RealismMod",
                "ItemID": "1a72eed8a4467f67e02eb6a5",
                "Name": "AR-15 Daniel Defense RIS III 10.5 inch handguard (FDE)",
                "ModType": "",
                "VerticalRecoil": 0,
                "HorizontalRecoil": 0,
                "Dispersion": 0,
                "AimSpeed": 0,
                "Ergonomics": 0,
                "Accuracy": 11,
                "HeatFactor": 0.942,
                "CoolFactor": 1.084,
                "ConflictingItems": [],
                "Weight": 0.220,
                "LoyaltyLevel": 0,
                "Price": 0
        },
        "e9e54ee074512c35ceff755f": {
                "$type": "RealismMod.WeaponMod, RealismMod",
                "ItemID": "e9e54ee074512c35ceff755f",
                "Name": "AR-15 Daniel Defense RIS III 10.5 inch handguard (DFDE)",
                "ModType": "",
                "VerticalRecoil": 0,
                "HorizontalRecoil": 0,
                "Dispersion": 0,
                "AimSpeed": 0,
                "Ergonomics": 0,
                "Accuracy": 11,
                "HeatFactor": 0.942,
                "CoolFactor": 1.084,
                "ConflictingItems": [],
                "Weight": 0.220,
                "LoyaltyLevel": 0,
                "Price": 0
        },
        "749b6ea2a09780d2ebb9db9f": {
                "$type": "RealismMod.WeaponMod, RealismMod",
                "ItemID": "749b6ea2a09780d2ebb9db9f",
                "Name": "AR-15 Daniel Defense RIS III 10.5 inch handguard",
                "ModType": "",
                "VerticalRecoil": 0,
                "HorizontalRecoil": 0,
                "Dispersion": 0,
                "AimSpeed": 0,
                "Ergonomics": 0,
                "Accuracy": 11,
                "HeatFactor": 0.942,
                "CoolFactor": 1.084,
                "ConflictingItems": [],
                "Weight": 0.220,
                "LoyaltyLevel": 0,
                "Price": 0
        },
        "01f50d1bf4a8e1ee51c0b0fe": {
                "$type": "RealismMod.WeaponMod, RealismMod",
                "ItemID": "01f50d1bf4a8e1ee51c0b0fe",
                "Name": "AR-15 Daniel Defense RIS III 9.5 inch handguard (FDE)",
                "ModType": "",
                "VerticalRecoil": 0,
                "HorizontalRecoil": 0,
                "Dispersion": 0,
                "AimSpeed": 0,
                "Ergonomics": 0,
                "Accuracy": 11,
                "HeatFactor": 0.942,
                "CoolFactor": 1.084,
                "ConflictingItems": [],
                "Weight": 0.220,
                "LoyaltyLevel": 0,
                "Price": 0
        },
        "17349a0b7403daafd5f7feb9": {
                "$type": "RealismMod.WeaponMod, RealismMod",
                "ItemID": "17349a0b7403daafd5f7feb9",
                "Name": "AR-15 Daniel Defense RIS III 9.5 inch handguard (DFDE)",
                "ModType": "",
                "VerticalRecoil": 0,
                "HorizontalRecoil": 0,
                "Dispersion": 0,
                "AimSpeed": 0,
                "Ergonomics": 0,
                "Accuracy": 11,
                "HeatFactor": 0.942,
                "CoolFactor": 1.084,
                "ConflictingItems": [],
                "Weight": 0.220,
                "LoyaltyLevel": 0,
                "Price": 0
        },
        "682003705c43a397b9f3d84e": {
                "$type": "RealismMod.WeaponMod, RealismMod",
                "ItemID": "682003705c43a397b9f3d84e",
                "Name": "AR-15 Daniel Defense RIS III 9.5 inch handguard",
                "ModType": "",
                "VerticalRecoil": 0,
                "HorizontalRecoil": 0,
                "Dispersion": 0,
                "AimSpeed": 0,
                "Ergonomics": 0,
                "Accuracy": 11,
                "HeatFactor": 0.942,
                "CoolFactor": 1.084,
                "ConflictingItems": [],
                "Weight": 0.220,
                "LoyaltyLevel": 0,
                "Price": 0
        },
        "3610533f86d9fd15fc6394c6": {
                "$type": "RealismMod.WeaponMod, RealismMod",
                "ItemID": "3610533f86d9fd15fc6394c6",
                "Name": "AR-15 BCM MCMR 7 inch M-LOK handguard",
                "ModType": "",
                "VerticalRecoil": 0,
                "HorizontalRecoil": 0,
                "Dispersion": -1,
                "AimSpeed": 0,
                "Ergonomics": 15,
                "Accuracy": 12,
                "HeatFactor": 0.996,
                "CoolFactor": 1.054,
                "ConflictingItems": [],
                "Weight": 0.136,
                "LoyaltyLevel": 0,
                "Price": 0,
                "AimStability": 4.5
        },
        "c2b24307fb89f8984723bcdd": {
                "$type": "RealismMod.WeaponMod, RealismMod",
                "ItemID": "c2b24307fb89f8984723bcdd",
                "Name": "AR-15 BCM MCMR 7 inch M-LOK handguard (FDE)",
                "ModType": "",
                "VerticalRecoil": 0,
                "HorizontalRecoil": 0,
                "Dispersion": -1,
                "AimSpeed": 0,
                "Ergonomics": 15,
                "Accuracy": 12,
                "HeatFactor": 0.996,
                "CoolFactor": 1.054,
                "ConflictingItems": [],
                "Weight": 0.136,
                "LoyaltyLevel": 0,
                "Price": 0,
                "AimStability": 4.5
        },
        "cba44796106f69385fa58045": {
                "$type": "RealismMod.WeaponMod, RealismMod",
                "ItemID": "cba44796106f69385fa58045",
                "Name": "AR-15 BCM MCMR 8 inch M-LOK handguard",
                "ModType": "",
                "VerticalRecoil": 0,
                "HorizontalRecoil": 0,
                "Dispersion": -1,
                "AimSpeed": 0,
                "Ergonomics": 16,
                "Accuracy": 12,
                "HeatFactor": 0.996,
                "CoolFactor": 1.054,
                "ConflictingItems": [],
                "Weight": 0.15,
                "LoyaltyLevel": 0,
                "Price": 0,
                "AimStability": 4.5,
                "Handling": 1.5
        },
        "99b4f9090dabbe90dd48a5ee": {
                "$type": "RealismMod.WeaponMod, RealismMod",
                "ItemID": "99b4f9090dabbe90dd48a5ee",
                "Name": "AR-15 BCM MCMR 8 inch M-LOK handguard (FDE)",
                "ModType": "",
                "VerticalRecoil": 0,
                "HorizontalRecoil": 0,
                "Dispersion": -1,
                "AimSpeed": 0,
                "Ergonomics": 16,
                "Accuracy": 12,
                "HeatFactor": 0.996,
                "CoolFactor": 1.054,
                "ConflictingItems": [],
                "Weight": 0.15,
                "LoyaltyLevel": 0,
                "Price": 0,
                "AimStability": 4.5,
                "Handling": 1.5
        },
        "627c428dedfd6e61fdb522f7": {
                "$type": "RealismMod.WeaponMod, RealismMod",
                "ItemID": "627c428dedfd6e61fdb522f7",
                "Name": "AR-15 BCM MCMR 9 inch M-LOK handguard",
                "ModType": "",
                "VerticalRecoil": 0,
                "HorizontalRecoil": 0,
                "Dispersion": -1,
                "AimSpeed": 0,
                "Ergonomics": 15,
                "Accuracy": 12,
                "HeatFactor": 0.996,
                "CoolFactor": 1.054,
                "ConflictingItems": [],
                "Weight": 0.16,
                "LoyaltyLevel": 0,
                "Price": 0,
                "AimStability": 4.5,
                "Handling": 1.5
        },
        "6c06aaf97171cda862583e24": {
                "$type": "RealismMod.WeaponMod, RealismMod",
                "ItemID": "6c06aaf97171cda862583e24",
                "Name": "AR-15 BCM MCMR 9 inch M-LOK handguard (FDE)",
                "ModType": "",
                "VerticalRecoil": 0,
                "HorizontalRecoil": 0,
                "Dispersion": -1,
                "AimSpeed": 0,
                "Ergonomics": 15,
                "Accuracy": 12,
                "HeatFactor": 0.996,
                "CoolFactor": 1.054,
                "ConflictingItems": [],
                "Weight": 0.16,
                "LoyaltyLevel": 0,
                "Price": 0,
                "AimStability": 4.5,
                "Handling": 1.5
        },
        "daf0f7382ef0252f74709d9f": {
                "$type": "RealismMod.WeaponMod, RealismMod",
                "ItemID": "daf0f7382ef0252f74709d9f",
                "Name": "AR-15 BCM MCMR 10 inch M-LOK handguard",
                "ModType": "",
                "VerticalRecoil": 0,
                "HorizontalRecoil": 0,
                "Dispersion": -1,
                "AimSpeed": 0,
                "Ergonomics": 14,
                "Accuracy": 12,
                "HeatFactor": 0.996,
                "CoolFactor": 1.054,
                "ConflictingItems": [],
                "Weight": 0.187,
                "LoyaltyLevel": 0,
                "Price": 0,
                "AimStability": 4.5,
                "Handling": 1.5
        },
        "49d2d35e1289ec81e2dae68d": {
                "$type": "RealismMod.WeaponMod, RealismMod",
                "ItemID": "49d2d35e1289ec81e2dae68d",
                "Name": "AR-15 BCM MCMR 10 inch M-LOK handguard (FDE)",
                "ModType": "",
                "VerticalRecoil": 0,
                "HorizontalRecoil": 0,
                "Dispersion": -1,
                "AimSpeed": 0,
                "Ergonomics": 14,
                "Accuracy": 12,
                "HeatFactor": 0.996,
                "CoolFactor": 1.054,
                "ConflictingItems": [],
                "Weight": 0.187,
                "LoyaltyLevel": 2,
                "Price": 0,
                "AimStability": 4.5,
                "Handling": 1.5
        },
        "7ccd70caf1ff5c7501f806f6": {
                "$type": "RealismMod.WeaponMod, RealismMod",
                "ItemID": "7ccd70caf1ff5c7501f806f6",
                "Name": "AR-15 BCM MCMR 13 inch M-LOK handguard",
                "ModType": "",
                "VerticalRecoil": 0,
                "HorizontalRecoil": 0,
                "Dispersion": -1,
                "AimSpeed": 0,
                "Ergonomics": 14,
                "Accuracy": 12,
                "HeatFactor": 0.996,
                "CoolFactor": 1.054,
                "ConflictingItems": [],
                "Weight": 0.232,
                "LoyaltyLevel": 2,
                "Price": 0,
                "AimStability": 4.5,
                "Handling": 1.5
        },
        "1541c03f68a57b9f4d937a38": {
                "$type": "RealismMod.WeaponMod, RealismMod",
                "ItemID": "1541c03f68a57b9f4d937a38",
                "Name": "AR-15 BCM MCMR 13 inch M-LOK handguard (FDE)",
                "ModType": "",
                "VerticalRecoil": 0,
                "HorizontalRecoil": 0,
                "Dispersion": -1,
                "AimSpeed": 0,
                "Ergonomics": 14,
                "Accuracy": 12,
                "HeatFactor": 0.996,
                "CoolFactor": 1.054,
                "ConflictingItems": [],
                "Weight": 0.232,
                "LoyaltyLevel": 2,
                "Price": 0
        },
        "b3388010e3e50af19b770e77": {
                "$type": "RealismMod.WeaponMod, RealismMod",
                "ItemID": "b3388010e3e50af19b770e77",
                "Name": "AR-15 BCM MCMR 15 inch M-LOK handguard",
                "ModType": "",
                "VerticalRecoil": 0,
                "HorizontalRecoil": 0,
                "Dispersion": -1,
                "AimSpeed": 0,
                "Ergonomics": 12,
                "Accuracy": 12,
                "HeatFactor": 0.996,
                "CoolFactor": 1.054,
                "ConflictingItems": [],
                "Weight": 0.26,
                "LoyaltyLevel": 2,
                "Price": 0,
                "AimStability": 4.5,
                "Handling": 1.5
        },
        "539b18d0242b3bc3d4ed0e7a": {
                "$type": "RealismMod.WeaponMod, RealismMod",
                "ItemID": "539b18d0242b3bc3d4ed0e7a",
                "Name": "AR-15 BCM MCMR 15 inch M-LOK handguard (FDE)",
                "ModType": "",
                "VerticalRecoil": 0,
                "HorizontalRecoil": 0,
                "Dispersion": -1,
                "AimSpeed": 0,
                "Ergonomics": 12,
                "Accuracy": 12,
                "HeatFactor": 0.996,
                "CoolFactor": 1.054,
                "ConflictingItems": [],
                "Weight": 0.26,
                "LoyaltyLevel": 2,
                "Price": 0,
                "AimStability": 4.5,
                "Handling": 1.5
        },
        "2336c17a2248a7d516220592": {
                "$type": "RealismMod.WeaponMod, RealismMod",
                "ItemID": "2336c17a2248a7d516220592",
                "Name": "AR-15 Geissele SMR MK4 9.5 inch handguard (ODG)",
                "ModType": "",
                "VerticalRecoil": -1.5,
                "HorizontalRecoil": -1.5,
                "Dispersion": -1.5,
                "AimSpeed": 0,
                "Ergonomics": 15,
                "Accuracy": 18,
                "HeatFactor": 0.965,
                "CoolFactor": 1.092,
                "ConflictingItems": [],
                "Weight": 0.35,
                "LoyaltyLevel": 3,
                "Price": 0,
                "AimStability": 4.5,
                "Handling": 1.5
        },
        "3a3eee114512382f2537f2a5": {
                "$type": "RealismMod.WeaponMod, RealismMod",
                "ItemID": "3a3eee114512382f2537f2a5",
                "Name": "AR-15 Geissele SMR MK4 9.5 inch handguard (DDC)",
                "ModType": "",
                "VerticalRecoil": -1.5,
                "HorizontalRecoil": -1.5,
                "Dispersion": -1.5,
                "AimSpeed": 0,
                "Ergonomics": 15,
                "Accuracy": 18,
                "HeatFactor": 0.965,
                "CoolFactor": 1.092,
                "ConflictingItems": [],
                "Weight": 0.35,
                "LoyaltyLevel": 3,
                "Price": 0,
                "AimStability": 4.5,
                "Handling": 1.5
        },
        "2ba40957e3371a0e50fd2b33": {
                "$type": "RealismMod.WeaponMod, RealismMod",
                "ItemID": "2ba40957e3371a0e50fd2b33",
                "Name": "AR-15 Geissele SMR MK4 9.5 inch handguard",
                "ModType": "",
                "VerticalRecoil": -1.5,
                "HorizontalRecoil": -1.5,
                "Dispersion": -1.5,
                "AimSpeed": 0,
                "Ergonomics": 15,
                "Accuracy": 18,
                "HeatFactor": 0.965,
                "CoolFactor": 1.092,
                "ConflictingItems": [],
                "Weight": 0.35,
                "LoyaltyLevel": 3,
                "Price": 0,
                "AimStability": 4.5,
                "Handling": 1.5
        },
        "67a54f392f91e5360ecfa677": {
                "$type": "RealismMod.WeaponMod, RealismMod",
                "ItemID": "67a54f392f91e5360ecfa677",
                "Name": "AR-15 Geissele SMR MK4 7 inch handguard (ODG)",
                "ModType": "",
                "VerticalRecoil": 0,
                "HorizontalRecoil": 0,
                "Dispersion": -1.5,
                "AimSpeed": 0,
                "Ergonomics": 20,
                "Accuracy": 18,
                "HeatFactor": 0.965,
                "CoolFactor": 1.092,
                "ConflictingItems": [],
                "Weight": 0.15,
                "LoyaltyLevel": 3,
                "Price": 0,
                "AimStability": 4.5,
                "Handling": 1.5
        },
        "b5bf48db97ac14368929441e": {
                "$type": "RealismMod.WeaponMod, RealismMod",
                "ItemID": "b5bf48db97ac14368929441e",
                "Name": "AR-15 Geissele SMR MK4 7 inch handguard (DDC)",
                "ModType": "",
                "VerticalRecoil": 0,
                "HorizontalRecoil": 0,
                "Dispersion": -1.5,
                "AimSpeed": 0,
                "Ergonomics": 20,
                "Accuracy": 18,
                "HeatFactor": 0.965,
                "CoolFactor": 1.092,
                "ConflictingItems": [],
                "Weight": 0.15,
                "LoyaltyLevel": 3,
                "Price": 0,
                "AimStability": 4.5,
                "Handling": 1.5
        },
        "f40afd7939da60b8e3cc1132": {
                "$type": "RealismMod.WeaponMod, RealismMod",
                "ItemID": "f40afd7939da60b8e3cc1132",
                "Name": "AR-15 Geissele SMR MK4 7 inch handguard",
                "ModType": "",
                "VerticalRecoil": 0,
                "HorizontalRecoil": 0,
                "Dispersion": -1.5,
                "AimSpeed": 0,
                "Ergonomics": 20,
                "Accuracy": 18,
                "HeatFactor": 0.965,
                "CoolFactor": 1.092,
                "ConflictingItems": [],
                "Weight": 0.150,
                "LoyaltyLevel": 3,
                "Price": 0,
                "AimStability": 4.5,
                "Handling": 1.5
        },
        "be1851da8c6438810d9aae86": {
                "$type": "RealismMod.WeaponMod, RealismMod",
                "ItemID": "be1851da8c6438810d9aae86",
                "Name": "AR-15 Geissele SMR MK4 15 inch handguard (ODG)",
                "ModType": "",
                "VerticalRecoil": -4.5,
                "HorizontalRecoil": -4.5,
                "Dispersion": -1.5,
                "AimSpeed": 0,
                "Ergonomics": 8,
                "Accuracy": 18,
                "HeatFactor": 0.965,
                "CoolFactor": 1.092,
                "ConflictingItems": [],
                "Weight": 0.37,
                "LoyaltyLevel": 3,
                "Price": 0,
                "AimStability": 4.5,
                "Handling": 1.5
        },
        "5ce8cf47be4bcafcae8c7bd9": {
                "$type": "RealismMod.WeaponMod, RealismMod",
                "ItemID": "5ce8cf47be4bcafcae8c7bd9",
                "Name": "AR-15 Geissele SMR MK4 15 inch handguard (DDC)",
                "ModType": "",
                "VerticalRecoil": -2.5,
                "HorizontalRecoil": -2.5,
                "Dispersion": -1.5,
                "AimSpeed": 0,
                "Ergonomics": 8,
                "Accuracy": 18,
                "HeatFactor": 0.965,
                "CoolFactor": 1.092,
                "ConflictingItems": [],
                "Weight": 0.37,
                "LoyaltyLevel": 0,
                "Price": 0,
                "AimStability": 4.5,
                "Handling": 1.5
        },
        "9ebdaeae9c89c472c3fdcad7": {
                "$type": "RealismMod.WeaponMod, RealismMod",
                "ItemID": "9ebdaeae9c89c472c3fdcad7",
                "Name": "AR-15 Geissele SMR MK4 15 inch handguard",
                "ModType": "",
                "VerticalRecoil": -2.5,
                "HorizontalRecoil": -2.5,
                "Dispersion": -1.5,
                "AimSpeed": 0,
                "Ergonomics": 8,
                "Accuracy": 18,
                "HeatFactor": 0.965,
                "CoolFactor": 1.092,
                "ConflictingItems": [],
                "Weight": 0.37,
                "LoyaltyLevel": 3,
                "Price": 0,
                "AimStability": 4.5,
                "Handling": 1.5
        },
        "d725dee093285dd61f1a434d": {
                "$type": "RealismMod.WeaponMod, RealismMod",
                "ItemID": "d725dee093285dd61f1a434d",
                "Name": "AR-15 Geissele SMR MK4 13 inch handguard (ODG)",
                "ModType": "",
                "VerticalRecoil": -2.5,
                "HorizontalRecoil": -2.5,
                "Dispersion": -1.5,
                "AimSpeed": 0,
                "Ergonomics": 13,
                "Accuracy": 18,
                "HeatFactor": 0.965,
                "CoolFactor": 1.092,
                "ConflictingItems": [],
                "Weight": 0.326,
                "LoyaltyLevel": 3,
                "Price": 0,
                "AimStability": 4.5,
                "Handling": 1.5
        },
        "530833cf60b51e399df58ecf": {
                "$type": "RealismMod.WeaponMod, RealismMod",
                "ItemID": "530833cf60b51e399df58ecf",
                "Name": "AR-15 Geissele SMR MK4 13 inch handguard (DDC)",
                "ModType": "",
                "VerticalRecoil": -2.5,
                "HorizontalRecoil": -2.5,
                "Dispersion": -1.5,
                "AimSpeed": 0,
                "Ergonomics": 13,
                "Accuracy": 18,
                "HeatFactor": 0.965,
                "CoolFactor": 1.092,
                "ConflictingItems": [],
                "Weight": 0.326,
                "LoyaltyLevel": 3,
                "Price": 0,
                "AimStability": 4.5,
                "Handling": 1.5
        },
        "8f9b874225eacf6c0cf01420": {
                "$type": "RealismMod.WeaponMod, RealismMod",
                "ItemID": "8f9b874225eacf6c0cf01420",
                "Name": "AR-15 Geissele SMR MK4 13 inch handguard",
                "ModType": "",
                "VerticalRecoil": -2.5,
                "HorizontalRecoil": -2.5,
                "Dispersion": -1.5,
                "AimSpeed": 0,
                "Ergonomics": 13,
                "Accuracy": 18,
                "HeatFactor": 0.965,
                "CoolFactor": 1.092,
                "ConflictingItems": [],
                "Weight": 0.326,
                "LoyaltyLevel": 3,
                "Price": 0,
                "AimStability": 4.5,
                "Handling": 1.5
        },
        "d6932b49fd225ddc7fe2b2b6": {
                "$type": "RealismMod.WeaponMod, RealismMod",
                "ItemID": "d6932b49fd225ddc7fe2b2b6",
                "Name": "AR-15 Geissele SMR MK4 10 inch handguard (ODG)",
                "ModType": "",
                "VerticalRecoil": -2.5,
                "HorizontalRecoil": -2.5,
                "Dispersion": -1.5,
                "AimSpeed": 0,
                "Ergonomics": 13,
                "Accuracy": 18,
                "HeatFactor": 0.965,
                "CoolFactor": 1.092,
                "ConflictingItems": [],
                "Weight": 0.311,
                "LoyaltyLevel": 3,
                "Price": 0,
                "AimStability": 4.5,
                "Handling": 1.5
        },
        "6f33aaf0c3f65f299ec74b1a": {
                "$type": "RealismMod.WeaponMod, RealismMod",
                "ItemID": "6f33aaf0c3f65f299ec74b1a",
                "Name": "AR-15 Geissele SMR MK4 10 inch handguard (DDC)",
                "ModType": "",
                "VerticalRecoil": -2.5,
                "HorizontalRecoil": -2.5,
                "Dispersion": -1.5,
                "AimSpeed": 0,
                "Ergonomics": 13,
                "Accuracy": 18,
                "HeatFactor": 0.965,
                "CoolFactor": 1.092,
                "ConflictingItems": [],
                "Weight": 0.311,
                "LoyaltyLevel": 3,
                "Price": 0,
                "AimStability": 4.5,
                "Handling": 1.5
        },
        "735fe383f69bb1b94705aaf6": {
                "$type": "RealismMod.WeaponMod, RealismMod",
                "ItemID": "735fe383f69bb1b94705aaf6",
                "Name": "AR-15 Geissele SMR MK4 Fed 10 inch handguard",
                "ModType": "",
                "VerticalRecoil": -2.5,
                "HorizontalRecoil": -2.5,
                "Dispersion": -1.5,
                "AimSpeed": 0,
                "Ergonomics": 13,
                "Accuracy": 18,
                "HeatFactor": 0.965,
                "CoolFactor": 1.092,
                "ConflictingItems": [],
                "Weight": 0.311,
                "LoyaltyLevel": 3,
                "Price": 0,
                "AimStability": 4.5,
                "Handling": 1.5
        },
        "cbba369e0fbb09a1eda36c83": {
                "$type": "RealismMod.WeaponMod, RealismMod",
                "ItemID": "cbba369e0fbb09a1eda36c83",
                "Name": "AK-74 wooden upper handguard",
                "ModType": "",
                "VerticalRecoil": -1,
                "HorizontalRecoil": -1,
                "Dispersion": -1,
                "AimSpeed": 0,
                "Ergonomics": 5,
                "Accuracy": -10,
                "HeatFactor": 1.054,
                "CoolFactor": 0.95,
                "ConflictingItems": [],
                "Weight": 0.26,
                "LoyaltyLevel": 3,
                "Price": 0,
                "Handling": 1
        },
        "6cec33dd595d9c2d4e531eb7": {
                "$type": "RealismMod.WeaponMod, RealismMod",
                "ItemID": "6cec33dd595d9c2d4e531eb7",
                "Name": "AK-74 polymer upper handguard",
                "ModType": "",
                "VerticalRecoil": -1,
                "HorizontalRecoil": -2,
                "Dispersion": -1,
                "AimSpeed": 0,
                "Ergonomics": 6.05,
                "Accuracy": 5,
                "HeatFactor": 1.023,
                "CoolFactor": 1.006,
                "ConflictingItems": [],
                "Weight": 0.19,
                "LoyaltyLevel": 2,
                "Price": 0,
                "AimStability": 1
        },
        "df523ec57199fcc4f92fa25c": {
                "$type": "RealismMod.WeaponMod, RealismMod",
                "ItemID": "df523ec57199fcc4f92fa25c",
                "Name": "b10_lower",
                "ModType": "",
                "VerticalRecoil": -1,
                "HorizontalRecoil": -2,
                "Dispersion": -1,
                "AimSpeed": 0,
                "Ergonomics": 6.05,
                "Accuracy": 5,
                "HeatFactor": 1.023,
                "CoolFactor": 1.006,
                "ConflictingItems": [],
                "Weight": 0.108,
                "LoyaltyLevel": 2,
                "Price": 0,
                "Handling": 3.5,
                "AimStability": 1.5
        },
        "7422ca92107da0fc0e26f7d9": {
                "$type": "RealismMod.WeaponMod, RealismMod",
                "ItemID": "7422ca92107da0fc0e26f7d9",
                "Name": "AK Zenit Sport 3 upper handguard",
                "ModType": "",
                "VerticalRecoil": -2,
                "HorizontalRecoil": -2,
                "Dispersion": -2,
                "AimSpeed": 0,
                "ChamberSpeed": 0,
                "Ergonomics": 17,
                "Accuracy": 12,
                "HeatFactor": 1.1,
                "CoolFactor": 0.95,
                "ConflictingItems": [],
                "Weight": 0.27,
                "AimStability": 10,
                "LoyaltyLevel": 0,
                "Price": 0
        },
        "44e693ffe3d7c425b5663928": {
                "$type": "RealismMod.WeaponMod, RealismMod",
                "ItemID": "44e693ffe3d7c425b5663928",
                "Name": "AK Zenit Sport 3 forward lower handguard",
                "ModType": "",
                "VerticalRecoil": -1,
                "HorizontalRecoil": -2,
                "Dispersion": -1,
                "AimSpeed": 0,
                "Ergonomics": 6.05,
                "Accuracy": 5,
                "HeatFactor": 1.023,
                "CoolFactor": 1.006,
                "ConflictingItems": [],
                "Weight": 0.19,
                "LoyaltyLevel": 0,
                "Price": 0,
                "Handling": 3.5,
                "AimStability": 1.5
        },
        "726928d910aacf0b1b40b934": {
                "$type": "RealismMod.WeaponMod, RealismMod",
                "ItemID": "726928d910aacf0b1b40b934",
                "Name": "AK SAG MK3 Chassis System (BLK)",
                "ModType": "",
                "VerticalRecoil": -2,
                "HorizontalRecoil": -6,
                "Dispersion": -3,
                "AutoROF": 0,
                "SemiROF": 0,
                "ModMalfunctionChance": 0,
                "CanCycleSubs": false,
                "Accuracy": 8,
                "HeatFactor": 1.03,
                "CoolFactor": 0.984,
                "DurabilityBurnModificator": 0.96,
                "ConflictingItems": [],
                "Ergonomics": 8,
                "Weight": 0.7,
                "LoyaltyLevel": 0,
                "Price": 0   
        },
        "eebec7fdda3d612c25d48af6": {
                "$type": "RealismMod.WeaponMod, RealismMod",
                "ItemID": "eebec7fdda3d612c25d48af6",
                "Name": "AK SAG MK3 Chassis System (GRN)",
                "ModType": "",
                "VerticalRecoil": -2,
                "HorizontalRecoil": -6,
                "Dispersion": -3,
                "AutoROF": 0,
                "SemiROF": 0,
                "ModMalfunctionChance": 0,
                "CanCycleSubs": false,
                "Accuracy": 8,
                "HeatFactor": 1.03,
                "CoolFactor": 0.984,
                "DurabilityBurnModificator": 0.96,
                "ConflictingItems": [],
                "Ergonomics": 8,
                "Weight": 0.7,
                "LoyaltyLevel": 0,
                "Price": 0   
        },
        "4da17d6e133487626488aa2d": {
                "$type": "RealismMod.WeaponMod, RealismMod",
                "ItemID": "4da17d6e133487626488aa2d",
                "Name": "AK SAG MK3 Chassis System (GRY)",
                "ModType": "",
                "VerticalRecoil": -2,
                "HorizontalRecoil": -6,
                "Dispersion": -3,
                "AutoROF": 0,
                "SemiROF": 0,
                "ModMalfunctionChance": 0,
                "CanCycleSubs": false,
                "Accuracy": 8,
                "HeatFactor": 1.03,
                "CoolFactor": 0.984,
                "DurabilityBurnModificator": 0.96,
                "ConflictingItems": [],
                "Ergonomics": 8,
                "Weight": 0.7,
                "LoyaltyLevel": 0,
                "Price": 0  
        },
        "f896348f6bab6164ae6e0c2e": {
                "$type": "RealismMod.WeaponMod, RealismMod",
                "ItemID": "f896348f6bab6164ae6e0c2e",
                "Name": "AK SAG MK3 Chassis System (Plum)",
                "ModType": "",
                "VerticalRecoil": -2,
                "HorizontalRecoil": -6,
                "Dispersion": -3,
                "AutoROF": 0,
                "SemiROF": 0,
                "ModMalfunctionChance": 0,
                "CanCycleSubs": false,
                "Accuracy": 8,
                "HeatFactor": 1.03,
                "CoolFactor": 0.984,
                "DurabilityBurnModificator": 0.96,
                "ConflictingItems": [],
                "Ergonomics": 8,
                "Weight": 0.7,
                "LoyaltyLevel": 0,
                "Price": 0    
        },
        "4c467c02973c90a5284cb89a": {
                "$type": "RealismMod.WeaponMod, RealismMod",
                "ItemID": "4c467c02973c90a5284cb89a",
                "Name": "AK SAG MK3 Chassis System (Tan)",
                "ModType": "",
                "VerticalRecoil": -2,
                "HorizontalRecoil": -6,
                "Dispersion": -3,
                "AutoROF": 0,
                "SemiROF": 0,
                "ModMalfunctionChance": 0,
                "CanCycleSubs": false,
                "Accuracy": 8,
                "HeatFactor": 1.03,
                "CoolFactor": 0.984,
                "DurabilityBurnModificator": 0.96,
                "ConflictingItems": [],
                "Ergonomics": 8,
                "Weight": 0.7,
                "LoyaltyLevel": 0,
                "Price": 0    
        },
        "09a00fdd295d5f374c3b6829": {
                "$type": "RealismMod.WeaponMod, RealismMod",
                "ItemID": "09a00fdd295d5f374c3b6829",
                "Name": "AR-15 Midwest Industries Night Fighter 9.25 inch M-LOK handguard",
                "ModType": "",
                "VerticalRecoil": -1,
                "HorizontalRecoil": -1.5,
                "Dispersion": 0,
                "AimSpeed": 0,
                "Ergonomics": 16,
                "Accuracy": 15,
                "HeatFactor": 0.96,
                "CoolFactor": 1.1,
                "ConflictingItems": [],
                "Weight": 0.323,
                "LoyaltyLevel": 0,
                "Price": 0,
                "AimStability": 5    
         },
        "bbbdc1a53659b64553a51b4c": {
                "$type": "RealismMod.WeaponMod, RealismMod",
                "ItemID": "bbbdc1a53659b64553a51b4c",
                "Name": "AK Zenit B21L lower handguard",
                "ModType": "",
                "VerticalRecoil": -1,
                "HorizontalRecoil": -1,
                "Dispersion": -2,
                "AimSpeed": 0,
                "Ergonomics": 5.5,
                "Accuracy": 10,
                "HeatFactor": 0.968,
                "CoolFactor": 1.051,
                "ConflictingItems": [],
                "Weight": 0.27,
                "LoyaltyLevel": 2,
                "Price": 0,
                "Handling": 4
        },
        "fe901517ef9bffafcf0ac2f6": {
                "$type": "RealismMod.WeaponMod, RealismMod",
                "ItemID": "fe901517ef9bffafcf0ac2f6",
                "Name": "AK Vezhlivyy Strelok VS-29 handguard (For Vityaz)",
                "ModType": "",
                "VerticalRecoil": -2,
                "HorizontalRecoil": -2,
                "Dispersion": -2,
                "AimSpeed": 0,
                "ChamberSpeed": 0,
                "Ergonomics": 17,
                "Accuracy": 12,
                "HeatFactor": 1.1,
                "CoolFactor": 0.95,
                "ConflictingItems": [],
                "Weight": 0.27,
                "AimStability": 10,
                "LoyaltyLevel": 0,
                "Price": 0
        },
        "748cfa27eb4b3fe30f51fd9d": {
                "$type": "RealismMod.WeaponMod, RealismMod",
                "ItemID": "748cfa27eb4b3fe30f51fd9d",
                "Name": "AK Vezhlivyy Strelok VS-29 handguard (for Saiga-9)",
                "ModType": "",
                "VerticalRecoil": -2,
                "HorizontalRecoil": -2,
                "Dispersion": -2,
                "AimSpeed": 0,
                "ChamberSpeed": 0,
                "Ergonomics": 17,
                "Accuracy": 12,
                "HeatFactor": 1.1,
                "CoolFactor": 0.95,
                "ConflictingItems": [],
                "Weight": 0.27,
                "AimStability": 10,
                "LoyaltyLevel": 0,
                "Price": 0
        },
        "e5a6a64960d3f9901e3b0df1": {
                "$type": "RealismMod.WeaponMod, RealismMod",
                "ItemID": "e5a6a64960d3f9901e3b0df1",
                "Name": "AR-15 Hogue Extended Length Overmolded 15 inch handguard (Red)",
                "ModType": "",
                "VerticalRecoil": -2,
                "HorizontalRecoil": -3,
                "Dispersion": -2,
                "AimSpeed": 0,
                "Ergonomics": 13,
                "Accuracy": 12,
                "HeatFactor": 0.986,
                "CoolFactor": 1.086,
                "ConflictingItems": [],
                "Weight": 0.343,
                "LoyaltyLevel": 0,
                "AimStability": 9
        },
        "18a7cf56c4de695573ac3b2f": {
                "$type": "RealismMod.WeaponMod, RealismMod",
                "ItemID": "18a7cf56c4de695573ac3b2f",
                "Name": "AR-15 Hogue Extended Length Overmolded 15 inch handguard (Olive Drab)",
                "ModType": "",
                "VerticalRecoil": -2,
                "HorizontalRecoil": -3,
                "Dispersion": -2,
                "AimSpeed": 0,
                "Ergonomics": 13,
                "Accuracy": 12,
                "HeatFactor": 0.986,
                "CoolFactor": 1.086,
                "ConflictingItems": [],
                "Weight": 0.343,
                "LoyaltyLevel": 0,
                "AimStability": 9
        },
        "85089908aa319642316b9cfb": {
                "$type": "RealismMod.WeaponMod, RealismMod",
                "ItemID": "85089908aa319642316b9cfb",
                "Name": "AR-15 Hogue Extended Length Overmolded 15 inch handguard (Pink)",
                "ModType": "",
                "VerticalRecoil": -2,
                "HorizontalRecoil": -3,
                "Dispersion": -2,
                "AimSpeed": 0,
                "Ergonomics": 13,
                "Accuracy": 12,
                "HeatFactor": 0.986,
                "CoolFactor": 1.086,
                "ConflictingItems": [],
                "Weight": 0.343,
                "LoyaltyLevel": 0,
                "AimStability": 9
        },
        "d04e8e4692ccca8ee535f3da": {
                "$type": "RealismMod.WeaponMod, RealismMod",
                "ItemID": "d04e8e4692ccca8ee535f3da",
                "Name": "AR-15 Hogue Extended Length Overmolded 15 inch handguard (Slate Grey)",
                "ModType": "",
                "VerticalRecoil": -2,
                "HorizontalRecoil": -3,
                "Dispersion": -2,
                "AimSpeed": 0,
                "Ergonomics": 13,
                "Accuracy": 12,
                "HeatFactor": 0.986,
                "CoolFactor": 1.086,
                "ConflictingItems": [],
                "Weight": 0.343,
                "LoyaltyLevel": 0,
                "AimStability": 9
        },
        "d107e3b5a93a69ccfcb9f439": {
                "$type": "RealismMod.WeaponMod, RealismMod",
                "ItemID": "d107e3b5a93a69ccfcb9f439",
                "Name": "AR-15 Hogue Extended Length Overmolded 15 inch handguard (FDE)",
                "ModType": "",
                "VerticalRecoil": -2,
                "HorizontalRecoil": -3,
                "Dispersion": -2,
                "AimSpeed": 0,
                "Ergonomics": 13,
                "Accuracy": 12,
                "HeatFactor": 0.986,
                "CoolFactor": 1.086,
                "ConflictingItems": [],
                "Weight": 0.343,
                "LoyaltyLevel": 0,
                "AimStability": 9
        },
        "f5977d24bf0cb52fda608b51": {
                "$type": "RealismMod.WeaponMod, RealismMod",
                "ItemID": "f5977d24bf0cb52fda608b51",
                "Name": "AR-15 Hogue Extended Length Overmolded 15 inch handguard (Black)",
                "ModType": "",
                "VerticalRecoil": -2,
                "HorizontalRecoil": -3,
                "Dispersion": -2,
                "AimSpeed": 0,
                "Ergonomics": 13,
                "Accuracy": 20,
                "HeatFactor": 0.986,
                "CoolFactor": 1.086,
                "ConflictingItems": [],
                "Weight": 0.343,
                "LoyaltyLevel": 0,
                "AimStability": 9
        },
        "c0f85d7483fde9c114eb3c54": {
                "$type": "RealismMod.WeaponMod, RealismMod",
                "ItemID": "c0f85d7483fde9c114eb3c54",
                "Name": "AR-15 Hogue Extended Length Overmolded 15 inch handguard (Olive Green)",
                "ModType": "",
                "VerticalRecoil": -2,
                "HorizontalRecoil": -3,
                "Dispersion": -2,
                "AimSpeed": 0,
                "Ergonomics": 13,
                "Accuracy": 12,
                "HeatFactor": 0.986,
                "CoolFactor": 1.086,
                "ConflictingItems": [],
                "Weight": 0.343,
                "LoyaltyLevel": 0,
                "AimStability": 9
        },
        "0ebd9f8dfaf03d6bf5db3b96": {
                "$type": "RealismMod.WeaponMod, RealismMod",
                "ItemID": "0ebd9f8dfaf03d6bf5db3b96",
                "Name": "AR-15 Hogue Extended Length Overmolded 15 inch handguard (Aqua)",
                "ModType": "",
                "VerticalRecoil": -2,
                "HorizontalRecoil": -3,
                "Dispersion": -2,
                "AimSpeed": 0,
                "Ergonomics": 13,
                "Accuracy": 12,
                "HeatFactor": 0.986,
                "CoolFactor": 1.086,
                "ConflictingItems": [],
                "Weight": 0.343,
                "LoyaltyLevel": 0,
                "AimStability": 9
        },
        "9ecd437c07472b3eac377f31": {
                "$type": "RealismMod.WeaponMod, RealismMod",
                "ItemID": "9ecd437c07472b3eac377f31",
                "Name": "AR-10 Knights Armament 12.25 inch Free Float RAS handguard",
                "ModType": "",
                "VerticalRecoil": -1,
                "HorizontalRecoil": -2,
                "Dispersion": -1,
                "AimSpeed": 0,
                "Ergonomics": 9,
                "Accuracy": 10,
                "HeatFactor": 0.94,
                "CoolFactor": 1.046,
                "ConflictingItems": [],
                "Weight": 0.487,
                "LoyaltyLevel": 0,
                "Handling": 3,
                "AimStability": 1
        },
        "bee69903a79a897514c85412": {
                "$type": "RealismMod.WeaponMod, RealismMod",
                "ItemID": "bee69903a79a897514c85412",
                "Name": "AR-15 Daniel Defense MFR 9 inch M-LOK handguard (BLK)",
                "ModType": "",
                "VerticalRecoil": -1,
                "HorizontalRecoil": -1.5,
                "Dispersion": 0,
                "AimSpeed": 0,
                "Ergonomics": 18,
                "Accuracy": 9,
                "HeatFactor": 0.963,
                "CoolFactor": 1.095,
                "ConflictingItems": [],
                "Weight": 0.153,
                "LoyaltyLevel": 0,
                "Price": 0,
                "AimStability": 4.5    
        },
        "0ff4b9f8bb8232315f36ffba": {
                "$type": "RealismMod.WeaponMod, RealismMod",
                "ItemID": "0ff4b9f8bb8232315f36ffba",
                "Name": "AR-15 Daniel Defense MFR 9 inch M-LOK handguard (Cobalt)",
                "ModType": "",
                "VerticalRecoil": -1,
                "HorizontalRecoil": -1.5,
                "Dispersion": 0,
                "AimSpeed": 0,
                "Ergonomics": 18,
                "Accuracy": 9,
                "HeatFactor": 0.963,
                "CoolFactor": 1.095,
                "ConflictingItems": [],
                "Weight": 0.153,
                "LoyaltyLevel": 0,
                "Price": 0,
                "AimStability": 4.5    
        },
        "e54bf17e790c56ecd831753f": {
                "$type": "RealismMod.WeaponMod, RealismMod",
                "ItemID": "e54bf17e790c56ecd831753f",
                "Name": "AR-15 Daniel Defense MFR 9 inch M-LOK handguard (Deep Woods)",
                "ModType": "",
                "VerticalRecoil": -1,
                "HorizontalRecoil": -1.5,
                "Dispersion": 0,
                "AimSpeed": 0,
                "Ergonomics": 18,
                "Accuracy": 9,
                "HeatFactor": 0.963,
                "CoolFactor": 1.095,
                "ConflictingItems": [],
                "Weight": 0.153,
                "LoyaltyLevel": 0,
                "Price": 0,
                "AimStability": 4.5    
        },
        "9eec17c39b0fca74b9e6827c": {
                "$type": "RealismMod.WeaponMod, RealismMod",
                "ItemID": "9eec17c39b0fca74b9e6827c",
                "Name": "AR-15 Daniel Defense MFR 9 inch M-LOK handguard (Mil-FDE)",
                "ModType": "",
                "VerticalRecoil": -1,
                "HorizontalRecoil": -1.5,
                "Dispersion": 0,
                "AimSpeed": 0,
                "Ergonomics": 18,
                "Accuracy": 9,
                "HeatFactor": 0.963,
                "CoolFactor": 1.095,
                "ConflictingItems": [],
                "Weight": 0.153,
                "LoyaltyLevel": 0,
                "Price": 0,
                "AimStability": 4.5    
        },
        "26011b09865a424f95c22619": {
                "$type": "RealismMod.WeaponMod, RealismMod",
                "ItemID": "26011b09865a424f95c22619",
                "Name": "AR-15 Daniel Defense MFR 10 inch M-LOK handguard (BLK)",
                "ModType": "",
                "VerticalRecoil": -2.5,
                "HorizontalRecoil": -2.5,
                "Dispersion": -1.5,
                "AimSpeed": 0,
                "Ergonomics": 11,
                "Accuracy": 10,
                "HeatFactor": 0.963,
                "CoolFactor": 1.095,
                "ConflictingItems": [],
                "Weight": 0.153,
                "LoyaltyLevel": 0,
                "Price": 0,
                "AimStability": 4.5    
        },
        "17ddd81c001383de5709cb7d": {
                "$type": "RealismMod.WeaponMod, RealismMod",
                "ItemID": "17ddd81c001383de5709cb7d",
                "Name": "AR-15 Daniel Defense MFR 10 inch M-LOK handguard (Cobalt)",
                "ModType": "",
                "VerticalRecoil": -2.5,
                "HorizontalRecoil": -2.5,
                "Dispersion": -1.5,
                "AimSpeed": 0,
                "Ergonomics": 11,
                "Accuracy": 10,
                "HeatFactor": 0.963,
                "CoolFactor": 1.095,
                "ConflictingItems": [],
                "Weight": 0.153,
                "LoyaltyLevel": 0,
                "Price": 0,
                "AimStability": 4.5    
        },
        "75773b218c774da8fcbc10f7": {
                "$type": "RealismMod.WeaponMod, RealismMod",
                "ItemID": "75773b218c774da8fcbc10f7",
                "Name": "AR-15 Daniel Defense MFR 10 inch M-LOK handguard (Deep Woods)",
                "ModType": "",
                "VerticalRecoil": -2.5,
                "HorizontalRecoil": -2.5,
                "Dispersion": -1.5,
                "AimSpeed": 0,
                "Ergonomics": 11,
                "Accuracy": 10,
                "HeatFactor": 0.963,
                "CoolFactor": 1.095,
                "ConflictingItems": [],
                "Weight": 0.153,
                "LoyaltyLevel": 0,
                "Price": 0,
                "AimStability": 4.5    
        },
        "a0abb28616af5a7f474b3649": {
                "$type": "RealismMod.WeaponMod, RealismMod",
                "ItemID": "a0abb28616af5a7f474b3649",
                "Name": "AR-15 Daniel Defense MFR 10 inch M-LOK handguard (Mil-FDE)",
                "ModType": "",
                "VerticalRecoil": -2.5,
                "HorizontalRecoil": -2.5,
                "Dispersion": -1.5,
                "AimSpeed": 0,
                "Ergonomics": 11,
                "Accuracy": 10,
                "HeatFactor": 0.963,
                "CoolFactor": 1.095,
                "ConflictingItems": [],
                "Weight": 0.153,
                "LoyaltyLevel": 0,
                "Price": 0,
                "AimStability": 4.5    
        },
        "8f6edf466418c1b8d9356625": {
                "$type": "RealismMod.WeaponMod, RealismMod",
                "ItemID": "8f6edf466418c1b8d9356625",
                "Name": "AR-15 Daniel Defense MFR 13.5 inch M-LOK handguard (BLK)",
                "ModType": "",
                "VerticalRecoil": -3,
                "HorizontalRecoil": -3,
                "Dispersion": -2,
                "AimSpeed": 0,
                "Ergonomics": 13,
                "Accuracy": 16,
                "HeatFactor": 0.963,
                "CoolFactor": 1.095,
                "ConflictingItems": [],
                "Weight": 0.226,
                "LoyaltyLevel": 0,
                "Price": 0,
                "AimStability": 5,
                "Handling": 3    
        },
        "07c74d946af09d5059bd38db": {
                "$type": "RealismMod.WeaponMod, RealismMod",
                "ItemID": "07c74d946af09d5059bd38db",
                "Name": "AR-15 Daniel Defense MFR 13.5 inch M-LOK handguard (Cobalt)",
                "ModType": "",
                "VerticalRecoil": -3,
                "HorizontalRecoil": -3,
                "Dispersion": -2,
                "AimSpeed": 0,
                "Ergonomics": 13,
                "Accuracy": 16,
                "HeatFactor": 0.963,
                "CoolFactor": 1.095,
                "ConflictingItems": [],
                "Weight": 0.226,
                "LoyaltyLevel": 0,
                "Price": 0,
                "AimStability": 5,
                "Handling": 3    
        },
        "df9d8454a7214334710f8fc0": {
                "$type": "RealismMod.WeaponMod, RealismMod",
                "ItemID": "df9d8454a7214334710f8fc0",
                "Name": "AR-15 Daniel Defense MFR 13.5 inch M-LOK handguard (Deep Woods)",
                "ModType": "",
                "VerticalRecoil": -3,
                "HorizontalRecoil": -3,
                "Dispersion": -2,
                "AimSpeed": 0,
                "Ergonomics": 13,
                "Accuracy": 16,
                "HeatFactor": 0.963,
                "CoolFactor": 1.095,
                "ConflictingItems": [],
                "Weight": 0.226,
                "LoyaltyLevel": 0,
                "Price": 0,
                "AimStability": 5,
                "Handling": 3    
        },
        "a66f8c0dc225ec71541a8be1": {
                "$type": "RealismMod.WeaponMod, RealismMod",
                "ItemID": "a66f8c0dc225ec71541a8be1",
                "Name": "AR-15 Daniel Defense MFR 13.5 inch M-LOK handguard (Deep Woods)",
                "ModType": "",
                "VerticalRecoil": -3,
                "HorizontalRecoil": -3,
                "Dispersion": -2,
                "AimSpeed": 0,
                "Ergonomics": 13,
                "Accuracy": 16,
                "HeatFactor": 0.963,
                "CoolFactor": 1.095,
                "ConflictingItems": [],
                "Weight": 0.226,
                "LoyaltyLevel": 0,
                "Price": 0,
                "AimStability": 5,
                "Handling": 3    },
        "7fcdd565380cb8fc9b0fb1f1": {
                "$type": "RealismMod.WeaponMod, RealismMod",
                "ItemID": "7fcdd565380cb8fc9b0fb1f1",
                "Name": "AR-15 Daniel Defense MFR 15 inch M-LOK handguard (BLK)",
                "ModType": "",
                "VerticalRecoil": -3.5,
                "HorizontalRecoil": -3.5,
                "Dispersion": -3,
                "AimSpeed": 0,
                "Ergonomics": 15,
                "Accuracy": 20,
                "HeatFactor": 0.963,
                "CoolFactor": 1.095,
                "ConflictingItems": [],
                "Weight": 0.286,
                "LoyaltyLevel": 0,
                "Price": 0,
                "AimStability": 7,
                "Handling": 3    
        },
        "43814001cfda6adc7f69fe6b": {
                "$type": "RealismMod.WeaponMod, RealismMod",
                "ItemID": "43814001cfda6adc7f69fe6b",
                "Name": "AR-15 Daniel Defense MFR 15 inch M-LOK handguard (Cobalt)",
                "ModType": "",
                "VerticalRecoil": -3.5,
                "HorizontalRecoil": -3.5,
                "Dispersion": -3,
                "AimSpeed": 0,
                "Ergonomics": 15,
                "Accuracy": 20,
                "HeatFactor": 0.963,
                "CoolFactor": 1.095,
                "ConflictingItems": [],
                "Weight": 0.286,
                "LoyaltyLevel": 0,
                "Price": 0,
                "AimStability": 7,
                "Handling": 3    
        },
        "7a431acbc2bc03fb8305fc93": {
                "$type": "RealismMod.WeaponMod, RealismMod",
                "ItemID": "7a431acbc2bc03fb8305fc93",
                "Name": "AR-15 Daniel Defense MFR 15 inch M-LOK handguard (Deep Woods)",
                "ModType": "",
                "VerticalRecoil": -3.5,
                "HorizontalRecoil": -3.5,
                "Dispersion": -3,
                "AimSpeed": 0,
                "Ergonomics": 15,
                "Accuracy": 20,
                "HeatFactor": 0.963,
                "CoolFactor": 1.095,
                "ConflictingItems": [],
                "Weight": 0.286,
                "LoyaltyLevel": 0,
                "Price": 0,
                "AimStability": 7,
                "Handling": 3    
        },
        "622d454e517ae2325e623625": {
                "$type": "RealismMod.WeaponMod, RealismMod",
                "ItemID": "622d454e517ae2325e623625",
                "Name": "AR-15 Daniel Defense MFR 15 inch M-LOK handguard (Mil-FDE)",
                "ModType": "",
                "VerticalRecoil": -3.5,
                "HorizontalRecoil": -3.5,
                "Dispersion": -3,
                "AimSpeed": 0,
                "Ergonomics": 15,
                "Accuracy": 20,
                "HeatFactor": 0.963,
                "CoolFactor": 1.095,
                "ConflictingItems": [],
                "Weight": 0.286,
                "LoyaltyLevel": 0,
                "Price": 0,
                "AimStability": 7,
                "Handling": 3
        },
        "3373f8268f40bbd0f302bfe4": {
                "$type": "RealismMod.WeaponMod, RealismMod",
                "ItemID": "3373f8268f40bbd0f302bfe4",
                "Name": "AR-15 Geissele SMR MK8 7 inch M-LOK handguard (BLK)",
                "ModType": "",
                "VerticalRecoil": -1,
                "HorizontalRecoil": -2,
                "Dispersion": -1,
                "AimSpeed": 0,
                "Ergonomics": 16,
                "Accuracy": 9,
                "HeatFactor": 0.996,
                "CoolFactor": 1.054,
                "ConflictingItems": [],
                "Weight": 0.230,
                "LoyaltyLevel": 0,
                "Price": 0
        },
        "ce6d6c62180c5cdbc048ec06": {
                "$type": "RealismMod.WeaponMod, RealismMod",
                "ItemID": "ce6d6c62180c5cdbc048ec06",
                "Name": "AR-15 Geissele SMR MK8 7 inch M-LOK handguard (DDC)",
                "ModType": "",
                "VerticalRecoil": -1,
                "HorizontalRecoil": -2,
                "Dispersion": -1,
                "AimSpeed": 0,
                "Ergonomics": 16,
                "Accuracy": 9,
                "HeatFactor": 0.996,
                "CoolFactor": 1.054,
                "ConflictingItems": [],
                "Weight": 0.230,
                "LoyaltyLevel": 0,
                "Price": 0
        },
        "13f0c13d451f2c56fbf46548": {
                "$type": "RealismMod.WeaponMod, RealismMod",
                "ItemID": "13f0c13d451f2c56fbf46548",
                "Name": "AR-15 Geissele SMR MK8 7 inch M-LOK handguard (ODG)",
                "ModType": "",
                "VerticalRecoil": -1,
                "HorizontalRecoil": -2,
                "Dispersion": -1,
                "AimSpeed": 0,
                "Ergonomics": 16,
                "Accuracy": 9,
                "HeatFactor": 0.996,
                "CoolFactor": 1.054,
                "ConflictingItems": [],
                "Weight": 0.230,
                "LoyaltyLevel": 0,
                "Price": 0
        },
        "f9cb5d76e3639ef3c27c5294": {
                "$type": "RealismMod.WeaponMod, RealismMod",
                "ItemID": "f9cb5d76e3639ef3c27c5294",
                "Name": "AR-15 Geissele SMR MK8 9.5 inch M-LOK handguard (BLK)",
                "ModType": "",
                "VerticalRecoil": -2,
                "HorizontalRecoil": -2,
                "Dispersion": -1,
                "AimSpeed": 0,
                "Ergonomics": 15,
                "Accuracy": 10,
                "HeatFactor": 0.996,
                "CoolFactor": 1.054,
                "ConflictingItems": [],
                "Weight": 0.285,
                "LoyaltyLevel": 0,
                "Price": 0
        },
        "75423eeee232e178d80c4925": {
                "$type": "RealismMod.WeaponMod, RealismMod",
                "ItemID": "75423eeee232e178d80c4925",
                "Name": "AR-15 Geissele SMR MK8 9.5 inch M-LOK handguard (DDC)",
                "ModType": "",
                "VerticalRecoil": -2,
                "HorizontalRecoil": -2,
                "Dispersion": -1,
                "AimSpeed": 0,
                "Ergonomics": 15,
                "Accuracy": 10,
                "HeatFactor": 0.996,
                "CoolFactor": 1.054,
                "ConflictingItems": [],
                "Weight": 0.285,
                "LoyaltyLevel": 0,
                "Price": 0
        },
        "6ff95267a947d1c2856f3c0f": {
                "$type": "RealismMod.WeaponMod, RealismMod",
                "ItemID": "6ff95267a947d1c2856f3c0f",
                "Name": "AR-15 Geissele SMR MK8 9.5 inch M-LOK handguard (ODG)",
                "ModType": "",
                "VerticalRecoil": -2,
                "HorizontalRecoil": -2,
                "Dispersion": -1,
                "AimSpeed": 0,
                "Ergonomics": 15,
                "Accuracy": 10,
                "HeatFactor": 0.996,
                "CoolFactor": 1.054,
                "ConflictingItems": [],
                "Weight": 0.285,
                "LoyaltyLevel": 0,
                "Price": 0
        },
        "297eecda3d70301b822b6cf9": {
                "$type": "RealismMod.WeaponMod, RealismMod",
                "ItemID": "297eecda3d70301b822b6cf9",
                "Name": "AR-15 Geissele SMR MK8 13 inch M-LOK handguard (BLK)",
                "ModType": "",
                "VerticalRecoil": -2.5,
                "HorizontalRecoil": -3,
                "Dispersion": -1.5,
                "AimSpeed": 0,
                "Ergonomics": 14,
                "Accuracy": 14,
                "HeatFactor": 0.965,
                "CoolFactor": 1.092,
                "ConflictingItems": [],
                "Weight": 0.377,
                "LoyaltyLevel": 0,
                "Price": 0
        },
        "4c834636cd952988d60d6561": {
                "$type": "RealismMod.WeaponMod, RealismMod",
                "ItemID": "4c834636cd952988d60d6561",
                "Name": "AR-15 Geissele SMR MK8 13 inch M-LOK handguard (DDC)",
                "ModType": "",
                "VerticalRecoil": -2.5,
                "HorizontalRecoil": -2.5,
                "Dispersion": -1.5,
                "AimSpeed": 0,
                "Ergonomics": 13,
                "Accuracy": 18,
                "HeatFactor": 0.965,
                "CoolFactor": 1.092,
                "ConflictingItems": [],
                "Weight": 0.377,
                "LoyaltyLevel": 0,
                "Price": 0
        },
        "e57cc5261d4937c1a15aa004": {
                "$type": "RealismMod.WeaponMod, RealismMod",
                "ItemID": "e57cc5261d4937c1a15aa004",
                "Name": "AR-15 Geissele SMR MK8 13 inch M-LOK handguard (ODG))",
                "ModType": "",
                "VerticalRecoil": -2.5,
                "HorizontalRecoil": -2.5,
                "Dispersion": -1.5,
                "AimSpeed": 0,
                "Ergonomics": 13,
                "Accuracy": 18,
                "HeatFactor": 0.965,
                "CoolFactor": 1.092,
                "ConflictingItems": [],
                "Weight": 0.377,
                "LoyaltyLevel": 0,
                "Price": 0
        },
        "04a8d9c50f3227ef6550e613": {
                "$type": "RealismMod.WeaponMod, RealismMod",
                "ItemID": "04a8d9c50f3227ef6550e613",
                "Name": "AR-15 Geissele SMR MK8 15 inch M-LOK handguard (BLK)",
                "ModType": "",
                "VerticalRecoil": -3,
                "HorizontalRecoil": -4,
                "Dispersion": -1.5,
                "AimSpeed": 0,
                "Ergonomics": 11,
                "Accuracy": 18,
                "HeatFactor": 0.965,
                "CoolFactor": 1.092,
                "ConflictingItems": [],
                "Weight": 0.417,
                "LoyaltyLevel": 0,
                "Price": 0
        },
        "d2234d6695f82aae5012f0d5": {
                "$type": "RealismMod.WeaponMod, RealismMod",
                "ItemID": "d2234d6695f82aae5012f0d5",
                "Name": "AR-15 Geissele SMR MK8 15 inch M-LOK handguard (DDC)",
                "ModType": "",
                "VerticalRecoil": -3,
                "HorizontalRecoil": -4,
                "Dispersion": -1.5,
                "AimSpeed": 0,
                "Ergonomics": 11,
                "Accuracy": 18,
                "HeatFactor": 0.965,
                "CoolFactor": 1.092,
                "ConflictingItems": [],
                "Weight": 0.417,
                "LoyaltyLevel": 0,
                "Price": 0
        },
        "4ff0af6a0e6cdbd096c0197c": {
                "$type": "RealismMod.WeaponMod, RealismMod",
                "ItemID": "4ff0af6a0e6cdbd096c0197c",
                "Name": "AR-15 Geissele SMR MK8 15 inch M-LOK handguard (ODG)",
                "ModType": "",
                "VerticalRecoil": -3,
                "HorizontalRecoil": -4,
                "Dispersion": -1.5,
                "AimSpeed": 0,
                "Ergonomics": 11,
                "Accuracy": 18,
                "HeatFactor": 0.965,
                "CoolFactor": 1.092,
                "ConflictingItems": [],
                "Weight": 0.417,
                "LoyaltyLevel": 0,
                "Price": 0
        }
}