{
    "b5223cb4b895fb6a438ac533": {
        "$type": "RealismMod.Gear, RealismMod",
        "ItemID": "b5223cb4b895fb6a438ac533",
        "Name": "Hesco 3800C-SA-MC ballistic plate",
        "AllowADS": true,
        "LoyaltyLevel": 4,
        "Price": 0,
        "ReloadSpeedMulti": 1,
        "CanSpall": false,
        "SpallReduction": 1,
        "ArmorClass": "NIJ III+",
        "speedPenaltyPercent": -2,
        "mousePenalty": 0,
        "weaponErgonomicPenalty": -1.5,
        "TemplateType": "gear",
        "ArmourLevel": 7
    },
    "cf2ab73b0f0c00a0df3852e4": {
        "$type": "RealismMod.Gear, RealismMod",
        "ItemID": "cf2ab73b0f0c00a0df3852e4",
        "Name": "Hesco 4800 ballistic plate",
        "AllowADS": true,
        "LoyaltyLevel": 4,
        "Price": 0,
        "ReloadSpeedMulti": 1.01,
        "CanSpall": false,
        "SpallReduction": 1,
        "ArmorClass": "NIJ IV",
        "speedPenaltyPercent": -3,
        "mousePenalty": 0,
        "weaponErgonomicPenalty": -3,
        "TemplateType": "gear",
        "ArmourLevel": 9
    },
    "58c0a16f420c97fe1c3d2e27": {
        "$type": "RealismMod.Gear, RealismMod",
        "ItemID": "58c0a16f420c97fe1c3d2e27",
        "Name": "Hesco U211 ballistic plate",
        "AllowADS": true,
        "LoyaltyLevel": 4,
        "Price": 0,
        "ReloadSpeedMulti": 1,
        "CanSpall": false,
        "SpallReduction": 1,
        "ArmorClass": "NIJ III+",
        "speedPenaltyPercent": -2,
        "mousePenalty": 0,
        "weaponErgonomicPenalty": -1.5,
        "TemplateType": "gear",
        "ArmourLevel": 7
    },
    "2aed3f0a15813b3d366fcdb9": {
        "$type": "RealismMod.Gear, RealismMod",
        "ItemID": "2aed3f0a15813b3d366fcdb9",
        "Name": "Tyr Tactical ultra low vis level III ballistic plate",
        "AllowADS": true,
        "LoyaltyLevel": 3,
        "Price": 0,
        "ReloadSpeedMulti": 1,
        "CanSpall": false,
        "SpallReduction": 1,
        "ArmorClass": "NIJ III",
        "speedPenaltyPercent": -1.5,
        "mousePenalty": 0,
        "weaponErgonomicPenalty": -1.5,
        "TemplateType": "gear",
        "ArmourLevel": 7
    }
}