{
        "41e97223a2ad6374a096ae14": {
            "$type": "RealismMod.WeaponMod, RealismMod",
            "ItemID": "41e97223a2ad6374a096ae14",
            "Name": "Eotech EXPS3 /w Unity FTC (FDE)",
            "ModType": "sight",
            "AimSpeed": 21,
            "Accuracy": 13,
            "ConflictingItems": [],
            "Ergonomics": 0,
            "Weight": 0.628,
            "VerticalRecoil": 0,
            "HorizontalRecoil": 0,
            "LoyaltyLevel": 4
        },
        "7ca248803b89788492384ba2": {
            "$type": "RealismMod.WeaponMod, RealismMod",
            "ItemID": "7ca248803b89788492384ba2",
            "Name": "Eotech EXPS3 /w G33",
            "ModType": "sight",
            "AimSpeed": 17,
            "Accuracy": 15,
            "ConflictingItems": [],
            "Ergonomics": 0,
            "Weight": 0.528,
            "VerticalRecoil": 0,
            "HorizontalRecoil": 0,
            "LoyaltyLevel": 4
        },
        "22345a1c542354f86796efda": {
            "$type": "RealismMod.WeaponMod, RealismMod",
            "ItemID": "22345a1c542354f86796efda",
            "Name": "Vortex UH-1 /w G33",
            "ModType": "sight",
            "AimSpeed": 14,
            "Accuracy": 10,
            "ConflictingItems": [],
            "Ergonomics": 0,
            "Weight": 0.635,
            "VerticalRecoil": 0,
            "HorizontalRecoil": 0,
            "LoyaltyLevel": 4
        },
        "a5c171496c1870f205a3c972": {
            "$type": "RealismMod.WeaponMod, RealismMod",
            "ItemID": "a5c171496c1870f205a3c972",
            "Name": "Vortex UH-1 /w Unity FTC (Black)",
            "ModType": "sight",
            "AimSpeed": 18,
            "Accuracy": 10,
            "ConflictingItems": [],
            "Ergonomics": 0,
            "Weight": 0.728,
            "VerticalRecoil": 0,
            "HorizontalRecoil": 0,
            "LoyaltyLevel": 4
        },
        "0377e32842c4024a423c472e": {
            "$type": "RealismMod.WeaponMod, RealismMod",
            "ItemID": "0377e32842c4024a423c472e",
            "Name": "SIG Sauer ROMEO8T /w G33",
            "ModType": "sight",
            "AimSpeed": 13,
            "Accuracy": 8,
            "ConflictingItems": [],
            "Ergonomics": 0,
            "Weight": 0.645,
            "VerticalRecoil": 0,
            "HorizontalRecoil": 0,
            "LoyaltyLevel": 4
        },
        "81fb194d053a4ccedce3782d": {
            "$type": "RealismMod.WeaponMod, RealismMod",
            "ItemID": "81fb194d053a4ccedce3782d",
            "Name": "SIG Sauer ROMEO8T /w Unity FTC (Black)",
            "ModType": "sight",
            "AimSpeed": 15,
            "Accuracy": 6,
            "ConflictingItems": [],
            "Ergonomics": 0,
            "Weight": 0.735,
            "VerticalRecoil": 0,
            "HorizontalRecoil": 0,
            "LoyaltyLevel": 4
        },
        "2e31bdb165e6f6f7ac19b0d8": {
            "$type": "RealismMod.WeaponMod, RealismMod",
            "ItemID": "2e31bdb165e6f6f7ac19b0d8",
            "Name": "Leupold LCO /w G33",
            "ModType": "sight",
            "AimSpeed": 13,
            "Accuracy": 9,
            "ConflictingItems": [],
            "Ergonomics": 0,
            "Weight": 0.635,
            "VerticalRecoil": 0,
            "HorizontalRecoil": 0,
            "LoyaltyLevel": 4
        },
        "8d9e9ff3020f92eb5fc46680": {
            "$type": "RealismMod.WeaponMod, RealismMod",
            "ItemID": "8d9e9ff3020f92eb5fc46680",
            "Name": "Leupold LCO /w Unity FTC (Black)",
            "ModType": "sight",
            "AimSpeed": 15,
            "Accuracy": 7,
            "ConflictingItems": [],
            "Ergonomics": 0,
            "Weight": 0.735,
            "VerticalRecoil": 0,
            "HorizontalRecoil": 0,
            "LoyaltyLevel": 4
        },
        "08940f5c853aa6acf4049bc2": {
            "$type": "RealismMod.WeaponMod, RealismMod",
            "ItemID": "08940f5c853aa6acf4049bc2",
            "Name": "Aimpoint Micro T-1 /w Unity FTC (Black)",
            "ModType": "sight",
            "AimSpeed": 12,
            "Accuracy": 11,
            "ConflictingItems": [],
            "Ergonomics": 0,
            "Weight": 0.535,
            "VerticalRecoil": 0,
            "HorizontalRecoil": 0,
            "LoyaltyLevel": 4
        },
        "3f18b9a4a43e2c071b08179a": {
            "$type": "RealismMod.WeaponMod, RealismMod",
            "ItemID": "3f18b9a4a43e2c071b08179a",
            "Name": "Trijicon MRO® reflex sight",
            "ModType": "sight",
            "AimSpeed": 5,
            "Accuracy": -5,
            "ConflictingItems": [],
            "Ergonomics": 0,
            "Weight": 0.084,
            "VerticalRecoil": 0,
            "HorizontalRecoil": 0,
            "LoyaltyLevel": 3,
            "Price": 0
        },
        "dd7caf9bd203b146528c8da4": {
            "$type": "RealismMod.WeaponMod, RealismMod",
            "ItemID": "dd7caf9bd203b146528c8da4",
            "Name": "Aimpoint ACRO P-2 reflex sight (Black)",
            "ModType": "sight",
            "AimSpeed": 10,
            "Accuracy": 5,
            "ConflictingItems": [],
            "Ergonomics": 0,
            "Weight": 0.06,
            "VerticalRecoil": 0,
            "HorizontalRecoil": 0,
            "LoyaltyLevel": 3,
            "Price": 0
        },
        "36c4b709b7b9465d6e875d35": {
            "$type": "RealismMod.WeaponMod, RealismMod",
            "ItemID": "36c4b709b7b9465d6e875d35",
            "Name": "Aimpoint ACRO P-2 reflex sight (FDE)",
            "ModType": "sight",
            "AimSpeed": 10,
            "Accuracy": 5,
            "ConflictingItems": [],
            "Ergonomics": 0,
            "Weight": 0.06,
            "VerticalRecoil": 0,
            "HorizontalRecoil": 0,
            "LoyaltyLevel": 3,
            "Price": 0
        },
        "797e1ab4422217d7cfe3d299": {
            "$type": "RealismMod.WeaponMod, RealismMod",
            "ItemID": "797e1ab4422217d7cfe3d299",
            "Name": "ELCAN SpecterDR 1.5x/6x scope",
            "ModType": "sight",
            "AimSpeed": 5,
            "Accuracy": 15,
            "ConflictingItems": [],
            "Ergonomics": 0,
            "Weight": 0.715,
            "VerticalRecoil": 0,
            "HorizontalRecoil": 0,
            "LoyaltyLevel": 3
    },
        "35adebfd2014a2861056138b": {
            "$type": "RealismMod.WeaponMod, RealismMod",
            "ItemID": "35adebfd2014a2861056138b",
            "Name": "Leupold LCO reflex sight",
            "ModType": "sight",
            "AimSpeed": 13,
            "Accuracy": 14,
            "ConflictingItems": [],
            "Ergonomics": 0,
            "Weight": 0.317,
            "VerticalRecoil": 0,
            "HorizontalRecoil": 0,
            "LoyaltyLevel": 3,
            "Price": 0
        },
        "20c6ee849ac15cb4e31472c9": {
            "$type": "RealismMod.WeaponMod, RealismMod",
            "ItemID": "20c6ee849ac15cb4e31472c9",
            "Name": "Steiner R1X reflex sight",
            "ModType": "sight",
            "AimSpeed": 15,
            "Accuracy": 15,
            "ConflictingItems": [],
            "Ergonomics": 0,
            "Weight": 0.317,
            "VerticalRecoil": 0,
            "HorizontalRecoil": 0,
            "LoyaltyLevel": 4
        },
        "2589a5a2424122404cf3a94c": {
            "$type": "RealismMod.WeaponMod, RealismMod",
            "ItemID": "2589a5a2424122404cf3a94c",
            "Name": "Aimpoint CompM5 reflex sight",
            "ModType": "sight",
            "AimSpeed": 8,
            "Accuracy": 18,
            "ConflictingItems": [],
            "Ergonomics": 0,
            "Weight": 0.084,
            "VerticalRecoil": 0,
            "HorizontalRecoil": 0,
            "LoyaltyLevel": 4,
            "Price": 0
        },
        "026dfdb287f69c3025f0f728": {
            "$type": "RealismMod.WeaponMod, RealismMod",
            "ItemID": "026dfdb287f69c3025f0f728",
            "Name": "Aimpoint CompM5 reflex sight (FDE)",
            "ModType": "sight",
            "AimSpeed": 8,
            "Accuracy": 18,
            "ConflictingItems": [],
            "Ergonomics": 0,
            "Weight": 0.084,
            "VerticalRecoil": 0,
            "HorizontalRecoil": 0,
            "LoyaltyLevel": 4,
            "Price": 0
        },
        "48dd8b7edd39c0ab164435ad": {
            "$type": "RealismMod.WeaponMod, RealismMod",
            "ItemID": "48dd8b7edd39c0ab164435ad",
            "Name": "AR-15 Scalarworks PEAK front sight",
            "ModType": "sight",
            "AimSpeed": 0,
            "Accuracy": 4,
            "ConflictingItems": [],
            "Ergonomics": 0,
            "Weight": 0.027,
            "VerticalRecoil": 0,
            "HorizontalRecoil": 0,
            "LoyaltyLevel": 3,
            "Price": 0
        },
        "275def25d1abe9b101511271": {
            "$type": "RealismMod.WeaponMod, RealismMod",
            "ItemID": "275def25d1abe9b101511271",
            "Name": "AR-15 Scalarworks PEAK rear sight",
            "ModType": "sight",
            "AimSpeed": 0,
            "Accuracy": 4,
            "ConflictingItems": [
                "57ac965c24597706be5f975c",
                "57aca93d2459771f2c7e26db",
                "544a3f024bdc2d1d388b4568",
                "544a3a774bdc2d3a388b4567",
                "57adff4f24597737f373b6e6",
                "5c0517910db83400232ffee5",
                "591c4efa86f7741030027726",
                "570fd79bd2720bc7458b4583",
                "5c07dd120db834001c39092d",
                "5c0a2cec0db834001b7ce47d",
                "5dff772da3651922b360bf91",
                "56ea70acd2720b844b8b4594",
                "5aa66be6e5b5b0214e506e97",
                "5dfe6104585a0c3e995c7b82",
                "5d1b5e94d7ad1a2b865a96b0",
                "5b3b6dc75acfc47a8773fb1e",
                "5b2389515acfc4771e1be0c0",
                "5a37ca54c4a282000d72296a",
                "5d0a29fed7ad1a002769ad08",
                "57c69dd424597774c03b7bbc",
                "5b3b99265acfc4704b4a1afb",
                "5aa66a9be5b5b0214e506e89",
                "5aa66c72e5b5b00016327c93",
                "5c1cdd302e221602b3137250",
                "5b31163c5acfc400153b71cb",
                "5a33b652c4a28232996e407c",
                "59db7eed86f77461f8380365",
                "5a1ead28fcdbcb001912fa9f",
                "5dff77c759400025ea5150cf"
            ],
            "Ergonomics": 0,
            "Weight": 0.040,
            "VerticalRecoil": 0,
            "HorizontalRecoil": 0,
            "LoyaltyLevel": 3,
            "Price": 0
        },
        "c5042b1c75088ddfc6c196f4": {
            "$type": "RealismMod.WeaponMod, RealismMod",
            "ItemID": "c5042b1c75088ddfc6c196f4",
            "Name": "Vortex Golden Eagle HD 15-60x52 30mm riflescope",
            "ModType": "sight",
            "AimSpeed": -10,
            "Accuracy": 25,
            "ConflictingItems": [
                "591c4efa86f7741030027726",
                "570fd79bd2720bc7458b4583",
                "570fd6c2d2720bc6458b457f",
                "558022b54bdc2dac148b458d",
                "58491f3324597764bc48fa02",
                "584924ec24597768f12ae244",
                "5b30b0dc5acfc400153b7124",
                "60a23797a37c940de7062d02",
                "5d2da1e948f035477b1ce2ba",
                "5c0505e00db834001b735073",
                "609a63b6e2ff132951242d09",
                "584984812459776a704a82a6",
                "59f9d81586f7744c7506ee62",
                "570fd721d2720bc5458b4596",
                "5c7d55f52e221644f31bff6a",
                "6165ac8c290d254f5e6b2f6c",
                "6477772ea8a38bb2050ed4db",
                "64785e7c19d732620e045e15"
            ],
            "Ergonomics": 0,
            "Weight": 0.842,
            "LoyaltyLevel": 4
        },
        "5eb8a73e2c5eae1c5118afcb": {
            "$type": "RealismMod.WeaponMod, RealismMod",
            "ItemID": "5eb8a73e2c5eae1c5118afcb",
            "Name": "Leupold D-Evo off-axis 6x20 compact scope (BLK)",
            "ModType": "sight",
            "AimSpeed": 0,
            "Accuracy": -8,
            "ConflictingItems": [],
            "Ergonomics": 0,
            "Weight": 0.391,
            "VerticalRecoil": 0,
            "HorizontalRecoil": 0,
            "LoyaltyLevel": 3
        },
        "a87b4ff0e4df1af49c4d48b7": {
            "$type": "RealismMod.WeaponMod, RealismMod",
            "ItemID": "a87b4ff0e4df1af49c4d48b7",
            "Name": "Leupold D-Evo off-axis 6x20 compact scope (FDE)",
            "ModType": "sight",
            "AimSpeed": 0,
            "Accuracy": -8,
            "ConflictingItems": [],
            "Ergonomics": 0,
            "Weight": 0.391,
            "VerticalRecoil": 0,
            "HorizontalRecoil": 0,
            "LoyaltyLevel": 3
        },
        "9936df6f6d9d13591df75e06": {
            "$type": "RealismMod.WeaponMod, RealismMod",
            "ItemID": "9936df6f6d9d13591df75e06",
            "Name": "Burris RT-6 1-6x24 30mm riflescope",
            "ModType": "sight",
            "AimSpeed": 3,
            "Accuracy": 16,
            "ConflictingItems": [],
            "Ergonomics": 0,
            "Weight": 0.493,
            "VerticalRecoil": 0,
            "HorizontalRecoil": 0,
            "LoyaltyLevel": 2
        },
        "57c5ac0824597754771e88a9": {
            "$type": "RealismMod.WeaponMod, RealismMod",
            "ItemID": "57c5ac0824597754771e88a9",
            "Name": "Vortex Golden Eagle HD 15-60x52 30mm riflescope",
            "ModType": "sight",
            "AimSpeed": -15,
            "Accuracy": 34,
            "ConflictingItems": [],
            "Ergonomics": 0,
            "Weight": 0.841,
            "VerticalRecoil": 0,
            "HorizontalRecoil": 0,
            "LoyaltyLevel": 2
        },
        "4af1cb09ea310f1fcf94d32a": {
            "$type": "RealismMod.WeaponMod, RealismMod",
            "ItemID": "4af1cb09ea310f1fcf94d32a",
            "Name": "Nightforce NXS 3.5-15x50 30mm riflescope",
            "ModType": "sight",
            "AimSpeed": -5,
            "Accuracy": 22,
            "ConflictingItems": [],
            "Ergonomics": 0,
            "Weight": 0.850,
            "VerticalRecoil": 0,
            "HorizontalRecoil": 0,
            "LoyaltyLevel": 2
        },
        "12f2d58f76f9629580851b6f": {
            "$type": "RealismMod.WeaponMod, RealismMod",
            "ItemID": "12f2d58f76f9629580851b6f",
            "Name": "Vortex Spitfire HD Gen II 5x Prism Scope",
            "ModType": "sight",
            "AimSpeed": 5,
            "Accuracy": 7,
            "ConflictingItems": [],
            "Ergonomics": 0,
            "Weight": 0.292,
            "VerticalRecoil": 0,
            "HorizontalRecoil": 0,
            "LoyaltyLevel": 1
        },
        "ca019aaa059b6fdbec21f4e2": {
            "$type": "RealismMod.WeaponMod, RealismMod",
            "ItemID": "ca019aaa059b6fdbec21f4e2",
            "Name": "Glock 19X Suppressor Height front sight",
            "ModType": "sight",
            "AimSpeed": 0,
            "Accuracy": 0,
            "ConflictingItems": [],
            "Ergonomics": 0,
            "Weight": 0.007,
            "LoyaltyLevel": 2
        },
        "a3c95ff3a02b0d4c05130a4d": {
            "$type": "RealismMod.WeaponMod, RealismMod",
            "ItemID": "a3c95ff3a02b0d4c05130a4d",
            "Name": "Glock 19 front sight",
            "ModType": "sight",
            "AimSpeed": 0,
            "Accuracy": 0,
            "ConflictingItems": [],
            "Ergonomics": 0,
            "Weight": 0.007,
            "LoyaltyLevel": 2
        },
        "ef29cf641c7f772a1c0237ad": {
            "$type": "RealismMod.WeaponMod, RealismMod",
            "ItemID": "ef29cf641c7f772a1c0237ad",
            "Name": "Glock 19X Suppressor Height rear sight",
            "ModType": "sight",
            "AimSpeed": 0,
            "Accuracy": 0,
            "ConflictingItems": [],
            "Ergonomics": 0,
            "Weight": 0.008,
            "LoyaltyLevel": 2
        },
        "50ea224769f3c313d2aaac40": {
            "$type": "RealismMod.WeaponMod, RealismMod",
            "ItemID": "50ea224769f3c313d2aaac40",
            "Name": "Glock 19 rear sight",
            "ModType": "sight",
            "AimSpeed": 0,
            "Accuracy": 0,
            "ConflictingItems": [],
            "Ergonomics": 0,
            "Weight": 0.007,
            "LoyaltyLevel": 2
        },
        "e9341af94ccbdf828aac2ed4": {
            "$type": "RealismMod.WeaponMod, RealismMod",
            "ItemID": "e9341af94ccbdf828aac2ed4",
            "Name": "Trijicon ACOG TA31-C Amber 4x32 scope (Black)",
            "TemplateID": "5c05293e0db83400232fff80"
        },
        "1e3c5a570c1c628376877232": {
            "$type": "RealismMod.WeaponMod, RealismMod",
            "ItemID": "1e3c5a570c1c628376877232",
            "Name": "Trijicon ACOG TA31H Amber 4x32 scope (Black)",
            "TemplateID": "5c05293e0db83400232fff80"
        },
        "530c92166b34a8f2c2c96732": {
            "$type": "RealismMod.WeaponMod, RealismMod",
            "ItemID": "530c92166b34a8f2c2c96732",
            "Name": "Trijicon ACOG TA31-C Green 4x32 scope (Black)",
            "TemplateID": "5c05293e0db83400232fff80"
        },
        "5518037d5b8964f16bd7fa0b": {
            "$type": "RealismMod.WeaponMod, RealismMod",
            "ItemID": "5518037d5b8964f16bd7fa0b",
            "Name": "Trijicon ACOG TA31F Green 4x32 scope (Black)",
            "TemplateID": "5c05293e0db83400232fff80"
        },
        "765efc3218305b91ce279f7c": {
            "$type": "RealismMod.WeaponMod, RealismMod",
            "ItemID": "765efc3218305b91ce279f7c",
            "Name": "Trijicon ACOG TA31-CH Green 4x32 scope (Black)",
            "TemplateID": "5c05293e0db83400232fff80"
        },
        "86509ab9a719ec35d68335ec": {
            "$type": "RealismMod.WeaponMod, RealismMod",
            "ItemID": "86509ab9a719ec35d68335ec",
            "Name": "Trijicon ACOG TA31H Green 4x32 scope (Black)",
            "TemplateID": "5c05293e0db83400232fff80"
        },
        "427426766389fca83151e49a": {
            "$type": "RealismMod.WeaponMod, RealismMod",
            "ItemID": "427426766389fca83151e49a",
            "Name": "Trijicon ACOG TA31-C Red 4x32 scope (Black)",
            "TemplateID": "5c05293e0db83400232fff80"
        },
        "8e91893cd97979e31dc69ff4": {
            "$type": "RealismMod.WeaponMod, RealismMod",
            "ItemID": "8e91893cd97979e31dc69ff4",
            "Name": "Trijicon ACOG TA31F Red 4x32 scope (Black)",
            "TemplateID": "5c05293e0db83400232fff80"
        },
        "ee7de8251099e046b66a27a8": {
            "$type": "RealismMod.WeaponMod, RealismMod",
            "ItemID": "ee7de8251099e046b66a27a8",
            "Name": "Trijicon ACOG TA31-CH Red 4x32 scope (Black)",
            "TemplateID": "5c05293e0db83400232fff80"
        },
        "98faf3e813c71c69fdc058a6": {
            "$type": "RealismMod.WeaponMod, RealismMod",
            "ItemID": "98faf3e813c71c69fdc058a6",
            "Name": "Trijicon ACOG TA31H Red 4x32 scope (Black)",
            "TemplateID": "5c05293e0db83400232fff80"
        },
        "5114ba0ec07b64d2027476c3": {
            "$type": "RealismMod.WeaponMod, RealismMod",
            "ItemID": "5114ba0ec07b64d2027476c3",
            "Name": "Trijicon ACOG TA31-C Amber 4x32 scope (Tan)",
            "TemplateID": "5c05293e0db83400232fff80"
        },
        "028cf9570b14453d61753a76": {
            "$type": "RealismMod.WeaponMod, RealismMod",
            "ItemID": "028cf9570b14453d61753a76",
            "Name": "Trijicon ACOG TA31H Amber 4x32 scope (Tan)",
            "TemplateID": "5c05293e0db83400232fff80"
        },
        "0433f01e906bc793e94272dd": {
            "$type": "RealismMod.WeaponMod, RealismMod",
            "ItemID": "0433f01e906bc793e94272dd",
            "Name": "Trijicon ACOG TA31-C Green 4x32 scope (Tan)",
            "TemplateID": "5c05293e0db83400232fff80"
        },
        "f4792fb5785c3cbfcd5e8e42": {
            "$type": "RealismMod.WeaponMod, RealismMod",
            "ItemID": "f4792fb5785c3cbfcd5e8e42",
            "Name": "Trijicon ACOG TA31F Green 4x32 scope (Tan)",
            "TemplateID": "5c05293e0db83400232fff80"
        },
        "6d875b085e791a94448f6373": {
            "$type": "RealismMod.WeaponMod, RealismMod",
            "ItemID": "6d875b085e791a94448f6373",
            "Name": "Trijicon ACOG TA31-CH Green 4x32 scope (Tan)",
            "TemplateID": "5c05293e0db83400232fff80"
        },
        "ed3ce625f8d5660361ffaf30": {
            "$type": "RealismMod.WeaponMod, RealismMod",
            "ItemID": "ed3ce625f8d5660361ffaf30",
            "Name": "Trijicon ACOG TA31H Green 4x32 scope (Tan)",
            "TemplateID": "5c05293e0db83400232fff80"
        },
        "96cff8d59fab622a65e41136": {
            "$type": "RealismMod.WeaponMod, RealismMod",
            "ItemID": "96cff8d59fab622a65e41136",
            "Name": "Trijicon ACOG TA31-C Red 4x32 scope (Tan)",
            "TemplateID": "5c05293e0db83400232fff80"
        },
        "a9567853f9fc33f38c4180ac": {
            "$type": "RealismMod.WeaponMod, RealismMod",
            "ItemID": "a9567853f9fc33f38c4180ac",
            "Name": "Trijicon ACOG TA31F Red 4x32 scope (Tan)",
            "TemplateID": "5c05293e0db83400232fff80"
        },
        "51054b0249f56482df575434": {
            "$type": "RealismMod.WeaponMod, RealismMod",
            "ItemID": "51054b0249f56482df575434",
            "Name": "Trijicon ACOG TA31-CH Red 4x32 scope (Tan)",
            "TemplateID": "5c05293e0db83400232fff80"
        },
        "a1552040390284f58de50a7a": {
            "$type": "RealismMod.WeaponMod, RealismMod",
            "ItemID": "a1552040390284f58de50a7a",
            "Name": "Trijicon ACOG TA31H Red 4x32 scope (Tan)",
            "TemplateID": "5c05293e0db83400232fff80"
        }
    }