{
        "c26f2af872656829feb27c08": {
            "$type": "RealismMod.WeaponMod, RealismMod",
            "ItemID": "c26f2af872656829feb27c08",
            "Name": "Unity Tactical FAST Micro Mount, 2.26 (FDE)",
            "ModType": "mount",
            "Ergonomics": 0,
            "AimSpeed": 5,
            "Accuracy": 0,
            "ConflictingItems": [],
            "Weight": 0.015,
            "LoyaltyLevel": 0,
            "Price": 0
        },
        "6655df2d0169bf45a18535c8": {
            "$type": "RealismMod.WeaponMod, RealismMod",
            "ItemID": "6655df2d0169bf45a18535c8",
            "Name": "Trijicon MRO standard mount (short)",
            "ModType": "mount",
            "Ergonomics": 0,
            "AimSpeed": 3,
            "Accuracy": 0,
            "ConflictingItems": [],
            "Weight": 0.015,
            "LoyaltyLevel": 0,
            "Price": 0
        },
        "794a8aea9ca78d01fc24a4f8": {
            "$type": "RealismMod.WeaponMod, RealismMod",
            "ItemID": "794a8aea9ca78d01fc24a4f8",
            "Name": "Trijicon MRO standard mount (tall)",
            "ModType": "mount",
            "Ergonomics": 0,
            "AimSpeed": 5,
            "Accuracy": -2,
            "ConflictingItems": [],
            "Weight": 0.015,
            "LoyaltyLevel": 0,
            "Price": 0
        },
        "4330375080cfa3b0acf681c0": {
            "$type": "RealismMod.WeaponMod, RealismMod",
            "ItemID": "4330375080cfa3b0acf681c0",
            "Name": "Geissele Super Precision T1 Lower 1/3 Co-Witness mount (Black)",
            "TemplateID": null,
            "ModType": "mount",
            "Ergonomics": 0,
            "AimSpeed": 3,
            "Accuracy": 5,
            "ConflictingItems": [],
            "Weight": 0.015,
            "LoyaltyLevel": 0,
            "Price": 0
        },
        "dc443bf6ab32570c69096e37": {
            "$type": "RealismMod.WeaponMod, RealismMod",
            "ItemID": "dc443bf6ab32570c69096e37",
            "Name": "Geissele Super Precision T1 Lower 1/3 Co-Witness mount (FDE)",
            "TemplateID": null,
            "ModType": "mount",
            "Ergonomics": 0,
            "AimSpeed": 3,
            "Accuracy": 5,
            "ConflictingItems": [],
            "Weight": 0.015,
            "LoyaltyLevel": 0,
            "Price": 0
        },
        "66079d40016c0de3509a31e7": {
            "$type": "RealismMod.WeaponMod, RealismMod",
            "ItemID": "66079d40016c0de3509a31e7",
            "Name": "Geissele Super Precision T1 Absolute Co-Witness mount (Black)",
            "TemplateID": null,
            "ModType": "mount",
            "Ergonomics": 0,
            "AimSpeed": 5,
            "Accuracy": 0,
            "ConflictingItems": [],
            "Weight": 0.015,
            "LoyaltyLevel": 0,
            "Price": 0
        },
        "ca9b71e00031160119ab1e58": {
            "$type": "RealismMod.WeaponMod, RealismMod",
            "ItemID": "ca9b71e00031160119ab1e58",
            "Name": "Geissele Super Precision T1 Absolute Co-Witness mount (FDE)",
            "TemplateID": null,
            "ModType": "mount",
            "Ergonomics": 0,
            "AimSpeed": 5,
            "Accuracy": 0,
            "ConflictingItems": [],
            "Weight": 0.015,
            "LoyaltyLevel": 0,
            "Price": 0
        },
        "58c3819c7e3f0593dbb9851a": {
            "$type": "RealismMod.WeaponMod, RealismMod",
            "ItemID": "58c3819c7e3f0593dbb9851a",
            "Name": "Trijicon TA44 sight mount",
            "TemplateID": null,
            "ModType": "mount",
            "Ergonomics": 0,
            "Accuracy": 0,
            "ConflictingItems": [],
            "Weight": 0.06,
            "LoyaltyLevel": 0,
            "Price": 0
        },
        "eeb62fba336b644c26813276": {
            "$type": "RealismMod.WeaponMod, RealismMod",
            "ItemID": "eeb62fba336b644c26813276",
            "Name": "Elcan SpecterDR RMR mount",
            "ModType": "mount",
            "Ergonomics": 0,
            "Accuracy": 0,
            "ConflictingItems": [],
            "Weight": 0.02,
            "LoyaltyLevel": 2
        },
        "f849f458cb4ad62c5d8b96e1": {
            "$type": "RealismMod.WeaponMod, RealismMod",
            "ItemID": "f849f458cb4ad62c5d8b96e1",
            "Name": "KAC Aimpoint Micro NVG riser mount",
            "ModType": "mount",
            "Ergonomics": -1,
            "Accuracy": -1,
            "AimSpeed": 5,
            "ConflictingItems": [],
            "Weight": 0.068,
            "LoyaltyLevel": 3,
            "Price": 0
        },
        "86f1db244188717106a25806": {
            "$type": "RealismMod.WeaponMod, RealismMod",
            "ItemID": "86f1db244188717106a25806",
            "Name": "KAC Aimpoint Micro NVG riser mount (Reversed)",
            "ModType": "mount",
            "Ergonomics": -1,
            "Accuracy": -1,
            "AimSpeed": 5,
            "ConflictingItems": [],
            "Weight": 0.068,
            "LoyaltyLevel": 3,
            "Price": 0
        },
        "2e681ada9836f6e030080191": {
            "$type": "RealismMod.WeaponMod, RealismMod",
            "ItemID": "2e681ada9836f6e030080191",
            "Name": "Unity FAST Optic Riser (BLK)",
            "ModType": "mount",
            "Ergonomics": 0,
            "Accuracy": -1,
            "AimSpeed": 5,
            "ConflictingItems": [],
            "Weight": 0.079,
            "LoyaltyLevel": 3,
            "Price": 0
        },
        "e1543def58291668bac8e2c8": {
            "$type": "RealismMod.WeaponMod, RealismMod",
            "ItemID": "e1543def58291668bac8e2c8",
            "Name": "Unity FAST Optic Riser (FDE)",
            "ModType": "mount",
            "Ergonomics": 0,
            "Accuracy": -1,
            "AimSpeed": 5,
            "ConflictingItems": [],
            "Weight": 0.079,
            "LoyaltyLevel": 3,
            "Price": 0
        },
        "7af1b735539670b26a3fe68b": {
            "$type": "RealismMod.WeaponMod, RealismMod",
            "ItemID": "7af1b735539670b26a3fe68b",
            "Name": "Reptilia AUS 34mm ring scope mount (FDE)",
            "ModType": "mount",
            "Ergonomics": 0,
            "Accuracy": 9,
            "ConflictingItems": [
                            "5ae30bad5acfc400185c2dc4"],
            "Weight": 0.194,
            "LoyaltyLevel": 0,
            "Price": 0
        },
        "e3dcf75199f821636a95cb9b": {
            "$type": "RealismMod.WeaponMod, RealismMod",
            "ItemID": "e3dcf75199f821636a95cb9b",
            "Name": "Reptilia AUS 34mm ring scope mount (BLK)",
            "ModType": "mount",
            "Ergonomics": 0,
            "Accuracy": 9,
            "ConflictingItems": [
                            "5ae30bad5acfc400185c2dc4"],
            "Weight": 0.194,
            "LoyaltyLevel": 0,
            "Price": 0
        },
        "0ce104382851509ab14fb19c": {
            "$type": "RealismMod.WeaponMod, RealismMod",
            "ItemID": "0ce104382851509ab14fb19c",
            "Name": "Reptilia 34mm ROF-90 RMR mount for Reptilia scope mounts (BLK)",
            "ModType": "mount",
            "Ergonomics": 0,
            "Accuracy": -1,
            "ConflictingItems": [],
            "Weight": 0.02,
            "LoyaltyLevel": 0,
            "Price": 0
        },
        "27b92c2226b1110635235c2e": {
            "$type": "RealismMod.WeaponMod, RealismMod",
            "ItemID": "27b92c2226b1110635235c2e",
            "Name": "Reptilia 34mm ROF-90 RMR mount for Reptilia scope mounts (FDE)",
            "ModType": "mount",
            "Ergonomics": 0,
            "Accuracy": -1,
            "ConflictingItems": [],
            "Weight": 0.02,
            "LoyaltyLevel": 0,
            "Price": 0
        },
        "04b7ab7e14e564819a6d0e22": {
            "$type": "RealismMod.WeaponMod, RealismMod",
            "ItemID": "04b7ab7e14e564819a6d0e22",
            "Name": "Reptilia AUS 34mm top ring cap (BLK)",
            "ModType": "mount",
            "Ergonomics": 0,
            "Accuracy": 0,
            "ConflictingItems": [],
            "Weight": 0.02,
            "LoyaltyLevel": 0,
            "Price": 0
        },
        "0d914f394390e16506a949da": {
            "$type": "RealismMod.WeaponMod, RealismMod",
            "ItemID": "0d914f394390e16506a949da",
            "Name": "Reptilia AUS 34mm top ring cap (FDE)",
            "ModType": "mount",
            "Ergonomics": 0,
            "Accuracy": 0,
            "ConflictingItems": [],
            "Weight": 0.02,
            "LoyaltyLevel": 0,
            "Price": 0
        },
        "7b3525a6de4f4847921529c0": {
            "$type": "RealismMod.WeaponMod, RealismMod",
            "ItemID": "7b3525a6de4f4847921529c0",
            "Name": "Reptilia 34mm ROF-90 ACRO mount for Reptilia scope mounts (BLK)",
            "ModType": "mount",
            "Ergonomics": 0,
            "Accuracy": 0,
            "ConflictingItems": [],
            "Weight": 0.02,
            "LoyaltyLevel": 3,
            "Price": 0
        },
        "159023b10fa02ac28247fce3": {
            "$type": "RealismMod.WeaponMod, RealismMod",
            "ItemID": "159023b10fa02ac28247fce3",
            "Name": "Reptilia 34mm ROF-90 ACRO mount for Reptilia scope mounts (BLK)",
            "ModType": "mount",
            "Ergonomics": 0,
            "Accuracy": 0,
            "ConflictingItems": [],
            "Weight": 0.02,
            "LoyaltyLevel": 3,
            "Price": 0
        },
        "93efffa7844876067d81dca5": {
            "$type": "RealismMod.WeaponMod, RealismMod",
            "ItemID": "93efffa7844876067d81dca5",
            "Name": "B&T QD low mount for Aimpoint ACRO",
            "ModType": "mount",
            "Ergonomics": 0,
            "AimSpeed": 2,
            "Accuracy": 0,
            "ConflictingItems": [],
            "Weight": 0.07,
            "LoyaltyLevel": 0,
            "Price": 0
        },
        "85a2077a2a40a73a0f95f74a": {
            "$type": "RealismMod.WeaponMod, RealismMod",
            "ItemID": "85a2077a2a40a73a0f95f74a",
            "Name": "Larue LT724 Angled CQB Micro T-1 mount",
            "ModType": "mount",
            "Ergonomics": -1,
            "Accuracy": -5,
            "ConflictingItems": [],
            "Weight": 0.04,
            "LoyaltyLevel": 0,
            "Price": 0
        },
        "1c852a7fd73bcde9d3ff968b": {
            "$type": "RealismMod.WeaponMod, RealismMod",
            "ItemID": "1c852a7fd73bcde9d3ff968b",
            "Name": "Reptilia 1.93\" mount for Aimpoint ACRO (FDE)",
            "ModType": "mount",
            "Ergonomics": 0,
            "AimSpeed": 7,
            "Accuracy": -2,
            "ConflictingItems": [],
            "Weight": 0.07,
            "LoyaltyLevel": 4
        },
        "55dccd6302404bfc237a814e": {
            "$type": "RealismMod.WeaponMod, RealismMod",
            "ItemID": "55dccd6302404bfc237a814e",
            "Name": "Reptilia 1.93\" mount for Aimpoint ACRO (Black)",
            "ModType": "mount",
            "Ergonomics": 0,
            "AimSpeed": 7,
            "Accuracy": -2,
            "ConflictingItems": [],
            "Weight": 0.07,
            "LoyaltyLevel": 4
        },
        "71e6bc96b1a4cce0b4340b20": {
            "$type": "RealismMod.WeaponMod, RealismMod",
            "ItemID": "71e6bc96b1a4cce0b4340b20",
            "Name": "Reptilia Lower 1/3 mount for Aimpoint ACRO (Black)",
            "ModType": "mount",
            "Ergonomics": 0,
            "AimSpeed": 3,
            "Accuracy": 0,
            "ConflictingItems": [],
            "Weight": 0.07,
            "LoyaltyLevel": 1
        },
        "986150a30f2c89c4555dead5": {
            "$type": "RealismMod.WeaponMod, RealismMod",
            "ItemID": "986150a30f2c89c4555dead5",
            "Name": "Reptilia Lower 1/3 mount for Aimpoint ACRO (FDE)",
            "ModType": "mount",
            "Ergonomics": 0,
            "AimSpeed": 3,
            "Accuracy": 0,
            "ConflictingItems": [],
            "Weight": 0.07,
            "LoyaltyLevel": 1
        },
        "f07a16a89f1c954f72bbf50e": {
            "$type": "RealismMod.WeaponMod, RealismMod",
            "ItemID": "f07a16a89f1c954f72bbf50e",
            "Name": "Reptilia Offset mount for Aimpoint ACRO (Black)",
            "ModType": "mount",
            "Ergonomics": 0,
            "AimSpeed": 2,
            "Accuracy": -5,
            "ConflictingItems": [],
            "Weight": 0.04,
            "LoyaltyLevel": 2
        },
        "7e07f0150bb32a595e2c142b": {
            "$type": "RealismMod.WeaponMod, RealismMod",
            "ItemID": "7e07f0150bb32a595e2c142b",
            "Name": "Reptilia Offset mount for Aimpoint ACRO (FDE)",
            "ModType": "mount",
            "Ergonomics": 0,
            "AimSpeed": 2,
            "Accuracy": -5,
            "ConflictingItems": [],
            "Weight": 0.04,
            "LoyaltyLevel": 2
        },
        "23878a19adddf4afbbcc0537": {
            "$type": "RealismMod.WeaponMod, RealismMod",
            "ItemID": "23878a19adddf4afbbcc0537",
            "Name": "Carry Handle Tactical Picatinny Riser mount",
            "ModType": "mount",
            "Ergonomics": 0,
            "Accuracy": -2,
            "ConflictingItems": [],
            "Weight": 0.11,
            "LoyaltyLevel": 1
        },
        "66713838ca123f9df8e7584e": {
            "$type": "RealismMod.WeaponMod, RealismMod",
            "ItemID": "66713838ca123f9df8e7584e",
            "Name": "Carry Handle Tactical Picatinny Riser mount",
            "ModType": "mount",
            "AimSpeed": 3,
            "Ergonomics": 0,
            "Accuracy": -2,
            "ConflictingItems": [],
            "Weight": 0.11,
            "LoyaltyLevel": 1
        },
        "e35149017403373f6b780e3b": {
            "$type": "RealismMod.WeaponMod, RealismMod",
            "ItemID": "e35149017403373f6b780e3b",
            "Name": "Trijicon RM35 mount for TA31 scope",
            "ModType": "mount",
            "Ergonomics": 0,
            "Accuracy": -1,
            "ConflictingItems": [],
            "Weight": 0.02,
            "LoyaltyLevel": 1
        },
        "b098f4d751ddc6246acdf160": {
            "$type": "RealismMod.WeaponMod, RealismMod",
            "ItemID": "b098f4d751ddc6246acdf160",
            "Name": "AK Zenit B-22 rear sight rail mount",
            "ModType": "mount",
            "Ergonomics": 0,
            "Accuracy": -16,
            "ConflictingItems": [],
            "Weight": 0.053,
            "LoyaltyLevel": 3,
            "Price": 0
        },
        "e4f2fd43b5613348b6e25bb5": {
            "$type": "RealismMod.WeaponMod, RealismMod",
            "ItemID": "e4f2fd43b5613348b6e25bb5",
            "Name": "Geissele 34mm Super Precision top ring cap",
            "ModType": "mount",
            "Ergonomics": 0.5,
            "Accuracy": 0,
            "ConflictingItems": [],
            "Weight": 0.02,
            "LoyaltyLevel": 0,
            "Price": 0
        },
        "2437ee507945dfe829ddf298": {
            "$type": "RealismMod.WeaponMod, RealismMod",
            "ItemID": "2437ee507945dfe829ddf298",
            "Name": "Geissele 34mm Super Precision top ring cap (DDC)",
            "ModType": "mount",
            "Ergonomics": 0.5,
            "Accuracy": 0,
            "ConflictingItems": [],
            "Weight": 0.02,
            "LoyaltyLevel": 0,
            "Price": 0
        },
        "b2d57758abe9bb9345c58e4a": {
            "$type": "RealismMod.WeaponMod, RealismMod",
            "ItemID": "b2d57758abe9bb9345c58e4a",
            "Name": "Geissele Super Precision 34mm ring scope moun",
            "ModType": "mount",
            "Ergonomics": 0,
            "Accuracy": 9,
            "ConflictingItems": [],
            "Weight": 0.194,
            "LoyaltyLevel": 0,
            "Price": 0
        },  
        "67ea8b32e0d7701fc6bfc5bf": {
            "$type": "RealismMod.WeaponMod, RealismMod",
            "ItemID": "67ea8b32e0d7701fc6bfc5bf",
            "Name": "Geissele Super Precision 34mm ring scope mount (DDC)",
            "ModType": "mount",
            "Ergonomics": 0,
            "Accuracy": 9,
            "ConflictingItems": [],
            "Weight": 0.194,
            "LoyaltyLevel": 0,
            "Price": 0
        },  
        "ee8d5029626f7ba2e1510676": {
            "$type": "RealismMod.WeaponMod, RealismMod",
            "ItemID": "ee8d5029626f7ba2e1510676",
            "Name": "Reptilia 34mm ROF-90 RMR mount for Geissele scope mounts",
            "ModType": "mount",
            "Ergonomics": 0,
            "Accuracy": -1,
            "ConflictingItems": [],
            "Weight": 0.02,
            "LoyaltyLevel": 0,
            "Price": 0
        },
        "959b54e7798be68a1a54ff81": {
            "$type": "RealismMod.WeaponMod, RealismMod",
            "ItemID": "959b54e7798be68a1a54ff81",
            "Name": "Reptilia 34mm ROF-90 RMR mount for Geissele scope mounts (DDC)",
            "ModType": "mount",
            "Ergonomics": 0,
            "Accuracy": -1,
            "ConflictingItems": [],
            "Weight": 0.02,
            "LoyaltyLevel": 0,
            "Price": 0
        },
        "d4424e8a8d6e6789adbfcde2": {
            "$type": "RealismMod.WeaponMod, RealismMod",
            "ItemID": "d4424e8a8d6e6789adbfcde2",
            "Name": "Reptilia 34mm ROF-45 RMR mount for Geissele scope mounts",
            "ModType": "mount",
            "Ergonomics": 0,
            "Accuracy": -1,
            "ConflictingItems": [],
            "Weight": 0.02,
            "LoyaltyLevel": 0,
            "Price": 0
        },
        "42aac757e1ac8161f6ec6766": {
            "$type": "RealismMod.WeaponMod, RealismMod",
            "ItemID": "42aac757e1ac8161f6ec6766",
            "Name": "Reptilia 34mm ROF-45 RMR mount for Geissele scope mounts (DDC)",
            "ModType": "mount",
            "Ergonomics": 0,
            "Accuracy": -1,
            "ConflictingItems": [],
            "Weight": 0.02,
            "LoyaltyLevel": 0,
            "Price": 0
        },
        "81ee14e532991b2b9993ae0e": {
            "$type": "RealismMod.WeaponMod, RealismMod",
            "ItemID": "81ee14e532991b2b9993ae0e",
            "Name": "Reptilia 2.5mm RMR Riser for Trijicon RMR",
            "ModType": "mount",
            "Ergonomics": 0,
            "Accuracy": 0,
            "ConflictingItems": [],
            "Weight": 0.02,
            "LoyaltyLevel": 0,
            "Price": 0
        },
        "ac738256c846acc25b183a80": {
            "$type": "RealismMod.WeaponMod, RealismMod",
            "ItemID": "ac738256c846acc25b183a80",
            "Name": "Reptilia 2.5mm RMR Riser for Trijicon RMR (DDC)",
            "ModType": "mount",
            "Ergonomics": 0,
            "Accuracy": 0,
            "ConflictingItems": [],
            "Weight": 0.02,
            "LoyaltyLevel": 0,
            "Price": 0
        },
        "26f02172906cbaa1ae78e57d": {
            "$type": "RealismMod.WeaponMod, RealismMod",
            "ItemID": "26f02172906cbaa1ae78e57d",
            "Name": "Reptilia 10mm RMR Riser for Trijicon RMR",
            "ModType": "mount",
            "Ergonomics": 0,
            "Accuracy": 0,
            "ConflictingItems": [],
            "Weight": 0.02,
            "LoyaltyLevel": 0,
            "Price": 0
        },
        "87690b1fadc788a959d42e46": {
            "$type": "RealismMod.WeaponMod, RealismMod",
            "ItemID": "87690b1fadc788a959d42e46",
            "Name": "Reptilia 10mm RMR Riser for Trijicon RMR (DDC)",
            "ModType": "mount",
            "Ergonomics": 0.5,
            "Accuracy": 0,
            "ConflictingItems": [],
            "Weight": 0.02,
            "LoyaltyLevel": 0,
            "Price": 0
        },
            "877f002b7dadc7ae31d1fda1": {
            "$type": "RealismMod.WeaponMod, RealismMod",
            "ItemID": "877f002b7dadc7ae31d1fda1",
            "Name": "Unity Tactical FAST Micro Mount, 2.26",
            "ModType": "mount",
            "Ergonomics": 0,
            "AimSpeed": 8,
            "Accuracy": 0,
            "ConflictingItems": [],
            "Weight": 0.015,
            "LoyaltyLevel": 0,
            "Price": 0
        },
        "de53b0fd978f0eaad71c5528": {
            "$type": "RealismMod.WeaponMod, RealismMod",
            "ItemID": "de53b0fd978f0eaad71c5528",
            "Name": "GBRS Hydra riser combo mount",
            "ModType": "mount",
            "Ergonomics": 0,
            "AimSpeed": 9,
            "Accuracy": -2,
            "ConflictingItems": [
                "5ae30bad5acfc400185c2dc4"],
            "Weight": 0.163,
            "LoyaltyLevel": 0,
            "Price": 0
        },
        "d3e07e32dc01693c226878dc": {
            "$type": "RealismMod.WeaponMod, RealismMod",
            "ItemID": "d3e07e32dc01693c226878dc",
            "Name": "GBRS Hydra riser combo mount (FDE)",
            "ModType": "mount",
            "Ergonomics": 0,
            "AimSpeed": 9,
            "Accuracy": -2,
            "ConflictingItems": [
                "5ae30bad5acfc400185c2dc4"],
            "Weight": 0.163,
            "LoyaltyLevel": 0,
            "Price": 0
        },
        "befd7a2bbc07793f73133f2c": {
            "$type": "RealismMod.WeaponMod, RealismMod",
            "ItemID": "befd7a2bbc07793f73133f2c",
            "Name": "Unity Tactical FAST LPVO 30mm ring scope mount",
            "ModType": "mount",
            "Ergonomics": 0,
            "AimSpeed": 3,
            "Accuracy": 9,
            "ConflictingItems": [],
            "Weight": 0.212,
            "LoyaltyLevel": 0,
            "Price": 0
        }
    }