{
    "e81ca38571e29b3f1f98ebb9": {
        "$type": "RealismMod.WeaponMod, RealismMod",
        "ItemID": "e81ca38571e29b3f1f98ebb9",
        "Name": "MCX Rattler pistol grip (BLK)",
        "ModType": "",
        "VerticalRecoil": 0,
        "HorizontalRecoil": -3,
        "Dispersion": -1,
        "AimSpeed": 0,
        "Ergonomics": 4.5,
        "Accuracy": 0,
        "ConflictingItems": [],
        "Weight": 0.08,
        "LoyaltyLevel": 3,
        "Price": 0,
        "AimStability": 2,
        "Handling": 2    
    },
    "756ab0aa38d8481397f2813a": {
        "$type": "RealismMod.WeaponMod, RealismMod",
        "ItemID": "756ab0aa38d8481397f2813a",
        "Name": "AK Hogue OverMolded pistol grip (Black)",
        "ModType": "",
        "VerticalRecoil": 0,
        "HorizontalRecoil": 0,
        "Dispersion": 0,
        "AimSpeed": 0,
        "Ergonomics": 6,
        "Accuracy": 0,
        "ConflictingItems": [],
        "Weight": 0.11,
        "LoyaltyLevel": 3,
        "AimStability": 5,
        "Handling": 5
    },
    "febb6abefa4e99c34833d986": {
        "$type": "RealismMod.WeaponMod, RealismMod",
        "ItemID": "febb6abefa4e99c34833d986",
        "Name": "AK Hogue OverMolded pistol grip (Green)",
        "ModType": "",
        "VerticalRecoil": 0,
        "HorizontalRecoil": 0,
        "Dispersion": 0,
        "AimSpeed": 0,
        "Ergonomics": 6,
        "Accuracy": 0,
        "ConflictingItems": [],
        "Weight": 0.11,
        "LoyaltyLevel": 3,
        "AimStability": 5,
        "Handling": 5
    },
    "1158a282d95f6102038b4aed": {
        "$type": "RealismMod.WeaponMod, RealismMod",
        "ItemID": "1158a282d95f6102038b4aed",
        "Name": "AK Hogue OverMolded pistol grip (Red)",
        "ModType": "",
        "VerticalRecoil": 0,
        "HorizontalRecoil": 0,
        "Dispersion": 0,
        "AimSpeed": 0,
        "Ergonomics": 6,
        "Accuracy": 0,
        "ConflictingItems": [],
        "Weight": 0.11,
        "LoyaltyLevel": 3,
        "AimStability": 5,
        "Handling": 5
    },
    "ac265f6a7dbd415d6c0771af": {
        "$type": "RealismMod.WeaponMod, RealismMod",
        "ItemID": "ac265f6a7dbd415d6c0771af",
        "Name": "AK Hogue OverMolded pistol grip (Ghillie Green)",
        "ModType": "",
        "VerticalRecoil": 0,
        "HorizontalRecoil": 0,
        "Dispersion": 0,
        "AimSpeed": 0,
        "Ergonomics": 6,
        "Accuracy": 0,
        "ConflictingItems": [],
        "Weight": 0.11,
        "LoyaltyLevel": 3,
        "AimStability": 5,
        "Handling": 5
    },
    "a5c7765dce79778422ff4e1c": {
        "$type": "RealismMod.WeaponMod, RealismMod",
        "ItemID": "a5c7765dce79778422ff4e1c",
        "Name": "AK Hogue OverMolded pistol grip (FDE)",
        "ModType": "",
        "VerticalRecoil": 0,
        "HorizontalRecoil": 0,
        "Dispersion": 0,
        "AimSpeed": 0,
        "Ergonomics": 6,
        "Accuracy": 0,
        "ConflictingItems": [],
        "Weight": 0.11,
        "LoyaltyLevel": 3,
        "AimStability": 5,
        "Handling": 5
    },
    "5b99a88f9f815fdacb53e988": {
        "$type": "RealismMod.WeaponMod, RealismMod",
        "ItemID": "5b99a88f9f815fdacb53e988",
        "Name": "AR-15 B5 Systems Type 22 Pistol Grip",
        "ModType": "",
        "VerticalRecoil": 0,
        "HorizontalRecoil": 0,
        "Dispersion": 0,
        "AimSpeed": 2,
        "Ergonomics": 5.5,
        "Accuracy": 0,
        "ConflictingItems": [],
        "Weight": 0.053,
        "LoyaltyLevel": 3,
        "Handling": 5,
        "AimStability": 5
    },
    "4de0d40a43a9c998bf67b5ba": {
        "$type": "RealismMod.WeaponMod, RealismMod",
        "ItemID": "4de0d40a43a9c998bf67b5ba",
        "Name": "AR-15 Hogue Vertical Polymer Pistol Grip",
        "ModType": "",
        "VerticalRecoil": 0,
        "HorizontalRecoil": 0,
        "Dispersion": 0,
        "AimSpeed": 3,
        "Ergonomics": 3,
        "Accuracy": 0,
        "ConflictingItems": [],
        "Weight": 0.045,
        "LoyaltyLevel": 2,
        "AimStability": 0,
        "Handling": 0
    },
    "2d155520c360cd846fdde152": {
        "$type": "RealismMod.WeaponMod, RealismMod",
        "ItemID": "2d155520c360cd846fdde152",
        "Name": "AR-15 Hogue Vertical Polymer Pistol Grip (Blue)",
        "ModType": "",
        "VerticalRecoil": 0,
        "HorizontalRecoil": 0,
        "Dispersion": 0,
        "AimSpeed": 3,
        "Ergonomics": 3,
        "Accuracy": 0,
        "ConflictingItems": [],
        "Weight": 0.045,
        "LoyaltyLevel": 2,
        "AimStability": 0,
        "Handling": 0
    },
    "602d21ba485acbec2665bb9f": {
        "$type": "RealismMod.WeaponMod, RealismMod",
        "ItemID": "602d21ba485acbec2665bb9f",
        "Name": "AR-15 Hogue Vertical Polymer Pistol Grip (FDE)",
        "ModType": "",
        "VerticalRecoil": 0,
        "HorizontalRecoil": 0,
        "Dispersion": 0,
        "AimSpeed": 3,
        "Ergonomics": 3,
        "Accuracy": 0,
        "ConflictingItems": [],
        "Weight": 0.045,
        "LoyaltyLevel": 2,
        "AimStability": 0,
        "Handling": 0
    },
    "b153f5e0bc943eeb4acd66f9": {
        "$type": "RealismMod.WeaponMod, RealismMod",
        "ItemID": "b153f5e0bc943eeb4acd66f9",
        "Name": "AR-15 Hogue Vertical Polymer Pistol Grip (Grey)",
        "ModType": "",
        "VerticalRecoil": 0,
        "HorizontalRecoil": 0,
        "Dispersion": 0,
        "AimSpeed": 3,
        "Ergonomics": 3,
        "Accuracy": 0,
        "ConflictingItems": [],
        "Weight": 0.045,
        "LoyaltyLevel": 2,
        "AimStability": 0,
        "Handling": 0
    },
    "56d6c24af06f25113f43a435": {
        "$type": "RealismMod.WeaponMod, RealismMod",
        "ItemID": "56d6c24af06f25113f43a435",
        "Name": "AR-15 Hogue Vertical Polymer Pistol Grip (ODG)",
        "ModType": "",
        "VerticalRecoil": 0,
        "HorizontalRecoil": 0,
        "Dispersion": 0,
        "AimSpeed": 3,
        "Ergonomics": 3,
        "Accuracy": 0,
        "ConflictingItems": [],
        "Weight": 0.045,
        "LoyaltyLevel": 2,
        "AimStability": 0,
        "Handling": 0
    },
    "434af4aec8fa2e4790f0f45b": {
        "$type": "RealismMod.WeaponMod, RealismMod",
        "ItemID": "434af4aec8fa2e4790f0f45b",
        "Name": "AR-15 Hogue Vertical Polymer Pistol Grip (Pink)",
        "ModType": "",
        "VerticalRecoil": 0,
        "HorizontalRecoil": 0,
        "Dispersion": 0,
        "AimSpeed": 3,
        "Ergonomics": 3,
        "Accuracy": 0,
        "ConflictingItems": [],
        "Weight": 0.045,
        "LoyaltyLevel": 2,
        "AimStability": 0,
        "Handling": 0
    },
    "46a173acb55a8e6eb3599227": {
        "$type": "RealismMod.WeaponMod, RealismMod",
        "ItemID": "46a173acb55a8e6eb3599227",
        "Name": "Daniel Defense Pistol Grip",
        "ModType": "",
        "VerticalRecoil": 0,
        "HorizontalRecoil": 0,
        "Dispersion": 0,
        "AimSpeed": 0,
        "Ergonomics": 4.5,
        "Accuracy": 0,
        "ConflictingItems": [],
        "Weight": 0.084,
        "LoyaltyLevel": 2,
        "AimStability": 3,
        "Handling": 3
    },
    "aae72b942199c6bbc2b17ffe": {
        "$type": "RealismMod.WeaponMod, RealismMod",
        "ItemID": "aae72b942199c6bbc2b17ffe",
        "Name": "Daniel Defense Pistol Grip (Brown)",
        "ModType": "",
        "VerticalRecoil": 0,
        "HorizontalRecoil": 0,
        "Dispersion": 0,
        "AimSpeed": 0,
        "Ergonomics": 4.5,
        "Accuracy": 0,
        "ConflictingItems": [],
        "Weight": 0.084,
        "LoyaltyLevel": 2,
        "AimStability": 3,
        "Handling": 3
    },
    "eba1117597f0ae1297470872": {
        "$type": "RealismMod.WeaponMod, RealismMod",
        "ItemID": "eba1117597f0ae1297470872",
        "Name": "Daniel Defense Pistol Grip (Grey)",
        "ModType": "",
        "VerticalRecoil": 0,
        "HorizontalRecoil": 0,
        "Dispersion": 0,
        "AimSpeed": 0,
        "Ergonomics": 4.5,
        "Accuracy": 0,
        "ConflictingItems": [],
        "Weight": 0.084,
        "LoyaltyLevel": 2,
        "AimStability": 3,
        "Handling": 3
    },
    "5876ae6ee0d1feabe0da00d1": {
        "$type": "RealismMod.WeaponMod, RealismMod",
        "ItemID": "5876ae6ee0d1feabe0da00d1",
        "Name": "Daniel Defense Pistol Grip (FDE)",
        "ModType": "",
        "VerticalRecoil": 0,
        "HorizontalRecoil": 0,
        "Dispersion": 0,
        "AimSpeed": 0,
        "Ergonomics": 4.5,
        "Accuracy": 0,
        "ConflictingItems": [],
        "Weight": 0.084,
        "LoyaltyLevel": 2,
        "AimStability": 3,
        "Handling": 3
    }
}