{
    "023023A12A12A12000000000": {
        "$type": "RealismMod.Gun, RealismMod",
        "ItemID": "023023A12A12A12000000000",
        "Name": "XRK JAK-12 12ga automatic shotgun",
        "WeapType": "",
        "OperationType": "",
        "WeapAccuracy": 0,
        "BaseTorque": 2.3,
        "HasShoulderContact": false,
        "Ergonomics": 80,
        "VerticalRecoil": 220,
        "HorizontalRecoil": 450,
        "Dispersion": 10,
        "CameraRecoil": 0.075,
        "VisualMulti": 2,
        "Convergence": 10,
        "RecoilAngle": 80,
        "BaseMalfunctionChance": 0.001,
        "HeatFactorGun": 0.55,
        "HeatFactorByShot": 1,
        "CoolFactorGun": 0.1,
        "CoolFactorGunMods": 1,
        "AllowOverheat": true,
        "CenterOfImpact": 0.120,
        "HipAccuracyRestorationDelay": 0.2,
        "HipAccuracyRestorationSpeed": 7,
        "HipInnaccuracyGain": 0.16,
        "ShotgunDispersion": 1,
        "Velocity": -9.3,
        "RecoilDamping": 0.81,
        "RecoilHandDamping": 0.5,
        "WeaponAllowADS": false,
        "Weight": 4.1,
        "DurabilityBurnRatio": 0.55,
        "AutoROF": 305,
        "SemiROF": 200,
        "LoyaltyLevel": 3,
        "BaseReloadSpeedMulti": 1,
        "BaseChamberSpeedMulti": 1,
        "MinChamberSpeed": 0.7,
        "MaxChamberSpeed": 1.5,
        "IsManuallyOperated": false,
        "BaseChamberCheckSpeed": 1.2,
        "BaseFixSpeed": 1.2,
        "OffsetRotation": 0.015,
        "RecoilIntensity": 0.23,
        "MasteryCategory": "MP153"
    },
    "04B04Ba12a12BABA00000000": {
        "$type": "RealismMod.WeaponMod, RealismMod",
        "ItemID": "04B04Ba12a12BABA00000000",
        "Name": "JAK-12 barrel std.",
        "ModType": "",
        "VerticalRecoil": 0,
        "HorizontalRecoil": 0,
        "AutoROF": 0,
        "SemiROF": 0,
        "ModMalfunctionChance": 0,
        "Convergence": 0,
        "Accuracy": 0,
        "CenterOfImpact": 0.11,
        "HeatFactor": 0.86,
        "CoolFactor": 0.9,
        "DurabilityBurnModificator": 1,
        "Velocity": 1,
        "ConflictingItems": [],
        "Ergonomics": 0,
        "Weight": 1.25,
        "ShotgunDispersion": 1.1,
        "Loudness": 0,
        "LoyaltyLevel": 0,
        "Price": 0
    },
    "041041A12A12041000000000": {
        "$type": "RealismMod.WeaponMod, RealismMod",
        "ItemID": "041041A12A12041000000000",
        "Name": "JAK-12 handguard std.",
        "ModType": "",
        "VerticalRecoil": -1,
        "HorizontalRecoil": 0,
        "Dispersion": 0,
        "AimSpeed": 0,
        "Ergonomics": 8,
        "Accuracy": 0,
        "HeatFactor": 1.026,
        "CoolFactor": 0.978,
        "ConflictingItems": [],
        "Weight": 0.42,
        "LoyaltyLevel": 0,
        "Price": 0
    },
    "0410FFA12A120FF000000000": {
        "$type": "RealismMod.WeaponMod, RealismMod",
        "ItemID": "0410FFA12A120FF000000000",
        "Name": "JAK-12 side rail",
        "ModType": "mount",
        "Ergonomics": 0,
        "Accuracy": 0,
        "ConflictingItems": [],
        "Weight": 0.005,
        "LoyaltyLevel": 0,
        "Price": 0
    },
    "043043a12a12043000000000": {
        "$type": "RealismMod.WeaponMod, RealismMod",
        "ItemID": "043043a12a12043000000000",
        "Name": "JAK-12 stock pad",
        "ModType": "Stock",
        "VerticalRecoil": 0,
        "HorizontalRecoil": -8,
        "Dispersion": 3,
        "CameraRecoil": -5,
        "AimSpeed": 0,
        "Ergonomics": 10,
        "Accuracy": 0,
        "HasShoulderContact": true,
        "BlocksFolding": false,
        "AutoROF": 0,
        "SemiROF": 0,
        "ModMalfunctionChance": 0,
        "StockAllowADS": false,
        "ConflictingItems": [],
        "Weight": 0.155,
        "LoyaltyLevel": 0,
        "Price": 0
    },
    "02F02FA12A12080800000000": {
        "$type": "RealismMod.WeaponMod, RealismMod",
        "ItemID": "02F02FA12A12080800000000",
        "Name": "JAK-12 12/70 8-round magazine",
        "ModType": "",
        "ReloadSpeed": 0,
        "Ergonomics": 0,
        "MalfunctionChance": 0,
        "LoadUnloadModifier": -15,
        "CheckTimeModifier": 0,
        "ConflictingItems": [],
        "Weight": 0.156,
        "LoyaltyLevel": 0,
        "Price": 0
    },
    "02F02FA12A12202000000000": {
        "$type": "RealismMod.WeaponMod, RealismMod",
        "ItemID": "02F02FA12A12202000000000",
        "Name": "Corvus JAK-12 12/70 20-round drum magazine",
        "ModType": "",
        "ReloadSpeed": -20,
        "Ergonomics": -2.5,
        "MalfunctionChance": 1.5,
        "LoadUnloadModifier": 0,
        "CheckTimeModifier": 0,
        "ConflictingItems": [],
        "Weight": 0.450,
        "VerticalRecoil": 0,
        "HorizontalRecoil": 0,
        "LoyaltyLevel": 0,
        "Price": 0
    },
    "02F02FA12A12323200000000": {
        "$type": "RealismMod.WeaponMod, RealismMod",
        "ItemID": "02F02FA12A12323200000000",
        "Name": "Corvus JAK-12 12/70 32-round drum magazine",
        "ModType": "",
        "ReloadSpeed": -30,
        "Ergonomics": -6,
        "MalfunctionChance": 2.45,
        "LoadUnloadModifier": 15,
        "CheckTimeModifier": 0,
        "ConflictingItems": [],
        "Weight": 0.650,
        "VerticalRecoil": 0,
        "HorizontalRecoil": 0,
        "LoyaltyLevel": 0,
        "Price": 0
    },
    "049049A12A120F9000000000": {
        "$type": "RealismMod.WeaponMod, RealismMod",
        "ItemID": "049049A12A120F9000000000",
        "Name": "JAK-12 front sight",
        "ModType": "sight",
        "AimSpeed": 0,
        "Accuracy": 0,
        "ConflictingItems": [],
        "Ergonomics": 0,
        "Weight": 0.005,
        "VerticalRecoil": 0,
        "HorizontalRecoil": 0,
        "LoyaltyLevel": 0,
        "Price": 0
    },
    "049099a12a120b9000000000": {
        "$type": "RealismMod.WeaponMod, RealismMod",
        "ItemID": "049099a12a120b9000000000",
        "Name": "JAK-12 rear sight",
        "ModType": "sight",
        "AimSpeed": 0,
        "Accuracy": 0,
        "ConflictingItems": [],
        "Ergonomics": 0,
        "Weight": 0.01,
        "VerticalRecoil": 0,
        "HorizontalRecoil": 0,
        "LoyaltyLevel": 0,
        "Price": 0
    },
    "04A04AA12A120AA000000000": {
        "$type": "RealismMod.WeaponMod, RealismMod",
        "ItemID": "04A04AA12A120AA000000000",
        "Name": "JAK-12 muzzle thread protector",
        "ModType": "",
        "VerticalRecoil": 0,
        "HorizontalRecoil": 0,
        "Dispersion": 0,
        "CameraRecoil": 0,
        "AutoROF": 0,
        "SemiROF": 0,
        "ModMalfunctionChance": 0,
        "CanCycleSubs": false,
        "Accuracy": 5,
        "HeatFactor": 1,
        "CoolFactor": 1,
        "DurabilityBurnModificator": 0.99,
        "Velocity": 0,
        "RecoilAngle": 0,
        "ConflictingItems": [],
        "Ergonomics": 0,
        "Weight": 0.07,
        "Loudness": 20,
        "Convergence": 0,
        "LoyaltyLevel": 0,
        "Price": 0
    },
    "041AFFA12A12AFF000000000": {
        "$type": "RealismMod.WeaponMod, RealismMod",
        "ItemID": "041AFFA12A12AFF000000000",
        "Name": "XRK Karbon handguard side rail",
        "ModType": "",
        "Ergonomics": 0,
        "Accuracy": 0,
        "ConflictingItems": [],
        "Weight": 0.025,
        "LoyaltyLevel": 0,
        "Price": 0
    },
    "041A41A12A12A41000000000": {
        "$type": "RealismMod.WeaponMod, RealismMod",
        "ItemID": "041A41A12A12A41000000000",
        "Name": "XRK Karbon JAK-12 handguard",
        "ModType": "",
        "VerticalRecoil": 2,
        "HorizontalRecoil": -3,
        "Dispersion": 3,
        "AimSpeed": 0,
        "Ergonomics": 5,
        "Accuracy": 0,
        "HeatFactor": 1.022,
        "CoolFactor": 0.988,
        "ConflictingItems": [],
        "Weight": 0.398,
        "LoyaltyLevel": 0,
        "Price": 0
    },
    "04BA4Ba12a12BABA00000000": {
        "$type": "RealismMod.WeaponMod, RealismMod",
        "ItemID": "04BA4Ba12a12BABA00000000",
        "Name": "Urban King JAK-12 short barrel",
        "ModType": "",
        "VerticalRecoil": 0,
        "HorizontalRecoil": 0,
        "AutoROF": 0,
        "SemiROF": 0,
        "ModMalfunctionChance": 0,
        "Convergence": 0,
        "Accuracy": 0,
        "CenterOfImpact": 0.116,
        "HeatFactor": 0.88,
        "CoolFactor": 0.92,
        "DurabilityBurnModificator": 1,
        "Velocity": 0,
        "ConflictingItems": [],
        "Ergonomics": 0,
        "Weight": 1.25,
        "ShotgunDispersion": 1.2,
        "Loudness": 0,
        "LoyaltyLevel": 0,
        "Price": 0
    },
    "041BFFA12A12BFF000000000": {
        "$type": "RealismMod.WeaponMod, RealismMod",
        "ItemID": "041BFFA12A12BFF000000000",
        "Name": "JAK-12 short handguard side rail",
        "ModType": "",
        "Ergonomics": 0,
        "Accuracy": 0,
        "ConflictingItems": [],
        "Weight": 0.075,
        "LoyaltyLevel": 0,
        "Price": 0
    },
    "041B41A12A12B41000000000": {
        "$type": "RealismMod.WeaponMod, RealismMod",
        "ItemID": "041B41A12A12B41000000000",
        "Name": "ZLR J-2800 Influx JAK-12 handguard",
        "ModType": "",
        "VerticalRecoil": -4,
        "HorizontalRecoil": -3,
        "Dispersion": -4,
        "AimSpeed": 0,
        "Ergonomics": -3,
        "Accuracy": 0,
        "HeatFactor": 1.022,
        "CoolFactor": 0.988,
        "ConflictingItems": [],
        "Weight": 0.398,
        "LoyaltyLevel": 0,
        "Price": 0
    },
    "04BB4Ba12a12BBBB00000000": {
        "$type": "RealismMod.WeaponMod, RealismMod",
        "ItemID": "04BB4Ba12a12BBBB00000000",
        "Name": "ZLR J-2800 Influx heavy barrel",
        "ModType": "",
        "VerticalRecoil": 0,
        "HorizontalRecoil": 0,
        "AutoROF": 0,
        "SemiROF": 0,
        "ModMalfunctionChance": 0,
        "Convergence": 0,
        "Accuracy": 0,
        "CenterOfImpact": 0.102,
        "HeatFactor": 0.82,
        "CoolFactor": 0.86,
        "DurabilityBurnModificator": 1,
        "Velocity": 5.5,
        "ConflictingItems": [],
        "Ergonomics": 0,
        "Weight": 1.55,
        "ShotgunDispersion": 0.9,
        "Loudness": 0,
        "LoyaltyLevel": 0,
        "Price": 0
    },
    "04AB4AA12A12BAA000000000": {
        "$type": "RealismMod.WeaponMod, RealismMod",
        "ItemID": "04AB4AA12A12BAA000000000",
        "Name": "ZLR J-2800 Influx JAK-12 muzzle device",
        "ModType": "",
        "VerticalRecoil": 0,
        "HorizontalRecoil": 0,
        "Dispersion": -10,
        "CameraRecoil": -35,
        "AutoROF": 0,
        "SemiROF": 0,
        "ModMalfunctionChance": 0,
        "CanCycleSubs": false,
        "Accuracy": -5,
        "HeatFactor": 1,
        "CoolFactor": 1,
        "DurabilityBurnModificator": 1,
        "Velocity": 0,
        "RecoilAngle": 0,
        "ConflictingItems": [],
        "Ergonomics": 0,
        "Weight": 0.145,
        "ModShotDispersion": -10,
        "Loudness": 45,
        "Convergence": 30,
        "LoyaltyLevel": 0,
        "MeleeDamage": 12,
        "MeleePen": 8,
        "Price": 0
    },
    "041C41A12A12C41000000000": {
        "$type": "RealismMod.WeaponMod, RealismMod",
        "ItemID": "041C41A12A12C41000000000",
        "Name": "ZLR J-3600 Torrent JAK-12 handguard",
        "ModType": "",
        "VerticalRecoil": -6,
        "HorizontalRecoil": -5,
        "Dispersion": -6,
        "AimSpeed": 0,
        "Ergonomics": -7,
        "Accuracy": 0,
        "HeatFactor": 1.022,
        "CoolFactor": 0.988,
        "ConflictingItems": [],
        "Weight": 0.398,
        "LoyaltyLevel": 0,
        "Price": 0
    },
    "04BC4Ba12a12CCCC00000000": {
        "$type": "RealismMod.WeaponMod, RealismMod",
        "ItemID": "04BC4Ba12a12CCCC00000000",
        "Name": "ZLR J-3600 Torrent JAK-12 extended barrel",
        "ModType": "",
        "VerticalRecoil": 0,
        "HorizontalRecoil": 0,
        "AutoROF": 0,
        "SemiROF": 0,
        "ModMalfunctionChance": 0,
        "Convergence": 0,
        "Accuracy": 0,
        "CenterOfImpact": 0.105,
        "HeatFactor": 0.84,
        "CoolFactor": 0.88,
        "DurabilityBurnModificator": 1,
        "Velocity": 1.9,
        "ConflictingItems": [],
        "Ergonomics": 0,
        "Weight": 1.35,
        "ShotgunDispersion": 1,
        "Loudness": 0,
        "LoyaltyLevel": 0,
        "Price": 0
    },
    "04AC4AA12A12CAA000000000": {
        "$type": "RealismMod.WeaponMod, RealismMod",
        "ItemID": "04AC4AA12A12CAA000000000",
        "Name": "JAK-12 muzzle device adapter",
        "ModType": "",
        "VerticalRecoil": 0,
        "HorizontalRecoil": -10,
        "Dispersion": 0,
        "CameraRecoil": -10,
        "AutoROF": 0,
        "SemiROF": 0,
        "ModMalfunctionChance": 0,
        "CanCycleSubs": false,
        "Accuracy": -10,
        "HeatFactor": 1,
        "CoolFactor": 1,
        "DurabilityBurnModificator": 1,
        "Velocity": 0,
        "RecoilAngle": 30,
        "ConflictingItems": [],
        "Ergonomics": 0,
        "Weight": 0.033,
        "ModShotDispersion": -15,
        "Loudness": 50,
        "Convergence": 40,
        "LoyaltyLevel": 0,
        "Price": 0
    }
}