{
    "020020BBA03BBA0300000000": {
        "$type": "RealismMod.Gun, RealismMod",
        "ItemID": "020020BBA03BBA0300000000",
        "Name": "QBZ-03 5.56x45 assault rifle",
        "WeapType": "",
        "OperationType": "",
        "WeapAccuracy": 0,
        "BaseTorque": 0,
        "HasShoulderContact": false,
        "Ergonomics": 83,
        "VerticalRecoil": 80,
        "HorizontalRecoil": 117,
        "Dispersion": 11,
        "CameraRecoil": 0.036,
        "VisualMulti": 1.13,
        "Convergence": 17,
        "RecoilAngle": 90,
        "BaseMalfunctionChance": 0.001,
        "HeatFactorGun": 0.27,
        "HeatFactorByShot": 1,
        "CoolFactorGun": 0.1,
        "CoolFactorGunMods": 1,
        "AllowOverheat": true,
        "CenterOfImpact": 0.029,
        "HipAccuracyRestorationDelay": 0.2,
        "HipAccuracyRestorationSpeed": 7,
        "HipInnaccuracyGain": 0.16,
        "ShotgunDispersion": 0,
        "Velocity": 0,
        "RecoilDamping": 0.8,
        "RecoilHandDamping": 0.6,
        "WeaponAllowADS": false,
        "Weight": 2.515,
        "DurabilityBurnRatio": 0.35,
        "AutoROF": 750,
        "SemiROF": 400,
        "LoyaltyLevel": 0,
        "BaseReloadSpeedMulti": 1,
        "BaseChamberSpeedMulti": 1,
        "MinChamberSpeed": 0.7,
        "MaxChamberSpeed": 1.5,
        "IsManuallyOperated": false,
        "BaseChamberCheckSpeed": 1,
        "BaseFixSpeed": 1,
        "OffsetRotation": 0.008,
        "RecoilIntensity": 0.165,
        "MasteryCategory": "MDR"
    },
    "041041BBA03BBA0341000000": {
        "$type": "RealismMod.WeaponMod, RealismMod",
        "ItemID": "041041BBA03BBA0341000000",
        "Name": "QBZ-03 handguard",
        "ModType": "",
        "VerticalRecoil": -1,
        "HorizontalRecoil": -1,
        "Dispersion": 0,
        "AimSpeed": 0,
        "Ergonomics": 4,
        "Accuracy": 5,
        "HeatFactor": 0.976,
        "CoolFactor": 1.01,
        "ConflictingItems": [],
        "Weight": 0.3,
        "LoyaltyLevel": 0,
        "Price": 0
    },
    "0410AABBA03BBA03AA000000": {
        "$type": "RealismMod.WeaponMod, RealismMod",
        "ItemID": "0410AABBA03BBA03AA000000",
        "Name": "QBZ-03 handguard with rail",
        "ModType": "",
        "VerticalRecoil": -1,
        "HorizontalRecoil": -1.5,
        "Dispersion": -1,
        "AimSpeed": 0,
        "Ergonomics": 4,
        "Accuracy": 6,
        "HeatFactor": 0.976,
        "CoolFactor": 1.01,
        "ConflictingItems": [],
        "Weight": 0.4,
        "LoyaltyLevel": 0,
        "Price": 0
    },
    "042042BBA03BBA0342000000": {
        "$type": "RealismMod.WeaponMod, RealismMod",
        "ItemID": "042042BBA03BBA0342000000",
        "Name": "QBZ-03 psitol grip",
        "ModType": "",
        "VerticalRecoil": 0,
        "HorizontalRecoil": 0,
        "Dispersion": 0,
        "AimSpeed": 0,
        "Ergonomics": 2,
        "Accuracy": 0,
        "ConflictingItems": [],
        "Weight": 0.13,
        "LoyaltyLevel": 0,
        "Price": 0
    },
    "043043BBA03BBA0343000000": {
        "$type": "RealismMod.WeaponMod, RealismMod",
		"ItemID": "043043BBA03BBA0343000000",
        "Name": "QBZ-03 stock",
        "ModType": "Stock",
        "VerticalRecoil": -5,
        "HorizontalRecoil": -4,
        "Dispersion": -2,
        "CameraRecoil": -3,
        "AimSpeed": 2,
        "Ergonomics": 6,
        "Accuracy": 0,
        "HasShoulderContact": true,
        "BlocksFolding": false,
        "AutoROF": 0,
        "SemiROF": 0,
        "ModMalfunctionChance": 0,
        "StockAllowADS": false,
        "ConflictingItems": [],
        "Weight": 0.31,
        "LoyaltyLevel": 0,
        "Price": 0
	},
    "043BBBBBA03BBA03BB000000": {
        "$type": "RealismMod.WeaponMod, RealismMod",
        "ItemID": "043BBBBBA03BBA03BB000000",
        "Name": "QBZ-03 buffer tube adapter",
        "ModType": "buffer_adapter",
        "VerticalRecoil": 1,
        "HorizontalRecoil": -2.5,
        "Dispersion": 0,
        "CameraRecoil": 0,
        "AimSpeed": 0,
        "Ergonomics": -1,
        "Accuracy": 0,
        "HasShoulderContact": false,
        "BlocksFolding": false,
        "AutoROF": 0,
        "SemiROF": 0,
        "ModMalfunctionChance": 0,
        "StockAllowADS": false,
        "ConflictingItems": [],
        "Weight": 0.13,
        "LoyaltyLevel": 0,
        "Price": 0
    },
    "049049BBA03BBA0349000000": {
        "$type": "RealismMod.WeaponMod, RealismMod",
        "ItemID": "049049BBA03BBA0349000000",
        "Name": "QBZ-03 sight rear",
        "ModType": "sight",
        "AimSpeed": 0,
        "Accuracy": 0,
        "ConflictingItems": [],
        "Ergonomics": 0,
        "Weight": 0.02,
        "VerticalRecoil": 0,
        "HorizontalRecoil": 0,
        "LoyaltyLevel": 0,
        "Price": 0
    },
    "044AAABBA03BBA030A000000": {
        "$type": "RealismMod.WeaponMod, RealismMod",
        "ItemID": "044AAABBA03BBA030A000000",
        "Name": "QBZ-03 mount",
        "ModType": "mount",
        "Ergonomics": 0,
        "Accuracy": 0,
        "ConflictingItems": [],
        "Weight": 0.08,
        "LoyaltyLevel": 0,
        "Price": 0
    },
    "04A04ABBA03BBA034A000000": {
        "$type": "RealismMod.WeaponMod, RealismMod",
        "ItemID": "04A04ABBA03BBA034A000000",
        "Name": "QBZ-03 muzzle",
        "ModType": "",
        "VerticalRecoil": -7,
        "HorizontalRecoil": -7,
        "Dispersion": 0,
        "CameraRecoil": 0,
        "AutoROF": 0,
        "SemiROF": 0,
        "ModMalfunctionChance": 0,
        "CanCycleSubs": false,
        "Accuracy": 0,
        "ConflictingItems": [],
        "Ergonomics": 0,
        "Weight": 0.100,
        "Loudness": 4,
        "Convergence": 0,
        "LoyaltyLevel": 0,
        "Price": 0
    }
}