{
        "020020BA27BA270000000000": {
            "$type": "RealismMod.Gun, RealismMod",
            "ItemID": "020020BA27BA270000000000",
            "Name": "Atlas BAL-27 5.7x28 assault rifle",
            "WeapType": "bullpup",
            "OperationType": "",
            "WeapAccuracy": 0,
            "BaseTorque": 5,
            "HasShoulderContact": true,
            "Ergonomics": 80,
            "VerticalRecoil": 61,
            "HorizontalRecoil": 132,
            "Dispersion": 8,
            "CameraRecoil": 0.022,
            "VisualMulti": 1.2,
            "Convergence": 13.5,
            "RecoilAngle": 80,
            "BaseMalfunctionChance": 0.0014,
            "HeatFactorGun": 0.25,
            "HeatFactorByShot": 1,
            "CoolFactorGun": 0.1,
            "CoolFactorGunMods": 1,
            "AllowOverheat": true,
            "CenterOfImpact": 0.01,
            "HipAccuracyRestorationDelay": 0.2,
            "HipAccuracyRestorationSpeed": 7,
            "HipInnaccuracyGain": 0.16,
            "ShotgunDispersion": 0,
            "Velocity": 0,
            "RecoilDamping": 0.82,
            "RecoilHandDamping": 0.35,
            "WeaponAllowADS": false,
            "Weight": 2.8,
            "DurabilityBurnRatio": 0.35,
            "AutoROF": 857,
            "SemiROF": 400,
            "LoyaltyLevel": 4,
            "BaseReloadSpeedMulti": 0.8,
            "BaseChamberSpeedMulti": 1,
            "MinChamberSpeed": 0.7,
            "MaxChamberSpeed": 1.5,
            "IsManuallyOperated": false,
            "BaseChamberCheckSpeed": 0.9,
            "BaseFixSpeed": 1.1,
            "OffsetRotation": 0.0131,
            "RecoilIntensity": 0.135,
            "MasteryCategory": "P90"
        },
        "04E04EBA27BA274E00000000": {
            "$type": "RealismMod.WeaponMod, RealismMod",
            "ItemID": "04E04EBA27BA274E00000000",
            "Name": "BAL-27 5.7x28 muzzle brake-compensator",
            "ModType": "",
            "VerticalRecoil": -5,
            "HorizontalRecoil": -10,
            "Dispersion": -3,
            "CameraRecoil": 0,
            "AutoROF": 0,
            "SemiROF": 0,
            "ModMalfunctionChance": 0,
            "CanCycleSubs": false,
            "Accuracy": 0,
            "HeatFactor": 1,
            "CoolFactor": 1,
            "DurabilityBurnModificator": 1,
            "Velocity": 0,
            "RecoilAngle": 0,
            "ConflictingItems": [],
            "Ergonomics": 0,
            "Loudness": 5,
            "Convergence": 0,
            "LoyaltyLevel": 4,
            "Price": 0,
            "Flash": -25
        },
        "02F02FBA27BA272F00000000": {
            "$type": "RealismMod.WeaponMod, RealismMod",
            "ItemID": "02F02FBA27BA272F00000000",
            "Name": "BAL-27 5.7x28 30-round magazine",
            "ModType": "",
            "ReloadSpeed": -15,
            "Ergonomics": 0,
            "MalfunctionChance": 0,
            "LoadUnloadModifier": 60,
            "CheckTimeModifier": -20,
            "ConflictingItems": [],
            "Weight": 0.145,
            "VerticalRecoil": 0,
            "HorizontalRecoil": 0,
            "LoyaltyLevel": 3
        },
        "045145BA27BA274510000000": {
            "$type": "RealismMod.WeaponMod, RealismMod",
            "ItemID": "045145BA27BA274510000000",
            "Name": "BAL-27 Channel-M grip",
            "ModType": "",
            "VerticalRecoil": 0,
            "HorizontalRecoil": 0,
            "Dispersion": 0,
            "AimSpeed": 0,
            "Ergonomics": 2.5,
            "Accuracy": 0,
            "ConflictingItems": [],
            "Weight": 0.02,
            "LoyaltyLevel": 4,
            "AimStability": 0
        },
        "045245BA27BA274520000000": {
            "$type": "RealismMod.WeaponMod, RealismMod",
            "ItemID": "045245BA27BA274520000000",
            "Name": "BAL-27 Hammer grip",
            "ModType": "",
            "VerticalRecoil": 0,
            "HorizontalRecoil": 0,
            "Dispersion": 0,
            "AimSpeed": 0,
            "Ergonomics": 2.5,
            "Accuracy": 0,
            "ConflictingItems": [],
            "Weight": 0.02,
            "LoyaltyLevel": 4,
            "AimStability": 3
        },
        "045345BA27BA274530000000": {
            "$type": "RealismMod.WeaponMod, RealismMod",
            "ItemID": "045345BA27BA274530000000",
            "Name": "BAL-27 Highground grip",
            "ModType": "",
            "VerticalRecoil": 0,
            "HorizontalRecoil": 0,
            "Dispersion": 1,
            "AimSpeed": 0,
            "Ergonomics": 2.5,
            "Accuracy": 0,
            "ConflictingItems": [],
            "Weight": 0.02,
            "LoyaltyLevel": 4,
            "AimStability": 0
        },
        "045445BA27BA274540000000": {
            "$type": "RealismMod.WeaponMod, RealismMod",
            "ItemID": "045445BA27BA274540000000",
            "Name": "BAL-27 Highground grip",
            "ModType": "",
            "VerticalRecoil": 0,
            "HorizontalRecoil": 0,
            "Dispersion": 0,
            "AimSpeed": 0,
            "Ergonomics": 2.5,
            "Accuracy": 0,
            "ConflictingItems": [],
            "Weight": 0.02,
            "LoyaltyLevel": 4,
            "AimStability": 0
        },
        "045045BA27BA274500000000": {
            "$type": "RealismMod.WeaponMod, RealismMod",
            "ItemID": "045045BA27BA274500000000",
            "Name": "BAL-27 standard grip",
            "ModType": "",
            "VerticalRecoil": 0,
            "HorizontalRecoil": 0,
            "Dispersion": 0,
            "AimSpeed": 0,
            "Ergonomics": 2.5,
            "Accuracy": 0,
            "ConflictingItems": [],
            "Weight": 0.02,
            "LoyaltyLevel": 4,
            "AimStability": 0
        },
        "04E14EBA27BA274E10000000": {
            "$type": "RealismMod.WeaponMod, RealismMod",
            "ItemID": "04E14EBA27BA274E10000000",
            "Name": "BAL-27 Prowl-IV 5.7x28 suppressor",
            "ModType": "",
            "VerticalRecoil": 0,
            "HorizontalRecoil": -12,
            "Dispersion": -4,
            "CameraRecoil": -7,
            "AutoROF": 1.5,
            "SemiROF": 1.5,
            "ModMalfunctionChance": -15,
            "CanCycleSubs": false,
            "Accuracy": -6,
            "HeatFactor": 1.120,
            "CoolFactor": 1.04,
            "DurabilityBurnModificator": 1.15,
            "Velocity": 0.89,
            "RecoilAngle": 0,
            "ConflictingItems": [],
            "Ergonomics": 0,
            "Weight": 0.354,
            "Loudness": -41,
            "Convergence": 0,
            "LoyaltyLevel": 4,
            "Flash": 5
        },
        "043043BA27BA274300000000": {
            "$type": "RealismMod.WeaponMod, RealismMod",
            "ItemID": "043043BA27BA274300000000",
            "Name": "BAL-27 standard stock",
            "ModType": "Stock",
            "VerticalRecoil": 0,
            "HorizontalRecoil": -8,
            "Dispersion": -3,
            "CameraRecoil": -5,
            "AimSpeed": 0,
            "Ergonomics": 9,
            "Accuracy": 0,
            "HasShoulderContact": true,
            "BlocksFolding": false,
            "AutoROF": 0,
            "SemiROF": 0,
            "ModMalfunctionChance": 0,
            "StockAllowADS": false,
            "ConflictingItems": [],
            "Weight": 0.495,
            "LoyaltyLevel": 4,
            "AimStability": 2,
            "Handling": 3
    },
    "043243BA27BA274320000000": {
            "$type": "RealismMod.WeaponMod, RealismMod",
            "ItemID": "043243BA27BA274320000000",
            "Name": "BAL-27 Clearent Light stock",
            "ModType": "Stock",
            "VerticalRecoil": 0,
            "HorizontalRecoil": -4,
            "Dispersion": -3,
            "CameraRecoil": -3,
            "AimSpeed": 0,
            "Ergonomics": 14,
            "Accuracy": 0,
            "HasShoulderContact": true,
            "BlocksFolding": false,
            "AutoROF": 0,
            "SemiROF": 0,
            "ModMalfunctionChance": 0,
            "StockAllowADS": false,
            "ConflictingItems": [],
            "Weight": 0.425,
            "LoyaltyLevel": 4,
            "AimStability": 0,
            "Handling": 5
    },
    "043143BA27BA274310000000": {
            "$type": "RealismMod.WeaponMod, RealismMod",
            "ItemID": "043143BA27BA274310000000",
            "Name": "BAL-27 Sandbar Heavy stock",
            "ModType": "Stock",
            "VerticalRecoil": -3,
            "HorizontalRecoil": -15,
            "Dispersion": -5,
            "CameraRecoil": -15,
            "AimSpeed": 0,
            "Ergonomics": 5,
            "Accuracy": 0,
            "HasShoulderContact": true,
            "BlocksFolding": false,
            "AutoROF": 0,
            "SemiROF": 0,
            "ModMalfunctionChance": 0,
            "StockAllowADS": false,
            "ConflictingItems": [],
            "Weight": 0.625,
            "LoyaltyLevel": 4,
            "AimStability": 0,
            "Handling": 2
    },
    "043343BA27BA274330000000": {
            "$type": "RealismMod.WeaponMod, RealismMod",
            "ItemID": "043343BA27BA274330000000",
            "Name": "BAL-27 Ardent Tac stock",
            "ModType": "Stock",
            "VerticalRecoil": -2,
            "HorizontalRecoil": -8,
            "Dispersion": -4,
            "CameraRecoil": -10,
            "AimSpeed": 0,
            "Ergonomics": 7,
            "Accuracy": 0,
            "HasShoulderContact": true,
            "BlocksFolding": false,
            "AutoROF": 0,
            "SemiROF": 0,
            "ModMalfunctionChance": 0,
            "StockAllowADS": false,
            "ConflictingItems": [],
            "Weight": 0.557,
            "LoyaltyLevel": 4,
            "AimStability": 0,
            "Handling": 2
    },
    "04BA4BBA27BA27AB00000000": {
            "$type": "RealismMod.WeaponMod, RealismMod",
            "ItemID": "04BA4BBA27BA27AB00000000",
            "Name": "BAL-27 standard barrel",
            "ModType": "",
            "VerticalRecoil": 0,
            "HorizontalRecoil": 0,
            "AutoROF": 0,
            "SemiROF": 0,
            "CameraRecoil": 0,
            "ModMalfunctionChance": 5,
            "Convergence": 0,
            "Accuracy": 0,
            "CenterOfImpact": 0.020,
            "HeatFactor": 0.96,
            "CoolFactor": 1.05,
            "DurabilityBurnModificator": 1.1,
            "Velocity": -4,
            "ConflictingItems": [],
            "Ergonomics": 0,
            "Weight": 0.709,
            "ShotgunDispersion": 1,
            "Loudness": 0,
            "LoyaltyLevel": 4
    },
    "04BB4BBA27BA27BB00000000": {
            "$type": "RealismMod.WeaponMod, RealismMod",
            "ItemID": "04BB4BBA27BA27BB00000000",
            "Name": "BAL-27 Lonefire Comp barrel",
            "ModType": "",
            "VerticalRecoil": -4,
            "HorizontalRecoil": -14,
            "Dispersion": -6,
            "AutoROF": 0,
            "SemiROF": 0,
            "CameraRecoil": -5,
            "ModMalfunctionChance": 0,
            "Convergence": 0,
            "Accuracy": 0,
            "CenterOfImpact": 0.017,
            "HeatFactor": 0.945,
            "CoolFactor": 1.043,
            "DurabilityBurnModificator": 0.93,
            "Velocity": -4,
            "ConflictingItems": [],
            "Ergonomics": 0,
            "Weight": 0.709,
            "ShotgunDispersion": 1,
            "Loudness": 0,
            "LoyaltyLevel": 4,
            "Flash": -40
    },
            
    "04BC4BBA27BA27CB00000000": {
            "$type": "RealismMod.WeaponMod, RealismMod",
            "ItemID": "04BC4BBA27BA27CB00000000",
            "Name": "BAL-27 Prime MNX barrel",
            "ModType": "",
            "VerticalRecoil": -1,
            "HorizontalRecoil": -5,
            "AutoROF": 0,
            "SemiROF": 0,
            "CameraRecoil": -2,
            "ModMalfunctionChance": -15,
            "Convergence": 0,
            "Accuracy": 2,
            "CenterOfImpact": 0.0175,
            "HeatFactor": 0.91,
            "CoolFactor": 0.96,
            "DurabilityBurnModificator": 1,
            "Velocity": 4,
            "ConflictingItems": [],
            "Ergonomics": 0,
            "Weight": 0.550,
            "ShotgunDispersion": 1,
            "Loudness": 0,
            "LoyaltyLevel": 4
    },
    "04BD4BBA27BA27DB00000000": {
            "$type": "RealismMod.WeaponMod, RealismMod",
            "ItemID": "04BD4BBA27BA27DB00000000",
            "Name": "BAL-27 Noctkill Long barrel",
            "ModType": "",
            "VerticalRecoil": -4,
            "HorizontalRecoil": -10,
            "AutoROF": 0,
            "SemiROF": 0,
            "CameraRecoil": -15,
            "ModMalfunctionChance": -10,
            "Convergence": 0,
            "Accuracy": 5,
            "CenterOfImpact": 0.015,
            "HeatFactor": 0.961,
            "CoolFactor": 0.95,
            "DurabilityBurnModificator": 1,
            "Velocity": 9.2,
            "ConflictingItems": [],
            "Ergonomics": 0,
            "Weight": 0.804,
            "ShotgunDispersion": 1,
            "Loudness": 0,
            "LoyaltyLevel": 4
    }
}