{
    "022022C64C64000000000000": {
        "$type": "RealismMod.Gun, RealismMod",
		"ItemID": "022022C64C64000000000000",
        "Name": "Type 64 7.62x25 TT silenced submachine gun",
        "WeapType": "",
        "OperationType": "",
        "WeapAccuracy": 0,
        "BaseTorque": -2.15,
        "HasShoulderContact": false,
        "Ergonomics": 80,
        "VerticalRecoil": 32,
        "HorizontalRecoil": 90,
        "Dispersion": 5,
        "CameraRecoil": 0.03,
        "VisualMulti": 1.1,
        "Convergence": 20,
        "RecoilAngle": 110,
        "BaseMalfunctionChance": 0.002,
        "HeatFactorGun": 0.5,
        "HeatFactorByShot": 1,
        "CoolFactorGun": 0.1,
        "CoolFactorGunMods": 1,
        "AllowOverheat": true,
        "CenterOfImpact": 0.2,
        "HipAccuracyRestorationDelay": 0.2,
        "HipAccuracyRestorationSpeed": 7,
        "HipInnaccuracyGain": 0.16,
        "ShotgunDispersion": 0,
        "Velocity": -1.2,
        "RecoilDamping": 0.82,
        "RecoilHandDamping": 0.7,
        "WeaponAllowADS": false,
        "Weight": 1.95,
        "DurabilityBurnRatio": 0.4,
        "AutoROF": 950,
        "SemiROF": 450,
        "BaseReloadSpeedMulti": 0.95,
        "BaseChamberSpeedMulti": 2,
        "MinChamberSpeed": 0.7,
        "MaxChamberSpeed": 1.5,
        "IsManuallyOperated": false,
        "BaseChamberCheckSpeed": 2,
        "BaseFixSpeed": 1,
        "OffsetRotation": 0.01,
        "RecoilIntensity": 0.15,
        "MasteryCategory": "PPSH"
	},
    "02F000C64C6402F000000000": {
        "$type": "RealismMod.WeaponMod, RealismMod",
		"ItemID": "02F000C64C6402F000000000",
        "Name": "Type 64 7.62x25 30-round magazine",
        "ModType": "",
        "ReloadSpeed": -5,
        "Ergonomics": 0,
        "MalfunctionChance": 0,
        "LoadUnloadModifier": 0,
        "CheckTimeModifier": 0,
        "ConflictingItems": [],
        "Weight": 0.189,
        "VerticalRecoil": 0,
        "HorizontalRecoil": 0,
        "LoyaltyLevel": 0,
        "Price": 0
	},
    "02F111C64C64111000000000": {
        "$type": "RealismMod.WeaponMod, RealismMod",
		"ItemID": "02F111C64C64111000000000",
        "Name": "LSG64-DX-30 7.62x25 30-round magazine",
        "ModType": "",
        "ReloadSpeed": 5,
        "Ergonomics": 0,
        "MalfunctionChance": 0,
        "LoadUnloadModifier": 30,
        "CheckTimeModifier": 15,
        "ConflictingItems": [],
        "Weight": 0.169,
        "VerticalRecoil": 0,
        "HorizontalRecoil": 0,
        "LoyaltyLevel": 0,
        "Price": 0
	},
    "04B04BC64C6404B000000000": {
        "$type": "RealismMod.WeaponMod, RealismMod",
		"ItemID": "04B04BC64C6404B000000000",
        "Name": "Type 64 integral barrel-silencer",
        "ModType": "",
        "VerticalRecoil": 1,
        "HorizontalRecoil": 2,
        "CameraRecoil": 0,
        "ModMalfunctionChance": 0,
        "Convergence": 0,
        "Accuracy": 0,
        "CenterOfImpact": 0.085,
        "HeatFactor": 0.94,
        "CoolFactor": 0.98,
        "DurabilityBurnModificator": 0.95,
        "Velocity": -10,
        "ConflictingItems": [],
        "Ergonomics": 0,
        "Weight": 0.5,
        "ShotgunDispersion": 1,
        "Loudness": 0,
        "LoyaltyLevel": 0,
        "Price": 0
	},
    "04BB01C64C64B01000000000": {
        "$type": "RealismMod.WeaponMod, RealismMod",
		"ItemID": "04BB01C64C64B01000000000",
        "Name": "LSG64-XYQ integral barrel-silencer",
        "ModType": "",
        "VerticalRecoil": -2,
        "HorizontalRecoil": -4,
        "CameraRecoil": -5,
        "ModMalfunctionChance": -10,
        "Convergence": 0,
        "Accuracy": 10,
        "CenterOfImpact": 0.085,
        "HeatFactor": 0.94,
        "CoolFactor": 0.98,
        "DurabilityBurnModificator": 0.95,
        "Velocity": 4.3,
        "ConflictingItems": [],
        "Ergonomics": 0,
        "Weight": 0.45,
        "ShotgunDispersion": 1,
        "Loudness": 0,
        "LoyaltyLevel": 0,
        "Price": 0
	},
    "044044C64C64044000000000": {
        "$type": "RealismMod.WeaponMod, RealismMod",
        "ItemID": "044044C64C64044000000000",
        "Name": "Type 64 dust cover",
        "ModType": "",
        "ModMalfunctionChance": 0,
        "Accuracy": 0,
        "HeatFactor": 0.989,
        "CoolFactor": 2.01,
        "DurabilityBurnModificator": 1,
        "ConflictingItems": [],
        "Ergonomics": 0,
        "Weight": 0.28,
        "VerticalRecoil": 0,
        "HorizontalRecoil": 0,
        "ChamberSpeed": 0,
        "LoyaltyLevel": 0,
        "Price": 0
    },
    "044C64C64C64C64000000000": {
        "$type": "RealismMod.WeaponMod, RealismMod",
        "ItemID": "044C64C64C64C64000000000",
        "Name": "LSG64-JXG railed half dust cover",
        "ModType": "",
        "ModMalfunctionChance": 0,
        "Accuracy": -3,
        "HeatFactor": 1.989,
        "CoolFactor": 2.07,
        "DurabilityBurnModificator": 1,
        "ConflictingItems": [],
        "Ergonomics": 0,
        "Weight": 0.39,
        "VerticalRecoil": 0,
        "HorizontalRecoil": 0,
        "ChamberSpeed": 0,
        "LoyaltyLevel": 0,
        "Price": 0
    },
    "0410CCC64C64CCC000000000": {
        "$type": "RealismMod.WeaponMod, RealismMod",
		"ItemID": "0410CCC64C64CCC000000000",
        "Name": "LSG64-MLOK-DGHM-C M-LOK handguard short",
        "ModType": "",
        "VerticalRecoil": 0,
        "HorizontalRecoil": 2,
        "Dispersion": -2,
        "AimSpeed": 5,
        "Ergonomics": 5,
        "Accuracy": 0,
        "HeatFactor": 1.038,
        "CoolFactor": 0.978,
        "ConflictingItems": [],
        "Weight": 0.168,
        "LoyaltyLevel": 0,
        "Price": 0
	},
    "0410FFC64C64FFF000000000": {
        "$type": "RealismMod.WeaponMod, RealismMod",
		"ItemID": "0410FFC64C64FFF000000000",
        "Name": "LSG64-MLOK-DGHM-L M-LOK handguard long",
        "TemplateType": "mod",
        "ModType": "",
        "VerticalRecoil": -2,
        "HorizontalRecoil": -1,
        "Dispersion": -1,
        "AimSpeed": 0,
        "Ergonomics": 5,
        "Accuracy": 3,
        "HeatFactor": 0.975,
        "CoolFactor": 1.069,
        "ConflictingItems": [],
        "Weight": 0.202,
        "LoyaltyLevel": 0,
        "Price": 0
	},
    "042042C64C64042000000000": {
        "$type": "RealismMod.WeaponMod, RealismMod",
		"ItemID": "042042C64C64042000000000",
        "Name": "Type 64 pistol grip",
        "ModType": "",
        "VerticalRecoil": 0,
        "HorizontalRecoil": 0,
        "Dispersion": 0,
        "AimSpeed": 0,
        "Ergonomics": 4,
        "Accuracy": 0,
        "ConflictingItems": [],
        "Weight": 0.065,
        "LoyaltyLevel": 0,
        "Price": 0
	},
    "042F02C64C64F02000000000": {
        "$type": "RealismMod.WeaponMod, RealismMod",
		"ItemID": "042F02C64C64F02000000000",
        "Name": "YL SQWBUMAK-01 polymer pistol grip",
        "ModType": "",
        "VerticalRecoil": 0,
        "HorizontalRecoil": 0,
        "Dispersion": 0,
        "AimSpeed": 0,
        "Ergonomics": 6,
        "Accuracy": 0,
        "ConflictingItems": [],
        "Weight": 0.13,
        "LoyaltyLevel": 0,
        "Price": 0
	},
    "043043C64C64043000000000": {
        "$type": "RealismMod.WeaponMod, RealismMod",
		"ItemID": "043043C64C64043000000000",
        "Name": "Type 64 foldable stock",
        "ModType": "Stock",
        "VerticalRecoil": -4,
        "HorizontalRecoil": 8,
        "Dispersion": -2,
        "CameraRecoil": -3,
        "AimSpeed": 6,
        "Ergonomics": 12,
        "Accuracy": 0,
        "HasShoulderContact": true,
        "BlocksFolding": false,
        "AutoROF": 0,
        "SemiROF": 0,
        "ModMalfunctionChance": 0,
        "StockAllowADS": false,
        "ConflictingItems": [],
        "Weight": 0.52,
        "LoyaltyLevel": 0,
        "Price": 0
	},
    "043302C64C64302000000000": {
        "$type": "RealismMod.WeaponMod, RealismMod",
		"ItemID": "043302C64C64302000000000",
        "Name": "LSG64-QTZJQ stock adapter",
        "ModType": "",
        "VerticalRecoil": 0,
        "HorizontalRecoil": 0,
        "Dispersion": 0,
        "CameraRecoil": 0,
        "AimSpeed": 0,
        "Ergonomics": 0,
        "Accuracy": 0,
        "HasShoulderContact": false,
        "BlocksFolding": false,
        "AutoROF": 0,
        "SemiROF": 0,
        "ModMalfunctionChance": 0,
        "StockAllowADS": false,
        "ConflictingItems": [],
        "Weight": 0.19,
        "LoyaltyLevel": 0,
        "Price": 0
	},
    "043301C64C64301000000000": {
        "$type": "RealismMod.WeaponMod, RealismMod",
		"ItemID": "043301C64C64301000000000",
        "Name": "YL QTUM-02P lightweight stock",
        "ModType": "",
        "VerticalRecoil": 0,
        "HorizontalRecoil": 0,
        "Dispersion": 0,
        "CameraRecoil": 0,
        "AimSpeed": 0,
        "Ergonomics": 0,
        "Accuracy": 0,
        "HasShoulderContact": false,
        "BlocksFolding": false,
        "AutoROF": 0,
        "SemiROF": 0,
        "ModMalfunctionChance": 0,
        "StockAllowADS": false,
        "ConflictingItems": [],
        "Weight": 0.27,
        "LoyaltyLevel": 0,
        "Price": 0
	}
}