{
    "6783ae0d0410dd9ffe6f732c": {
        "$type": "RealismMod.Gun, RealismMod",
        "ItemID": "6783ae0d0410dd9ffe6f732c",
        "Name": "Tectonic Tactical Superi 46 4.6x30 submachine gun",
        "WeapType": "DI",
        "OperationType": "buffer",
        "WeapAccuracy": 0,
        "BaseTorque": 1,
        "HasShoulderContact": false,
        "Ergonomics": 85,
        "VerticalRecoil": 53,
        "HorizontalRecoil": 144,
        "Dispersion": 9,
        "CameraRecoil": 0.037,
        "VisualMulti": 1.4,
        "Convergence": 9,
        "RecoilAngle": 82,
        "BaseMalfunctionChance": 0,
        "HeatFactorGun": 0.38,
        "HeatFactorByShot": 1,
        "CoolFactorGun": 0.1,
        "CoolFactorGunMods": 1,
        "AllowOverheat": true,
        "CenterOfImpact": 0,
        "HipAccuracyRestorationDelay": 0.2,
        "HipAccuracyRestorationSpeed": 7,
        "HipInnaccuracyGain": 0.16,
        "ShotgunDispersion": 0,
        "Velocity": 0,
        "RecoilDamping": 0.80,
        "RecoilHandDamping": 0.6,
        "WeaponAllowADS": false,
        "Weight": 0.35,
        "DurabilityBurnRatio": 0.3,
        "AutoROF": 700,
        "SemiROF": 450,
        "LoyaltyLevel": 2,
        "BaseReloadSpeedMulti": 1,
        "BaseChamberSpeedMulti": 1,
        "MinChamberSpeed": 0.7,
        "MaxChamberSpeed": 1.5,
        "IsManuallyOperated": false,
        "weapFireType": [
            "fullauto"
        ],
        "BaseChamberCheckSpeed": 1,
        "BaseFixSpeed": 1,
        "OffsetRotation": 0.01,
        "RecoilIntensity": 0.25,
        "MasteryCategory": "M4"
    },
    "04B84BBEF1BEF84B00000000": {
        "$type": "RealismMod.WeaponMod, RealismMod",
        "ItemID": "04B84BBEF1BEF84B00000000",
        "Name": "Superi 46 muzzle device",
        "ModType": "",
        "VerticalRecoil": 0,
        "HorizontalRecoil": -2,
        "Dispersion": -10,
        "CameraRecoil": -10,
        "AutoROF": 0,
        "SemiROF": 0,
        "ModMalfunctionChance": 0,
        "CanCycleSubs": false,
        "Accuracy": 0,
        "HeatFactor": 1,
        "CoolFactor": 1,
        "DurabilityBurnModificator": 1,
        "Velocity": 0,
        "RecoilAngle": 7,
        "ConflictingItems": [],
        "Ergonomics": 0,
        "Weight": 0.091,
        "Loudness": 35,
        "Convergence": 26,
        "LoyaltyLevel": 2,
        "Flash": 30
    },
    "04BA4BBEF1BEFA4B00000000": {
        "$type": "RealismMod.WeaponMod, RealismMod",
        "ItemID": "04BA4BBEF1BEFA4B00000000",
        "Name": "Superi 46 default barrel",
        "ModType": "",
        "VerticalRecoil": 0,
        "HorizontalRecoil": 3,
        "AutoROF": 0,
        "SemiROF": 0,
        "ModMalfunctionChance": 0,
        "Convergence": 0,
        "Accuracy": 0,
        "CenterOfImpact": 0.062,
        "HeatFactor": 0.97,
        "CoolFactor": 1.03,
        "DurabilityBurnModificator": 1.21,
        "Velocity": 1,
        "ConflictingItems": [
            "5b2cfa535acfc432ff4db7a0",
            "5c9a25172e2216000f20314e",
            "5ea16ada09aa976f2e7a51be",
            "5a329052c4a28200741e22d3",
            "5d122e7bd7ad1a07102d6d7f",
            "5d4405f0a4b9361e6a4e6bd9",
            "5c78f2492e221600114c9f04",
            "5c78f2612e221600114c9f0d",
            "6087e0336d0bd7580617bb7a",
            "595cfa8b86f77427437e845b",
            "595cf16b86f77427440c32e2"
        ],
        "Ergonomics": 0,
        "Weight": 0.429,
        "ShotgunDispersion": 1,
        "Loudness": 0,
        "LoyaltyLevel": 2
    },
    "04BB4BBEF1BEFB4B00000000": {
        "$type": "RealismMod.WeaponMod, RealismMod",
        "ItemID": "04BB4BBEF1BEFB4B00000000",
        "Name": "Superi 46 long barrel",
        "ModType": "",
        "VerticalRecoil": 0,
        "HorizontalRecoil": -5,
        "AutoROF": 0,
        "SemiROF": 0,
        "ModMalfunctionChance": 0,
        "Convergence": 0,
        "Accuracy": 0,
        "CenterOfImpact": 0.058,
        "HeatFactor": 0.96,
        "CoolFactor": 1.02,
        "DurabilityBurnModificator": 1.05,
        "Velocity": 3.28,
        "ConflictingItems": [
            "5b2cfa535acfc432ff4db7a0",
            "5c9a25172e2216000f20314e",
            "5ea16ada09aa976f2e7a51be",
            "5a329052c4a28200741e22d3",
            "5d4405f0a4b9361e6a4e6bd9",
            "5c78f2492e221600114c9f04",
            "6087e0336d0bd7580617bb7a",
            "595cfa8b86f77427437e845b",
            "595cf16b86f77427440c32e2"
        ],
        "Ergonomics": -1,
        "Weight": 0.532,
        "ShotgunDispersion": 1,
        "Loudness": 0,
        "LoyaltyLevel": 2
    },
    "04BC4BBEF1BEFC4B00000000": {
        "$type": "RealismMod.WeaponMod, RealismMod",
        "ItemID": "04BC4BBEF1BEFC4B00000000",
        "Name": "Superi 46 short barrel",
        "ModType": "",
        "VerticalRecoil": 0,
        "HorizontalRecoil": 6,
        "AutoROF": 0,
        "SemiROF": 0,
        "ModMalfunctionChance": 0,
        "Convergence": 0,
        "Accuracy": 0,
        "CenterOfImpact": 0.070,
        "HeatFactor": 0.95,
        "CoolFactor": 1.05,
        "DurabilityBurnModificator": 1.05,
        "Velocity": 0.95,
        "ConflictingItems": [
            "5b2cfa535acfc432ff4db7a0",
            "5c9a25172e2216000f20314e",
            "5ea16ada09aa976f2e7a51be",
            "5a329052c4a28200741e22d3",
            "5d122e7bd7ad1a07102d6d7f",
            "5d4405f0a4b9361e6a4e6bd9",
            "5c78f2492e221600114c9f04",
            "5c78f2612e221600114c9f0d",
            "6087e0336d0bd7580617bb7a",
            "595cfa8b86f77427437e845b",
            "595cf16b86f77427440c32e2"
        ],
        "Ergonomics": 0,
        "Weight": 0.429,
        "ShotgunDispersion": 1,
        "Loudness": 0,
        "LoyaltyLevel": 2
    },
    "04C04CBEF1BEF10000000000": {
        "$type": "RealismMod.WeaponMod, RealismMod",
        "ItemID": "04C04CBEF1BEF10000000000",
        "Name": "Superi 46 charging handle",
        "ModType": "",
        "ReloadSpeed": 0,
        "ConflictingItems": [],
        "FixSpeed": 5,
        "Ergonomics": 0,
        "Weight": 0.028,
        "VerticalRecoil": 0,
        "HorizontalRecoil": 0,
        "ChamberSpeed": 25,
        "LoyaltyLevel": 2,
        "Flash": -5
    },
    "041041BEF1BEF14100000000": {
        "$type": "RealismMod.WeaponMod, RealismMod",
        "ItemID": "041041BEF1BEF14100000000",
        "Name": "Superi 46 default handguard",
        "ModType": "",
        "VerticalRecoil": -3,
        "HorizontalRecoil": -1,
        "Dispersion": 0,
        "AimSpeed": 0,
        "Ergonomics": 11,
        "Accuracy": 5,
        "HeatFactor": 0.978,
        "CoolFactor": 1.076,
        "ConflictingItems": [
            "5a34fbadc4a28200741e230a",
            "5ae30e795acfc408fb139a0b",
            "56ea8d2fd2720b7c698b4570"
        ],
        "Weight": 0.172,
        "LoyaltyLevel": 2,
        "Handling": 1,
        "AimStability": 2
    },
    "041A41BEF1BEF141AA000000": {
        "$type": "RealismMod.WeaponMod, RealismMod",
        "ItemID": "041A41BEF1BEF141AA000000",
        "Name": "Superi 46 Expedite long handguard",
        "ModType": "",
        "VerticalRecoil": -3.5,
        "HorizontalRecoil": -1.5,
        "Dispersion": 0,
        "AimSpeed": 0,
        "Ergonomics": 14,
        "Accuracy": 8,
        "HeatFactor": 0.982,
        "CoolFactor": 1.115,
        "ConflictingItems": [
            "5a34fbadc4a28200741e230a",
            "5ae30e795acfc408fb139a0b",
            "56ea8d2fd2720b7c698b4570",
            "55d35ee94bdc2d61338b4568",
            "603372b4da11d6478d5a07ff"
        ],
        "Weight": 0.220,
        "LoyaltyLevel": 4,
        "Handling": 1.5,
        "AimStability": 3
    },
    "041B41BEF1BEF141BB000000": {
        "$type": "RealismMod.WeaponMod, RealismMod",
        "ItemID": "041B41BEF1BEF141BB000000",
        "Name": "Superi 46 short handguard",
        "ModType": "",
        "VerticalRecoil": 0,
        "HorizontalRecoil": -1,
        "Dispersion": 0,
        "AimSpeed": 0,
        "Ergonomics": 15,
        "Accuracy": 2,
        "HeatFactor": 0.978,
        "CoolFactor": 1.076,
        "ConflictingItems": [
            "5a34fbadc4a28200741e230a",
            "5ae30e795acfc408fb139a0b",
            "56ea8d2fd2720b7c698b4570"
        ],
        "Weight": 0.152,
        "LoyaltyLevel": 2,
        "Handling": 5,
        "AimStability": 2
    },
    "02F02FBEF1BEF15150000000": {
        "$type": "RealismMod.WeaponMod, RealismMod",
        "ItemID": "02F02FBEF1BEF15150000000",
        "Name": ".45 ACP Superi 46 30-round magazine",
        "ModType": "",
        "ReloadSpeed": 0,
        "Ergonomics": 0,
        "MalfunctionChance": 0.10,
        "LoadUnloadModifier": -10,
        "CheckTimeModifier": -40,
        "ConflictingItems": [],
        "Weight": 0.14,
        "LoyaltyLevel": 2
    },
    "02F42FBEF1BEF40400000000": {
        "$type": "RealismMod.WeaponMod, RealismMod",
        "ItemID": "02F42FBEF1BEF40400000000",
        "Name": ".45 ACP Superi 46 40-round magazine",
        "ModType": "",
        "ReloadSpeed": -5,
        "Ergonomics": -1,
        "MalfunctionChance": 0.15,
        "LoadUnloadModifier": 10,
        "CheckTimeModifier": 15,
        "ConflictingItems": [],
        "Weight": 0.185,
        "VerticalRecoil": 0,
        "HorizontalRecoil": 0,
        "LoyaltyLevel": 3
    },
    "047047BEF1BEF10000000000": {
        "$type": "RealismMod.WeaponMod, RealismMod",
        "ItemID": "047047BEF1BEF10000000000",
        "Name": "Superi 46 default stock",
        "ModType": "Stock",
        "VerticalRecoil": 0,
        "HorizontalRecoil": -10,
        "Dispersion": -10,
        "CameraRecoil": -5,
        "AimSpeed": 0,
        "Ergonomics": 10,
        "Accuracy": 1,
        "HasShoulderContact": true,
        "BlocksFolding": false,
        "AutoROF": 0,
        "SemiROF": 0,
        "ModMalfunctionChance": 0,
        "StockAllowADS": false,
        "ConflictingItems": [],
        "Weight": 0.264,
        "LoyaltyLevel": 2,
        "AimStability": 5
    },
    "042042BEF1BEF10000000000": {
        "$type": "RealismMod.WeaponMod, RealismMod",
        "ItemID": "042042BEF1BEF10000000000",
        "Name": "Superi 46 upper receiver",
        "ModType": "",
        "ModMalfunctionChance": 0,
        "Accuracy": 5,
        "HeatFactor": 0.934,
        "CoolFactor": 1.066,
        "DurabilityBurnModificator": 1,
        "ConflictingItems": [],
        "Ergonomics": 6,
        "Weight": 0.260,
        "VerticalRecoil": 0,
        "HorizontalRecoil": 0,
        "ChamberSpeed": 0,
        "LoyaltyLevel": 2
    },
    "043043BEF1BEF14300000000": {
        "$type": "RealismMod.WeaponMod, RealismMod",
        "ItemID": "043043BEF1BEF14300000000",
        "Name": "Superi 46 pistol grip",
        "ModType": "",
        "VerticalRecoil": 0,
        "HorizontalRecoil": 0,
        "Dispersion": 0,
        "AimSpeed": 0,
        "Ergonomics": 5,
        "Accuracy": 0,
        "ConflictingItems": [],
        "Weight": 0.09,
        "LoyaltyLevel": 2,
        "Handling": 5
    },
    "048048BEF1BEF14800000000": {
        "$type": "RealismMod.WeaponMod, RealismMod",
        "ItemID": "048048BEF1BEF14800000000",
        "Name": "Superi 46 side rail",
        "ModType": "",
        "VerticalRecoil": 0,
        "HorizontalRecoil": 0,
        "Dispersion": 0,
        "AimSpeed": 0,
        "Ergonomics": 0,
        "Accuracy": 0,
        "ConflictingItems": [],
        "Weight": 0.010,
        "LoyaltyLevel": 2,
        "Handling": 0
    }
}