{
    "02002010AB10AB0000000000": {
        "$type": "RealismMod.Gun, RealismMod",
        "ItemID": "02002010AB10AB0000000000",
        "Name": "Longbow 7.62x39 bolt-action rifle",
        "WeapType": "",
        "OperationType": "manual",
        "WeapAccuracy": 0,
        "BaseTorque": 0,
        "HasShoulderContact": false,
        "Ergonomics": 80,
        "VerticalRecoil": 237,
        "HorizontalRecoil": 245,
        "Dispersion": 3,
        "CameraRecoil": 0.17,
        "VisualMulti": 1.6,
        "Convergence": 7,
        "RecoilAngle": 90,
        "BaseMalfunctionChance": 0.005,
        "HeatFactorGun": 0.9305,
        "HeatFactorByShot": 1.275,
        "CoolFactorGun": 2.956,
        "CoolFactorGunMods": 0.985,
        "AllowOverheat": true,
        "CenterOfImpact": 0.060,
        "HipAccuracyRestorationDelay": 0.2,
        "HipAccuracyRestorationSpeed": 7,
        "HipInnaccuracyGain": 0.17,
        "ShotgunDispersion": 0, 
        "Velocity": 1.8,
        "RecoilDamping": 0.8,
        "RecoilHandDamping": 0.4,
        "WeaponAllowADS": false,
        "Weight": 0.312,
        "DurabilityBurnRatio": 0.4,
        "AutoROF": 100,
        "SemiROF": 100,
        "LoyaltyLevel": 1,
        "BaseReloadSpeedMulti": 1,
        "BaseChamberSpeedMulti": 0.85,
        "MinChamberSpeed": 0.65,
        "MaxChamberSpeed": 1.3,
        "IsManuallyOperated": true,
        "BaseChamberCheckSpeed": 1.1,
        "BaseFixSpeed": 1.15,
        "OffsetRotation": 0.01,
        "RecoilIntensity": 0.2645,
        "RecoilCenter": {
            "x": 0,
            "y": -0.4,
            "z": 0
        },
        "MasteryCategory": "SV98"
    },
    "04504510AB10AB4500000000": {
        "$type": "RealismMod.WeaponMod, RealismMod",
        "ItemID": "04504510AB10AB4500000000",
        "Name": "Longbow 7.62x39 muzzle brake-compensator",
        "ModType": "",
        "VerticalRecoil": 0,
        "HorizontalRecoil": -10,
        "Dispersion": -7,
        "CameraRecoil": -5,
        "AutoROF": 0,
        "SemiROF": 0,
        "ModMalfunctionChance": 0,
        "CanCycleSubs": false,
        "Accuracy": 0,
        "HeatFactor": 1,
        "CoolFactor": 1,
        "DurabilityBurnModificator": 1,
        "Velocity": 0,
        "RecoilAngle": 0,
        "ConflictingItems": [],
        "Ergonomics": 0,
        "Weight": 0.1,
        "Loudness": 22,
        "Convergence": 8,
        "LoyaltyLevel": 0,
        "Price": 0,
        "Flash": 10
    },
    "04104110AB10AB4100000000": {
        "$type": "RealismMod.WeaponMod, RealismMod",
        "ItemID": "04104110AB10AB4100000000",
        "Name": "Longbow standard handguard",
        "ModType": "",
        "VerticalRecoil": -1,
        "HorizontalRecoil": -1,
        "Dispersion": -5,
        "AimSpeed": 0,
        "Ergonomics": 6,
        "Accuracy": 12,
        "HeatFactor": 1.05,
        "CoolFactor": 1.09,
        "ConflictingItems": [
            "04114110AB10AB4110000000"
        ],
        "Weight": 0.3,
        "LoyaltyLevel": 0,
        "Price": 0
    },
    "04D04D10AB10AB4D00000000": {
        "$type": "RealismMod.WeaponMod, RealismMod",
        "ItemID": "04D04D10AB10AB4D00000000",
        "Name": "Longbow rear sight",
        "ModType": "sight",
        "AimSpeed": 0,
        "Accuracy": 0,
        "ConflictingItems": [],
        "Ergonomics": 0,
        "Weight": 0.004,
        "VerticalRecoil": 0,
        "HorizontalRecoil": 0,
        "LoyaltyLevel": 0,
        "Price": 0
    },
    "5bc09a18d4351e003562b68e": {
        "$type": "RealismMod.WeaponMod, RealismMod",
        "ItemID": "5bc09a18d4351e003562b68e",
        "Name": "Magpul MBUS Gen2 flip-up rear sight",
        "ModType": "sight",
        "AimSpeed": 0,
        "Accuracy": 0,
        "ConflictingItems": [],
        "Ergonomics": 0,
        "Weight": 0.004,
        "VerticalRecoil": 0,
        "HorizontalRecoil": 0,
        "LoyaltyLevel": 0,
        "Price": 0
    },
    "04514510AB10AB4510000000": {
        "$type": "RealismMod.WeaponMod, RealismMod",
        "ItemID": "04514510AB10AB4510000000",
        "Name": "Longbow 7.62x39 suppressor muzzle",
        "ModType": "",
        "VerticalRecoil": -5,
        "HorizontalRecoil": -8,
        "Dispersion": -7,
        "CameraRecoil": -5,
        "AutoROF": 0,
        "SemiROF": 0,
        "ModMalfunctionChance": 0,
        "CanCycleSubs": false,
        "Accuracy": 0,
        "HeatFactor": 1,
        "CoolFactor": 1,
        "DurabilityBurnModificator": 1.35,
        "Velocity": 0.7,
        "RecoilAngle": 0,
        "ConflictingItems": [],
        "Ergonomics": 0,
        "Weight": 0.001,
        "Loudness": -30,
        "Convergence": 8,
        "LoyaltyLevel": 0,
        "Price": 0,
        "Flash": 10
    },
    "04604610AB10AB4600000000": {
        "$type": "RealismMod.WeaponMod, RealismMod",
        "ItemID": "04604610AB10AB4600000000",
        "Name": "Longbow handguard bottom rail",
        "ModType": "foregrip_adapter",
        "Ergonomics": -2,
        "Accuracy": 0,
        "ConflictingItems": [],
        "Weight": 0.07,
        "LoyaltyLevel": 0,
        "Price": 0
    },
    "04114110AB10AB4110000000": {
        "$type": "RealismMod.WeaponMod, RealismMod",
        "ItemID": "04114110AB10AB4110000000",
        "Name": "Longbow short handguard",
        "ModType": "",
        "VerticalRecoil": -2,
        "HorizontalRecoil": -4,
        "Dispersion": -5,
        "AimSpeed": 0,
        "Ergonomics": 14,
        "Accuracy": 12,
        "HeatFactor": 0.97,
        "CoolFactor": 1.03,
        "ConflictingItems": [
            "04104110AB10AB4100000000"
        ],
        "Weight": 0.173,
        "LoyaltyLevel": 0,
        "Price": 0
    },
    "04204210AB10AB4200000000": {
        "$type": "RealismMod.WeaponMod, RealismMod",
        "ItemID": "04204210AB10AB4200000000",
        "Name": "Longbow standard stock",
        "ModType": "Stock",
        "VerticalRecoil": -2,
        "HorizontalRecoil": -10,
        "Dispersion": 0,
        "CameraRecoil": 0,
        "AimSpeed": 0,
        "Ergonomics": 6,
        "Accuracy": 0,
        "HasShoulderContact": true,
        "BlocksFolding": false,
        "AutoROF": 0,
        "SemiROF": 0,
        "ModMalfunctionChance": 0,
        "StockAllowADS": false,
        "ConflictingItems": [],
        "Weight": 0.35,
        "LoyaltyLevel": 0,
        "Price": 0
    },
    "04304310AB10AB4300000000": {
        "$type": "RealismMod.WeaponMod, RealismMod",
        "ItemID": "04304310AB10AB4300000000",
        "Name": "Longbow polymer pistol grip",
        "ModType": "",
        "VerticalRecoil": 0,
        "HorizontalRecoil": 0,
        "Dispersion": 0,
        "AimSpeed": 0,
        "Ergonomics": 2,
        "Accuracy": 0,
        "ConflictingItems": [],
        "Weight": 0.065,
        "LoyaltyLevel": 0,
        "Price": 0
    },
    "04B04B10AB10AB4B00000000": {
        "$type": "RealismMod.WeaponMod, RealismMod",
        "ItemID": "04B04B10AB10AB4B00000000",
        "Name": "Longbow 7.62x39 standard barrel",
        "ModType": "",
        "VerticalRecoil": -8,
        "HorizontalRecoil": -12,
        "AutoROF": 0,
        "SemiROF": 0,
        "ModMalfunctionChance": 0,
        "Convergence": 0,
        "Accuracy": 0,
        "CenterOfImpact": 0.043,
        "HeatFactor": 0.98,
        "CoolFactor": 0.99,
        "DurabilityBurnModificator": 1,
        "Velocity": 8.2,
        "ConflictingItems": [],
        "Ergonomics": -30,
        "Weight": 1.4,
        "ShotgunDispersion": 1,
        "Loudness": 0,
        "LoyaltyLevel": 0,
        "Price": 0
    },
    "04B14B10AB10AB4B10000000": {
        "$type": "RealismMod.WeaponMod, RealismMod",
        "ItemID": "04B14B10AB10AB4B10000000",
        "Name": "Longbow 7.62x39 long barrel",
        "ModType": "",
        "VerticalRecoil": -10,
        "HorizontalRecoil": -15,
        "AutoROF": 0,
        "SemiROF": 0,
        "ModMalfunctionChance": 0,
        "Convergence": 0,
        "Accuracy": 0,
        "CenterOfImpact": 0.039,
        "HeatFactor": 0.98,
        "CoolFactor": 1.1,
        "DurabilityBurnModificator": 1,
        "Velocity": 8.95,
        "ConflictingItems": [],
        "Ergonomics": -35,
        "Weight": 1.51,
        "ShotgunDispersion": 1,
        "Loudness": 0,
        "LoyaltyLevel": 0,
        "Price": 0
    },
    "04B24B10AB10AB4B20000000": {
        "$type": "RealismMod.WeaponMod, RealismMod",
        "ItemID": "04B24B10AB10AB4B20000000",
        "Name": "Longbow 7.62x39 short barrel",
        "ModType": "",
        "VerticalRecoil": -3,
        "HorizontalRecoil": -6,
        "AutoROF": 0,
        "SemiROF": 0,
        "ModMalfunctionChance": 0,
        "Convergence": 0,
        "Accuracy": 0,
        "CenterOfImpact": 0.07,
        "HeatFactor": 1.02,
        "CoolFactor": 1.09,
        "DurabilityBurnModificator": 0.87,
        "Velocity": -15,
        "ConflictingItems": [],
        "Ergonomics": -12,
        "Weight": 0.5,
        "ShotgunDispersion": 1,
        "Loudness": 0,
        "LoyaltyLevel": 0,
        "Price": 0
    },
    "04B34B10AB10AB4B30000000": {
        "$type": "RealismMod.WeaponMod, RealismMod",
        "ItemID": "04B34B10AB10AB4B30000000",
        "Name": "Longbow 7.62x39 integrated suppressor barrel",
        "ModType": "",
        "VerticalRecoil": -13,
        "HorizontalRecoil": -20,
        "AutoROF": 0,
        "SemiROF": 0,
        "ModMalfunctionChance": 0,
        "Convergence": 0,
        "Accuracy": 0,
        "CenterOfImpact": 0.052,
        "HeatFactor": 1.13,
        "CoolFactor": 1.07,
        "DurabilityBurnModificator": 1,
        "Velocity": -8.5,
        "ConflictingItems": [],
        "Ergonomics": -22,
        "Weight": 1.32,
        "ShotgunDispersion": 1,
        "Loudness": 0,
        "LoyaltyLevel": 0,
        "Price": 0
    },
    "04404410AB10AB4400000000": {
        "$type": "RealismMod.WeaponMod, RealismMod",
        "ItemID": "04404410AB10AB4400000000",
        "Name": "Longbow standard dust cover",
        "ModType": "",
        "ModMalfunctionChance": -5,
        "Accuracy": 0,
        "HeatFactor": 1,
        "CoolFactor": 1,
        "DurabilityBurnModificator": 0.97,
        "ConflictingItems": [],
        "Ergonomics": 11,
        "Weight": 0.2,
        "VerticalRecoil": 0,
        "HorizontalRecoil": 0,
        "ChamberSpeed": 0,
        "LoyaltyLevel": 0,
        "Price": 0
    },
    "04414410AB10AB4410000000": {
        "$type": "RealismMod.WeaponMod, RealismMod",
        "ItemID": "04414410AB10AB4410000000",
        "Name": "Longbow carbon fiber dust cover",
        "TemplateType": "mod",
        "ModType": "",
        "ModMalfunctionChance": -5,
        "Accuracy": 0,
        "HeatFactor": 1.02,
        "CoolFactor": 1,
        "DurabilityBurnModificator": 0.99,
        "ConflictingItems": [],
        "Ergonomics": 17,
        "Weight": 0.15,
        "VerticalRecoil": 0,
        "HorizontalRecoil": 0,
        "ChamberSpeed": 0,
        "LoyaltyLevel": 0,
        "Price": 0
    },
    "04C04C10AB10AB4C00000000": {
        "$type": "RealismMod.WeaponMod, RealismMod",
        "ItemID": "04C04C10AB10AB4C00000000",
        "Name": "Longbow standard bolt",
        "ModType": "",
        "ReloadSpeed": 0,
        "ConflictingItems": [],
        "FixSpeed": 0,
        "Ergonomics": 0,
        "Weight": 0.785,
        "VerticalRecoil": -1,
        "HorizontalRecoil": -2,
        "ChamberSpeed": 0,
        "LoyaltyLevel": 0,
        "Price": 0
    },
    "04C14C10AB10AB4C10000000": {
        "$type": "RealismMod.WeaponMod, RealismMod",
        "ItemID": "04C14C10AB10AB4C10000000",
        "Name": "Longbow heavy bolt",
        "ModType": "",
        "ReloadSpeed": 0,
        "ConflictingItems": [],
        "FixSpeed": 0,
        "Ergonomics": -3,
        "Weight": 0.91,
        "VerticalRecoil": -2,
        "HorizontalRecoil": -3,
        "ChamberSpeed": 0,
        "LoyaltyLevel": 0,
        "Price": 0
    },
    "04C24C10AB10AB4C20000000": {
        "$type": "RealismMod.WeaponMod, RealismMod",
        "ItemID": "04C24C10AB10AB4C20000000",
        "Name": "Longbow light bolt",
        "ModType": "",
        "ReloadSpeed": 0,
        "ConflictingItems": [],
        "FixSpeed": 0,
        "Ergonomics": 3,
        "Weight": 0.72,
        "VerticalRecoil": -1,
        "HorizontalRecoil": -2,
        "ChamberSpeed": 0,
        "LoyaltyLevel": 0,
        "Price": 0
    }
}