{
    "020020195195F95556000000": {
        "$type": "RealismMod.Gun, RealismMod",
        "ItemID": "020020195195F95556000000",
        "Name": "IWI Tavor X95 5.56x45 assault rifle",
        "WeapType": "bullpup",
        "OperationType": "",
        "WeapAccuracy": 0,
        "BaseTorque": 5,
        "HasShoulderContact": true,
        "Ergonomics": 85,
        "VerticalRecoil": 55,
        "HorizontalRecoil": 120,
        "Dispersion": 8,
        "CameraRecoil": 0.035,
        "VisualMulti": 1.15,
        "Convergence": 13.5,
        "RecoilAngle": 70,
        "BaseMalfunctionChance": 0.0014,
        "HeatFactorGun": 0.25,
        "HeatFactorByShot": 1,
        "CoolFactorGun": 0.1,
        "CoolFactorGunMods": 1,
        "AllowOverheat": true,
        "CenterOfImpact": 0.01,
        "HipAccuracyRestorationDelay": 0.2,
        "HipAccuracyRestorationSpeed": 7,
        "HipInnaccuracyGain": 0.16,
        "ShotgunDispersion": 0,
        "Velocity": 0,
        "RecoilDamping": 0.83,
        "RecoilHandDamping": 0.24,
        "WeaponAllowADS": false,
        "Weight": 3,
        "DurabilityBurnRatio": 0.35,
        "AutoROF": 950,
        "SemiROF": 365,
        "LoyaltyLevel": 3,
        "BaseReloadSpeedMulti": 0.9,
        "BaseChamberSpeedMulti": 1,
        "MinChamberSpeed": 0.7,
        "MaxChamberSpeed": 1.5,
        "IsManuallyOperated": false,
        "BaseChamberCheckSpeed": 0.9,
        "BaseFixSpeed": 1.1,
        "OffsetRotation": 0.01,
        "RecoilIntensity": 0.155,
        "MasteryCategory": "MDR"
    },
    "020020195195F95545000000": {
        "$type": "RealismMod.Gun, RealismMod",
        "ItemID": "020020195195F95545000000",
        "Name": "IWI Tavor X95-R 5.45x39 assault rifle",
        "WeapType": "bullpup",
        "OperationType": "",
        "WeapAccuracy": 0,
        "BaseTorque": 5,
        "HasShoulderContact": true,
        "Ergonomics": 85,
        "VerticalRecoil": 55,
        "HorizontalRecoil": 120,
        "Dispersion": 8,
        "CameraRecoil": 0.035,
        "VisualMulti": 1.15,
        "Convergence": 13.5,
        "RecoilAngle": 70,
        "BaseMalfunctionChance": 0.0014,
        "HeatFactorGun": 0.25,
        "HeatFactorByShot": 1,
        "CoolFactorGun": 0.1,
        "CoolFactorGunMods": 1,
        "AllowOverheat": true,
        "CenterOfImpact": 0.01,
        "HipAccuracyRestorationDelay": 0.2,
        "HipAccuracyRestorationSpeed": 7,
        "HipInnaccuracyGain": 0.16,
        "ShotgunDispersion": 0,
        "Velocity": 0,
        "RecoilDamping": 0.83,
        "RecoilHandDamping": 0.24,
        "WeaponAllowADS": false,
        "Weight": 3,
        "DurabilityBurnRatio": 0.35,
        "AutoROF": 950,
        "SemiROF": 365,
        "LoyaltyLevel": 3,
        "BaseReloadSpeedMulti": 0.9,
        "BaseChamberSpeedMulti": 1,
        "MinChamberSpeed": 0.7,
        "MaxChamberSpeed": 1.5,
        "IsManuallyOperated": false,
        "BaseChamberCheckSpeed": 0.9,
        "BaseFixSpeed": 1.1,
        "OffsetRotation": 0.01,
        "RecoilIntensity": 0.155,
        "MasteryCategory": "MDR"
    },
    "042042195195F95042000000": {
        "$type": "RealismMod.WeaponMod, RealismMod",
        "ItemID": "042042195195F95042000000",
        "Name": "Pistol grip for Tavor X95",
        "ModType": "",
        "VerticalRecoil": 0,
        "HorizontalRecoil": 0,
        "Dispersion": 0,
        "AimSpeed": 0,
        "Ergonomics": 6,
        "Accuracy": 0,
        "ConflictingItems": [],
        "Weight": 0.05,
        "LoyaltyLevel": 0,
        "Price": 0
    },
    "042042195195033000000000": {
        "$type": "RealismMod.WeaponMod, RealismMod",
        "ItemID": "042042195195033000000000",
        "Name": "Pistol grip for Tavor X95 alternative",
        "ModType": "",
        "VerticalRecoil": 0,
        "HorizontalRecoil": 0,
        "Dispersion": 0,
        "AimSpeed": 0,
        "Ergonomics": 7.5,
        "Accuracy": 0,
        "ConflictingItems": [],
        "Weight": 0.05,
        "LoyaltyLevel": 0,
        "Price": 0
    },
    "041041195195F95041000000": {
        "$type": "RealismMod.WeaponMod, RealismMod",
        "ItemID": "041041195195F95041000000",
        "Name": "Handguard for Tavor X95",
        "ModType": "",
        "VerticalRecoil": -3.5,
        "HorizontalRecoil": -3,
        "Dispersion": -1.5,
        "AimSpeed": 0,
        "Ergonomics": 10,
        "Accuracy": 4,
        "HeatFactor": 0.962,
        "CoolFactor": 1.0042,
        "Weight": 0.292,
        "LoyaltyLevel": 0,
        "Price": 0
    },
    "04B64B19519564B556000000": {
        "$type": "RealismMod.WeaponMod, RealismMod",
        "ItemID": "04B64B19519564B556000000",
        "Name": "16.5-inch barrel for X95",
        "ModType": "",
        "VerticalRecoil": -12,
        "HorizontalRecoil": -10,
        "AutoROF": 0,
        "SemiROF": 0,
        "ModMalfunctionChance": 0,
        "Convergence": 0,
        "Accuracy": 4,
        "CenterOfImpact": 0.023000,
        "HeatFactor": 0.72,
        "CoolFactor": 0.93,
        "DurabilityBurnModificator": 1,
        "Velocity": 0.5,
        "ConflictingItems": [],
        "Weight": 1.06,
        "ShotgunDispersion": 1,
        "Loudness": 0,
        "LoyaltyLevel": 0,
        "Price": 0
    },
    "04B84B19519584B556000000": {
        "$type": "RealismMod.WeaponMod, RealismMod",
        "ItemID": "04B84B19519584B556000000",
        "Name": "18.5-inch barrel for X95",
        "ModType": "",
        "VerticalRecoil": -13,
        "HorizontalRecoil": -14,
        "AutoROF": -2.5,
        "SemiROF": -1.5,
        "ModMalfunctionChance": 0,
        "Convergence": 0,
        "Accuracy": 0,
        "CenterOfImpact": 0.02300,
        "HeatFactor": 0.82,
        "CoolFactor": 0.9,
        "DurabilityBurnModificator": 0.8,
        "Velocity": 0.3,
        "ConflictingItems": [],
        "Weight": 1.221,
        "ShotgunDispersion": 1,
        "Loudness": 0,
        "LoyaltyLevel": 0,
        "Price": 0
    },
    "04B64B19519564B545000000": {
        "$type": "RealismMod.WeaponMod, RealismMod",
        "ItemID": "04B64B19519564B545000000",
        "Name": "16.5-inch 5.45*39mm barrel for X95-R",
        "ModType": "",
        "VerticalRecoil": -12,
        "HorizontalRecoil": -10,
        "AutoROF": 0,
        "SemiROF": 0,
        "ModMalfunctionChance": 0,
        "Convergence": 0,
        "Accuracy": 4,
        "CenterOfImpact": 0.032,
        "HeatFactor": 0.92,
        "CoolFactor": 0.93,
        "DurabilityBurnModificator": 1,
        "Velocity": 0.5,
        "ConflictingItems": [],
        "Weight": 0.98,
        "ShotgunDispersion": 1,
        "Loudness": 0,
        "LoyaltyLevel": 0,
        "Price": 0
    },
    "04B84B19519584B545000000": {
        "$type": "RealismMod.WeaponMod, RealismMod",
        "ItemID": "04B84B19519584B545000000",
        "Name": "18.5-inch 5.45*39mm barrel for X95-R",
        "ModType": "",
        "VerticalRecoil": -13,
        "HorizontalRecoil": -14,
        "AutoROF": -2.5,
        "SemiROF": -1.5,
        "ModMalfunctionChance": 0,
        "Convergence": 0,
        "Accuracy": 0,
        "CenterOfImpact": 0.032,
        "HeatFactor": 0.82,
        "CoolFactor": 0.9,
        "DurabilityBurnModificator": 0.8,
        "Velocity": 0.3,
        "ConflictingItems": [],
        "Weight": 1.115,
        "ShotgunDispersion": 1,
        "Loudness": 0,
        "LoyaltyLevel": 0,
        "Price": 0
    },
    "02F030195195030545000000": {
        "$type": "RealismMod.WeaponMod, RealismMod",
        "ItemID": "02F030195195030545000000",
        "Name": "5.45x39 X95-R 30-round magazine",
        "ModType": "",
        "ReloadSpeed": 0,
        "Ergonomics": 0,
        "MalfunctionChance": 0.15,
        "LoadUnloadModifier": 0,
        "CheckTimeModifier": 5,
        "ConflictingItems": [],
        "Weight": 0.136,
        "VerticalRecoil": 0,
        "HorizontalRecoil": 0,
        "LoyaltyLevel": 0,
        "Price": 0
    },
    "02F060195195060545000000": {
        "$type": "RealismMod.WeaponMod, RealismMod",
        "ItemID": "02F060195195060545000000",
        "Name": "5.45x39 X95-R 60-round magazine",
        "ModType": "",
        "ReloadSpeed": -10,
        "Ergonomics": 0,
        "MalfunctionChance": 0.35,
        "LoadUnloadModifier": 35,
        "CheckTimeModifier": 35,
        "ConflictingItems": [],
        "Weight": 0.235,
        "VerticalRecoil": 0,
        "HorizontalRecoil": 0,
        "LoyaltyLevel": 0,
        "Price": 0
    }
}