{
    "02f02bb19bb1945000000000": {
        "$type": "RealismMod.WeaponMod, RealismMod",
        "ItemID": "02f02bb19bb1945000000000",
        "Name": "PP-19-01 9x19 45-round magazine",
        "ModType": "long_mag",
        "ReloadSpeed": -5,
        "Ergonomics": 0,
        "MalfunctionChance": 1.5,
        "LoadUnloadModifier": 10,
        "CheckTimeModifier": 10,
        "ConflictingItems": [],
        "Weight": 0.195,
        "VerticalRecoil": 0,
        "HorizontalRecoil": 0,
        "LoyaltyLevel": 2,
        "Price": 0
    },
    "02f02fec0ec0045045000000": {
        "$type": "RealismMod.WeaponMod, RealismMod",
        "ItemID": "02f02fec0ec0045045000000",
        "Name": "Glock .45 ACP Forge Tac 50-round drum magazine",
        "ModType": "long_mag",
        "ReloadSpeed": -5,
        "Ergonomics": 0,
        "MalfunctionChance": 1.5,
        "LoadUnloadModifier": 20,
        "CheckTimeModifier": 22,
        "ConflictingItems": [],
        "Weight": 0.235,
        "VerticalRecoil": 0,
        "HorizontalRecoil": 0,
        "LoyaltyLevel": 3,
        "Price": 0
    },
    "02f02fae10ae100000000000": {
        "$type": "RealismMod.WeaponMod, RealismMod",
        "ItemID": "02f02fae10ae100000000000",
        "Name": "7.62x51mm AR-10 polymer 30-Round magazine",
        "ModType": "",
        "ReloadSpeed": 5,
        "Ergonomics": 0,
        "MalfunctionChance": 0.015,
        "LoadUnloadModifier": 10,
        "CheckTimeModifier": 15,
        "ConflictingItems": [],
        "Weight": 0.165,
        "VerticalRecoil": 0,
        "HorizontalRecoil": 0,
        "LoyaltyLevel": 2,
        "Price": 0
    },
    "02F02FCCAEB0000000000000": {
        "$type": "RealismMod.WeaponMod, RealismMod",
        "ItemID": "02F02FCCAEB0000000000000",
        "Name": "7.62x51 XRK 50-Round SCAR-H drum magazine",
        "ModType": "",
        "ReloadSpeed": -30,
        "Ergonomics": -2,
        "MalfunctionChance": 0.5,
        "LoadUnloadModifier": 60,
        "CheckTimeModifier": 20,
        "ConflictingItems": [],
        "Weight": 0.395,
        "VerticalRecoil": 0,
        "HorizontalRecoil": 0,
        "LoyaltyLevel": 4,
        "Price": 0
    },
    "02f02ff36f36f36000000000": {
        "$type": "RealismMod.WeaponMod, RealismMod",
        "ItemID": "02f02ff36f36f36000000000",
        "Name": "C-MAG 5.56x45 STANAG 100-Round drum magazine",
        "ModType": "long_mag",
        "ReloadSpeed": -35,
        "Ergonomics": -5,
        "MalfunctionChance": 1.5,
        "LoadUnloadModifier": 27,
        "CheckTimeModifier": 27,
        "ConflictingItems": [],
        "Weight": 0.715,
        "VerticalRecoil": 0,
        "HorizontalRecoil": 0,
        "LoyaltyLevel": 3,
        "Price": 0
    },
    "02F751D60CCC000000000000": {
        "$type": "RealismMod.WeaponMod, RealismMod",
        "ItemID": "02F751D60CCC000000000000",
        "Name": "6.8x51 Cronen 50-round drum magazine",
        "ModType": "",
        "ReloadSpeed": -12,
        "Ergonomics": -2,
        "MalfunctionChance": 1.5,
        "LoadUnloadModifier": 65,
        "CheckTimeModifier": 22,
        "ConflictingItems": [],
        "Weight": 0.495,
        "VerticalRecoil": 0,
        "HorizontalRecoil": 0,
        "LoyaltyLevel": 4,
        "Price": 0
    },
    "02F556A60A60000000000000": {
        "$type": "RealismMod.WeaponMod, RealismMod",
        "ItemID": "02F556A60A60000000000000",
        "Name": "5.56x45 Kimura STANAG 60-round drum magazine",
        "ModType": "long_mag",
        "ReloadSpeed": -15,
        "Ergonomics": -2,
        "MalfunctionChance": 0.25,
        "LoadUnloadModifier": 60,
        "CheckTimeModifier": 20,
        "ConflictingItems": [],
        "Weight": 0.565,
        "VerticalRecoil": 0,
        "HorizontalRecoil": 0,
        "LoyaltyLevel": 3,
        "Price": 0
    },
    "02F02B1BDB87625101700000": {
        "$type": "RealismMod.WeaponMod, RealismMod",
        "ItemID": "02F02B1BDB87625101700000",
        "Name": "7.62x51 100-Round SCAR-H drum magazine",
        "ModType": "long_mag",
        "ReloadSpeed": -35,
        "Ergonomics": -7,
        "MalfunctionChance": 1.5,
        "LoadUnloadModifier": 65,
        "CheckTimeModifier": 40,
        "ConflictingItems": [],
        "Weight": 0.795,
        "VerticalRecoil": 0,
        "HorizontalRecoil": 0,
        "LoyaltyLevel": 4,
        "Price": 0
    },
    "02F556A40A40000000000000": {
        "$type": "RealismMod.WeaponMod, RealismMod",
        "ItemID": "02F556A40A40000000000000",
        "Name": "5.56x45 AR-15 STANAG 40-round magazine",
        "ModType": "long_mag",
        "ReloadSpeed": -5,
        "Ergonomics": -1,
        "MalfunctionChance": 1.0,
        "LoadUnloadModifier": 11,
        "CheckTimeModifier": 17,
        "ConflictingItems": [],
        "Weight": 0.155,
        "VerticalRecoil": 0,
        "HorizontalRecoil": 0,
        "LoyaltyLevel": 2,
        "Price": 0
    },
    "02F020A16A16020000000000": {
        "$type": "RealismMod.WeaponMod, RealismMod",
        "ItemID": "02F020A16A16020000000000",
        "Name": "5.56x45 AR-15 STANAG 20-round magazine",
        "ModType": "",
        "ReloadSpeed": 5,
        "Ergonomics": 0,
        "MalfunctionChance": 0.0,
        "LoadUnloadModifier": 0,
        "CheckTimeModifier": 0,
        "ConflictingItems": [],
        "Weight": 0.091,
        "VerticalRecoil": 0,
        "HorizontalRecoil": 0,
        "LoyaltyLevel": 1,
        "Price": 0
    },
    "02F02FABAAABAA02F0000000": {
        "$type": "RealismMod.WeaponMod, RealismMod",
        "ItemID": "02F02FABAAABAA02F0000000",
        "Name": "AK 7.62x39 100-round drum magazine",
        "ModType": "long_mag",
        "ReloadSpeed": -35,
        "Ergonomics": -5,
        "MalfunctionChance": 1.5,
        "LoadUnloadModifier": 95,
        "CheckTimeModifier": 35,
        "ConflictingItems": [],
        "Weight": 1.12,
        "VerticalRecoil": 0,
        "HorizontalRecoil": 0,
        "LoyaltyLevel": 4,
        "Price": 0
    },
    "02f02faab7aab70000000000": {
        "$type": "RealismMod.WeaponMod, RealismMod",
        "ItemID": "02f02faab7aab70000000000",
        "Name": "MP7 4.6x30mm XRK 50-round drum magazine",
        "ModType": "",
        "ReloadSpeed": -15,
        "Ergonomics": -2,
        "MalfunctionChance": 1.5,
        "LoadUnloadModifier": 14,
        "CheckTimeModifier": 12,
        "ConflictingItems": [],
        "Weight": 0.372,
        "VerticalRecoil": 0,
        "HorizontalRecoil": 0,
        "LoyaltyLevel": 4,
        "Price": 0
    },
    "02f02faab9aab90000000000": {
        "$type": "RealismMod.WeaponMod, RealismMod",
        "ItemID": "02f02faab9aab90000000000",
        "Name": "MP9 9x19 FJX 50-round drum magazine",
        "ModType": "",
        "ReloadSpeed": -15,
        "Ergonomics": -2,
        "MalfunctionChance": 1.5,
        "LoadUnloadModifier": 15,
        "CheckTimeModifier": 15,
        "ConflictingItems": [],
        "Weight": 0.385,
        "VerticalRecoil": 0,
        "HorizontalRecoil": 0,
        "LoyaltyLevel": 4,
        "Price": 0
    }
}