{
    "020020DF056DF05600000000": {
        "$type": "RealismMod.Gun, RealismMod",
        "ItemID": "020020DF056DF05600000000",
        "Name": "Defense Group DG-56 5.56x45 assault rifle",
        "WeapType": "bullpup",
        "OperationType": "",
        "WeapAccuracy": 0,
        "BaseTorque": 0,
        "HasShoulderContact": false,
        "Ergonomics": 75,
        "VerticalRecoil": 53,
        "HorizontalRecoil": 117,
        "Dispersion": 9,
        "CameraRecoil": 0.036,
        "VisualMulti": 1.13,
        "Convergence": 16,
        "RecoilAngle": 83,
        "BaseMalfunctionChance": 0.0014,
        "HeatFactorGun": 0.27,
        "HeatFactorByShot": 1,
        "CoolFactorGun": 0.1,
        "CoolFactorGunMods": 1,
        "AllowOverheat": true,
        "CenterOfImpact": 0.030,
        "HipAccuracyRestorationDelay": 0.2,
        "HipAccuracyRestorationSpeed": 7,
        "HipInnaccuracyGain": 0.16,
        "ShotgunDispersion": 0,
        "Velocity": 0,
        "RecoilDamping": 0.8,
        "RecoilHandDamping": 0.6,
        "WeaponAllowADS": false,
        "Weight": 2.217,
        "DurabilityBurnRatio": 0.35,
        "AutoROF": 655,
        "SemiROF": 450,
        "LoyaltyLevel": 0,
        "BaseReloadSpeedMulti": 1,
        "BaseChamberSpeedMulti": 1.6,
        "MinChamberSpeed": 0.7,
        "MaxChamberSpeed": 1.5,
        "IsManuallyOperated": false,
        "BaseChamberCheckSpeed": 1.5,
        "BaseFixSpeed": 1.2,
        "OffsetRotation": 0.008,
        "RecoilIntensity": 0.165,
        "MasteryCategory": "MDR"
    },
    "04B04BDF056DF0564B000000": {
        "$type": "RealismMod.WeaponMod, RealismMod",
        "ItemID": "04B04BDF056DF0564B000000",
        "Name": "DG-56 5.56x45 standard barrel",
        "ModType": "",
        "VerticalRecoil": -1,
        "HorizontalRecoil": -2,
        "AutoROF": 0,
        "SemiROF": 0,
        "ModMalfunctionChance": 0,
        "Convergence": 0,
        "Accuracy": 0,
        "CenterOfImpact": 0.023,
        "HeatFactor": 0.98,
        "CoolFactor": 0.99,
        "DurabilityBurnModificator": 1,
        "Velocity": -1,
        "ConflictingItems": [],
        "Ergonomics": 0,
        "Weight": 0.78,
        "ShotgunDispersion": 1,
        "Loudness": 0,
        "LoyaltyLevel": 0,
        "Price": 0
    },
    "04B44BDF056DF0564B400000": {
        "$type": "RealismMod.WeaponMod, RealismMod",
        "ItemID": "04B44BDF056DF0564B400000",
        "Name": "DG-56 5.56x45 long barrel",
        "ModType": "",
        "VerticalRecoil": -2,
        "HorizontalRecoil": -4,
        "AutoROF": 0,
        "SemiROF": 0,
        "ModMalfunctionChance": 0,
        "Convergence": 0,
        "Accuracy": 0,
        "CenterOfImpact": 0.019,
        "HeatFactor": 0.96,
        "CoolFactor": 1.01,
        "DurabilityBurnModificator": 1,
        "Velocity": 0.3,
        "ConflictingItems": [],
        "Ergonomics": -2,
        "Weight": 0.81,
        "ShotgunDispersion": 1,
        "Loudness": 0,
        "LoyaltyLevel": 0,
        "Price": 0
    },
    "04B54BDF056DF0564B500000": {
        "$type": "RealismMod.WeaponMod, RealismMod",
        "ItemID": "04B54BDF056DF0564B500000",
        "Name": "DG-56 5.56x45 short barrel",
        "ModType": "short_barrel",
        "VerticalRecoil": 7,
        "HorizontalRecoil": 11,
        "AutoROF": 0,
        "SemiROF": 0,
        "ModMalfunctionChance": 0,
        "Convergence": 0,
        "Accuracy": 0,
        "CenterOfImpact": 0.072,
        "HeatFactor": 1.06,
        "CoolFactor": 1.09,
        "DurabilityBurnModificator": 1,
        "Velocity": -11.1,
        "ConflictingItems": [],
        "Ergonomics": 11,
        "Weight": 0.49,
        "ShotgunDispersion": 1,
        "Loudness": 0,
        "LoyaltyLevel": 0,
        "Price": 0
    },
    "04B14BDF056DF0564B100000": {
        "$type": "RealismMod.WeaponMod, RealismMod",
        "ItemID": "04B14BDF056DF0564B100000",
        "Name": "DG-56 5.56x45 long heavy barrel",
        "ModType": "",
        "VerticalRecoil": -3,
        "HorizontalRecoil": -6,
        "AutoROF": 0,
        "SemiROF": 0,
        "ModMalfunctionChance": 0,
        "Convergence": 0,
        "Accuracy": 0,
        "CenterOfImpact": 0.024,
        "HeatFactor": 0.96,
        "CoolFactor": 1,
        "DurabilityBurnModificator": 1,
        "Velocity": -0.7,
        "ConflictingItems": [],
        "Ergonomics": -4,
        "Weight": 0.825,
        "ShotgunDispersion": 1,
        "Loudness": 0,
        "LoyaltyLevel": 0,
        "Price": 0
    },
    "04B24BDF056DF0564B200000": {
        "$type": "RealismMod.WeaponMod, RealismMod",
        "ItemID": "04B24BDF056DF0564B200000",
        "Name": "DG-56 5.56x45 short heavy barrel",
        "ModType": "short_barrel",
        "VerticalRecoil": -2,
        "HorizontalRecoil": -4,
        "AutoROF": 0,
        "SemiROF": 0,
        "ModMalfunctionChance": 0,
        "Convergence": 0,
        "Accuracy": 0,
        "CenterOfImpact": 0.02,
        "HeatFactor": 0.97,
        "CoolFactor": 0.99,
        "DurabilityBurnModificator": 1,
        "Velocity": -1,
        "ConflictingItems": [],
        "Ergonomics": -2,
        "Weight": 0.8,
        "ShotgunDispersion": 1,
        "Loudness": 0,
        "LoyaltyLevel": 0,
        "Price": 0
    },
    "04B34BDF056DF0564B300000": {
        "$type": "RealismMod.WeaponMod, RealismMod",
        "ItemID": "04B34BDF056DF0564B300000",
        "Name": "DG-56 5.56x45 light barrel",
        "ModType": "",
        "VerticalRecoil": 0,
        "HorizontalRecoil": 0,
        "AutoROF": 0,
        "SemiROF": 0,
        "ModMalfunctionChance": 0,
        "Convergence": 0,
        "Accuracy": 0,
        "CenterOfImpact": 0.027,
        "HeatFactor": 0.97,
        "CoolFactor": 0.99,
        "DurabilityBurnModificator": 1,
        "Velocity": -1,
        "ConflictingItems": [],
        "Ergonomics": 4,
        "Weight": 0.7,
        "ShotgunDispersion": 1,
        "Loudness": 0,
        "LoyaltyLevel": 0,
        "Price": 0
    },
    "04C04CDF056DF0564C000000": {
        "$type": "RealismMod.WeaponMod, RealismMod",
        "ItemID": "04C04CDF056DF0564C000000",
        "Name": "DG-56 rear sight",
        "ModType": "sight",
        "AimSpeed": 0,
        "Accuracy": 0,
        "ConflictingItems": [],
        "Ergonomics": 0,
        "Weight": 0.01,
        "VerticalRecoil": 0,
        "HorizontalRecoil": 0,
        "LoyaltyLevel": 0,
        "Price": 0
    },
    "04A04ADF056DF0564A000000": {
        "$type": "RealismMod.WeaponMod, RealismMod",
        "ItemID": "04A04ADF056DF0564A000000",
        "Name": "DG-56 muzzle device",
        "ModType": "",
        "VerticalRecoil": -6,
        "HorizontalRecoil": -6,
        "Dispersion": -10,
        "CameraRecoil": 0,
        "AutoROF": 0,
        "SemiROF": 0,
        "ModMalfunctionChance": 0,
        "CanCycleSubs": false,
        "Accuracy": 0,
        "HeatFactor": 1,
        "CoolFactor": 1,
        "DurabilityBurnModificator": 1,
        "Velocity": 0,
        "RecoilAngle": 0,
        "ConflictingItems": [],
        "Ergonomics": 0,
        "Loudness": 4,
        "Convergence": 0,
        "LoyaltyLevel": 0,
        "Price": 0,
        "Flash": -45
    },
    "044044DF056DF05644000000": {
        "$type": "RealismMod.WeaponMod, RealismMod",
        "ItemID": "044044DF056DF05644000000",
        "Name": "5GN tac-comb",
        "ModType": "Stock",
        "VerticalRecoil": -2,
        "HorizontalRecoil": -1,
        "Dispersion": 2,
        "CameraRecoil": -2,
        "AimSpeed": 5,
        "Ergonomics": 2,
        "Accuracy": 0,
        "HasShoulderContact": true,
        "BlocksFolding": true,
        "AutoROF": 0,
        "SemiROF": 0,
        "ModMalfunctionChance": 0,
        "StockAllowADS": false,
        "ConflictingItems": [],
        "Weight": 0.245,
        "LoyaltyLevel": 0,
        "Price": 0
    },
    "044144DF056DF05644100000": {
        "$type": "RealismMod.WeaponMod, RealismMod",
        "ItemID": "044144DF056DF05644100000",
        "Name": "Padded shell sleeve comb",
        "ModType": "Stock",
        "VerticalRecoil": -3,
        "HorizontalRecoil": -6,
        "Dispersion": 6,
        "CameraRecoil": -27,
        "AimSpeed": 0,
        "Ergonomics": 4,
        "Accuracy": 0,
        "HasShoulderContact": true,
        "BlocksFolding": true,
        "AutoROF": 0,
        "SemiROF": 0,
        "ModMalfunctionChance": 0,
        "StockAllowADS": false,
        "ConflictingItems": [],
        "Weight": 0.46,
        "LoyaltyLevel": 0,
        "Price": 0
    },
    "04A14ADF056DF0564A100000": {
        "$type": "RealismMod.WeaponMod, RealismMod",
        "ItemID": "04A14ADF056DF0564A100000",
        "Name": "DG-56 short barrel muzzle device",
        "ModType": "booster",
        "VerticalRecoil": -5,
        "HorizontalRecoil": -8,
        "Dispersion": -10,
        "CameraRecoil": 0,
        "AutoROF": 1.5,
        "SemiROF": 1.5,
        "ModMalfunctionChance": -5,
        "CanCycleSubs": false,
        "Accuracy": 0,
        "HeatFactor": 1,
        "CoolFactor": 1,
        "DurabilityBurnModificator": 1.04,
        "Velocity": 0,
        "RecoilAngle": 0,
        "ConflictingItems": [],
        "Ergonomics": 0,
        "Weight": 0.103,
        "Loudness": 18,
        "Convergence": 0,
        "LoyaltyLevel": 0,
        "Price": 0,
        "Flash": -10
    },
    "044244DF056DF05644200000": {
        "$type": "RealismMod.WeaponMod, RealismMod",
        "ItemID": "044244DF056DF05644200000",
        "Name": "FSS Last Stand comb",
        "ModType": "Stock",
        "VerticalRecoil": -2,
        "HorizontalRecoil": -4,
        "Dispersion": 6,
        "CameraRecoil": -27,
        "AimSpeed": 0,
        "Ergonomics": 8,
        "Accuracy": 0,
        "HasShoulderContact": true,
        "BlocksFolding": true,
        "AutoROF": 0,
        "SemiROF": 0,
        "ModMalfunctionChance": 0,
        "StockAllowADS": false,
        "ConflictingItems": [],
        "Weight": 0.51,
        "LoyaltyLevel": 0,
        "Price": 0
    },
    "044344DF056DF05644300000": {
        "$type": "RealismMod.WeaponMod, RealismMod",
        "ItemID": "044344DF056DF05644300000",
        "Name": "Warrent Control comb",
        "ModType": "Stock",
        "VerticalRecoil": -3,
        "HorizontalRecoil": -6,
        "Dispersion": 6,
        "CameraRecoil": -27,
        "AimSpeed": 0,
        "Ergonomics": 6,
        "Accuracy": 0,
        "HasShoulderContact": true,
        "BlocksFolding": false,
        "AutoROF": 0,
        "SemiROF": 0,
        "ModMalfunctionChance": 0,
        "StockAllowADS": false,
        "ConflictingItems": [],
        "Weight": 0.42,
        "LoyaltyLevel": 0,
        "Price": 0
    },
    "041041DF056DF05641000000": {
        "$type": "RealismMod.WeaponMod, RealismMod",
        "ItemID": "041041DF056DF05641000000",
        "Name": "DG-56 standard handguard",
        "ModType": "",
        "VerticalRecoil": -0.5,
        "HorizontalRecoil": -1.5,
        "Dispersion": -1,
        "AimSpeed": 0,
        "Ergonomics": 4,
        "Accuracy": 10,
        "HeatFactor": 0.976,
        "CoolFactor": 1.01,
        "ConflictingItems": [],
        "Weight": 0.3,
        "LoyaltyLevel": 0,
        "Price": 0
    },
    "041141DF056DF05641100000": {
        "$type": "RealismMod.WeaponMod, RealismMod",
        "ItemID": "041141DF056DF05641100000",
        "Name": "DG-56 extended handguard",
        "ModType": "",
        "VerticalRecoil": -1,
        "HorizontalRecoil": -2,
        "Dispersion": -1,
        "AimSpeed": 0,
        "Ergonomics": 0,
        "Accuracy": 10,
        "HeatFactor": 0.976,
        "CoolFactor": 1.01,
        "ConflictingItems": [],
        "Weight": 0.38,
        "LoyaltyLevel": 0,
        "Price": 0
    },
    "043043DF056DF05643000000": {
        "$type": "RealismMod.WeaponMod, RealismMod",
        "ItemID": "043043DF056DF05643000000",
        "Name": "DG-56 standard buttplate",
        "ModType": "Stock",
        "VerticalRecoil": -1,
        "HorizontalRecoil": -2,
        "Dispersion": 6,
        "CameraRecoil": -27,
        "AimSpeed": 0,
        "Ergonomics": 2,
        "Accuracy": 0,
        "HasShoulderContact": true,
        "BlocksFolding": true,
        "AutoROF": 0,
        "SemiROF": 0,
        "ModMalfunctionChance": 0,
        "StockAllowADS": false,
        "ConflictingItems": [],
        "Weight": 0.13,
        "LoyaltyLevel": 0,
        "Price": 0
    },
    "043143DF056DF05643100000": {
        "$type": "RealismMod.WeaponMod, RealismMod",
        "ItemID": "043143DF056DF05643100000",
        "Name": "DG-56 standard buttplate",
        "ModType": "Stock",
        "VerticalRecoil": 0,
        "HorizontalRecoil": 0,
        "Dispersion": 6,
        "CameraRecoil": -27,
        "AimSpeed": 0,
        "Ergonomics": 5,
        "Accuracy": 0,
        "HasShoulderContact": true,
        "BlocksFolding": true,
        "AutoROF": 0,
        "SemiROF": 0,
        "ModMalfunctionChance": 0,
        "StockAllowADS": false,
        "ConflictingItems": [],
        "Weight": 0.135,
        "LoyaltyLevel": 0,
        "Price": 0
    },
    "043243DF056DF05643200000": {
        "$type": "RealismMod.WeaponMod, RealismMod",
        "ItemID": "043243DF056DF05643200000",
        "Name": "Soldier Pro padded buttplate",
        "ModType": "Stock",
        "VerticalRecoil": -2,
        "HorizontalRecoil": -4,
        "Dispersion": 6,
        "CameraRecoil": -27,
        "AimSpeed": 0,
        "Ergonomics": 4,
        "Accuracy": 0,
        "HasShoulderContact": true,
        "BlocksFolding": false,
        "AutoROF": 0,
        "SemiROF": 0,
        "ModMalfunctionChance": 0,
        "StockAllowADS": false,
        "ConflictingItems": [],
        "Weight": 0.132,
        "LoyaltyLevel": 0,
        "Price": 0
    },
    "043343DF056DF05643300000": {
        "$type": "RealismMod.WeaponMod, RealismMod",
        "ItemID": "043343DF056DF05643300000",
        "Name": "Recoil Reduction buttplate",
        "ModType": "Stock",
        "VerticalRecoil": -4,
        "HorizontalRecoil": -6,
        "Dispersion": 6,
        "CameraRecoil": -27,
        "AimSpeed": 0,
        "Ergonomics": 0,
        "Accuracy": 0,
        "HasShoulderContact": true,
        "BlocksFolding": false,
        "AutoROF": 0,
        "SemiROF": 0,
        "ModMalfunctionChance": 0,
        "StockAllowADS": false,
        "ConflictingItems": [],
        "Weight": 0.133,
        "LoyaltyLevel": 0,
        "Price": 0
    },
    "043443DF056DF05643400000": {
        "$type": "RealismMod.WeaponMod, RealismMod",
        "ItemID": "043443DF056DF05643400000",
        "Name": "Hardened Rubber CQC buttplate",
        "ModType": "Stock",
        "VerticalRecoil": -1,
        "HorizontalRecoil": -2,
        "Dispersion": 6,
        "CameraRecoil": -27,
        "AimSpeed": 0,
        "Ergonomics": 4,
        "Accuracy": 0,
        "HasShoulderContact": true,
        "BlocksFolding": true,
        "AutoROF": 0,
        "SemiROF": 0,
        "ModMalfunctionChance": 0,
        "StockAllowADS": false,
        "ConflictingItems": [],
        "Weight": 0.129,
        "LoyaltyLevel": 0,
        "Price": 0
    },
    "045045DF056DF05645000000": {
        "$type": "RealismMod.WeaponMod, RealismMod",
        "ItemID": "045045DF056DF05645000000",
        "Name": "Q22 tactical grip",
        "ModType": "",
        "VerticalRecoil": -1,
        "HorizontalRecoil": -2,
        "Dispersion": 0,
        "AimSpeed": 0,
        "Ergonomics": 0,
        "Accuracy": 0,
        "ConflictingItems": [],
        "Weight": 0.001,
        "LoyaltyLevel": 0,
        "Price": 0
    },
    "045145DF056DF05645100000": {
        "$type": "RealismMod.WeaponMod, RealismMod",
        "ItemID": "045145DF056DF05645100000",
        "Name": "Varanus steady grip",
        "ModType": "",
        "VerticalRecoil": 0,
        "HorizontalRecoil": 0,
        "Dispersion": 0,
        "AimSpeed": 0,
        "Ergonomics": 4,
        "Accuracy": 0,
        "ConflictingItems": [],
        "Weight": 0.001,
        "LoyaltyLevel": 0,
        "Price": 0
    },
    "045245DF056DF05645200000": {
        "$type": "RealismMod.WeaponMod, RealismMod",
        "ItemID": "045245DF056DF05645200000",
        "Name": "Harken OP grip",
        "ModType": "",
        "VerticalRecoil": -1,
        "HorizontalRecoil": -2,
        "Dispersion": 0,
        "AimSpeed": 0,
        "Ergonomics": 2,
        "Accuracy": 0,
        "ConflictingItems": [],
        "Weight": 0.001,
        "LoyaltyLevel": 0,
        "Price": 0
    }
}