{
    "020020AACBBFDE0000000000": {
        "$type": "RealismMod.Gun, RealismMod",
        "ItemID": "020020AACBBFDE0000000000",
        "Name": "Rattle Back MCW 5.56x45 assault rifle (FDE)",
        "WeapType": "DI",
        "OperationType": "buffer",
        "WeapAccuracy": 0,
        "BaseTorque": 1,
        "HasShoulderContact": false,
        "Ergonomics": 80,
        "VerticalRecoil": 81,
        "HorizontalRecoil": 130,
        "Dispersion": 11,
        "CameraRecoil": 0.04,
        "VisualMulti": 1.15,
        "Convergence": 17,
        "RecoilAngle": 90,
        "BaseMalfunctionChance": 0.001,
        "HeatFactorGun": 0.27,
        "HeatFactorByShot": 1,
        "CoolFactorGun": 0.1,
        "CoolFactorGunMods": 1,
        "AllowOverheat": true,
        "CenterOfImpact": 0.01,
        "HipAccuracyRestorationDelay": 0.2,
        "HipAccuracyRestorationSpeed": 7,
        "HipInnaccuracyGain": 0.16,
        "ShotgunDispersion": 0,
        "Velocity": 0,
        "RecoilDamping": 0.85,
        "RecoilHandDamping": 0.6,
        "WeaponAllowADS": false,
        "Weight": 0.97,
        "DurabilityBurnRatio": 0.35,
        "AutoROF": 710,
        "SemiROF": 350,
        "LoyaltyLevel": 4,
        "BaseReloadSpeedMulti": 1,
        "BaseChamberSpeedMulti": 1.5,
        "MinChamberSpeed": 0.7,
        "MaxChamberSpeed": 1.5,
        "IsManuallyOperated": false,
        "BaseChamberCheckSpeed": 1.5,
        "BaseFixSpeed": 1.2,
        "OffsetRotation": 0.008,
        "RecoilIntensity": 0.165,
        "MasteryCategory":"M4"
    },
    "020020AACBBB1C0000000000": {
        "$type": "RealismMod.Gun, RealismMod",
        "ItemID": "020020AACBBB1C0000000000",
        "Name": "Rattle Back MCW 5.56x45 assault rifle",
        "WeapType": "DI",
        "OperationType": "buffer",
        "WeapAccuracy": 0,
        "BaseTorque": 1,
        "HasShoulderContact": false,
        "Ergonomics": 75,
        "VerticalRecoil": 81,
        "HorizontalRecoil": 130,
        "Dispersion": 11,
        "CameraRecoil": 0.04,
        "VisualMulti": 1.15,
        "Convergence": 17,
        "RecoilAngle": 90,
        "BaseMalfunctionChance": 0.001,
        "HeatFactorGun": 0.27,
        "HeatFactorByShot": 1,
        "CoolFactorGun": 0.1,
        "CoolFactorGunMods": 1,
        "AllowOverheat": true,
        "CenterOfImpact": 0.01,
        "HipAccuracyRestorationDelay": 0.2,
        "HipAccuracyRestorationSpeed": 7,
        "HipInnaccuracyGain": 0.16,
        "ShotgunDispersion": 0,
        "Velocity": 0,
        "RecoilDamping": 0.85,
        "RecoilHandDamping": 0.6,
        "WeaponAllowADS": false,
        "Weight": 0.97,
        "DurabilityBurnRatio": 0.35,
        "AutoROF": 710,
        "SemiROF": 350,
        "LoyaltyLevel": 4,
        "BaseReloadSpeedMulti": 1,
        "BaseChamberSpeedMulti": 1.5,
        "MinChamberSpeed": 0.7,
        "MaxChamberSpeed": 1.5,
        "IsManuallyOperated": false,
        "BaseChamberCheckSpeed": 1.5,
        "BaseFixSpeed": 1.2,
        "OffsetRotation": 0.008,
        "RecoilIntensity": 0.165,
        "MasteryCategory":"M4"
    },
    "020020AACBBA1A0000000000": {
        "$type": "RealismMod.Gun, RealismMod",
        "ItemID": "020020AACBBA1A0000000000",
        "Name": "Rattle Back MCW 5.56x45 assault rifle (ALT)",
        "WeapType": "DI",
        "OperationType": "buffer",
        "WeapAccuracy": 0,
        "BaseTorque": 1,
        "HasShoulderContact": false,
        "Ergonomics": 75,
        "VerticalRecoil": 81,
        "HorizontalRecoil": 130,
        "Dispersion": 11,
        "CameraRecoil": 0.04,
        "VisualMulti": 1.15,
        "Convergence": 17,
        "RecoilAngle": 90,
        "BaseMalfunctionChance": 0.001,
        "HeatFactorGun": 0.27,
        "HeatFactorByShot": 1,
        "CoolFactorGun": 0.1,
        "CoolFactorGunMods": 1,
        "AllowOverheat": true,
        "CenterOfImpact": 0.01,
        "HipAccuracyRestorationDelay": 0.2,
        "HipAccuracyRestorationSpeed": 7,
        "HipInnaccuracyGain": 0.16,
        "ShotgunDispersion": 0,
        "Velocity": 0,
        "RecoilDamping": 0.85,
        "RecoilHandDamping": 0.6,
        "WeaponAllowADS": false,
        "Weight": 0.97,
        "DurabilityBurnRatio": 0.35,
        "AutoROF": 710,
        "SemiROF": 350,
        "LoyaltyLevel": 4,
        "BaseReloadSpeedMulti": 1,
        "BaseChamberSpeedMulti": 1.5,
        "MinChamberSpeed": 0.7,
        "MaxChamberSpeed": 1.5,
        "IsManuallyOperated": false,
        "BaseChamberCheckSpeed": 1.5,
        "BaseFixSpeed": 1.2,
        "OffsetRotation": 0.008,
        "RecoilIntensity": 0.165,
        "MasteryCategory":"M4"
    },
    "020020AACBB3000000000000": {
        "$type": "RealismMod.Gun, RealismMod",
        "ItemID": "020020AACBB3000000000000",
        "Name": "Rattle Back MCW .300 Blackout assault rifle",
        "WeapType": "DI",
        "OperationType": "buffer",
        "WeapAccuracy": 0,
        "BaseTorque": 1,
        "HasShoulderContact": false,
        "Ergonomics": 75,
        "VerticalRecoil": 81,
        "HorizontalRecoil": 130,
        "Dispersion": 11,
        "CameraRecoil": 0.04,
        "VisualMulti": 1.15,
        "Convergence": 17,
        "RecoilAngle": 90,
        "BaseMalfunctionChance": 0.001,
        "HeatFactorGun": 0.27,
        "HeatFactorByShot": 1,
        "CoolFactorGun": 0.1,
        "CoolFactorGunMods": 1,
        "AllowOverheat": true,
        "CenterOfImpact": 0.01,
        "HipAccuracyRestorationDelay": 0.2,
        "HipAccuracyRestorationSpeed": 7,
        "HipInnaccuracyGain": 0.16,
        "ShotgunDispersion": 0,
        "Velocity": 0,
        "RecoilDamping": 0.85,
        "RecoilHandDamping": 0.6,
        "WeaponAllowADS": false,
        "Weight": 1.4,
        "DurabilityBurnRatio": 0.35,
        "AutoROF": 800,
        "SemiROF": 350,
        "LoyaltyLevel": 4,
        "BaseReloadSpeedMulti": 1,
        "BaseChamberSpeedMulti": 1.5,
        "MinChamberSpeed": 0.7,
        "MaxChamberSpeed": 1.5,
        "IsManuallyOperated": false,
        "BaseChamberCheckSpeed": 1.5,
        "BaseFixSpeed": 1.2,
        "OffsetRotation": 0.008,
        "RecoilIntensity": 0.165,
        "MasteryCategory":"M4"
    },
    "020020AACBBCFB0000000000": {
        "$type": "RealismMod.Gun, RealismMod",
        "ItemID": "020020AACBBCFB0000000000",
        "Name": "Rattle Back MCW 5.56x45 marksman rifle",
        "WeapType": "DI",
        "OperationType": "buffer",
        "WeapAccuracy": 0,
        "BaseTorque": 1,
        "HasShoulderContact": false,
        "Ergonomics": 75,
        "VerticalRecoil": 81,
        "HorizontalRecoil": 130,
        "Dispersion": 11,
        "CameraRecoil": 0.04,
        "VisualMulti": 1.15,
        "Convergence": 17,
        "RecoilAngle": 90,
        "BaseMalfunctionChance": 0.001,
        "HeatFactorGun": 0.27,
        "HeatFactorByShot": 1,
        "CoolFactorGun": 0.1,
        "CoolFactorGunMods": 1,
        "AllowOverheat": true,
        "CenterOfImpact": 0.01,
        "HipAccuracyRestorationDelay": 0.2,
        "HipAccuracyRestorationSpeed": 7,
        "HipInnaccuracyGain": 0.16,
        "ShotgunDispersion": 0,
        "Velocity": 0,
        "RecoilDamping": 0.85,
        "RecoilHandDamping": 0.6,
        "WeaponAllowADS": false,
        "Weight": 0.97,
        "DurabilityBurnRatio": 0.35,
        "AutoROF": 710,
        "SemiROF": 350,
        "LoyaltyLevel": 4,
        "BaseReloadSpeedMulti": 1,
        "BaseChamberSpeedMulti": 1.5,
        "MinChamberSpeed": 0.7,
        "MaxChamberSpeed": 1.5,
        "IsManuallyOperated": false,
        "BaseChamberCheckSpeed": 1.5,
        "BaseFixSpeed": 1.2,
        "OffsetRotation": 0.008,
        "RecoilIntensity": 0.165,
        "MasteryCategory":"M4"
    },
        "047047AACBBFDE4700000000": {
        "$type": "RealismMod.WeaponMod, RealismMod",
        "ItemID": "047047AACBBFDE4700000000",
        "Name": "RB Crotalus MCW assault stock",
        "ModType": "Stock",
        "VerticalRecoil": -23,
        "HorizontalRecoil": -36,
        "Dispersion": 0,
        "CameraRecoil": 4,
        "AimSpeed": 0,
        "Ergonomics": 15,
        "Accuracy": 0,
        "HasShoulderContact": true,
        "BlocksFolding": true,
        "AutoROF": 0,
        "SemiROF": 0,
        "ModMalfunctionChance": 0,
        "StockAllowADS": false,
        "ConflictingItems": [],
        "Weight": 0.532,
        "LoyaltyLevel": 4,
        "Price": 0
    },
    "047447AACBBFDE4740000000": {
        "$type": "RealismMod.WeaponMod, RealismMod",
        "ItemID": "047447AACBBFDE4740000000",
        "Name": "SL A90 MCW retractable stock",
        "ModType": "Stock",
        "VerticalRecoil": -20,
        "HorizontalRecoil": -31,
        "Dispersion": 0,
        "CameraRecoil": 0,
        "AimSpeed": 0,
        "Ergonomics": 12,
        "Accuracy": 0,
        "HasShoulderContact": true,
        "BlocksFolding": false,
        "AutoROF": 0,
        "SemiROF": 0,
        "ModMalfunctionChance": 0,
        "StockAllowADS": false,
        "ConflictingItems": [],
        "Weight": 0.495,
        "LoyaltyLevel": 0,
        "Price": 0
    },
    "047147AACBBFDE4710000000": {
        "$type": "RealismMod.WeaponMod, RealismMod",
        "ItemID": "047147AACBBFDE4710000000",
        "Name": "RB Precision MCW heavy stock",
        "ModType": "Stock",
        "VerticalRecoil": -28,
        "HorizontalRecoil": -43,
        "Dispersion": 0,
        "CameraRecoil": 4,
        "AimSpeed": 0,
        "Ergonomics": 12,
        "Accuracy": 0,
        "HasShoulderContact": true,
        "BlocksFolding": true,
        "AutoROF": 0,
        "SemiROF": 0,
        "ModMalfunctionChance": 0,
        "StockAllowADS": false,
        "ConflictingItems": [],
        "Weight": 0.525,
        "LoyaltyLevel": 0,
        "Price": 0
    },
    "047247AACBBFDE4720000000": {
        "$type": "RealismMod.WeaponMod, RealismMod",
        "ItemID": "047247AACBBFDE4720000000",
        "Name": "SL Warforged MCW precision stock",
        "ModType": "Stock",
        "VerticalRecoil": -25,
        "HorizontalRecoil": -39,
        "Dispersion": 0,
        "CameraRecoil": 4,
        "AimSpeed": 0,
        "Ergonomics": 20,
        "Accuracy": 0,
        "HasShoulderContact": true,
        "BlocksFolding": true,
        "AutoROF": 0,
        "SemiROF": 0,
        "ModMalfunctionChance": 0,
        "StockAllowADS": false,
        "ConflictingItems": [],
        "Weight": 0.432,
        "LoyaltyLevel": 4,
        "Price": 0
    },
    "047547AACBBFDE4750000000": {
        "$type": "RealismMod.WeaponMod, RealismMod",
        "ItemID": "047547AACBBFDE4750000000",
        "Name": "RB Lancer tactical stock",
        "ModType": "Stock",
        "VerticalRecoil": 0,
        "HorizontalRecoil": -10,
        "Dispersion": -7,
        "CameraRecoil": -8,
        "AimSpeed": 0,
        "Ergonomics": 23,
        "Accuracy": 0,
        "HasShoulderContact": true,
        "BlocksFolding": false,
        "AutoROF": 0,
        "SemiROF": 0,
        "ModMalfunctionChance": 0,
        "StockAllowADS": false,
        "ConflictingItems": [],
        "Weight": 0.386,
        "LoyaltyLevel": 4,
        "Price": 0
    },
    "042042AACBBB1C0000000000": {
        "$type": "RealismMod.WeaponMod, RealismMod",
        "ItemID": "042042AACBBB1C0000000000",
        "Name": "MCW upper receiver",
        "ModType": "",
        "ModMalfunctionChance": 0,
        "Accuracy": 0,
        "HeatFactor": 0.982,
        "CoolFactor": 1.014,
        "DurabilityBurnModificator": 1,
        "ConflictingItems": [],
        "Ergonomics": 0,
        "Weight": 0.282,
        "VerticalRecoil": 0,
        "HorizontalRecoil": 0,
        "ChamberSpeed": 0,
        "LoyaltyLevel": 4,
        "Price": 0
    },
    "042042AACBB3000000000000": {
        "$type": "RealismMod.WeaponMod, RealismMod",
        "ItemID": "042042AACBB3000000000000",
        "Name": "JAK carbon fiber MCW upper receiver",
        "ModType": "",
        "ModMalfunctionChance": 0,
        "Accuracy": 0,
        "HeatFactor": 1.012,
        "CoolFactor": 1.023,
        "DurabilityBurnModificator": 1,
        "ConflictingItems": [],
        "Ergonomics": 3,
        "Weight": 0.223,
        "VerticalRecoil": 0,
        "HorizontalRecoil": 0,
        "ChamberSpeed": 0,
        "LoyaltyLevel": 4,
        "Price": 0
    },
    "042042AACBBCFB0000000000": {
        "$type": "RealismMod.WeaponMod, RealismMod",
        "ItemID": "042042AACBBCFB0000000000",
        "Name": "MCW marksman upper receiver",
        "ModType": "",
        "ModMalfunctionChance": 0,
        "Accuracy": 2,
        "HeatFactor": 0.978,
        "CoolFactor": 1.017,
        "DurabilityBurnModificator": 1,
        "ConflictingItems": [],
        "Ergonomics": 5,
        "Weight": 0.35,
        "VerticalRecoil": 0,
        "HorizontalRecoil": 0,
        "ChamberSpeed": 0,
        "LoyaltyLevel": 4,
        "Price": 0
    },
    "042042AACBBBBF0000000000": {
        "$type": "RealismMod.WeaponMod, RealismMod",
        "ItemID": "042042AACBBBBF0000000000",
        "Name": "JAK 3D-printed ploymer MCW upper receiver",
        "ModType": "",
        "ModMalfunctionChance": 0,
        "Accuracy": 0,
        "HeatFactor": 1.25,
        "CoolFactor": 0.95,
        "DurabilityBurnModificator": 1.05,
        "ConflictingItems": [],
        "Ergonomics": 3,
        "Weight": 0.225,
        "VerticalRecoil": 0,
        "HorizontalRecoil": 0,
        "ChamberSpeed": 0,
        "LoyaltyLevel": 4,
        "Price": 0
    },
    "044044AACBBFDE4400000000": {
        "$type": "RealismMod.WeaponMod, RealismMod",
        "ItemID": "044044AACBBFDE4400000000",
        "Name": "MCW non-reciprocating charging handle",
        "ModType": "",
        "ReloadSpeed": 0,
        "ConflictingItems": [],
        "FixSpeed": 0,
        "Ergonomics": 0,
        "Weight": 0.017,
        "VerticalRecoil": 0,
        "HorizontalRecoil": 0,
        "ChamberSpeed": 0,
        "LoyaltyLevel": 4,
        "Price": 0
    },
    "044144AACBBFDE4410000000": {
        "$type": "RealismMod.WeaponMod, RealismMod",
        "ItemID": "044144AACBBFDE4410000000",
        "Name": "MCW reciprocating charging handle",
        "ModType": "",
        "ReloadSpeed": 0,
        "ConflictingItems": [],
        "FixSpeed": 0,
        "Ergonomics": 0,
        "Weight": 0.017,
        "VerticalRecoil": 0,
        "HorizontalRecoil": 0,
        "ChamberSpeed": 0,
        "LoyaltyLevel": 4,
        "Price": 0
    },
    "041041AACBBFDE0000000000": {
        "$type": "RealismMod.WeaponMod, RealismMod",
        "ItemID": "041041AACBBFDE0000000000",
        "Name": "Rattle Back MCW standard handguard (FDE)",
        "ModType": "",
        "VerticalRecoil": -0.5,
        "HorizontalRecoil": -1.5,
        "Dispersion": -1,
        "AimSpeed": 0,
        "Ergonomics": 14,
        "Accuracy": 10,
        "HeatFactor": 0.976,
        "CoolFactor": 1.01,
        "ConflictingItems": [
            "04B24BAACBB3004B20000000",
            "04B24BAACBBFDE4B20000000",
            "04B34BAACBB3004B30000000",
            "04B34BAACBBFDE4B30000000",
            "04B64BAACBB3004B60000000",
            "04B64BAACBBFDE4B60000000",
            "04B84BAACBB3004B80000000",
            "04B84BAACBBFDE4B80000000",
            "04B94BAACBBFDE4B90000000",
            "04BB4BAACBB3004BB0000000",
            "04BB4BAACBBFDE4BB0000000"
        ],
        "Weight": 0.410,
        "LoyaltyLevel": 4,
        "Price": 0
    },
    "041041AACBBB1C0000000000": {
        "$type": "RealismMod.WeaponMod, RealismMod",
        "ItemID": "041041AACBBB1C0000000000",
        "Name": "Rattle Back MCW standard handguard",
        "ModType": "",
        "VerticalRecoil": -0.5,
        "HorizontalRecoil": 9,
        "Dispersion": -1,
        "AimSpeed": 0,
        "Ergonomics": 14,
        "Accuracy": 10,
        "HeatFactor": 0.976,
        "CoolFactor": 1.01,
        "ConflictingItems": [],
        "Weight": 0.410,
        "LoyaltyLevel": 4,
        "Price": 0
    },
    "041141AACBBB1C4110000000": {
        "$type": "RealismMod.WeaponMod, RealismMod",
        "ItemID": "041141AACBBB1C4110000000",
        "Name": "Rattle Back MCW marksman handguard",
        "ModType": "",
        "VerticalRecoil": -2,
        "HorizontalRecoil": -3,
        "Dispersion": -1,
        "AimSpeed": 0,
        "Ergonomics": 9,
        "Accuracy": 10,
        "HeatFactor": 0.98,
        "CoolFactor": 1.005,
        "ConflictingItems": [
            "04B24BAACBB3004B20000000",
            "04B24BAACBBFDE4B20000000",
            "04B34BAACBB3004B30000000",
            "04B34BAACBBFDE4B30000000",
            "04B64BAACBB3004B60000000",
            "04B64BAACBBFDE4B60000000",
            "04B84BAACBB3004B80000000",
            "04B84BAACBBFDE4B80000000"
        ],
        "Weight": 0.490,
        "LoyaltyLevel": 4,
        "Price": 0,
        "DurabilityBurnModificator": 0.99
    },
    "041241AACBBB1C4120000000": {
        "$type": "RealismMod.WeaponMod, RealismMod",
        "ItemID": "041241AACBBB1C4120000000",
        "Name": "Second Line Crater MCW handguard",
        "ModType": "",
        "VerticalRecoil": -1,
        "HorizontalRecoil": -2,
        "Dispersion": -1,
        "AimSpeed": 0,
        "Ergonomics": 6,
        "Accuracy": 10,
        "HeatFactor": 0.94,
        "CoolFactor": 1.06,
        "ConflictingItems": [
            "04B34BAACBB3004B30000000",
            "04B34BAACBBFDE4B30000000",
            "04B44BAACBB3004B40000000",
            "04B44BAACBBFDE4B40000000",
            "04B64BAACBB3004B60000000",
            "04B64BAACBBFDE4B60000000"
        ],
        "Weight": 0.570,
        "LoyaltyLevel": 4,
        "Price": 0,
        "DurabilityBurnModificator": 0.98
    },
    "041341AACBBB1C4130000000": {
        "$type": "RealismMod.WeaponMod, RealismMod",
        "ItemID": "041341AACBBB1C4130000000",
        "Name": "Second Line Mammoth MCW handguard",
        "ModType": "",
        "VerticalRecoil": -0.5,
        "HorizontalRecoil": -1,
        "Dispersion": -1,
        "AimSpeed": 0,
        "Ergonomics": 12,
        "Accuracy": 10,
        "HeatFactor": 0.97,
        "CoolFactor": 1.01,
        "ConflictingItems": [
            "04B04BAACBB3004B00000000",
            "04B04BAACBBFDE4B00000000",
            "04B14BAACBB3004B10000000",
            "04B14BAACBBFDE4B10000000",
            "04B44BAACBB3004B40000000",
            "04B44BAACBBFDE4B40000000",
            "04B54BAACBB3004B50000000",
            "04B54BAACBBFDE4B50000000",
            "04B74BAACBB3004B70000000",
            "04B74BAACBBFDE4B70000000",
            "04BA4BAACBB3004BA0000000",
            "04BA4BAACBBFDE4BA0000000"
        ],
        "Weight": 0.33,
        "LoyaltyLevel": 4,
        "Price": 0
    },
    "041441AACBBB1C4140000000": {
        "$type": "RealismMod.WeaponMod, RealismMod",
        "ItemID": "041441AACBBB1C4140000000",
        "Name": "Kimura Blackiron MCW handguard",
        "ModType": "",
        "VerticalRecoil": -0.5,
        "HorizontalRecoil": -1,
        "Dispersion": -1,
        "AimSpeed": 0,
        "Ergonomics": 11,
        "Accuracy": 10,
        "HeatFactor": 0.97,
        "CoolFactor": 1.06,
        "ConflictingItems": [
            "04B04BAACBB3004B00000000",
            "04B04BAACBBFDE4B00000000",
            "04B14BAACBB3004B10000000",
            "04B14BAACBBFDE4B10000000",
            "04B44BAACBB3004B40000000",
            "04B44BAACBBFDE4B40000000",
            "04B54BAACBB3004B50000000",
            "04B54BAACBBFDE4B50000000",
            "04B74BAACBB3004B70000000",
            "04B74BAACBBFDE4B70000000",
            "04BA4BAACBB3004BA0000000",
            "04BA4BAACBBFDE4BA0000000"
        ],
        "Weight": 0.312,
        "LoyaltyLevel": 4,
        "Price": 0
    },
    "041541AACBBFDE4150000000": {
        "$type": "RealismMod.WeaponMod, RealismMod",
        "ItemID": "041541AACBBFDE4150000000",
        "Name": "Rattle Back Orchestra-40 MCW handguard (FDE)",
        "ModType": "",
        "VerticalRecoil": -1,
        "HorizontalRecoil": -2,
        "Dispersion": -1,
        "AimSpeed": 0,
        "Ergonomics": 9,
        "Accuracy": 10,
        "HeatFactor": 0.94,
        "CoolFactor": 1.08,
        "ConflictingItems": [
            "04B04BAACBB3004B00000000",
            "04B04BAACBBFDE4B00000000",
            "04B14BAACBB3004B10000000",
            "04B14BAACBBFDE4B10000000",
            "04B44BAACBB3004B40000000",
            "04B44BAACBBFDE4B40000000",
            "04B54BAACBB3004B50000000",
            "04B54BAACBBFDE4B50000000",
            "04B64BAACBB3004B60000000",
            "04B64BAACBBFDE4B60000000",
            "04B74BAACBB3004B70000000",
            "04B74BAACBBFDE4B70000000",
            "04BA4BAACBB3004BA0000000",
            "04BA4BAACBBFDE4BA0000000"
        ],
        "Weight": 0.42,
        "LoyaltyLevel": 4,
        "Price": 0,
        "DurabilityBurnModificator": 0.99
    },
    "041541AACBBB1C4150000000": {
        "$type": "RealismMod.WeaponMod, RealismMod",
        "ItemID": "041541AACBBB1C4150000000",
        "Name": "Rattle Back Orchestra-40 MCW handguard",
        "ModType": "",
        "VerticalRecoil": -1,
        "HorizontalRecoil": -2,
        "Dispersion": -1,
        "AimSpeed": 0,
        "Ergonomics": 9,
        "Accuracy": 10,
        "HeatFactor": 0.94,
        "CoolFactor": 1.08,
        "ConflictingItems": [],
        "Weight": 0.42,
        "LoyaltyLevel": 0,
        "Price": 0,
        "DurabilityBurnModificator": 0.99
    },
    "041641AACBBB1C4160000000": {
        "$type": "RealismMod.WeaponMod, RealismMod",
        "ItemID": "041641AACBBB1C4160000000",
        "Name": "Kilo Reiner Midnight MCW handguard",
        "ModType": "",
        "VerticalRecoil": -0.5,
        "HorizontalRecoil": -1,
        "Dispersion": -1,
        "AimSpeed": 0,
        "Ergonomics": 11,
        "Accuracy": 10,
        "HeatFactor": 0.95,
        "CoolFactor": 1.06,
        "ConflictingItems": [
            "04B24BAACBB3004B20000000",
            "04B24BAACBBFDE4B20000000",
            "04B34BAACBB3004B30000000",
            "04B34BAACBBFDE4B30000000",
            "04B64BAACBB3004B60000000",
            "04B64BAACBBFDE4B60000000",
            "04B84BAACBB3004B80000000",
            "04B84BAACBBFDE4B80000000",
            "04B94BAACBBFDE4B90000000",
            "04BB4BAACBB3004BB0000000",
            "04BB4BAACBBFDE4BB0000000"
        ],
        "Weight": 0.425,
        "LoyaltyLevel": 0,
        "Price": 0
    },
    "041741AACBBB1C4170000000": {
        "$type": "RealismMod.WeaponMod, RealismMod",
        "ItemID": "041741AACBBB1C4170000000",
        "Name": "Kilo Reiner Cyclone MCW handguard",
        "ModType": "",
        "VerticalRecoil": -0.5,
        "HorizontalRecoil": -1,
        "Dispersion": -1,
        "AimSpeed": 0,
        "Ergonomics": 9,
        "Accuracy": 10,
        "HeatFactor": 0.96,
        "CoolFactor": 1.08,
        "ConflictingItems": [
            "04B04BAACBB3004B00000000",
            "04B04BAACBBFDE4B00000000",
            "04B14BAACBB3004B10000000",
            "04B14BAACBBFDE4B10000000",
            "04B44BAACBB3004B40000000",
            "04B44BAACBBFDE4B40000000",
            "04B54BAACBB3004B50000000",
            "04B54BAACBBFDE4B50000000",
            "04B74BAACBB3004B70000000",
            "04B74BAACBBFDE4B70000000",
            "04B94BAACBBFDE4B90000000",
            "04BA4BAACBB3004BA0000000",
            "04BA4BAACBBFDE4BA0000000"
        ],
        "Weight": 0.39,
        "LoyaltyLevel": 4,
        "Price": 0
    },
    "041841AACBBB1C4180000000": {
        "$type": "RealismMod.WeaponMod, RealismMod",
        "ItemID": "041841AACBBB1C4180000000",
        "Name": "Kimura Silentshot MCW handguard",
        "ModType": "",
        "VerticalRecoil": -0.5,
        "HorizontalRecoil": -1,
        "Dispersion": -1,
        "AimSpeed": 0,
        "Ergonomics": 11,
        "Accuracy": 10,
        "HeatFactor": 0.96,
        "CoolFactor": 1.1,
        "ConflictingItems": [
            "04B04BAACBB3004B00000000",
            "04B04BAACBBFDE4B00000000",
            "04B14BAACBB3004B10000000",
            "04B14BAACBBFDE4B10000000",
            "04B44BAACBB3004B40000000",
            "04B44BAACBBFDE4B40000000",
            "04B54BAACBB3004B50000000",
            "04B54BAACBBFDE4B50000000",
            "04B74BAACBB3004B70000000",
            "04B74BAACBBFDE4B70000000",
            "04B94BAACBBFDE4B90000000",
            "04BA4BAACBB3004BA0000000",
            "04BA4BAACBBFDE4BA0000000"
        ],
        "Weight": 0.37,
        "LoyaltyLevel": 4,
        "Price": 0,
        "DurabilityBurnModificator": 0.99
    },
    "041941AACBBB1C4190000000": {
        "$type": "RealismMod.WeaponMod, RealismMod",
        "ItemID": "041941AACBBB1C4190000000",
        "Name": "Tempus 76L-P MCW handguard",
        "ModType": "",
        "VerticalRecoil": -0.5,
        "HorizontalRecoil": -1,
        "Dispersion": -1,
        "AimSpeed": 0,
        "Ergonomics": 8,
        "Accuracy": 10,
        "HeatFactor": 0.96,
        "CoolFactor": 1.06,
        "ConflictingItems": [
            "04B34BAACBB3004B30000000",
            "04B34BAACBBFDE4B30000000",
            "04B94BAACBBFDE4B90000000"
        ],
        "Weight": 0.605,
        "LoyaltyLevel": 4,
        "Price": 0,
        "DurabilityBurnModificator": 0.99
    },
    "041A41AACBBB1C41A0000000": {
        "$type": "RealismMod.WeaponMod, RealismMod",
        "ItemID": "041A41AACBBB1C41A0000000",
        "Name": "Kimura Lockjaw MCW handguard",
        "ModType": "",
        "VerticalRecoil": -1,
        "HorizontalRecoil": -2,
        "Dispersion": -1,
        "AimSpeed": 0,
        "Ergonomics": 9,
        "Accuracy": 10,
        "HeatFactor": 0.94,
        "CoolFactor": 1.05,
        "ConflictingItems": [
            "04B04BAACBB3004B00000000",
            "04B04BAACBBFDE4B00000000",
            "04B14BAACBB3004B10000000",
            "04B14BAACBBFDE4B10000000",
            "04B44BAACBB3004B40000000",
            "04B44BAACBBFDE4B40000000",
            "04B54BAACBB3004B50000000",
            "04B54BAACBBFDE4B50000000",
            "04B74BAACBB3004B70000000",
            "04B74BAACBBFDE4B70000000",
            "04B94BAACBBFDE4B90000000",
            "04BA4BAACBB3004BA0000000",
            "04BA4BAACBBFDE4BA0000000"
        ],
        "Weight": 0.405,
        "LoyaltyLevel": 4,
        "Price": 0
    },
    "041B41AACBBB1C41B0000000": {
        "$type": "RealismMod.WeaponMod, RealismMod",
        "ItemID": "041B41AACBBB1C41B0000000",
        "Name": "Tempus Predator MCW handguard",
        "ModType": "",
        "VerticalRecoil": -2,
        "HorizontalRecoil": -3,
        "Dispersion": -1,
        "AimSpeed": 0,
        "Ergonomics": 12,
        "Accuracy": 10,
        "HeatFactor": 0.92,
        "CoolFactor": 1.06,
        "ConflictingItems": [
            "04B04BAACBB3004B00000000",
            "04B04BAACBBFDE4B00000000",
            "04B14BAACBB3004B10000000",
            "04B14BAACBBFDE4B10000000",
            "04B34BAACBB3004B30000000",
            "04B34BAACBBFDE4B30000000",
            "04B44BAACBB3004B40000000",
            "04B44BAACBBFDE4B40000000",
            "04B64BAACBB3004B60000000",
            "04B64BAACBBFDE4B60000000",
            "04B84BAACBB3004B80000000",
            "04B84BAACBBFDE4B80000000"
        ],
        "Weight": 0.461,
        "LoyaltyLevel": 0,
        "Price": 0
    },
    "041C41AACBBB1C41C0000000": {
        "$type": "RealismMod.WeaponMod, RealismMod",
        "ItemID": "041C41AACBBB1C41C0000000",
        "Name": "Kilo Reiner Series-R MCW handguard",
        "ModType": "",
        "VerticalRecoil": -1,
        "HorizontalRecoil": -2,
        "Dispersion": -1,
        "AimSpeed": 0,
        "Ergonomics": 10,
        "Accuracy": 10,
        "HeatFactor": 0.92,
        "CoolFactor": 1.06,
        "ConflictingItems": [
            "04B34BAACBB3004B30000000",
            "04B34BAACBBFDE4B30000000"
        ],
        "Weight": 0.466,
        "LoyaltyLevel": 4,
        "Price": 0
    },
    "047347AACBBFDE4730000000": {
        "$type": "RealismMod.WeaponMod, RealismMod",
        "ItemID": "047347AACBBFDE4730000000",
        "Name": "MCW stock buffer tube (FDE)",
        "ModType": "buffer",
        "VerticalRecoil": -1,
        "HorizontalRecoil": -2,
        "Dispersion": 0,
        "CameraRecoil": 0,
        "AimSpeed": 0,
        "Ergonomics": 0,
        "Accuracy": 0,
        "HasShoulderContact": false,
        "BlocksFolding": false,
        "AutoROF": 0,
        "SemiROF": 0,
        "ModMalfunctionChance": 0,
        "StockAllowADS": false,
        "ConflictingItems": [],
        "Weight": 0.359,
        "DurabilityBurnModificator": 1,
        "LoyaltyLevel": 3,
        "Price": 0
    },
    "047347AACBBB1C4730000000": {
        "$type": "RealismMod.WeaponMod, RealismMod",
        "ItemID": "047347AACBBB1C4730000000",
        "Name": "MCW stock buffer tube (FDE)",
        "ModType": "buffer",
        "VerticalRecoil": -1,
        "HorizontalRecoil": -2,
        "Dispersion": 0,
        "CameraRecoil": 0,
        "AimSpeed": 0,
        "Ergonomics": 0,
        "Accuracy": 0,
        "HasShoulderContact": false,
        "BlocksFolding": false,
        "AutoROF": 0,
        "SemiROF": 0,
        "ModMalfunctionChance": 0,
        "StockAllowADS": false,
        "ConflictingItems": [],
        "Weight": 0.359,
        "DurabilityBurnModificator": 1,
        "LoyaltyLevel": 3,
        "Price": 0
    },
    "047647AACBBFDE4760000000": {
        "$type": "RealismMod.WeaponMod, RealismMod",
        "ItemID": "047647AACBBFDE4760000000",
        "Name": "RB Monarch MCW tactical heavy Stock",
        "ModType": "Stock",
        "VerticalRecoil": -22,
        "HorizontalRecoil": -34,
        "Dispersion": -7,
        "CameraRecoil": -8,
        "AimSpeed": 0,
        "Ergonomics": 17,
        "Accuracy": 0,
        "HasShoulderContact": true,
        "BlocksFolding": false,
        "AutoROF": 0,
        "SemiROF": 0,
        "ModMalfunctionChance": 0,
        "StockAllowADS": false,
        "ConflictingItems": [],
        "Weight": 0.726,
        "LoyaltyLevel": 4,
        "Price": 0
    },
    "043043AACBBCFB4300000000": {
        "$type": "RealismMod.WeaponMod, RealismMod",
        "ItemID": "043043AACBBCFB4300000000",
        "Name": "MCW grip palm shelf",
        "ModType": "",
        "VerticalRecoil": -5,
        "HorizontalRecoil": -5,
        "Dispersion": 0,
        "AimSpeed": 0,
        "Ergonomics": -3,
        "Accuracy": 0,
        "ConflictingItems": [],
        "Weight": 0.015,
        "LoyaltyLevel": 4,
        "Price": 0
    },
    "04C04CAACBBFDE4C00000000": {
        "$type": "RealismMod.WeaponMod, RealismMod",
        "ItemID": "04C04CAACBBFDE4C00000000",
        "Name": "XTEN high efficiency AR-15 muzzle device",
        "ModType": "",
        "VerticalRecoil": -3,
        "HorizontalRecoil": -21,
        "Dispersion": 0,
        "CameraRecoil": -15,
        "AutoROF": 0,
        "SemiROF": 0,
        "ModMalfunctionChance": 0,
        "CanCycleSubs": false,
        "Accuracy": 1,
        "HeatFactor": 0.986,
        "CoolFactor": 1.012,
        "DurabilityBurnModificator": 1,
        "Velocity": 0,
        "RecoilAngle": 13,
        "ConflictingItems": [],
        "Ergonomics": 0,
        "Weight": 0.137,
        "Loudness": 35,
        "Convergence": 12,
        "LoyaltyLevel": 4,
        "Price": 0,
        "Flash": 20
    },
    "04B84BF15DF1584B00000000": {
        "$type": "RealismMod.WeaponMod, RealismMod",
        "ItemID": "04B84BF15DF1584B00000000",
        "Name": "XTEN AR-15 muzzle device",
        "ModType": "",
        "VerticalRecoil": -4,
        "HorizontalRecoil": -14,
        "Dispersion": 0,
        "CameraRecoil": -12,
        "AutoROF": 0,
        "SemiROF": 0,
        "ModMalfunctionChance": 0,
        "CanCycleSubs": false,
        "Accuracy": 1,
        "HeatFactor": 0.994,
        "CoolFactor": 1.012,
        "DurabilityBurnModificator": 1,
        "Velocity": 0,
        "RecoilAngle": 13,
        "ConflictingItems": [],
        "Ergonomics": 0,
        "Weight": 0.134,
        "Loudness": 35,
        "Convergence": 8,
        "LoyaltyLevel": 4,
        "Price": 0,
        "Flash": 40
    },
    "04C14CAACBBFDE4C10000000": {
        "$type": "RealismMod.WeaponMod, RealismMod",
        "ItemID": "04C14CAACBBFDE4C10000000",
        "Name": "KR .300 muzzle device",
        "ModType": "",
        "VerticalRecoil": 0,
        "HorizontalRecoil": -15,
        "Dispersion": -15,
        "CameraRecoil": -15,
        "AutoROF": 0,
        "SemiROF": 0,
        "ModMalfunctionChance": 0,
        "CanCycleSubs": false,
        "Accuracy": 0,
        "HeatFactor": 0.989,
        "CoolFactor": 1.02,
        "DurabilityBurnModificator": 1,
        "Velocity": 0,
        "RecoilAngle": 0,
        "ConflictingItems": [],
        "Ergonomics": 0,
        "Weight": 0.165,
        "Loudness": 37,
        "Convergence": 0,
        "LoyaltyLevel": 4,
        "MeleeDamage": 3,
        "Price": 0,
        "Flash": 10
    },
    "04BF4BAACBBFDE4BF0000000": {
        "$type": "RealismMod.WeaponMod, RealismMod",
        "ItemID": "04BF4BAACBBFDE4BF0000000",
        "Name": "Kimura Silentshot MCW proprietary multi-caliber suppressor",
        "ModType": "",
        "VerticalRecoil": -10,
        "HorizontalRecoil": -16,
        "Dispersion": -19,
        "CameraRecoil": -10,
        "AutoROF": 1.9,
        "SemiROF": 3,
        "ModMalfunctionChance": -18,
        "CanCycleSubs": false,
        "Accuracy": -7,
        "HeatFactor": 1.15,
        "CoolFactor": 0.97,
        "DurabilityBurnModificator": 1.14,
        "Velocity": 1,
        "RecoilAngle": 0,
        "ConflictingItems": [],
        "Ergonomics": 0,
        "Weight": 0.57,
        "Loudness": -20,
        "Convergence": 0,
        "LoyaltyLevel": 4,
        "Price": 0,
        "Flash": -5
    },
    "04BE4BAACBBFDE4BE0000000": {
        "$type": "RealismMod.WeaponMod, RealismMod",
        "ItemID": "04BE4BAACBBFDE4BE0000000",
        "Name": "Kimura Huntsman Series-R MCW proprietary multi-caliber suppressor",
        "ModType": "",
        "VerticalRecoil": -17,
        "HorizontalRecoil": -26,
        "Dispersion": -19,
        "CameraRecoil": -10,
        "AutoROF": 1.9,
        "SemiROF": 3,
        "ModMalfunctionChance": -18,
        "CanCycleSubs": false,
        "Accuracy": -7,
        "HeatFactor": 1.2,
        "CoolFactor": 0.96,
        "DurabilityBurnModificator": 1.73,
        "Velocity": 3.5,
        "RecoilAngle": 0,
        "ConflictingItems": [],
        "Ergonomics": 0,
        "Weight": 0.59,
        "Loudness": -30,
        "Convergence": 0,
        "LoyaltyLevel": 4,
        "Price": 0,
        "Flash": -10
    },
    "02F02FAACBBB1C0600000000": {
        "$type": "RealismMod.WeaponMod, RealismMod",
        "ItemID": "02F02FAACBBB1C0600000000",
        "Name": "5.56x45 Cronen STANAG 60-round drum magazine",
        "ModType": "",
        "ReloadSpeed": -30,
        "Ergonomics": -2,
        "MalfunctionChance": 1.4,
        "LoadUnloadModifier": 60,
        "CheckTimeModifier": 20,
        "ConflictingItems": [],
        "Weight": 0.390,
        "VerticalRecoil": 0,
        "HorizontalRecoil": 0,
        "LoyaltyLevel": 4,
        "Price": 0
    },
    "04B04BAACBBFDE4B00000000": {
        "$type": "RealismMod.WeaponMod, RealismMod",
        "ItemID": "04B04BAACBBFDE4B00000000",
        "Name": "MCW 5.56x45 380mm standard barrel",
        "ModType": "short_barrel",
        "VerticalRecoil": -3,
        "HorizontalRecoil": -5,
        "AutoROF": 7,
        "SemiROF": 1.5,
        "ModMalfunctionChance": 25,
        "CameraRecoil": 7,
        "Convergence": 0,
        "Accuracy": 0,
        "CenterOfImpact": 0.06,
        "HeatFactor": 1.04,
        "CoolFactor": 1.06,
        "DurabilityBurnModificator": 0.82,
        "Velocity": -8.62,
        "ConflictingItems": [],
        "Ergonomics": -4,
        "Weight": 0.63,
        "ShotgunDispersion": 1,
        "Loudness": 0,
        "LoyaltyLevel": 4,
        "Price": 0
    },
    "04B04BAACBB3004B00000000": {
        "$type": "RealismMod.WeaponMod, RealismMod",
        "ItemID": "04B04BAACBB3004B00000000",
        "Name": "MCW .300 380mm standard barrel",
        "ModType": "short_barrel",
        "VerticalRecoil": -3,
        "HorizontalRecoil": -5,
        "AutoROF": 7,
        "SemiROF": 1.5,
        "ModMalfunctionChance": 25,
        "CameraRecoil": 7,
        "Convergence": 0,
        "Accuracy": 0,
        "CenterOfImpact": 0.061,
        "HeatFactor": 1.04,
        "CoolFactor": 1.06,
        "DurabilityBurnModificator": 0.82,
        "Velocity": -8.62,
        "ConflictingItems": [],
        "Ergonomics": -3,
        "Weight": 0.66,
        "ShotgunDispersion": 1,
        "Loudness": 0,
        "LoyaltyLevel": 4,
        "Price": 0
    },
    "04B14BAACBBFDE4B10000000": {
        "$type": "RealismMod.WeaponMod, RealismMod",
        "ItemID": "04B14BAACBBFDE4B10000000",
        "Name": "MCW 5.56x45 360mm heavy barrel",
        "ModType": "short_barrel",
        "VerticalRecoil": -3,
        "HorizontalRecoil": -5,
        "AutoROF": 7,
        "SemiROF": 1.5,
        "ModMalfunctionChance": 25,
        "CameraRecoil": 7,
        "Convergence": 0,
        "Accuracy": 0,
        "CenterOfImpact": 0.053,
        "HeatFactor": 0.9,
        "CoolFactor": 1.06,
        "DurabilityBurnModificator": 0.84,
        "Velocity": -8.62,
        "ConflictingItems": [],
        "Ergonomics": -3,
        "Weight": 0.74,
        "ShotgunDispersion": 1,
        "Loudness": 0,
        "LoyaltyLevel": 4,
        "Price": 0
    },
    "04B14BAACBB3004B10000000": {
        "$type": "RealismMod.WeaponMod, RealismMod",
        "ItemID": "04B14BAACBB3004B10000000",
        "Name": "MCW .300 360mm heavy barrel",
        "ModType": "short_barrel",
        "VerticalRecoil": -3,
        "HorizontalRecoil": -5,
        "AutoROF": 7,
        "SemiROF": 1.5,
        "ModMalfunctionChance": 25,
        "CameraRecoil": 7,
        "Convergence": 0,
        "Accuracy": 0,
        "CenterOfImpact": 0.054,
        "HeatFactor": 0.9,
        "CoolFactor": 1.06,
        "DurabilityBurnModificator": 0.84,
        "Velocity": -8.62,
        "ConflictingItems": [],
        "Ergonomics": -3,
        "Weight": 0.8,
        "ShotgunDispersion": 1,
        "Loudness": 0,
        "LoyaltyLevel": 4,
        "Price": 0
    },
    "04B24BAACBBFDE4B20000000": {
        "$type": "RealismMod.WeaponMod, RealismMod",
        "ItemID": "04B24BAACBBFDE4B20000000",
        "Name": "MCW 5.56x45 407mm heavy barrel",
        "ModType": "short_barrel",
        "VerticalRecoil": -4.5,
        "HorizontalRecoil": -7,
        "AutoROF": 7,
        "SemiROF": 1.5,
        "ModMalfunctionChance": 25,
        "CameraRecoil": 7,
        "Convergence": 0,
        "Accuracy": 0,
        "CenterOfImpact": 0.0505,
        "HeatFactor": 0.88,
        "CoolFactor": 1.08,
        "DurabilityBurnModificator": 0.82,
        "Velocity": -6.33,
        "ConflictingItems": [],
        "Ergonomics": -4,
        "Weight": 0.8,
        "ShotgunDispersion": 1,
        "Loudness": 0,
        "LoyaltyLevel": 4,
        "Price": 0
    },
    "04B24BAACBB3004B20000000": {
        "$type": "RealismMod.WeaponMod, RealismMod",
        "ItemID": "04B24BAACBB3004B20000000",
        "Name": "MCW .300 407mm heavy barrel",
        "ModType": "short_barrel",
        "VerticalRecoil": -4.5,
        "HorizontalRecoil": -7,
        "AutoROF": 7,
        "SemiROF": 1.5,
        "ModMalfunctionChance": 25,
        "CameraRecoil": 7,
        "Convergence": 0,
        "Accuracy": 0,
        "CenterOfImpact": 0.051,
        "HeatFactor": 0.88,
        "CoolFactor": 1.08,
        "DurabilityBurnModificator": 0.82,
        "Velocity": -6.33,
        "ConflictingItems": [],
        "Ergonomics": -4,
        "Weight": 0.82,
        "ShotgunDispersion": 1,
        "Loudness": 0,
        "LoyaltyLevel": 4,
        "Price": 0
    },
    "04B34BAACBBFDE4B30000000": {
        "$type": "RealismMod.WeaponMod, RealismMod",
        "ItemID": "04B34BAACBBFDE4B30000000",
        "Name": "MCW 5.56x45 255mm heavy barrel",
        "ModType": "short_barrel",
        "VerticalRecoil": -2,
        "HorizontalRecoil": -3,
        "AutoROF": 7,
        "SemiROF": 1.5,
        "ModMalfunctionChance": 25,
        "CameraRecoil": 7,
        "Convergence": 0,
        "Accuracy": 0,
        "CenterOfImpact": 0.072,
        "HeatFactor": 0.97,
        "CoolFactor": 1.04,
        "DurabilityBurnModificator": 0.86,
        "Velocity": -15.1,
        "ConflictingItems": [],
        "Ergonomics": -2,
        "Weight": 0.49,
        "ShotgunDispersion": 1,
        "Loudness": 0,
        "LoyaltyLevel": 4,
        "Price": 0
    },
    "04B34BAACBB3004B30000000": {
        "$type": "RealismMod.WeaponMod, RealismMod",
        "ItemID": "04B34BAACBB3004B30000000",
        "Name": "MCW .300 255mm heavy barrel",
        "ModType": "short_barrel",
        "VerticalRecoil": -2,
        "HorizontalRecoil": -3,
        "AutoROF": 7,
        "SemiROF": 1.5,
        "ModMalfunctionChance": 25,
        "CameraRecoil": 7,
        "Convergence": 0,
        "Accuracy": 0,
        "CenterOfImpact": 0.0725,
        "HeatFactor": 0.97,
        "CoolFactor": 1.04,
        "DurabilityBurnModificator": 0.86,
        "Velocity": -15.1,
        "ConflictingItems": [],
        "Ergonomics": -3,
        "Weight": 0.82,
        "ShotgunDispersion": 1,
        "Loudness": 0,
        "LoyaltyLevel": 4,
        "Price": 0
    },
    "04B44BAACBBFDE4B40000000": {
        "$type": "RealismMod.WeaponMod, RealismMod",
        "ItemID": "04B44BAACBBFDE4B40000000",
        "Name": "MCW 5.56x45 320mm light barrel",
        "ModType": "short_barrel",
        "VerticalRecoil": -3,
        "HorizontalRecoil": -5,
        "AutoROF": 7,
        "SemiROF": 1.5,
        "ModMalfunctionChance": 25,
        "CameraRecoil": 7,
        "Convergence": 0,
        "Accuracy": 0,
        "CenterOfImpact": 0.0715,
        "HeatFactor": 1.09,
        "CoolFactor": 1.05,
        "DurabilityBurnModificator": 0.88,
        "Velocity": -12.4,
        "ConflictingItems": [],
        "Ergonomics": -3,
        "Weight": 0.5,
        "ShotgunDispersion": 1,
        "Loudness": 0,
        "LoyaltyLevel": 4,
        "Price": 0
    },
    "04B44BAACBB3004B40000000": {
        "$type": "RealismMod.WeaponMod, RealismMod",
        "ItemID": "04B44BAACBB3004B40000000",
        "Name": "MCW .300 320mm light barrel",
        "ModType": "short_barrel",
        "VerticalRecoil": -3,
        "HorizontalRecoil": -5,
        "AutoROF": 7,
        "SemiROF": 1.5,
        "ModMalfunctionChance": 25,
        "CameraRecoil": 7,
        "Convergence": 0,
        "Accuracy": 0,
        "CenterOfImpact": 0.072,
        "HeatFactor": 1.09,
        "CoolFactor": 1.05,
        "DurabilityBurnModificator": 0.88,
        "Velocity": -12.4,
        "ConflictingItems": [],
        "Ergonomics": -3,
        "Weight": 0.53,
        "ShotgunDispersion": 1,
        "Loudness": 0,
        "LoyaltyLevel": 4,
        "Price": 0
    },
    "04B54BAACBBFDE4B50000000": {
        "$type": "RealismMod.WeaponMod, RealismMod",
        "ItemID": "04B54BAACBBFDE4B50000000",
        "Name": "MCW 5.56x45 420mm barrel",
        "ModType": "short_barrel",
        "VerticalRecoil": -4,
        "HorizontalRecoil": -6,
        "AutoROF": 7,
        "SemiROF": 1.5,
        "ModMalfunctionChance": 25,
        "CameraRecoil": 7,
        "Convergence": 0,
        "Accuracy": 0,
        "CenterOfImpact": 0.057,
        "HeatFactor": 0.92,
        "CoolFactor": 1.08,
        "DurabilityBurnModificator": 0.83,
        "Velocity": -6.2,
        "ConflictingItems": [],
        "Ergonomics": -4,
        "Weight": 0.725,
        "ShotgunDispersion": 1,
        "Loudness": 0,
        "LoyaltyLevel": 4,
        "Price": 0
    },
    "04B54BAACBB3004B50000000": {
        "$type": "RealismMod.WeaponMod, RealismMod",
        "ItemID": "04B54BAACBB3004B50000000",
        "Name": "MCW .300 420mm barrel",
        "ModType": "short_barrel",
        "VerticalRecoil": -4,
        "HorizontalRecoil": -6,
        "AutoROF": 7,
        "SemiROF": 1.5,
        "ModMalfunctionChance": 25,
        "CameraRecoil": 7,
        "Convergence": 0,
        "Accuracy": 0,
        "CenterOfImpact": 0.0577,
        "HeatFactor": 0.92,
        "CoolFactor": 1.08,
        "DurabilityBurnModificator": 0.83,
        "Velocity": -6.2,
        "ConflictingItems": [],
        "Ergonomics": -4,
        "Weight": 0.76,
        "ShotgunDispersion": 1,
        "Loudness": 0,
        "LoyaltyLevel": 4,
        "Price": 0
    },
    "04B64BAACBBFDE4B60000000": {
        "$type": "RealismMod.WeaponMod, RealismMod",
        "ItemID": "04B64BAACBBFDE4B60000000",
        "Name": "MCW Silentshot 5.56x45 barrel",
        "ModType": "short_barrel",
        "VerticalRecoil": -2,
        "HorizontalRecoil": -3,
        "AutoROF": 7,
        "SemiROF": 1.5,
        "ModMalfunctionChance": 25,
        "CameraRecoil": 7,
        "Convergence": 0,
        "Accuracy": 0,
        "CenterOfImpact": 0.08,
        "HeatFactor": 1.11,
        "CoolFactor": 1.06,
        "DurabilityBurnModificator": 0.86,
        "Velocity": -13.7,
        "ConflictingItems": [],
        "Ergonomics": -2,
        "Weight": 0.42,
        "ShotgunDispersion": 1,
        "Loudness": 0,
        "LoyaltyLevel": 4,
        "Price": 0
    },
    "04B64BAACBB3004B60000000": {
        "$type": "RealismMod.WeaponMod, RealismMod",
        "ItemID": "04B64BAACBB3004B60000000",
        "Name": "MCW Silentshot .300 barrel",
        "ModType": "short_barrel",
        "VerticalRecoil": -2,
        "HorizontalRecoil": -3,
        "AutoROF": 0,
        "SemiROF": 0,
        "CameraRecoil": 0,
        "ModMalfunctionChance": 0,
        "Convergence": 0,
        "Accuracy": 0,
        "CenterOfImpact": 0.085,
        "HeatFactor": 1.02,
        "CoolFactor": 0.97,
        "DurabilityBurnModificator": 1,
        "Velocity": -6,
        "ConflictingItems": [],
        "Ergonomics": -4,
        "Weight": 0.45,
        "ShotgunDispersion": 1,
        "Loudness": 0,
        "LoyaltyLevel": 4,
        "Price": 0
    },
    "04B74BAACBBFDE4B70000000": {
        "$type": "RealismMod.WeaponMod, RealismMod",
        "ItemID": "04B74BAACBBFDE4B70000000",
        "Name": "MCW 5.56x45 410mm heavy barrel",
        "ModType": "short_barrel",
        "VerticalRecoil": -4,
        "HorizontalRecoil": -6,
        "AutoROF": 0,
        "SemiROF": 0,
        "CameraRecoil": 0,
        "ModMalfunctionChance": 0,
        "Convergence": 0,
        "Accuracy": 0,
        "CenterOfImpact": 0.05,
        "HeatFactor": 0.88,
        "CoolFactor": 1.08,
        "DurabilityBurnModificator": 0.81,
        "Velocity": -6.1,
        "ConflictingItems": [],
        "Ergonomics": -4,
        "Weight": 0.82,
        "ShotgunDispersion": 1,
        "Loudness": 0,
        "LoyaltyLevel": 0,
        "Price": 0
    },
    "04B74BAACBB3004B70000000": {
        "$type": "RealismMod.WeaponMod, RealismMod",
        "ItemID": "04B74BAACBB3004B70000000",
        "Name": "MCW .300 410mm heavy barrel",
        "ModType": "short_barrel",
        "VerticalRecoil": -4,
        "HorizontalRecoil": -6,
        "AutoROF": 0,
        "SemiROF": 0,
        "CameraRecoil": 0,
        "ModMalfunctionChance": 0,
        "Convergence": 0,
        "Accuracy": 0,
        "CenterOfImpact": 0.0505,
        "HeatFactor": 0.88,
        "CoolFactor": 1.08,
        "DurabilityBurnModificator": 0.81,
        "Velocity": -6.1,
        "ConflictingItems": [],
        "Ergonomics": -4,
        "Weight": 0.84,
        "ShotgunDispersion": 1,
        "Loudness": 0,
        "LoyaltyLevel": 0,
        "Price": 0
    },
    "04B84BAACBBFDE4B80000000": {
        "$type": "RealismMod.WeaponMod, RealismMod",
        "ItemID": "04B84BAACBBFDE4B80000000",
        "Name": "MCW 5.56x45 345mm heavy barrel",
        "ModType": "short_barrel",
        "VerticalRecoil": -3,
        "HorizontalRecoil": -5,
        "AutoROF": 7,
        "SemiROF": 1.5,
        "ModMalfunctionChance": 25,
        "CameraRecoil": 7,
        "Convergence": 0,
        "Accuracy": 0,
        "CenterOfImpact": 0.054,
        "HeatFactor": 0.9,
        "CoolFactor": 1.06,
        "DurabilityBurnModificator": 0.84,
        "Velocity": -9.07,
        "ConflictingItems": [],
        "Ergonomics": -2,
        "Weight": 0.68,
        "ShotgunDispersion": 1,
        "Loudness": 0,
        "LoyaltyLevel": 4,
        "Price": 0
    },
    "04B84BAACBB3004B80000000": {
        "$type": "RealismMod.WeaponMod, RealismMod",
        "ItemID": "04B84BAACBB3004B80000000",
        "Name": "MCW .300 345mm heavy barrel",
        "ModType": "",
        "VerticalRecoil": -3,
        "HorizontalRecoil": -5,
        "AutoROF": 0,
        "SemiROF": 0,
        "CameraRecoil": 0,
        "ModMalfunctionChance": 0,
        "Convergence": 0,
        "Accuracy": 0,
        "CenterOfImpact": 0.055,
        "HeatFactor": 0.9,
        "CoolFactor": 1.06,
        "DurabilityBurnModificator": 0.84,
        "Velocity": -9.07,
        "ConflictingItems": [],
        "Ergonomics": -5,
        "Weight": 0.72,
        "ShotgunDispersion": 1,
        "Loudness": 0,
        "LoyaltyLevel": 4,
        "Price": 0
    },
    "04B94BAACBBFDE4B90000000": {
        "$type": "RealismMod.WeaponMod, RealismMod",
        "ItemID": "04B94BAACBBFDE4B90000000",
        "Name": "MCW 5.56x45 marksman heavy barrel",
        "ModType": "short_barrel",
        "VerticalRecoil": -6,
        "HorizontalRecoil": -9,
        "AutoROF": 7,
        "SemiROF": 1.5,
        "ModMalfunctionChance": 25,
        "CameraRecoil": 7,
        "Convergence": 0,
        "Accuracy": 0,
        "CenterOfImpact": 0.04,
        "HeatFactor": 0.87,
        "CoolFactor": 0.99,
        "DurabilityBurnModificator": 0.72,
        "Velocity": -5.4,
        "ConflictingItems": [],
        "Ergonomics": -5,
        "Weight": 1.03,
        "ShotgunDispersion": 1,
        "Loudness": 0,
        "LoyaltyLevel": 4,
        "Price": 0
    },
    "04BA4BAACBBFDE4BA0000000": {
        "$type": "RealismMod.WeaponMod, RealismMod",
        "ItemID": "04BA4BAACBBFDE4BA0000000",
        "Name": "MCW 5.56x45 marksman barrel",
        "ModType": "short_barrel",
        "VerticalRecoil": -3.5,
        "HorizontalRecoil": -5,
        "AutoROF": 7,
        "SemiROF": 1.5,
        "ModMalfunctionChance": 25,
        "CameraRecoil": 7,
        "Convergence": 0,
        "Accuracy": 0,
        "CenterOfImpact": 0.0493,
        "HeatFactor": 0.9,
        "CoolFactor": 1.02,
        "DurabilityBurnModificator": 0.78,
        "Velocity": -6.03,
        "ConflictingItems": [],
        "Ergonomics": -4,
        "Weight": 0.82,
        "ShotgunDispersion": 1,
        "Loudness": 0,
        "LoyaltyLevel": 0,
        "Price": 0
    },
    "04BA4BAACBB3004BA0000000": {
        "$type": "RealismMod.WeaponMod, RealismMod",
        "ItemID": "04BA4BAACBB3004BA0000000",
        "Name": "MCW .300 marksman barrel",
        "ModType": "",
        "VerticalRecoil": -3.5,
        "HorizontalRecoil": -5,
        "AutoROF": 0,
        "SemiROF": 0,
        "CameraRecoil": 0,
        "ModMalfunctionChance": 0,
        "Convergence": 0,
        "Accuracy": 0,
        "CenterOfImpact": 0.0493,
        "HeatFactor": 0.9,
        "CoolFactor": 1.02,
        "DurabilityBurnModificator": 0.72,
        "Velocity": -6.03,
        "ConflictingItems": [],
        "Ergonomics": -4,
        "Weight": 0.82,
        "ShotgunDispersion": 1,
        "Loudness": 0,
        "LoyaltyLevel": 0,
        "Price": 0
    },
    "04BB4BAACBBFDE4BB0000000": {
        "$type": "RealismMod.WeaponMod, RealismMod",
        "ItemID": "04BB4BAACBBFDE4BB0000000",
        "Name": "MCW Huntsman R 5.56x45 barrel",
        "ModType": "short_barrel",
        "VerticalRecoil": -2,
        "HorizontalRecoil": -3,
        "AutoROF": 7,
        "SemiROF": 1.5,
        "ModMalfunctionChance": 25,
        "CameraRecoil": 7,
        "Convergence": 0,
        "Accuracy": 0,
        "CenterOfImpact": 0.08,
        "HeatFactor": 1.11,
        "CoolFactor": 1.06,
        "DurabilityBurnModificator": 0.86,
        "Velocity": -16,
        "ConflictingItems": [
            "041041AACBBB1C0000000000",
            "041041AACBBFDE0000000000",
            "041141AACBBB1C4110000000",
            "041341AACBBB1C4130000000",
            "041441AACBBB1C4140000000",
            "041541AACBBB1C4150000000",
            "041541AACBBFDE4150000000",
            "041641AACBBB1C4160000000",
            "041741AACBBB1C4170000000",
            "041841AACBBB1C4180000000",
            "041941AACBBB1C4190000000",
            "041A41AACBBB1C41A0000000"
        ],
        "Ergonomics": -1,
        "Weight": 0.42,
        "ShotgunDispersion": 1,
        "Loudness": 0,
        "LoyaltyLevel": 4,
        "Price": 0
    },
    "04BB4BAACBB3004BB0000000": {
        "$type": "RealismMod.WeaponMod, RealismMod",
        "ItemID": "04BB4BAACBB3004BB0000000",
        "Name": "MCW Huntsman R .300 barrel",
        "ModType": "short_barrel",
        "VerticalRecoil": -2,
        "HorizontalRecoil": -3,
        "AutoROF": 7,
        "SemiROF": 1.5,
        "ModMalfunctionChance": 25,
        "CameraRecoil": 7,
        "Convergence": 0,
        "Accuracy": 0,
        "CenterOfImpact": 0.085,
        "HeatFactor": 1.11,
        "CoolFactor": 1.06,
        "DurabilityBurnModificator": 0.86,
        "Velocity": -16,
        "ConflictingItems": [
            "041041AACBBB1C0000000000",
            "041041AACBBFDE0000000000",
            "041141AACBBB1C4110000000",
            "041341AACBBB1C4130000000",
            "041441AACBBB1C4140000000",
            "041541AACBBB1C4150000000",
            "041541AACBBFDE4150000000",
            "041641AACBBB1C4160000000",
            "041741AACBBB1C4170000000",
            "041841AACBBB1C4180000000",
            "041941AACBBB1C4190000000",
            "041A41AACBBB1C41A0000000"
        ],
        "Ergonomics": -1,
        "Weight": 0.45,
        "ShotgunDispersion": 1,
        "Loudness": 0,
        "LoyaltyLevel": 4,
        "Price": 0
    }
}