{
    "020020AA14AA140000000000": {
        "$type": "RealismMod.Gun, RealismMod",
		"ItemID": "020020AA14AA140000000000",
        "Name": "Springfield Armory M14 7.62x51 rifle",
        "WeapType": "",
        "OperationType": "",
        "WeapAccuracy": 0,
        "BaseTorque": -0.75,
        "HasShoulderContact": false,
        "Ergonomics": 80,
        "VerticalRecoil": 135,
        "HorizontalRecoil": 298,
        "Dispersion": 12,
        "CameraRecoil": 0.08,
        "VisualMulti": 0.82,
        "Convergence": 8.7,
        "RecoilAngle": 88,
        "BaseMalfunctionChance": 0.0025,
        "HeatFactorGun": 0.37,
        "HeatFactorByShot": 1,
        "CoolFactorGun": 0.1,
        "CoolFactorGunMods": 1,
        "AllowOverheat": true,
        "CenterOfImpact": 0,
        "HipAccuracyRestorationDelay": 0.2,
        "HipAccuracyRestorationSpeed": 7,
        "HipInnaccuracyGain": 0.16,
        "ShotgunDispersion": 0,
        "Velocity": 0,
        "RecoilDamping": 0.78,
        "RecoilHandDamping": 0.675,
        "WeaponAllowADS": false,
        "Weight": 1.516,
        "DurabilityBurnRatio": 0.35,
        "AutoROF": 750,
        "SemiROF": 320,
        "BaseReloadSpeedMulti": 0.9,
        "BaseChamberSpeedMulti": 1,
        "MinChamberSpeed": 0.7,
        "MaxChamberSpeed": 1.5,
        "IsManuallyOperated": false,
        "BaseChamberCheckSpeed": 1.4,
        "BaseFixSpeed": 1.9,
        "OffsetRotation": 0.009,
        "RecoilIntensity": 0.22,
        "RecoilCenter": {
            "x": 0,
            "y": -0.45,
            "z": 0
        },
        "MasteryCategory": "M1A"
	},
    "0410EBAA14AA14EB00000000": {
        "$type": "RealismMod.WeaponMod, RealismMod",
        "ItemID": "0410EBAA14AA14EB00000000",
        "Name": "M14 SAGE International M14ALCS chassis(M14)",
        "ModType": "StockN",
        "VerticalRecoil": -3,
        "HorizontalRecoil": -10,
        "Dispersion": -3.5,
        "CameraRecoil": 0,
        "AimSpeed": 0,
        "Ergonomics": 22,
        "Accuracy": 45,
        "HasShoulderContact": false,
        "BlocksFolding": false,
        "AutoROF": 0,
        "SemiROF": 0,
        "ModMalfunctionChance": 0,
        "StockAllowADS": false,
        "ConflictingItems": [],
        "Weight": 1.6,
        "HeatFactor": 1,
        "CoolFactor": 1,
        "LoyaltyLevel": 0,
        "Price": 0
    },
    "04A04AAA14AA14AA00000000": {
        "$type": "RealismMod.WeaponMod, RealismMod",
        "ItemID": "04A04AAA14AA14AA00000000",
        "Name": "M14 Standard 7.62x51 flash suppressor",
        "ModType": "",
        "VerticalRecoil": 0,
        "HorizontalRecoil": 0,
        "Dispersion": -4,
        "CameraRecoil": 0,
        "AutoROF": 0,
        "SemiROF": 0,
        "ModMalfunctionChance": 0,
        "CanCycleSubs": false,
        "Accuracy": 0,
        "HeatFactor": 1,
        "CoolFactor": 1,
        "DurabilityBurnModificator": 1,
        "Velocity": 0,
        "RecoilAngle": 0,
        "ConflictingItems": [],
        "Ergonomics": 0,
        "Weight": 0.13,
        "Loudness": 16,
        "Convergence": 15,
        "LoyaltyLevel": 0,
        "Price": 0
    },
    "041041AA14AA144100000000": {
        "$type": "RealismMod.WeaponMod, RealismMod",
		"ItemID": "041041AA14AA144100000000",
        "Name": "M14 wooden stock",
        "ModType": "Stock",
        "VerticalRecoil": 0,
        "HorizontalRecoil": -12,
        "Dispersion": -10,
        "CameraRecoil": -10,
        "AimSpeed": 0,
        "Ergonomics": 16,
        "Accuracy": 8,
        "HasShoulderContact": true,
        "BlocksFolding": false,
        "AutoROF": 0,
        "SemiROF": 0,
        "ModMalfunctionChance": 0,
        "StockAllowADS": false,
        "ConflictingItems": [],
        "Weight": 1.5,
        "LoyaltyLevel": 0,
        "Price": 0
	},
    "04B04BAA14AA14BB00000000": {
        "$type": "RealismMod.WeaponMod, RealismMod",
		"ItemID": "04B04BAA14AA14BB00000000",
        "Name": "M14 7.62x51 22 inch barrel",
        "ModType": "",
        "VerticalRecoil": -1,
        "HorizontalRecoil": -7,
        "AutoROF": -1.5,
        "SemiROF": -1,
        "ModMalfunctionChance": -10,
        "CameraRecoil": -5,
        "Convergence": 0,
        "Accuracy": 0,
        "CenterOfImpact": 0.0349,
        "HeatFactor": 0.88,
        "CoolFactor": 0.91,
        "DurabilityBurnModificator": 0.9,
        "Velocity": 1.2,
        "ConflictingItems": [
            "5b7bee755acfc400196d5383",
            "5b099a9d5acfc47a8607efe7"
        ],
        "Ergonomics": 0,
        "Weight": 1.18,
        "ShotgunDispersion": 1,
        "Loudness": 0,
        "LoyaltyLevel": 0,
        "Price": 0
	},
    "049049AA14AA14FF00000000": {
        "$type": "RealismMod.WeaponMod, RealismMod",
        "ItemID": "049049AA14AA14FF00000000",
        "Name": "M14 Standard Blade front sight",
        "ModType": "sight",
        "AimSpeed": 0,
        "Accuracy": 0,
        "ConflictingItems": [],
        "Ergonomics": 0,
        "Weight": 0.038,
        "VerticalRecoil": 0,
        "HorizontalRecoil": 0,
        "LoyaltyLevel": 0,
        "Price": 0
    }
}