{
    "020020308308000000000000": {
        "$type": "RealismMod.Gun, RealismMod",
        "ItemID": "020020308308000000000000",
        "Name": "TDI KRISS Vector Gen.2 7.62x51 assault rifle",
        "WeapType": "vector",
        "OperationType": "",
        "WeapAccuracy": 0,
        "BaseTorque": -1,
        "HasShoulderContact": false,
        "Ergonomics": 90,
        "VerticalRecoil": 90,
        "HorizontalRecoil": 170,
        "Dispersion": 14,
        "CameraRecoil": 0.05,
        "VisualMulti": 0.85,
        "Convergence": 9,
        "RecoilAngle": 88,
        "BaseMalfunctionChance": 0.002,
        "HeatFactorGun": 0.6,
        "HeatFactorByShot": 1.1,
        "CoolFactorGun": 0.1,
        "CoolFactorGunMods": 1,
        "AllowOverheat": true,
        "CenterOfImpact": 0.15,
        "HipAccuracyRestorationDelay": 0.2,
        "HipAccuracyRestorationSpeed": 7,
        "HipInnaccuracyGain": 0.16,
        "ShotgunDispersion": 0,
        "Velocity": 0,
        "RecoilDamping": 0.85,
        "RecoilHandDamping": 0.75,
        "WeaponAllowADS": false,
        "Weight": 1.8,
        "DurabilityBurnRatio": 0.45,
        "AutoROF": 950,
        "SemiROF": 365,
        "LoyaltyLevel": 4,
        "BaseReloadSpeedMulti": 0.85,
        "BaseChamberSpeedMulti": 1,
        "MinChamberSpeed": 0.7,
        "MaxChamberSpeed": 1.5,
        "IsManuallyOperated": false,
        "BaseChamberCheckSpeed": 0.9,
        "BaseFixSpeed": 0.9,
        "OffsetRotation": 0.01,
        "RecoilIntensity": 0.11,
        "MasteryCategory":"VECTOR"
    },
    "04BC4B308308C4B000000000": {
        "$type": "RealismMod.WeaponMod, RealismMod",
        "ItemID": "04BC4B308308C4B000000000",
        "Name": "KRISS Vector .308 7.2 inch barrel",
        "ModType": "",
        "VerticalRecoil": 8,
        "HorizontalRecoil": 20.5,
        "CameraRecoil": 10,
        "AutoROF": 0,
        "SemiROF": 0,
        "ModMalfunctionChance": 15,
        "Convergence": 0,
        "Accuracy": 0,
        "CenterOfImpact": 0.056,
        "HeatFactor": 1.114,
        "CoolFactor": 1.125,
        "DurabilityBurnModificator": 1.25,
        "Velocity": -18.5,
        "ConflictingItems": [],
        "Ergonomics": 0,
        "Weight": 0.237,
        "ShotgunDispersion": 1,
        "Loudness": 5,
        "LoyaltyLevel": 4
    },
    "04B04B30830804B000000000": {
        "$type": "RealismMod.WeaponMod, RealismMod",
        "ItemID": "04B04B30830804B000000000",
        "Name": "KRISS Vector .308 11 inch barrel",
        "ModType": "",
        "VerticalRecoil": 3,
        "HorizontalRecoil": 9.5,
        "AutoROF": 0,
        "SemiROF": 0,
        "ModMalfunctionChance": 10,
        "CameraRecoil": 10,
        "Convergence": 0,
        "Accuracy": 0,
        "CenterOfImpact": 0.0433,
        "HeatFactor": 0.98,
        "CoolFactor": 0.99,
        "DurabilityBurnModificator": 1.15,
        "Velocity": -9.7,
        "ConflictingItems": [],
        "Ergonomics": 0,
        "Weight": 0.381,
        "ShotgunDispersion": 1,
        "Loudness": 5,
        "LoyaltyLevel": 4
    },
    "04A04A30830804A000000000": {
        "$type": "RealismMod.WeaponMod, RealismMod",
        "ItemID": "04A04A30830804A000000000",
        "Name": "KRISS Vector .308 thread protection cap",
        "ModType": "",
        "VerticalRecoil": 0,
        "HorizontalRecoil": 0,
        "Dispersion": 0,
        "CameraRecoil": -2,
        "AutoROF": 0,
        "SemiROF": 0,
        "ModMalfunctionChance": 0,
        "CanCycleSubs": false,
        "Accuracy": 5,
        "HeatFactor": 1,
        "CoolFactor": 1,
        "DurabilityBurnModificator": 0.99,
        "Velocity": 0,
        "RecoilAngle": 0,
        "ConflictingItems": [],
        "Ergonomics": 0,
        "Weight": 0.01,
        "Loudness": 0,
        "Convergence": 0,
        "LoyaltyLevel": 4
    },
    "02FA20308308A20000000000": {
        "$type": "RealismMod.WeaponMod, RealismMod",
        "ItemID": "02FA20308308A20000000000",
        "Name": "KRISS Vector 7.62x51 20-round magazine",
        "ModType": "",
        "ReloadSpeed": 5,
        "Ergonomics": 0,
        "MalfunctionChance": 0.1,
        "LoadUnloadModifier": -25,
        "CheckTimeModifier": -30,
        "ConflictingItems": [],
        "Weight": 0.125,
        "VerticalRecoil": 0,
        "HorizontalRecoil": 0,
        "LoyaltyLevel": 4
    },
    "02F02F30830802F000000000": {
        "$type": "RealismMod.WeaponMod, RealismMod",
        "ItemID": "02F02F30830802F000000000",
        "Name": "KRISS Vector 7.62x51 10-round magazine",
        "ModType": "",
        "ReloadSpeed": 15,
        "Ergonomics": 0,
        "MalfunctionChance": 0.05,
        "LoadUnloadModifier": -10,
        "CheckTimeModifier": -20,
        "ConflictingItems": [],
        "Weight": 0.086,
        "VerticalRecoil": 0,
        "HorizontalRecoil": 0,
        "LoyaltyLevel": 4
    },
    "02FD503083082FD500000000": {
        "$type": "RealismMod.WeaponMod, RealismMod",
        "ItemID": "02FD503083082FD500000000",
        "Name": "KRISS Vector 7.62x51 X Products X-Vector 50-round drum magazine",
        "ModType": "",
        "ReloadSpeed": -25,
        "Ergonomics": 0,
        "MalfunctionChance": 1.5,
        "LoadUnloadModifier": 14,
        "CheckTimeModifier": 12,
        "ConflictingItems": [],
        "Weight": 0.375,
        "VerticalRecoil": -3,
        "HorizontalRecoil": -5,
        "LoyaltyLevel": 4,
        "Price": 0
    },
    "9a5e3fa7c8205cf253799070": {
        "$type": "RealismMod.WeaponMod, RealismMod",
        "ItemID": "9a5e3fa7c8205cf253799070",
        "Name": "OmniTech V-50 Kriss Vector .45 ACP 50-Round Drum Magazine",
        "ModType": "",
        "ReloadSpeed": -25,
        "Ergonomics": 0,
        "MalfunctionChance": 1.5,
        "LoadUnloadModifier": 15,
        "CheckTimeModifier": 15,
        "ConflictingItems": [],
        "Weight": 0.385,
        "VerticalRecoil": -3,
        "HorizontalRecoil": -5,
        "LoyaltyLevel": 4,
        "Price": 0
    },
    "041041308308041000000000": {
        "$type": "RealismMod.WeaponMod, RealismMod",
        "ItemID": "041041308308041000000000",
        "Name": "KRISS Vector extended bottom rail",
        "ModType": "",
        "Ergonomics": 0,
        "Accuracy": 0,
        "ConflictingItems": [],
        "Weight": 0.12,
        "LoyaltyLevel": 4,
        "Price": 0
    }
}