{
    "b6c589ec2535085340807057": {
        "$type": "RealismMod.Gun, RealismMod",
        "ItemID": "b6c589ec2535085340807057",
        "Name": "ZLR GRAU 5.56x45 Assault Rifle",
        "WeapType": "DI",
        "OperationType": "buffer",
        "WeapAccuracy": 0,
        "BaseTorque": 1,
        "HasShoulderContact": false,
        "Ergonomics": 84,
        "VerticalRecoil": 76,
        "HorizontalRecoil": 121,
        "Dispersion": 11,
        "CameraRecoil": 0.04,
        "VisualMulti": 1.15,
        "Convergence": 17,
        "RecoilAngle": 90,
        "BaseMalfunctionChance": 0.001,
        "HeatFactorGun": 0.27,
        "HeatFactorByShot": 1,
        "CoolFactorGun": 0.1,
        "CoolFactorGunMods": 1,
        "AllowOverheat": true,
        "CenterOfImpact": 0.01,
        "HipAccuracyRestorationDelay": 0.2,
        "HipAccuracyRestorationSpeed": 7,
        "HipInnaccuracyGain": 0.16,
        "ShotgunDispersion": 0,
        "Velocity": 0,
        "RecoilDamping": 0.85,
        "RecoilHandDamping": 0.6,
        "WeaponAllowADS": false,
        "Weight": 0.97,
        "DurabilityBurnRatio": 0.35,
        "AutoROF": 710,
        "SemiROF": 450,
        "LoyaltyLevel": 3,
        "BaseReloadSpeedMulti": 1,
        "BaseChamberSpeedMulti": 1.5,
        "MinChamberSpeed": 0.7,
        "MaxChamberSpeed": 1.5,
        "IsManuallyOperated": false,
        "BaseChamberCheckSpeed": 1.5,
        "BaseFixSpeed": 1.2,
        "OffsetRotation": 0.008,
        "RecoilIntensity": 0.165,
        "MasteryCategory":"M4"
    },
    "5dbcb66f4827cd761fb3797a": {
        "$type": "RealismMod.Gun, RealismMod",
        "ItemID": "5dbcb66f4827cd761fb3797a",
        "Name": "ZLR GRAU 7.62x51 Assault Rifle",
        "WeapType": "DI",
        "OperationType": "buffer",
        "WeapAccuracy": 0,
        "BaseTorque": 1,
        "HasShoulderContact": false,
        "Ergonomics": 84,
        "VerticalRecoil": 83,
        "HorizontalRecoil": 156,
        "Dispersion": 14,
        "CameraRecoil": 0.06,
        "VisualMulti": 1.25,
        "Convergence": 17,
        "RecoilAngle": 90,
        "BaseMalfunctionChance": 0.001,
        "HeatFactorGun": 0.27,
        "HeatFactorByShot": 1,
        "CoolFactorGun": 0.1,
        "CoolFactorGunMods": 1,
        "AllowOverheat": true,
        "CenterOfImpact": 0.01,
        "HipAccuracyRestorationDelay": 0.2,
        "HipAccuracyRestorationSpeed": 7,
        "HipInnaccuracyGain": 0.16,
        "ShotgunDispersion": 0,
        "Velocity": 0,
        "RecoilDamping": 0.85,
        "RecoilHandDamping": 0.6,
        "WeaponAllowADS": false,
        "Weight": 0.99,
        "DurabilityBurnRatio": 0.35,
        "AutoROF": 700,
        "SemiROF": 450,
        "LoyaltyLevel": 3,
        "BaseReloadSpeedMulti": 1,
        "BaseChamberSpeedMulti": 1.5,
        "MinChamberSpeed": 0.7,
        "MaxChamberSpeed": 1.5,
        "IsManuallyOperated": false,
        "BaseChamberCheckSpeed": 1.5,
        "BaseFixSpeed": 1.2,
        "OffsetRotation": 0.008,
        "RecoilIntensity": 0.165,
        "MasteryCategory":"M4"
    }
}