{
  "020020AB76AB760000000000": {
      "$type": "RealismMod.Gun, RealismMod",
      "ItemID": "020020AB76AB760000000000",
      "Name": "Usenko TR-76 Geist 7.62x39 assault rifle",
      "WeapType": "bullpup",
      "OperationType": "",
      "WeapAccuracy": 0,
      "BaseTorque": 5,
      "HasShoulderContact": true,
      "Ergonomics": 80,
      "VerticalRecoil": 93,
      "HorizontalRecoil": 160,
      "Dispersion": 9,
      "CameraRecoil": 0.035,
      "VisualMulti": 1.55,
      "Convergence": 10.5,
      "RecoilAngle": 80,
      "BaseMalfunctionChance": 0.0015,
      "HeatFactorGun": 0.32,
      "HeatFactorByShot": 1,
      "CoolFactorGun": 0.1,
      "CoolFactorGunMods": 1,
      "AllowOverheat": true,
      "CenterOfImpact": 0.01,
      "HipAccuracyRestorationDelay": 0.2,
      "HipAccuracyRestorationSpeed": 7,
      "HipInnaccuracyGain": 0.16,
      "ShotgunDispersion": 0,
      "Velocity": 0,
      "RecoilDamping": 0.85,
      "RecoilHandDamping": 0.75,
      "WeaponAllowADS": false,
      "Weight": 2.49,
      "DurabilityBurnRatio": 0.4,
      "AutoROF": 650,
      "SemiROF": 365,
      "LoyaltyLevel": 3,
      "BaseReloadSpeedMulti": 0.9,
      "BaseChamberSpeedMulti": 1,
      "MinChamberSpeed": 0.7,
      "MaxChamberSpeed": 1.5,
      "IsManuallyOperated": false,
      "BaseChamberCheckSpeed": 0.9,
      "BaseFixSpeed": 1.1,
      "OffsetRotation": 0.0065,
      "RecoilIntensity": 0.175,
      "RecoilCenter": {
          "x": 0,
          "y": -0.3,
          "z": -0.01
      }
  },
  "04BA4BAB76AB764B00000000": {
        "$type": "RealismMod.WeaponMod, RealismMod",
        "ItemID": "04BA4BAB76AB764B00000000",
        "Name": "TR-76 barrel",
        "ModType": "",
        "VerticalRecoil": 0,
        "HorizontalRecoil": 0,
        "AutoROF": 0,
        "SemiROF": 0,
        "ModMalfunctionChance": 0,
        "Convergence": 0,
        "Accuracy": 0,
        "CenterOfImpact": 0.023,
        "HeatFactor": 0.99,
        "CoolFactor": 0.96,
        "DurabilityBurnModificator": 1,
        "Velocity": 0,
        "ConflictingItems": [],
        "Ergonomics": 0,
        "Weight": 0.57,
        "ShotgunDispersion": 1,
        "Loudness": 0,
        "LoyaltyLevel": 3
    },
    "04B84BAB76AB784B00000000": {
        "$type": "RealismMod.WeaponMod, RealismMod",
        "ItemID": "04B84BAB76AB784B00000000",
        "Name": "TR-76 7.62x39 muzzle brake-compensator",
        "ModType": "booster",
        "VerticalRecoil": -5,
        "HorizontalRecoil": -8,
        "Dispersion": -10,
        "CameraRecoil": 0,
        "AutoROF": 1.5,
        "SemiROF": 1.5,
        "ModMalfunctionChance": -22,
        "CanCycleSubs": false,
        "Accuracy": 0,
        "HeatFactor": 1,
        "CoolFactor": 1,
        "DurabilityBurnModificator": 1.18,
        "Velocity": 0,
        "RecoilAngle": 0,
        "ConflictingItems": [],
        "Ergonomics": 0,
        "Weight": 0.1,
        "Loudness": 15,
        "Convergence": 0,
        "LoyaltyLevel": 3,
        "Flash": -10
    },
  "041041AB76AB764100000000": {
        "$type": "RealismMod.WeaponMod, RealismMod",
        "ItemID": "041041AB76AB764100000000",
        "Name": "TR-76 M-LOK extended handguard",
        "ModType": "",
        "VerticalRecoil": -3,
        "HorizontalRecoil": -6,
        "Dispersion": -1,
        "AimSpeed": 0,
        "Ergonomics": 5,
        "Accuracy": 0,
        "HeatFactor": 0.991,
        "CoolFactor": 1.011,
        "ConflictingItems": [],
        "Weight": 0.185,
        "LoyaltyLevel": 3,
        "AimStability": 2
    },
    "041A41AB76AB7641AA000000": {
        "$type": "RealismMod.WeaponMod, RealismMod",
        "ItemID": "041A41AB76AB7641AA000000",
        "Name": "TR-76 extended handguard",
        "ModType": "",
        "VerticalRecoil": -3,
        "HorizontalRecoil": -4,
        "Dispersion": -1,
        "AimSpeed": 0,
        "Ergonomics": 3,
        "Accuracy": 0,
        "HeatFactor": 0.975,
        "CoolFactor": 1.025,
        "ConflictingItems": [],
        "Weight": 0.145,
        "LoyaltyLevel": 3,
        "AimStability": 1
    },
    "04CF4CAB76AB7F4C00000000": {
        "$type": "RealismMod.WeaponMod, RealismMod",
        "ItemID": "04CF4CAB76AB7F4C00000000",
        "Name": "TR-76 foldable front sight",
        "ModType": "sight",
        "AimSpeed": 0,
        "Accuracy": 0,
        "ConflictingItems": [],
        "Ergonomics": 0,
        "Weight": 0.012,
        "VerticalRecoil": 0,
        "HorizontalRecoil": 0,
        "LoyaltyLevel": 3,
        "Price": 0
    },
    "04CB4CAB76AB7B4C00000000": {
        "$type": "RealismMod.WeaponMod, RealismMod",
        "ItemID": "04CB4CAB76AB7B4C00000000",
        "Name": "TR-76 foldable rear sight",
        "ModType": "sight",
        "AimSpeed": 0,
        "Accuracy": 0,
        "ConflictingItems": [],
        "Ergonomics": 0,
        "Weight": 0.019,
        "VerticalRecoil": 0,
        "HorizontalRecoil": 0,
        "LoyaltyLevel": 3,
        "Price": 0
    },
    "048048AB76AB764800000000": {
        "$type": "RealismMod.WeaponMod, RealismMod",
        "ItemID": "048048AB76AB764800000000",
        "Name": "TR-76 handguard bottom rail",
        "ModType": "mount",
        "VerticalRecoil": -0.5,
        "HorizontalRecoil": -0.5,
        "Dispersion": 0,
        "AutoROF": 0,
        "SemiROF": 0,
        "ModMalfunctionChance": 0,
        "AimSpeed": 0,
        "ReloadSpeed": 0,
        "Ergonomics": 0,
        "Accuracy": 0,
        "ConflictingItems": [],
        "FixSpeed": 0,
        "HeatFactor": 0.99,
        "CoolFactor": 1,
        "DurabilityBurnModificator": 1,
        "Weight": 0.01,
        "LoyaltyLevel": 3,
        "Price": 0
    },
    "04BB4BAB76AB76BB00000000": {
        "$type": "RealismMod.WeaponMod, RealismMod",
        "ItemID": "04BB4BAB76AB76BB00000000",
        "Name": "TR-76 default barrel extension",
        "ModType": "",
        "VerticalRecoil": 0,
        "HorizontalRecoil": 4,
        "AutoROF": 1.5,
        "SemiROF": 2.5,
        "CameraRecoil": 4,
        "ModMalfunctionChance": 5,
        "Convergence": 0,
        "Accuracy": 0,
        "HeatFactor": 1,
        "CoolFactor": 1,
        "DurabilityBurnModificator": 1,
        "Velocity": 2,
        "ConflictingItems": [],
        "Ergonomics": -1,
        "Weight": 0.054,
        "ShotgunDispersion": 1,
        "Loudness": 5,
        "LoyaltyLevel": 3
    },
    "04BD4BAB76AB76DB00000000": {
        "$type": "RealismMod.WeaponMod, RealismMod",
        "ItemID": "04BD4BAB76AB76DB00000000",
        "Name": "TR-76 short barrel extension",
        "ModType": "",
        "VerticalRecoil": 0,
        "HorizontalRecoil": 5,
        "AutoROF": 10,
        "SemiROF": 5,
        "CameraRecoil": 10,
        "Dispersion": 3,
        "Convergence": 0,
        "ModMalfunctionChance": 5,
        "Accuracy": -3,
        "HeatFactor": 1.03,
        "CoolFactor": 1.03,
        "DurabilityBurnModificator": 1.15,
        "Velocity": 0,
        "ConflictingItems": [],
        "Ergonomics": 0,
        "Weight": 0.032,
        "ShotgunDispersion": 1,
        "Loudness": 0,
        "LoyaltyLevel": 3
    },
    "04BC4BAB76AB76CB00000000": {
        "$type": "RealismMod.WeaponMod, RealismMod",
        "ItemID": "04BC4BAB76AB76CB00000000",
        "Name": "TR-76 long barrel extension",
        "ModType": "",
        "VerticalRecoil": -5,
        "HorizontalRecoil": -10,
        "Dispersion": -5,
        "AutoROF": 0,
        "SemiROF": 0,
        "ModMalfunctionChance": 0,
        "Convergence": 0,
        "Accuracy": 4,
        "HeatFactor": 0.99,
        "CoolFactor": 0.98,
        "DurabilityBurnModificator": 0.9,
        "Velocity": 5.1,
        "ConflictingItems": [],
        "Ergonomics": -2,
        "Weight": 0.093,
        "ShotgunDispersion": 1,
        "Loudness": 0,
        "LoyaltyLevel": 3
    },
    "04BE4BAB76AB76EB00000000": {
        "$type": "RealismMod.WeaponMod, RealismMod",
        "ItemID": "04BE4BAB76AB76EB00000000",
        "Name": "TR-76 heavy long barrel extension",
        "ModType": "",
        "VerticalRecoil": -7,
        "HorizontalRecoil": -15,
        "Dispersion": -8,
        "AutoROF": 0,
        "SemiROF": 0,
        "ModMalfunctionChance": -10,
        "Convergence": 0,
        "Accuracy": 7,
        "HeatFactor": 0.98,
        "CoolFactor": 0.99,
        "DurabilityBurnModificator": 0.75,
        "Velocity": 8.9,
        "ConflictingItems": [],
        "Ergonomics": -4,
        "Weight": 0.162,
        "ShotgunDispersion": 1,
        "Loudness": 0,
        "LoyaltyLevel": 3
    },
    "043043AB76AB764300000000": {
        "$type": "RealismMod.WeaponMod, RealismMod",
        "ItemID": "043043AB76AB764300000000",
        "Name": "DG-56 standard buttplate",
        "ModType": "Stock",
        "VerticalRecoil": -1,
        "HorizontalRecoil": -5,
        "Dispersion": 0,
        "CameraRecoil": 0,
        "AimSpeed": 0,
        "Ergonomics": 2,
        "Accuracy": 0,
        "HasShoulderContact": true,
        "BlocksFolding": true,
        "AutoROF": 0,
        "SemiROF": 0,
        "ModMalfunctionChance": 0,
        "StockAllowADS": false,
        "ConflictingItems": [],
        "Weight": 0.03,
        "LoyaltyLevel": 3,
        "Price": 0
    },
    "043243AB76AB764320000000": {
        "$type": "RealismMod.WeaponMod, RealismMod",
        "ItemID": "043243AB76AB764320000000",
        "Name": "Expedite grid buttplate",
        "ModType": "Stock",
        "VerticalRecoil": -1,
        "HorizontalRecoil": -2,
        "Dispersion": 1,
        "CameraRecoil": 3,
        "AimSpeed": 3,
        "Ergonomics": 5,
        "Accuracy": 0,
        "HasShoulderContact": true,
        "BlocksFolding": true,
        "AutoROF": 0,
        "SemiROF": 0,
        "ModMalfunctionChance": 0,
        "StockAllowADS": false,
        "ConflictingItems": [],
        "Weight": 0.02,
        "LoyaltyLevel": 3,
        "Price": 0
    },
    "043343AB76AB764330000000": {
        "$type": "RealismMod.WeaponMod, RealismMod",
        "ItemID": "043343AB76AB764330000000",
        "Name": "Demo Tac buttplate",
        "ModType": "Stock",
        "VerticalRecoil": -1,
        "HorizontalRecoil": -5,
        "Dispersion": -1,
        "CameraRecoil": -5,
        "AimSpeed": 0,
        "Ergonomics": 2,
        "Accuracy": 0,
        "HasShoulderContact": true,
        "BlocksFolding": true,
        "AutoROF": 0,
        "SemiROF": 0,
        "ModMalfunctionChance": 0,
        "StockAllowADS": false,
        "ConflictingItems": [],
        "Weight": 0.03,
        "LoyaltyLevel": 3,
        "Price": 0
    },
    "043143AB76AB764310000000": {
        "$type": "RealismMod.WeaponMod, RealismMod",
        "ItemID": "043143AB76AB764310000000",
        "Name": "XTEN Scout-LD buttplate",
        "ModType": "Stock",
        "VerticalRecoil": -1,
        "HorizontalRecoil": -2,
        "Dispersion": 0,
        "CameraRecoil": -5,
        "AimSpeed": 5,
        "Ergonomics": 4,
        "Accuracy": 0,
        "HasShoulderContact": true,
        "BlocksFolding": true,
        "AutoROF": 0,
        "SemiROF": 0,
        "ModMalfunctionChance": 0,
        "StockAllowADS": false,
        "ConflictingItems": [],
        "Weight": 0.04,
        "LoyaltyLevel": 3,
        "Price": 0
    },
    "044044AB76AB764400000000": {
        "$type": "RealismMod.WeaponMod, RealismMod",
        "ItemID": "044044AB76AB764400000000",
        "Name": "FSS Hardtop comb",
        "ModType": "Stock",
        "VerticalRecoil": 0,
        "HorizontalRecoil": -1,
        "Dispersion": 0,
        "CameraRecoil": -5,
        "AimSpeed": 5,
        "Ergonomics": 3,
        "Accuracy": 0,
        "HasShoulderContact": true,
        "BlocksFolding": true,
        "AutoROF": 0,
        "SemiROF": 0,
        "ModMalfunctionChance": 0,
        "StockAllowADS": false,
        "ConflictingItems": [],
        "Weight": 0.06,
        "LoyaltyLevel": 3,
        "Price": 0
    },
    "044144AB76AB764410000000": {
        "$type": "RealismMod.WeaponMod, RealismMod",
        "ItemID": "044144AB76AB764410000000",
        "Name": "EXF Trapper comb",
        "ModType": "Stock",
        "VerticalRecoil": 0,
        "HorizontalRecoil": -1,
        "Dispersion": 0,
        "CameraRecoil": -3,
        "AimSpeed": 4,
        "Ergonomics": 3,
        "Accuracy": 0,
        "HasShoulderContact": true,
        "BlocksFolding": true,
        "AutoROF": 0,
        "SemiROF": 0,
        "ModMalfunctionChance": 0,
        "StockAllowADS": false,
        "ConflictingItems": [],
        "Weight": 0.054,
        "LoyaltyLevel": 3,
        "Price": 0
    },
    "044244AB76AB764420000000": {
        "$type": "RealismMod.WeaponMod, RealismMod",
        "ItemID": "044244AB76AB764420000000",
        "Name": "Schlager Honor comb",
        "ModType": "Stock",
        "VerticalRecoil": 0,
        "HorizontalRecoil": -1,
        "Dispersion": 0,
        "CameraRecoil": -5,
        "AimSpeed": 5,
        "Ergonomics": 3,
        "Accuracy": 0,
        "HasShoulderContact": true,
        "BlocksFolding": true,
        "AutoROF": 0,
        "SemiROF": 0,
        "ModMalfunctionChance": 0,
        "StockAllowADS": false,
        "ConflictingItems": [],
        "Weight": 0.050,
        "LoyaltyLevel": 3,
        "Price": 0
    }
}
