{
    "020020F15FF15F0000000000": {
        "$type": "RealismMod.Gun, RealismMod",
        "ItemID": "020020F15FF15F0000000000",
        "Name": "Expedite Firearms ISO Hemlock 5.56x45 assault rifle",
        "WeapType": "",
        "OperationType": "",
        "WeapAccuracy": 0,
        "BaseTorque": 1,
        "HasShoulderContact": false,
        "Ergonomics": 80,
        "VerticalRecoil": 69,
        "HorizontalRecoil": 115,
        "Dispersion": 8,
        "CameraRecoil": 0.026,
        "VisualMulti": 1.10,
        "Convergence": 17,
        "RecoilAngle": 85,
        "BaseMalfunctionChance": 0.001,
        "HeatFactorGun": 0.27,
        "HeatFactorByShot": 1,
        "CoolFactorGun": 0.1,
        "CoolFactorGunMods": 1,
        "AllowOverheat": true,
        "CenterOfImpact": 0.01,
        "HipAccuracyRestorationDelay": 0.2,
        "HipAccuracyRestorationSpeed": 7,
        "HipInnaccuracyGain": 0.16,
        "ShotgunDispersion": 0,
        "Velocity": 0,
        "RecoilDamping": 0.8,
        "RecoilHandDamping": 0.6,
        "WeaponAllowADS": false,
        "Weight": 0.7,
        "DurabilityBurnRatio": 0.35,
        "AutoROF": 600,
        "SemiROF": 450,
        "LoyaltyLevel": 3,
        "BaseReloadSpeedMulti": 1,
        "BaseChamberSpeedMulti": 1.85,
        "MinChamberSpeed": 0.8,
        "MaxChamberSpeed": 2,
        "IsManuallyOperated": false,
        "BaseChamberCheckSpeed": 1.5,
        "BaseFixSpeed": 1.2,
        "OffsetRotation": 0.008,
        "RecoilIntensity": 0.165,
        "MasteryCategory":"M4"
    },
    "020020F15DF15D0000000000": {
        "$type": "RealismMod.Gun, RealismMod",
        "ItemID": "020020F15DF15D0000000000",
        "Name": "Expedite Firearms ISO Hemlock 7.62x51 assault rifle",
        "WeapType": "",
        "OperationType": "",
        "WeapAccuracy": 0,
        "BaseTorque": 1,
        "HasShoulderContact": false,
        "Ergonomics": 80,
        "VerticalRecoil": 89,
        "HorizontalRecoil": 155,
        "Dispersion": 8,
        "CameraRecoil": 0.026,
        "VisualMulti": 1.15,
        "Convergence": 17,
        "RecoilAngle": 85,
        "BaseMalfunctionChance": 0.001,
        "HeatFactorGun": 0.27,
        "HeatFactorByShot": 1,
        "CoolFactorGun": 0.1,
        "CoolFactorGunMods": 1,
        "AllowOverheat": true,
        "CenterOfImpact": 0.01,
        "HipAccuracyRestorationDelay": 0.2,
        "HipAccuracyRestorationSpeed": 7,
        "HipInnaccuracyGain": 0.16,
        "ShotgunDispersion": 0,
        "Velocity": 0,
        "RecoilDamping": 0.8,
        "RecoilHandDamping": 0.6,
        "WeaponAllowADS": false,
        "Weight": 0.7,
        "DurabilityBurnRatio": 0.35,
        "AutoROF": 600,
        "SemiROF": 450,
        "LoyaltyLevel": 3,
        "BaseReloadSpeedMulti": 1,
        "BaseChamberSpeedMulti": 1.85,
        "MinChamberSpeed": 0.8,
        "MaxChamberSpeed": 2,
        "IsManuallyOperated": false,
        "BaseChamberCheckSpeed": 1.5,
        "BaseFixSpeed": 1.2,
        "OffsetRotation": 0.008,
        "RecoilIntensity": 0.175,
        "MasteryCategory":"M4"
    },
    "020020F15EF15E0000000000": {
        "$type": "RealismMod.Gun, RealismMod",
        "ItemID": "020020F15EF15E0000000000",
        "Name": "Expedite Firearms ISO Hemlock .300 Blackout assault rifle",
        "WeapType": "",
        "OperationType": "",
        "WeapAccuracy": 0,
        "BaseTorque": 1,
        "HasShoulderContact": false,
        "Ergonomics": 80,
        "VerticalRecoil": 65,
        "HorizontalRecoil": 115,
        "Dispersion": 14,
        "CameraRecoil": 0.023,
        "VisualMulti": 1.05,
        "Convergence": 17,
        "RecoilAngle": 82,
        "BaseMalfunctionChance": 0.001,
        "HeatFactorGun": 0.27,
        "HeatFactorByShot": 1,
        "CoolFactorGun": 0.1,
        "CoolFactorGunMods": 1,
        "AllowOverheat": true,
        "CenterOfImpact": 0.01,
        "HipAccuracyRestorationDelay": 0.2,
        "HipAccuracyRestorationSpeed": 7,
        "HipInnaccuracyGain": 0.16,
        "ShotgunDispersion": 0,
        "Velocity": 0,
        "RecoilDamping": 0.8,
        "RecoilHandDamping": 0.6,
        "WeaponAllowADS": false,
        "Weight": 0.7,
        "DurabilityBurnRatio": 0.35,
        "AutoROF": 600,
        "SemiROF": 450,
        "LoyaltyLevel": 3,
        "BaseReloadSpeedMulti": 1,
        "BaseChamberSpeedMulti": 1.85,
        "MinChamberSpeed": 0.8,
        "MaxChamberSpeed": 2,
        "IsManuallyOperated": false,
        "BaseChamberCheckSpeed": 1.5,
        "BaseFixSpeed": 1.2,
        "OffsetRotation": 0.008,
        "RecoilIntensity": 0.155,
        "MasteryCategory":"M4"
    },
    "042042F15FF15F0000000000": {
        "$type": "RealismMod.WeaponMod, RealismMod",
        "ItemID": "042042F15FF15F0000000000",
        "Name": "ISO Hemlock 556 upper receiver",
        "ModType": "",
        "ModMalfunctionChance": 0,
        "Accuracy": 0,
        "HeatFactor": 0.984,
        "CoolFactor": 1.017,
        "DurabilityBurnModificator": 1,
        "ConflictingItems": [],
        "Ergonomics": 0,
        "Weight": 0.28,
        "VerticalRecoil": 0,
        "HorizontalRecoil": 0,
        "ChamberSpeed": 0,
        "LoyaltyLevel": 0,
        "Price": 0
    },
    "042042F15DF15D0000000000": {
        "$type": "RealismMod.WeaponMod, RealismMod",
        "ItemID": "042042F15DF15D0000000000",
        "Name": "ISO Hemlock 762 upper receiver",
        "ModType": "",
        "ModMalfunctionChance": 0,
        "Accuracy": 0,
        "HeatFactor": 0.984,
        "CoolFactor": 1.017,
        "DurabilityBurnModificator": 1,
        "ConflictingItems": [],
        "Ergonomics": 0,
        "Weight": 0.38,
        "VerticalRecoil": 0,
        "HorizontalRecoil": 0,
        "ChamberSpeed": 0,
        "LoyaltyLevel": 0,
        "Price": 0
    },
    "042042F15EF15E0000000000": {
        "$type": "RealismMod.WeaponMod, RealismMod",
        "ItemID": "042042F15EF15E0000000000",
        "Name": "ISO Hemlock .300 upper receiver",
        "ModType": "",
        "ModMalfunctionChance": 0,
        "Accuracy": 0,
        "HeatFactor": 0.984,
        "CoolFactor": 1.017,
        "DurabilityBurnModificator": 1,
        "ConflictingItems": [],
        "Ergonomics": 0,
        "Weight": 0.28,
        "VerticalRecoil": 0,
        "HorizontalRecoil": 0,
        "ChamberSpeed": 0,
        "LoyaltyLevel": 0,
        "Price": 0
    },
    "04B94BF15EF1594B00000000": {
        "$type": "RealismMod.WeaponMod, RealismMod",
        "ItemID": "04B94BF15EF1594B00000000",
        "Name": "EXF Cipher-121 ISO Hemlock suppressor",
        "ModType": "",
        "VerticalRecoil": -3,
        "HorizontalRecoil": -6,
        "Dispersion": -4.5,
        "CameraRecoil": -7,
        "AutoROF": 1.9,
        "SemiROF": 3,
        "ModMalfunctionChance": 0,
        "CanCycleSubs": false,
        "Accuracy": -5,
        "HeatFactor": 1.13,
        "CoolFactor": 1.04,
        "DurabilityBurnModificator": 1.15,
        "Velocity": 0,
        "RecoilAngle": 0,
        "ConflictingItems": [],
        "Ergonomics": 0,
        "Weight": 0.427,
        "Loudness": -40,
        "Convergence": 0,
        "LoyaltyLevel": 0,
        "Price": 0,
        "Flash": 20
    },
    "04B04BF15FF15F0000000000": {
        "$type": "RealismMod.WeaponMod, RealismMod",
        "ItemID": "04B04BF15FF15F0000000000",
        "Name": "ISO Hemlock 5.56x45 standard barrel",
        "ModType": "",
        "VerticalRecoil": 0,
        "HorizontalRecoil": -3,
        "AutoROF": 0,
        "SemiROF": 0,
        "CameraRecoil": 0,
        "ModMalfunctionChance": 0,
        "Convergence": 0,
        "Accuracy": 0,
        "CenterOfImpact": 0.028,
        "HeatFactor": 1.05,
        "CoolFactor": 1.09,
        "DurabilityBurnModificator": 1.08,
        "Velocity": 0,
        "ConflictingItems": [],
        "Weight": 0.7,
        "ShotgunDispersion": 1,
        "Loudness": 0,
        "LoyaltyLevel": 0,
        "Price": 0
    },
    "04B04BF15EF15E0000000000": {
        "$type": "RealismMod.WeaponMod, RealismMod",
        "ItemID": "04B04BF15EF15E0000000000",
        "Name": "ISO Hemlock .300 BLK standard barrel",
        "ModType": "",
        "VerticalRecoil": -2,
        "HorizontalRecoil": -5,
        "AutoROF": -1,
        "SemiROF": -1,
        "CameraRecoil":-13,
        "ModMalfunctionChance": 0,
        "Convergence": 0,
        "Accuracy": 0,
        "CenterOfImpact": 0.023,
        "HeatFactor": 0.89,
        "CoolFactor": 1.05,
        "DurabilityBurnModificator": 1,
        "Velocity": 2,
        "ConflictingItems": [],
        "Weight": 0.723,
        "ShotgunDispersion": 1,
        "Loudness": 0,
        "LoyaltyLevel": 0,
        "Price": 0
    },
    "04B04BF15DF15D0000000000": {
        "$type": "RealismMod.WeaponMod, RealismMod",
        "ItemID": "04B04BF15DF15D0000000000",
        "Name": "ISO Hemlock 7.62x51 standard barrel",
        "ModType": "",
        "VerticalRecoil": -3,
        "HorizontalRecoil": -5,
        "AutoROF": 0,
        "SemiROF": 0,
        "CameraRecoil":-2,
        "ModMalfunctionChance": 0,
        "Convergence": 0,
        "Accuracy": 0,
        "CenterOfImpact": 0.019,
        "HeatFactor": 1,
        "CoolFactor": 1.04,
        "DurabilityBurnModificator": 1,
        "Velocity": 0,
        "ConflictingItems": [],
        "Weight": 0.88,
        "ShotgunDispersion": 1,
        "Loudness": 0,
        "LoyaltyLevel": 0,
        "Price": 0
    },
    "04B14BF15FF15F14B0000000": {
        "$type": "RealismMod.WeaponMod, RealismMod",
        "ItemID": "04B14BF15FF15F14B0000000",
        "Name": "ISO Hemlock 5.56x45 long barrel",
        "ModType": "",
        "VerticalRecoil": 0,
        "HorizontalRecoil": -10,
        "AutoROF": -2.5,
        "SemiROF": -1.5,
        "ModMalfunctionChance": 0,
        "CameraRecoil": 0,
        "Convergence": 0,
        "Accuracy": 0,
        "CenterOfImpact": 0.023,
        "HeatFactor": 0.94,
        "CoolFactor": 0.94,
        "DurabilityBurnModificator": 1,
        "Velocity": 0,
        "ConflictingItems": [],
        "Ergonomics": 0,
        "Weight": 1.07,
        "ShotgunDispersion": 1,
        "Loudness": 0,
        "LoyaltyLevel": 0,
        "Price": 0
    },
    "04B14BF15EF15E14B0000000": {
        "$type": "RealismMod.WeaponMod, RealismMod",
        "ItemID": "04B14BF15EF15E14B0000000",
        "Name": "ISO Hemlock .300 BLK long barrel",
        "ModType": "",
        "VerticalRecoil": -12,
        "HorizontalRecoil": -20,
        "AutoROF": -2.5,
        "SemiROF": -1.5,
        "ModMalfunctionChance": -8,
        "CameraRecoil": -10,
        "Convergence": 0,
        "Accuracy": 0,
        "CenterOfImpact": 0.017,
        "HeatFactor": 0.96,
        "CoolFactor": 1.05,
        "DurabilityBurnModificator": 0.7,
        "Velocity": 5,
        "ConflictingItems": [],
        "Ergonomics": 0,
        "Weight": 0.97,
        "ShotgunDispersion": 1,
        "Loudness": 0,
        "LoyaltyLevel": 0,
        "Price": 0
    },
    "04B14BF15DF15D14B0000000": {
        "$type": "RealismMod.WeaponMod, RealismMod",
        "ItemID": "04B14BF15DF15D14B0000000",
        "Name": "ISO Hemlock 7.62x51 long barrel",
        "ModType": "",
        "VerticalRecoil": 0,
        "HorizontalRecoil": -11,
        "AutoROF": -2.5,
        "SemiROF": -1.5,
        "ModMalfunctionChance": -5,
        "CameraRecoil": -10,
        "Convergence": 0,
        "Accuracy": 0,
        "CenterOfImpact": 0.017,
        "HeatFactor": 0.96,
        "CoolFactor": 1.05,
        "DurabilityBurnModificator": 0.95,
        "Velocity": 0,
        "ConflictingItems": [],
        "Ergonomics": 0,
        "Weight": 0.97,
        "ShotgunDispersion": 1,
        "Loudness": 0,
        "LoyaltyLevel": 0,
        "Price": 0
    },
    "04B24BF15FF15F24B0000000": {
        "$type": "RealismMod.WeaponMod, RealismMod",
        "ItemID": "04B24BF15FF15F24B0000000",
        "Name": "ISO Hemlock 5.56x45 ex. short barrel",
        "ModType": "short_barrel",
        "VerticalRecoil": 0,
        "HorizontalRecoil": 12,
        "AutoROF": 12,
        "SemiROF": 5.5,
        "CameraRecoil": 10,
        "ModMalfunctionChance": 15,
        "Convergence": 0,
        "Accuracy": 0,
        "CenterOfImpact": 0.033,
        "HeatFactor": 1.06,
        "CoolFactor": 0.94,
        "DurabilityBurnModificator": 1.38,
        "Velocity": -23,
        "ConflictingItems": [],
        "Ergonomics": 0,
        "Weight": 0.409,
        "ShotgunDispersion": 1,
        "Loudness": 0,
        "LoyaltyLevel": 0,
        "Price": 0
    },
    "04B24BF15EF15E24B0000000": {
        "$type": "RealismMod.WeaponMod, RealismMod",
        "ItemID": "04B24BF15EF15E24B0000000",
        "Name": "ISO Hemlock .300 BLK ex. short barrel",
        "ModType": "short_barrel",
        "VerticalRecoil": 0,
        "HorizontalRecoil": 4,
        "AutoROF": 1.5,
        "SemiROF": 2.5,
        "CameraRecoil": 4,
        "ModMalfunctionChance": 5,
        "Convergence": 0,
        "Accuracy": 0,
        "CenterOfImpact": 0.022,
        "HeatFactor": 1.06,
        "CoolFactor": 0.09,
        "DurabilityBurnModificator": 1.05,
        "Velocity": -7,
        "ConflictingItems": [],
        "Ergonomics": 0,
        "Weight": 0.409,
        "ShotgunDispersion": 1,
        "Loudness": 0,
        "LoyaltyLevel": 0,
        "Price": 0
    },
    "04B24BF15DF15D24B0000000": {
        "$type": "RealismMod.WeaponMod, RealismMod",
        "ItemID": "04B24BF15DF15D24B0000000",
        "Name": "ISO Hemlock 7.62x51 ex. short barrel",
        "ModType": "short_barrel",
        "VerticalRecoil": 0,
        "HorizontalRecoil": 9,
        "AutoROF": 8,
        "SemiROF": 2,
        "ModMalfunctionChance": 28,
        "CameraRecoil": 8,
        "Convergence": 0,
        "Accuracy": 0,
        "CenterOfImpact": 0.023,
        "HeatFactor": 0.96,
        "CoolFactor": 0.96,
        "DurabilityBurnModificator": 1.1,
        "Velocity": -13.7,
        "ConflictingItems": [],
        "Ergonomics": 0,
        "Weight": 1.01,
        "ShotgunDispersion": 1,
        "Loudness": 0,
        "LoyaltyLevel": 0,
        "Price": 0
    },
    "04B34BF15FF15F34B0000000": {
        "$type": "RealismMod.WeaponMod, RealismMod",
        "ItemID": "04B34BF15FF15F34B0000000",
        "Name": "ISO Hemlock 5.56x45 short barrel",
        "ModType": "short_barrel",
        "VerticalRecoil": 0,
        "HorizontalRecoil": 10,
        "AutoROF": 10,
        "SemiROF": 5,
        "CameraRecoil": 10,
        "ModMalfunctionChance": 15,
        "Convergence": 0,
        "Accuracy": 0,
        "CenterOfImpact": 0.03,
        "HeatFactor": 1.06,
        "CoolFactor": 0.94,
        "DurabilityBurnModificator": 1.35,
        "Velocity": -20,
        "ConflictingItems": [],
        "Ergonomics": 0,
        "Weight": 0.6305,
        "ShotgunDispersion": 1,
        "Loudness": 0,
        "LoyaltyLevel": 0,
        "Price": 0
    },
    "04B34BF15EF15E34B0000000": {
        "$type": "RealismMod.WeaponMod, RealismMod",
        "ItemID": "04B34BF15EF15E34B0000000",
        "Name": "ISO Hemlock .300 BLK short barrel",
        "ModType": "short_barrel",
        "VerticalRecoil": 0,
        "HorizontalRecoil": 3,
        "AutoROF": 1,
        "SemiROF": 3,
        "CameraRecoil": 2,
        "ModMalfunctionChance": 12,
        "Convergence": 0,
        "Accuracy": 0,
        "CenterOfImpact": 0.021,
        "HeatFactor": 1.02,
        "CoolFactor": 1.03,
        "DurabilityBurnModificator": 1.15,
        "Velocity": -15,
        "ConflictingItems": [],
        "Ergonomics": 0,
        "Weight": 0.479,
        "ShotgunDispersion": 1,
        "Loudness": 0,
        "LoyaltyLevel": 0,
        "Price": 0
    },
    "04B34BF15DF15D34B0000000": {
        "$type": "RealismMod.WeaponMod, RealismMod",
        "ItemID": "04B34BF15DF15D34B0000000",
        "Name": "ISO Hemlock 7.62x51 short barrel",
        "ModType": "short_barrel",
        "VerticalRecoil": 0,
        "HorizontalRecoil": 6,
        "AutoROF": 7,
        "SemiROF": 1.5,
        "ModMalfunctionChance": 25,
        "CameraRecoil": 6,
        "Convergence": 0,
        "Accuracy": 0,
        "CenterOfImpact": 0.021,
        "HeatFactor": 0.96,
        "CoolFactor": 0.96,
        "DurabilityBurnModificator": 1.1,
        "Velocity": -12,
        "ConflictingItems": [],
        "Ergonomics": 0,
        "Weight": 1.025,
        "ShotgunDispersion": 1,
        "Loudness": 0,
        "LoyaltyLevel": 0,
        "Price": 0
    },
    "04B44BF15EF15E44B0000000": {
        "$type": "RealismMod.WeaponMod, RealismMod",
        "ItemID": "04B44BF15EF15E44B0000000",
        "Name": "ISO Hemlock .300 BLK barrel for suppressor",
        "ModType": "short_barrel",
        "VerticalRecoil": 0,
        "HorizontalRecoil": 4,
        "AutoROF": 1.5,
        "SemiROF": 2.5,
        "CameraRecoil": 4,
        "ModMalfunctionChance": 5,
        "Convergence": 0,
        "Accuracy": 0,
        "CenterOfImpact": 0.022,
        "HeatFactor": 1.06,
        "CoolFactor": 0.09,
        "DurabilityBurnModificator": 1.05,
        "Velocity": -7,
        "ConflictingItems": [],
        "Ergonomics": 0,
        "Weight": 0.409,
        "ShotgunDispersion": 1,
        "Loudness": 0,
        "LoyaltyLevel": 0,
        "Price": 0
    },
    "047447F15FF15F4470000000": {
        "$type": "RealismMod.WeaponMod, RealismMod",
        "ItemID": "047447F15FF15F4470000000",
        "Name": "ISO Hemlock retractable stock",
        "ModType": "Stock",
        "VerticalRecoil": -10,
        "HorizontalRecoil": 0,
        "Dispersion": 0,
        "CameraRecoil": 0,
        "AimSpeed": 10,
        "Ergonomics": 8,
        "Accuracy": -7,
        "HasShoulderContact": true,
        "BlocksFolding": false,
        "AutoROF": 0,
        "SemiROF": 0,
        "ModMalfunctionChance": 0,
        "StockAllowADS": false,
        "ConflictingItems": [],
        "Weight": 0.153,
        "LoyaltyLevel": 0,
        "Price": 0
    },
    "047147F15FF15F1470000000": {
        "$type": "RealismMod.WeaponMod, RealismMod",
        "ItemID": "047147F15FF15F1470000000",
        "Name": "ISO Hemlock standard stock",
        "ModType": "Stock",
        "VerticalRecoil": 0,
        "HorizontalRecoil": -13,
        "Dispersion": 0,
        "CameraRecoil": -12,
        "AimSpeed": 0,
        "Ergonomics": 10,
        "Accuracy": 0,
        "HasShoulderContact": true,
        "BlocksFolding": false,
        "AutoROF": 0,
        "SemiROF": 0,
        "ModMalfunctionChance": 0,
        "StockAllowADS": false,
        "ConflictingItems": [],
        "Weight": 0.376,
        "LoyaltyLevel": 0,
        "Price": 0
    },
    "047247F15FF15F2470000000": {
        "$type": "RealismMod.WeaponMod, RealismMod",
        "ItemID": "047247F15FF15F2470000000",
        "Name": "ISO Hemlock Res 2 fixed stock",
        "ModType": "Stock",
        "VerticalRecoil": -14,
        "HorizontalRecoil": -6,
        "Dispersion": 0,
        "CameraRecoil": 0,
        "AimSpeed": 7,
        "Ergonomics": 5,
        "Accuracy": -6,
        "HasShoulderContact": true,
        "BlocksFolding": true,
        "AutoROF": 0,
        "SemiROF": 0,
        "ModMalfunctionChance": 0,
        "StockAllowADS": false,
        "ConflictingItems": [],
        "Weight": 0.252,
        "LoyaltyLevel": 0,
        "Price": 0
    },
    "047347F15FF15F3470000000": {
        "$type": "RealismMod.WeaponMod, RealismMod",
        "ItemID": "047347F15FF15F3470000000",
        "Name": "ISO Hemlock Mace 600 stock",
        "ModType": "Stock",
        "VerticalRecoil": -14,
        "HorizontalRecoil": -7,
        "Dispersion": 0,
        "CameraRecoil": 0,
        "AimSpeed": 0,
        "Ergonomics": 10,
        "Accuracy": 0,
        "HasShoulderContact": true,
        "BlocksFolding": true,
        "AutoROF": 0,
        "SemiROF": 0,
        "ModMalfunctionChance": 0,
        "StockAllowADS": false,
        "ConflictingItems": [],
        "Weight": 0.310,
        "LoyaltyLevel": 0,
        "Price": 0
    },
    "047047F15FF15F0470000000": {
        "$type": "RealismMod.WeaponMod, RealismMod",
        "ItemID": "047047F15FF15F0470000000",
        "Name": "ISO Hemlock stock rail adaptor",
        "ModType": "buffer_adapter",
        "VerticalRecoil": 2,
        "HorizontalRecoil": -6,
        "Dispersion": 0,
        "CameraRecoil": 2,
        "AimSpeed": 0,
        "Ergonomics": 0,
        "Accuracy": 0,
        "HasShoulderContact": false,
        "BlocksFolding": false,
        "AutoROF": 0,
        "SemiROF": 0,
        "ModMalfunctionChance": 0,
        "StockAllowADS": false,
        "ConflictingItems": [],
        "Weight": 0.192,
        "LoyaltyLevel": 0,
        "Price": 0
    },
    "041041F15FF15F4100000000": {
        "$type": "RealismMod.WeaponMod, RealismMod",
        "ItemID": "041041F15FF15F4100000000",
        "Name": "Forge Tac ISO Hemlock handguard",
        "ModType": "",
        "VerticalRecoil": -1.5,
        "HorizontalRecoil": -3,
        "Dispersion": -1,
        "AimSpeed": 0,
        "Ergonomics": 8,
        "Accuracy": 5,
        "HeatFactor": 1.03,
        "CoolFactor": 1.028,
        "Weight": 0.315,
        "LoyaltyLevel": 0,
        "Price": 0
    },
    "041141F15FF1514100000000": {
        "$type": "RealismMod.WeaponMod, RealismMod",
        "ItemID": "041141F15FF1514100000000",
        "Name": "Cronen RCQ-7 ISO Hemlock handguard",
        "ModType": "",
        "VerticalRecoil": 0,
        "HorizontalRecoil": -2,
        "Dispersion": -2,
        "Ergonomics": 4,
        "Accuracy": -4,
        "HeatFactor": 1.05,
        "CoolFactor": 1,
        "ConflictingItems": [],
        "Weight": 0.210,
        "LoyaltyLevel": 0,
        "Price": 0
    },
    "041241F15FF1524100000000": {
        "$type": "RealismMod.WeaponMod, RealismMod",
        "ItemID": "041241F15FF1524100000000",
        "Name": "SA Fielder-T50 ISO Hemlock handguard",
        "ModType": "",
        "VerticalRecoil": -2,
        "HorizontalRecoil": -3,
        "Dispersion": -2.5,
        "Ergonomics": 12,
        "Accuracy": 10,
        "HeatFactor": 1.02,
        "CoolFactor": 1.032,
        "ConflictingItems": [],
        "Weight": 0.348,
        "LoyaltyLevel": 0,
        "Price": 0
    },
    "041341F15FF1534100000000": {
        "$type": "RealismMod.WeaponMod, RealismMod",
        "ItemID": "041341F15FF1534100000000",
        "Name": "Cronen LR-30/56 ISO Hemlock handguard",
        "ModType": "",
        "VerticalRecoil": -1,
        "HorizontalRecoil": -2,
        "Dispersion": -1,
        "Ergonomics": 7,
        "Accuracy": 10,
        "HeatFactor": 0.995,
        "CoolFactor": 1.05,
        "ConflictingItems": [],
        "Weight": 0.402,
        "LoyaltyLevel": 0,
        "Price": 0
    },
    "041441F15FF1544100000000": {
        "$type": "RealismMod.WeaponMod, RealismMod",
        "ItemID": "041441F15FF1544100000000",
        "Name": "EXF ISO Hemlock handguard",
        "ModType": "",
        "VerticalRecoil": -1.5,
        "HorizontalRecoil": -3,
        "Dispersion": -2,
        "AimSpeed": 0,
        "Ergonomics": 6,
        "Accuracy": 5,
        "HeatFactor": 0.953,
        "CoolFactor": 1.072,
        "Weight": 0.348,
        "LoyaltyLevel": 0,
        "Price": 0
    },
    "043043F15FF15F4300000000": {
        "$type": "RealismMod.WeaponMod, RealismMod",
        "ItemID": "043043F15FF15F4300000000",
        "Name": "AR-15 Sakin pistol grip",
        "TemplateID": "55802f5d4bdc2dac148b458f"
    },
    "043143F15FF15F4310000000": {
        "$type": "RealismMod.WeaponMod, RealismMod",
        "ItemID": "043143F15FF15F4310000000",
        "Name": "AR-15 Sakin ZX pistol grip",
        "ModType": "",
        "VerticalRecoil": 0,
        "HorizontalRecoil": 0,
        "Dispersion": 0,
        "AimSpeed": 0,
        "Ergonomics": 4.5,
        "Accuracy": 0,
        "ConflictingItems": [],
        "Weight": 0.075,
        "LoyaltyLevel": 0,
        "Price": 0
    },
    "043243F15FF15F4320000000": {
        "$type": "RealismMod.WeaponMod, RealismMod",
        "ItemID": "043243F15FF15F4320000000",
        "Name": "AR-15 Phantom pistol grip",
        "ModType": "",
        "VerticalRecoil": 0,
        "HorizontalRecoil": 0,
        "Dispersion": 0,
        "AimSpeed": 0,
        "Ergonomics": 5,
        "Accuracy": 0,
        "ConflictingItems": [],
        "Weight": 0.066,
        "LoyaltyLevel": 0,
        "Price": 0
    },
    "043343F15FF15F4330000000": {
        "$type": "RealismMod.WeaponMod, RealismMod",
        "ItemID": "043343F15FF15F4330000000",
        "Name": "AR-15 CP90 pistol grip",
        "ModType": "",
        "VerticalRecoil": 0,
        "HorizontalRecoil": 0,
        "Dispersion": 0,
        "AimSpeed": 0,
        "Ergonomics": 2,
        "Accuracy": 4,
        "ConflictingItems": [],
        "Weight": 0.10,
        "LoyaltyLevel": 0,
        "Price": 0
    },
    "043443F15FF15F4340000000": {
        "$type": "RealismMod.WeaponMod, RealismMod",
        "ItemID": "043443F15FF15F4340000000",
        "Name": "AR-15 XTEN pistol grip",
        "ModType": "",
        "VerticalRecoil": 0,
        "HorizontalRecoil": 0,
        "Dispersion": 0,
        "AimSpeed": 0,
        "Ergonomics": 2,
        "Accuracy": 2.5,
        "ConflictingItems": [],
        "Weight": 0.08,
        "LoyaltyLevel": 0,
        "Price": 0
    },
    "04B84BF15FF1584B00000000": {
        "$type": "RealismMod.WeaponMod, RealismMod",
        "ItemID": "04B84BF15FF1584B00000000",
        "Name": "SA AR-15 muzzle device",
        "ModType": "",
        "VerticalRecoil": -6,
        "HorizontalRecoil": -5,
        "Dispersion": -14,
        "CameraRecoil": 0,
        "AutoROF": 0,
        "SemiROF": 0,
        "ModMalfunctionChance": 0,
        "CanCycleSubs": false,
        "Accuracy": 0,
        "HeatFactor": 1,
        "CoolFactor": 1,
        "DurabilityBurnModificator": 1,
        "Velocity": 0,
        "RecoilAngle": 0,
        "ConflictingItems": [],
        "Ergonomics": 0,
        "Weight": 0.065,
        "Loudness": 8,
        "Convergence": 0,
        "LoyaltyLevel": 0,
        "Price": 0,
        "Flash": -60
    },
    "04B84BF15DF1584B00000000": {
        "$type": "RealismMod.WeaponMod, RealismMod",
        "ItemID": "04B84BF15DF1584B00000000",
        "Name": "XTEN AR-15 muzzle device",
        "ModType": "",
        "VerticalRecoil": -7,
        "HorizontalRecoil": -7.5,
        "Dispersion": -16,
        "CameraRecoil": 0,
        "AutoROF": 0,
        "SemiROF": 0,
        "ModMalfunctionChance": 0,
        "CanCycleSubs": false,
        "Accuracy": 1,
        "HeatFactor": 1,
        "CoolFactor": 1,
        "DurabilityBurnModificator": 1,
        "Velocity": 0,
        "RecoilAngle": 0,
        "ConflictingItems": [],
        "Ergonomics": 0,
        "Weight": 0.093,
        "Loudness": 17,
        "Convergence": 0,
        "LoyaltyLevel": 0,
        "Price": 0,
        "Flash": -65
    },
    "04B84BF15EF1584B00000000": {
        "$type": "RealismMod.WeaponMod, RealismMod",
        "ItemID": "04B84BF15EF1584B00000000",
        "Name": "ISO Hemlock muzzle device",
        "ModType": "",
        "VerticalRecoil": -6,
        "HorizontalRecoil": -6,
        "Dispersion": -15,
        "CameraRecoil": 0,
        "AutoROF": 0,
        "SemiROF": 0,
        "ModMalfunctionChance": 0,
        "CanCycleSubs": false,
        "Accuracy": 0,
        "HeatFactor": 1,
        "CoolFactor": 1,
        "DurabilityBurnModificator": 1,
        "Velocity": 0,
        "RecoilAngle": 0,
        "ConflictingItems": [],
        "Ergonomics": 0,
        "Weight": 0.068,
        "Loudness": 8,
        "Convergence": 0,
        "LoyaltyLevel": 0,
        "Price": 0,
        "Flash": -70
    },
    "02F02FF15FF15F0000000000": {
        "$type": "RealismMod.WeaponMod, RealismMod",
        "ItemID": "02F02FF15FF15F0000000000",
        "Name": "5.56x45 Demo 30 30-round magazine",
        "TemplateID": "55802d5f4bdc2dac148b458e"
    },
    "02F02FF15EF15E0000000000": {
        "$type": "RealismMod.WeaponMod, RealismMod",
        "ItemID": "02F02FF15EF15E0000000000",
        "Name": ".300 BLK 30-round magazine",
        "TemplateID": "5d1340b3d7ad1a0b52682ed7"
    },
    "048048F15FF15F4800000000": {
        "$type": "RealismMod.WeaponMod, RealismMod",
        "ItemID": "048048F15FF15F4800000000",
        "Name": "F.T. ISO Hemlock handguard side rail",
        "TemplateID": "5b7be47f5acfc400170e2dd2"
    },
    "048048F15EF15E4800000000": {
        "$type": "RealismMod.WeaponMod, RealismMod",
        "ItemID": "048048F15EF15E4800000000",
        "Name": "Fielder-T50 ISO Hemlock handguard side rail",
        "TemplateID": "5b7be47f5acfc400170e2dd2"
    },
    "048048F15DF15D4800000000": {
        "$type": "RealismMod.WeaponMod, RealismMod",
        "ItemID": "048048F15DF15D4800000000",
        "Name": "EXF ISO Hemlock handguard side rail",
        "TemplateID": "5b7be47f5acfc400170e2dd2"
    },
    "048148F15FF15F4810000000": {
        "$type": "RealismMod.WeaponMod, RealismMod",
        "ItemID": "048148F15FF15F4810000000",
        "Name": "F.T. ISO Hemlock handguard foregrip rail",
        "TemplateID": "5b7be4895acfc400170e2dd5"
    },
    "048148F15EF15E4810000000": {
        "$type": "RealismMod.WeaponMod, RealismMod",
        "ItemID": "048148F15EF15E4810000000",
        "Name": "Fielder-T50 ISO Hemlock handguard foregrip rail",
        "TemplateID": "5b7be4895acfc400170e2dd5"
    },
    "048248F15FF15F4820000000": {
        "$type": "RealismMod.WeaponMod, RealismMod",
        "ItemID": "048248F15FF15F4820000000",
        "Name": "F.T. ISO Hemlock handguard bottom rail",
        "TemplateID": "5b7be47f5acfc400170e2dd2"
    },
    "048248F15EF15E4820000000": {
        "$type": "RealismMod.WeaponMod, RealismMod",
        "ItemID": "048248F15EF15E4820000000",
        "Name": "Fielder-T50 ISO Hemlock handguard bottom rail",
        "TemplateID": "5b7be47f5acfc400170e2dd2"
    },
    "04CF4CF15FF15F4C00000000": {
        "$type": "RealismMod.WeaponMod, RealismMod",
        "ItemID": "04CF4CF15FF15F4C00000000",
        "Name": "ISO Hemlock foldable front sight",
        "TemplateID": "5bc09a30d4351e00367fb7c8"
    },
    "04CB4CF15FF15B4C00000000": {
        "$type": "RealismMod.WeaponMod, RealismMod",
        "ItemID": "04CB4CF15FF15B4C00000000",
        "Name": "ISO Hemlock foldable rear sight",
        "TemplateID": "5bc09a18d4351e003562b68e"
    }
}