{
    "020020F150F1500000000000": {
        "$type": "RealismMod.Gun, RealismMod",
        "ItemID": "020020F150F1500000000000",
        "Name": "ZLR ISO 9G 9x19 submachine gun",
        "WeapType": "",
        "OperationType": "",
        "WeapAccuracy": 0,
        "BaseTorque": 0,
        "HasShoulderContact": false,
        "Ergonomics": 82,
        "VerticalRecoil": 50,
        "HorizontalRecoil": 108,
        "Dispersion": 5,
        "CameraRecoil": 0.04,
        "VisualMulti": 1.12,
        "Convergence": 20,
        "RecoilAngle": 92,
        "BaseMalfunctionChance": 0.0014,
        "HeatFactorGun": 0.25,
        "HeatFactorByShot": 1,
        "CoolFactorGun": 0.1,
        "CoolFactorGunMods": 1,
        "AllowOverheat": true,
        "CenterOfImpact": 0.077,
        "HipAccuracyRestorationDelay": 0.2,
        "HipAccuracyRestorationSpeed": 7,
        "HipInnaccuracyGain": 0.16,
        "ShotgunDispersion": 1,
        "Velocity": -1.30,
        "RecoilDamping": 0.77,
        "RecoilHandDamping": 0.5,
        "WeaponAllowADS": false,
        "Weight": 0.66,
        "DurabilityBurnRatio": 0.10,
        "AutoROF": 1000,
        "SemiROF": 450,
        "LoyaltyLevel": 2,
        "BaseReloadSpeedMulti": 1,
        "BaseChamberSpeedMulti": 1.3,
        "MinChamberSpeed": 0.7,
        "MaxChamberSpeed": 1.5,
        "IsManuallyOperated": false,
        "BaseChamberCheckSpeed": 1.3,
        "BaseFixSpeed": 0.9,
        "OffsetRotation": 0.008,
        "RecoilIntensity": 0.195,
        "MasteryCategory": "M4"
    },
    "020020F154F1540000000000": {
        "$type": "RealismMod.Gun, RealismMod",
        "ItemID": "020020F154F1540000000000",
        "Name": "Expedite Firearms ISO 9 9x19 submachine gun",
        "WeapType": "",
        "OperationType": "",
        "WeapAccuracy": 0,
        "BaseTorque": 0,
        "HasShoulderContact": false,
        "Ergonomics": 82,
        "VerticalRecoil": 50,
        "HorizontalRecoil": 108,
        "Dispersion": 5,
        "CameraRecoil": 0.04,
        "VisualMulti": 1.12,
        "Convergence": 20,
        "RecoilAngle": 92,
        "BaseMalfunctionChance": 0.0014,
        "HeatFactorGun": 0.25,
        "HeatFactorByShot": 1,
        "CoolFactorGun": 0.1,
        "CoolFactorGunMods": 1,
        "AllowOverheat": true,
        "CenterOfImpact": 0.077,
        "HipAccuracyRestorationDelay": 0.2,
        "HipAccuracyRestorationSpeed": 7,
        "HipInnaccuracyGain": 0.16,
        "ShotgunDispersion": 1,
        "Velocity": -1.30,
        "RecoilDamping": 0.77,
        "RecoilHandDamping": 0.5,
        "WeaponAllowADS": false,
        "Weight": 0.66,
        "DurabilityBurnRatio": 0.10,
        "AutoROF": 1000,
        "SemiROF": 450,
        "LoyaltyLevel": 2,
        "BaseReloadSpeedMulti": 1,
        "BaseChamberSpeedMulti": 1.3,
        "MinChamberSpeed": 0.7,
        "MaxChamberSpeed": 1.5,
        "IsManuallyOperated": false,
        "BaseChamberCheckSpeed": 1.3,
        "BaseFixSpeed": 0.9,
        "OffsetRotation": 0.008,
        "RecoilIntensity": 0.195,
        "MasteryCategory": "M4"
    },
    "020020F151F1510000000000": {
        "$type": "RealismMod.Gun, RealismMod",
        "ItemID": "020020F151F1510000000000",
        "Name": "Expedite Firearms ISO 9G 9x19 submachine gun",
        "WeapType": "",
        "OperationType": "",
        "WeapAccuracy": 0,
        "BaseTorque": 0,
        "HasShoulderContact": false,
        "Ergonomics": 82,
        "VerticalRecoil": 50,
        "HorizontalRecoil": 108,
        "Dispersion": 5,
        "CameraRecoil": 0.04,
        "VisualMulti": 1.12,
        "Convergence": 20,
        "RecoilAngle": 92,
        "BaseMalfunctionChance": 0.0014,
        "HeatFactorGun": 0.25,
        "HeatFactorByShot": 1,
        "CoolFactorGun": 0.1,
        "CoolFactorGunMods": 1,
        "AllowOverheat": true,
        "CenterOfImpact": 0.077,
        "HipAccuracyRestorationDelay": 0.2,
        "HipAccuracyRestorationSpeed": 7,
        "HipInnaccuracyGain": 0.16,
        "ShotgunDispersion": 1,
        "Velocity": -1.30,
        "RecoilDamping": 0.77,
        "RecoilHandDamping": 0.5,
        "WeaponAllowADS": false,
        "Weight": 0.66,
        "DurabilityBurnRatio": 0.10,
        "AutoROF": 1000,
        "SemiROF": 450,
        "LoyaltyLevel": 2,
        "BaseReloadSpeedMulti": 1,
        "BaseChamberSpeedMulti": 1.5,
        "MinChamberSpeed": 0.7,
        "MaxChamberSpeed": 1.7,
        "IsManuallyOperated": false,
        "BaseChamberCheckSpeed": 1.5,
        "BaseFixSpeed": 0.9,
        "OffsetRotation": 0.008,
        "RecoilIntensity": 0.195,
        "MasteryCategory": "M4"
    },
    "020020F152F1520000000000": {
        "$type": "RealismMod.Gun, RealismMod",
        "ItemID": "020020F152F1520000000000",
        "Name": "Expedite Firearms ISO 45 .45 ACP submachine gun",
        "WeapType": "",
        "OperationType": "",
        "WeapAccuracy": 0,
        "BaseTorque": 0,
        "HasShoulderContact": false,
        "Ergonomics": 82,
        "VerticalRecoil": 62,
        "HorizontalRecoil": 112,
        "Dispersion": 5,
        "CameraRecoil": 0.04,
        "VisualMulti": 1.12,
        "Convergence": 20,
        "RecoilAngle": 92,
        "BaseMalfunctionChance": 0.0014,
        "HeatFactorGun": 0.25,
        "HeatFactorByShot": 1,
        "CoolFactorGun": 0.1,
        "CoolFactorGunMods": 1,
        "AllowOverheat": true,
        "CenterOfImpact": 0.077,
        "HipAccuracyRestorationDelay": 0.2,
        "HipAccuracyRestorationSpeed": 7,
        "HipInnaccuracyGain": 0.16,
        "ShotgunDispersion": 1,
        "Velocity": -1.30,
        "RecoilDamping": 0.77,
        "RecoilHandDamping": 0.5,
        "WeaponAllowADS": false,
        "Weight": 0.66,
        "DurabilityBurnRatio": 0.10,
        "AutoROF": 895,
        "SemiROF": 450,
        "LoyaltyLevel": 2,
        "BaseReloadSpeedMulti": 1,
        "BaseChamberSpeedMulti": 1.5,
        "MinChamberSpeed": 0.7,
        "MaxChamberSpeed": 1.7,
        "IsManuallyOperated": false,
        "BaseChamberCheckSpeed": 1.5,
        "BaseFixSpeed": 0.9,
        "OffsetRotation": 0.008,
        "RecoilIntensity": 0.195,
        "MasteryCategory": "M4"
    },
    "020020F153F1530000000000": {
        "$type": "RealismMod.Gun, RealismMod",
        "ItemID": "020020F153F1530000000000",
        "Name": "Expedite Firearms ISO 45G .45 ACP submachine gun",
        "WeapType": "",
        "OperationType": "",
        "WeapAccuracy": 0,
        "BaseTorque": 0,
        "HasShoulderContact": false,
        "Ergonomics": 82,
        "VerticalRecoil": 62,
        "HorizontalRecoil": 112,
        "Dispersion": 5,
        "CameraRecoil": 0.04,
        "VisualMulti": 1.12,
        "Convergence": 20,
        "RecoilAngle": 92,
        "BaseMalfunctionChance": 0.0014,
        "HeatFactorGun": 0.25,
        "HeatFactorByShot": 1,
        "CoolFactorGun": 0.1,
        "CoolFactorGunMods": 1,
        "AllowOverheat": true,
        "CenterOfImpact": 0.077,
        "HipAccuracyRestorationDelay": 0.2,
        "HipAccuracyRestorationSpeed": 7,
        "HipInnaccuracyGain": 0.16,
        "ShotgunDispersion": 1,
        "Velocity": -1.30,
        "RecoilDamping": 0.77,
        "RecoilHandDamping": 0.5,
        "WeaponAllowADS": false,
        "Weight": 0.66,
        "DurabilityBurnRatio": 0.10,
        "AutoROF": 895,
        "SemiROF": 450,
        "LoyaltyLevel": 3,
        "BaseReloadSpeedMulti": 1,
        "BaseChamberSpeedMulti": 1.5,
        "MinChamberSpeed": 0.7,
        "MaxChamberSpeed": 1.7,
        "IsManuallyOperated": false,
        "BaseChamberCheckSpeed": 1.5,
        "BaseFixSpeed": 0.9,
        "OffsetRotation": 0.008,
        "RecoilIntensity": 0.195,
        "MasteryCategory": "M4"
    },
    "02F12FF152F1521110000000": {
        "$type": "RealismMod.WeaponMod, RealismMod",
        "ItemID": "02F12FF152F1521110000000",
        "Name": ".45 ACP ISO 12-round magazine",
        "ModType": "",
        "ReloadSpeed": -3,
        "Ergonomics": 0,
        "MalfunctionChance": 0,
        "LoadUnloadModifier": -12,
        "CheckTimeModifier": -30,
        "ConflictingItems": [],
        "Weight": 0.090,
        "VerticalRecoil": 0,
        "HorizontalRecoil": 0,
        "LoyaltyLevel": 0,
        "Price": 0
    },
    "02F02FF152F1520000000000": {
        "$type": "RealismMod.WeaponMod, RealismMod",
        "ItemID": "02F02FF152F1520000000000",
        "Name": ".45 ACP ISO 30-round magazine",
        "ModType": "",
        "ReloadSpeed": 0,
        "Ergonomics": 0,
        "MalfunctionChance": 0,
        "LoadUnloadModifier": -25,
        "CheckTimeModifier": -30,
        "ConflictingItems": [],
        "Weight": 0.145,
        "VerticalRecoil": 0,
        "HorizontalRecoil": 0,
        "LoyaltyLevel": 0,
        "Price": 0
    },
    "02F22FF152F1522220000000": {
        "$type": "RealismMod.WeaponMod, RealismMod",
        "ItemID": "02F22FF152F1522220000000",
        "Name": ".45 ACP ISO 45-round drum magazine",
        "ModType": "long_mag",
        "ReloadSpeed": -25,
        "Ergonomics": -4,
        "MalfunctionChance": 0,
        "LoadUnloadModifier": -12,
        "CheckTimeModifier": 20,
        "ConflictingItems": [],
        "Weight": 0.455,
        "VerticalRecoil": 0,
        "HorizontalRecoil": 0,
        "LoyaltyLevel": 0,
        "Price": 0
    },
    "042042F150F1500000000000": {
        "$type": "RealismMod.WeaponMod, RealismMod",
        "ItemID": "042042F150F1500000000000",
        "Name": "ZLR ISO upper receiver",
        "ModType": "",
        "ModMalfunctionChance": 0,
        "Accuracy": 0,
        "HeatFactor": 0.952,
        "CoolFactor": 1.047,
        "DurabilityBurnModificator": 1,
        "ConflictingItems": [],
        "Ergonomics": 4,
        "Weight": 0.254,
        "VerticalRecoil": 0,
        "HorizontalRecoil": 0,
        "ChamberSpeed": 0,
        "LoyaltyLevel": 0,
        "Price": 0
    },
    "042042F151F1510000000000": {
        "$type": "RealismMod.WeaponMod, RealismMod",
        "ItemID": "042042F151F1510000000000",
        "Name": "EXF ISO9 upper receiver",
        "ModType": "",
        "ModMalfunctionChance": 0,
        "Accuracy": 0,
        "HeatFactor": 0.952,
        "CoolFactor": 1.047,
        "DurabilityBurnModificator": 1,
        "ConflictingItems": [],
        "Ergonomics": 5,
        "Weight": 0.256,
        "VerticalRecoil": 0,
        "HorizontalRecoil": 0,
        "ChamberSpeed": 0,
        "LoyaltyLevel": 0,
        "Price": 0
    },
    "042042F152F1520000000000": {
        "$type": "RealismMod.WeaponMod, RealismMod",
        "ItemID": "042042F152F1520000000000",
        "Name": "EXF ISO45 upper receiver",
        "ModType": "",
        "ModMalfunctionChance": 0,
        "Accuracy": 0,
        "HeatFactor": 0.952,
        "CoolFactor": 1.047,
        "DurabilityBurnModificator": 1,
        "ConflictingItems": [],
        "Ergonomics": 4,
        "Weight": 0.66,
        "VerticalRecoil": 0,
        "HorizontalRecoil": 0,
        "ChamberSpeed": 0,
        "LoyaltyLevel": 0,
        "Price": 0
    },
    "041041F150F1504100000000": {
        "$type": "RealismMod.WeaponMod, RealismMod",
        "ItemID": "041041F150F1504100000000",
        "Name": "ISO Ex Raptor-V2 handguard",
        "ModType": "",
        "VerticalRecoil": -1,
        "HorizontalRecoil": 0,
        "Dispersion": 0,
        "Ergonomics": 5,
        "Accuracy": 0,
        "HeatFactor": 0.97,
        "CoolFactor": 1.05,
        "ConflictingItems": [],
        "Weight": 0.187,
        "LoyaltyLevel": 0,
        "Price": 0
    },
    "041B41F150F15B4100000000": {
        "$type": "RealismMod.WeaponMod, RealismMod",
        "ItemID": "041B41F150F15B4100000000",
        "Name": "ISO PTX Trainer handguard",
        "ModType": "",
        "VerticalRecoil": -2,
        "HorizontalRecoil": -2,
        "Dispersion": -2,
        "Ergonomics": 4,
        "Accuracy": 3,
        "HeatFactor": 0.95,
        "CoolFactor": 1.04,
        "ConflictingItems": [],
        "Weight": 0.210,
        "LoyaltyLevel": 0,
        "Price": 0
    },
    "041C41F150F15C4100000000": {
        "$type": "RealismMod.WeaponMod, RealismMod",
        "ItemID": "041C41F150F15C4100000000",
        "Name": "ISO Axeblade handguard",
        "ModType": "",
        "VerticalRecoil": -1,
        "HorizontalRecoil": -3,
        "Dispersion": -2.5,
        "Ergonomics": 6,
        "Accuracy": 2,
        "HeatFactor": 0.92,
        "CoolFactor": 1.07,
        "ConflictingItems": [],
        "Weight": 0.198,
        "LoyaltyLevel": 0,
        "Price": 0
    },
    "041D41F150F15D4100000000": {
        "$type": "RealismMod.WeaponMod, RealismMod",
        "ItemID": "041D41F150F15D4100000000",
        "Name": "ISO45 handguard",
        "ModType": "",
        "VerticalRecoil": -1,
        "HorizontalRecoil": -1,
        "Dispersion": 0,
        "Ergonomics": 4,
        "Accuracy": 0,
        "HeatFactor": 0.97,
        "CoolFactor": 1.05,
        "ConflictingItems": [],
        "Weight": 0.192,
        "LoyaltyLevel": 0,
        "Price": 0
    },
    "041E41F150F15E4100000000": {
        "$type": "RealismMod.WeaponMod, RealismMod",
        "ItemID": "041E41F150F15E4100000000",
        "Name": "ISO XLB-S handguard",
        "ModType": "",
        "VerticalRecoil": -2,
        "HorizontalRecoil": -3,
        "Dispersion": -2,
        "Ergonomics": 7,
        "Accuracy": 4,
        "HeatFactor": 0.93,
        "CoolFactor": 1.05,
        "ConflictingItems": [],
        "Weight": 0.227,
        "LoyaltyLevel": 0,
        "Price": 0
    },
    "04BB4BF150F15B4B00000000": {
        "$type": "RealismMod.WeaponMod, RealismMod",
        "ItemID": "04BB4BF150F15B4B00000000",
        "Name": "ISO9 225mm barrel",
        "ModType": "",
        "VerticalRecoil": -4,
        "HorizontalRecoil": -4,
        "AutoROF": -1.5,
        "SemiROF": -1,
        "CameraRecoil":-4,
        "ModMalfunctionChance": 0,
        "Convergence": 0,
        "Accuracy": 0,
        "CenterOfImpact": 0.067,
        "HeatFactor": 0.92,
        "CoolFactor": 1.03,
        "DurabilityBurnModificator": 1.12,
        "Velocity": 0,
        "ConflictingItems": [],
        "Weight": 0.410,
        "ShotgunDispersion": 1,
        "Loudness": 0,
        "LoyaltyLevel": 0,
        "Price": 0
    },
    "04BA4BF150F15A4B00000000": {
        "$type": "RealismMod.WeaponMod, RealismMod",
        "ItemID": "04BA4BF150F15A4B00000000",
        "Name": "ISO9 185mm barrel",
        "ModType": "",
        "VerticalRecoil": -3,
        "HorizontalRecoil": -5,
        "AutoROF": -1,
        "SemiROF": -1,
        "CameraRecoil":-5,
        "ModMalfunctionChance": 0,
        "Convergence": 0,
        "Accuracy": 0,
        "CenterOfImpact": 0.070,
        "HeatFactor": 0.89,
        "CoolFactor": 1.05,
        "DurabilityBurnModificator": 1.14,
        "Velocity": 0,
        "ConflictingItems": [],
        "Weight": 0.423,
        "ShotgunDispersion": 1,
        "Loudness": 0,
        "LoyaltyLevel": 0,
        "Price": 0
    },
    "04B04BF150F1500000000000": {
        "$type": "RealismMod.WeaponMod, RealismMod",
        "ItemID": "04B04BF150F1500000000000",
        "Name": "ISO9 standard barrel",
        "ModType": "short_barrel",
        "VerticalRecoil": 0,
        "HorizontalRecoil": 0,
        "AutoROF": 0,
        "SemiROF": 0,
        "CameraRecoil":-2,
        "ModMalfunctionChance": 0,
        "Convergence": 0,
        "Accuracy": 0,
        "CenterOfImpact": 0.077,
        "HeatFactor": 1,
        "CoolFactor": 1.04,
        "DurabilityBurnModificator": 1,
        "Velocity": 0,
        "ConflictingItems": [],
        "Weight": 0.400,
        "ShotgunDispersion": 1,
        "Loudness": 0,
        "LoyaltyLevel": 0,
        "Price": 0
    },
    "04BC4BF150F15C4B00000000": {
        "$type": "RealismMod.WeaponMod, RealismMod",
        "ItemID": "04BC4BF150F15C4B00000000",
        "Name": "ISO Axeblade integrated suppressor barrel",
        "ModType": "",
        "VerticalRecoil": 0,
        "HorizontalRecoil": 0,
        "AutoROF": 0,
        "SemiROF": 0,
        "CameraRecoil":0,
        "ModMalfunctionChance": 0,
        "Convergence": 0,
        "Accuracy": 0,
        "CenterOfImpact": 0.073,
        "HeatFactor": 1.09,
        "CoolFactor": 0.96,
        "DurabilityBurnModificator": 1.08,
        "Velocity": 0,
        "ConflictingItems": [],
        "Weight": 0.040,
        "ShotgunDispersion": 1,
        "Loudness": 0,
        "LoyaltyLevel": 0,
        "Price": 0
    },
    "04BB4BF152F25B4B00000000": {
        "$type": "RealismMod.WeaponMod, RealismMod",
        "ItemID": "04BB4BF152F25B4B00000000",
        "Name": "ISO45 225mm barrel",
        "ModType": "",
        "VerticalRecoil": -4,
        "HorizontalRecoil": -4,
        "AutoROF": -1.5,
        "SemiROF": -1,
        "CameraRecoil":-4,
        "ModMalfunctionChance": 0,
        "Convergence": 0,
        "Accuracy": 0,
        "CenterOfImpact": 0.067,
        "HeatFactor": 0.92,
        "CoolFactor": 1.03,
        "DurabilityBurnModificator": 1.12,
        "Velocity": 0,
        "ConflictingItems": [],
        "Weight": 0.415,
        "ShotgunDispersion": 1,
        "Loudness": 0,
        "LoyaltyLevel": 0,
        "Price": 0
    },
    "04BA4BF152F25A4B00000000": {
        "$type": "RealismMod.WeaponMod, RealismMod",
        "ItemID": "04BA4BF152F25A4B00000000",
        "Name": "ISO45 185mm barrel",
        "ModType": "",
        "VerticalRecoil": -3,
        "HorizontalRecoil": -5,
        "AutoROF": -1,
        "SemiROF": -1,
        "CameraRecoil":-5,
        "ModMalfunctionChance": 0,
        "Convergence": 0,
        "Accuracy": 0,
        "CenterOfImpact": 0.070,
        "HeatFactor": 0.89,
        "CoolFactor": 1.05,
        "DurabilityBurnModificator": 1.14,
        "Velocity": 0,
        "ConflictingItems": [],
        "Weight": 0.429,
        "ShotgunDispersion": 1,
        "Loudness": 0,
        "LoyaltyLevel": 0,
        "Price": 0
    },
    "04B04BF152F2500000000000": {
        "$type": "RealismMod.WeaponMod, RealismMod",
        "ItemID": "04B04BF152F2500000000000",
        "Name": "ISO45 standard barrel",
        "ModType": "short_barrel",
        "VerticalRecoil": 0,
        "HorizontalRecoil": 0,
        "AutoROF": 0,
        "SemiROF": 0,
        "CameraRecoil":-2,
        "ModMalfunctionChance": 0,
        "Convergence": 0,
        "Accuracy": 0,
        "CenterOfImpact": 0.077,
        "HeatFactor": 1,
        "CoolFactor": 1.04,
        "DurabilityBurnModificator": 1,
        "Velocity": 0,
        "ConflictingItems": [],
        "Weight": 0.408,
        "ShotgunDispersion": 1,
        "Loudness": 0,
        "LoyaltyLevel": 0,
        "Price": 0
    },
    "04BE4BF152F25E4B00000000": {
        "$type": "RealismMod.WeaponMod, RealismMod",
        "ItemID": "04BE4BF152F25E4B00000000",
        "Name": "ISO XLB-S integrated suppressor barrel",
        "ModType": "",
        "VerticalRecoil": 0,
        "HorizontalRecoil": 0,
        "AutoROF": 0,
        "SemiROF": 0,
        "CameraRecoil":0,
        "ModMalfunctionChance": 0,
        "Convergence": 0,
        "Accuracy": 0,
        "CenterOfImpact": 0.073,
        "HeatFactor": 1.09,
        "CoolFactor": 0.96,
        "DurabilityBurnModificator": 1.08,
        "Velocity": 0,
        "ConflictingItems": [],
        "Weight": 0.040,
        "ShotgunDispersion": 1,
        "Loudness": 0,
        "LoyaltyLevel": 0,
        "Price": 0
    },
    "04B84BF150F1584B00000000": {
        "$type": "RealismMod.WeaponMod, RealismMod",
        "ItemID": "04B84BF150F1584B00000000",
        "Name": "ISO9 muzzle device",
        "ModType": "",
        "VerticalRecoil": -7,
        "HorizontalRecoil": -9.5,
        "Dispersion": -13,
        "CameraRecoil": 0,
        "AutoROF": 0,
        "SemiROF": 0,
        "ModMalfunctionChance": 0,
        "CanCycleSubs": false,
        "Accuracy": 0,
        "HeatFactor": 1,
        "CoolFactor": 1,
        "DurabilityBurnModificator": 1,
        "Velocity": 0,
        "RecoilAngle": 0,
        "ConflictingItems": [],
        "Ergonomics": 0,
        "Weight": 0.062,
        "Loudness": 11,
        "Convergence": 0,
        "LoyaltyLevel": 0,
        "Price": 0,
        "Flash": -50
    },
    "04B84BF152F2584B00000000": {
        "$type": "RealismMod.WeaponMod, RealismMod",
        "ItemID": "04B84BF152F2584B00000000",
        "Name": "ISO45 muzzle device",
        "ModType": "",
        "VerticalRecoil": -7,
        "HorizontalRecoil": -9.5,
        "Dispersion": -13,
        "CameraRecoil": 0,
        "AutoROF": 0,
        "SemiROF": 0,
        "ModMalfunctionChance": 0,
        "CanCycleSubs": false,
        "Accuracy": 0,
        "HeatFactor": 1,
        "CoolFactor": 1,
        "DurabilityBurnModificator": 1,
        "Velocity": 0,
        "RecoilAngle": 0,
        "ConflictingItems": [],
        "Ergonomics": 0,
        "Weight": 0.062,
        "Loudness": 11,
        "Convergence": 0,
        "LoyaltyLevel": 0,
        "Price": 0,
        "Flash": -50
    },
    "04B94BF150F1594B00000000": {
        "$type": "RealismMod.WeaponMod, RealismMod",
        "ItemID": "04B94BF150F1594B00000000",
        "Name": "ISO Axeblade integrated suppressor",
        "ModType": "",
        "VerticalRecoil": -2,
        "HorizontalRecoil": -6,
        "Dispersion": -4.5,
        "CameraRecoil": -7,
        "AutoROF": 0,
        "SemiROF": 0,
        "ModMalfunctionChance": 0,
        "CanCycleSubs": false,
        "Accuracy": -5,
        "HeatFactor": 1.13,
        "CoolFactor": 1,
        "DurabilityBurnModificator": 1.23,
        "Velocity": 0,
        "RecoilAngle": 0,
        "ConflictingItems": [],
        "Ergonomics": 0,
        "Weight": 0.397,
        "Loudness": -40,
        "Convergence": 0,
        "LoyaltyLevel": 0,
        "Price": 0,
        "Flash": 30
    },
    "04B74BF150F1574B00000000": {
        "$type": "RealismMod.WeaponMod, RealismMod",
        "ItemID": "04B74BF150F1574B00000000",
        "Name": "ISO XLB-S integrated suppressor",
        "ModType": "",
        "VerticalRecoil": -5,
        "HorizontalRecoil": -8,
        "Dispersion": -5,
        "CameraRecoil": -7,
        "AutoROF": 0,
        "SemiROF": 0,
        "ModMalfunctionChance": 0,
        "CanCycleSubs": false,
        "Accuracy": 0,
        "HeatFactor": 1.15,
        "CoolFactor": 1,
        "DurabilityBurnModificator": 1.30,
        "Velocity": 1.25,
        "RecoilAngle": 0,
        "ConflictingItems": [],
        "Ergonomics": 0,
        "Weight": 0.547,
        "Loudness": -50,
        "Convergence": 0,
        "LoyaltyLevel": 0,
        "Price": 0,
        "Flash": 50
    },
    "047047F150F1500000000000": {
        "$type": "RealismMod.WeaponMod, RealismMod",
        "ItemID": "047047F150F1500000000000",
        "Name": "ZLR ISO retractable stock",
        "ModType": "Stock",
        "VerticalRecoil": -10,
        "HorizontalRecoil": 0,
        "Dispersion": 0,
        "CameraRecoil": 0,
        "AimSpeed": 10,
        "Ergonomics": 8,
        "Accuracy": -7,
        "HasShoulderContact": true,
        "BlocksFolding": false,
        "AutoROF": 0,
        "SemiROF": 0,
        "ModMalfunctionChance": 0,
        "StockAllowADS": false,
        "ConflictingItems": [],
        "Weight": 0.153,
        "LoyaltyLevel": 0,
        "Price": 0
    },
    "047047F151F1510000000000": {
        "$type": "RealismMod.WeaponMod, RealismMod",
        "ItemID": "047047F151F1510000000000",
        "Name": "EXF ISO retractable stock",
        "ModType": "Stock",
        "VerticalRecoil": -10,
        "HorizontalRecoil": 0,
        "Dispersion": 0,
        "CameraRecoil": 0,
        "AimSpeed": 10,
        "Ergonomics": 8,
        "Accuracy": -7,
        "HasShoulderContact": true,
        "BlocksFolding": false,
        "AutoROF": 0,
        "SemiROF": 0,
        "ModMalfunctionChance": 0,
        "StockAllowADS": false,
        "ConflictingItems": [],
        "Weight": 0.153,
        "LoyaltyLevel": 0,
        "Price": 0
    },
    "047A47F151F151A470000000": {
        "$type": "RealismMod.WeaponMod, RealismMod",
        "ItemID": "047A47F151F151A470000000",
        "Name": "ISO Res 2 fixed stock",
        "ModType": "Stock",
        "VerticalRecoil": -12,
        "HorizontalRecoil": -5,
        "Dispersion": 0,
        "CameraRecoil": 0,
        "AimSpeed": 7,
        "Ergonomics": 5,
        "Accuracy": -6,
        "HasShoulderContact": true,
        "BlocksFolding": true,
        "AutoROF": 0,
        "SemiROF": 0,
        "ModMalfunctionChance": 0,
        "StockAllowADS": false,
        "ConflictingItems": [],
        "Weight": 0.242,
        "LoyaltyLevel": 0,
        "Price": 0
    },
    "047B47F151F151B470000000": {
        "$type": "RealismMod.WeaponMod, RealismMod",
        "ItemID": "047B47F151F151B470000000",
        "Name": "ISO Mace 650 stock",
        "ModType": "Stock",
        "VerticalRecoil": -14,
        "HorizontalRecoil": -7,
        "Dispersion": 0,
        "CameraRecoil": 0,
        "AimSpeed": 0,
        "Ergonomics": 10,
        "Accuracy": 0,
        "HasShoulderContact": true,
        "BlocksFolding": true,
        "AutoROF": 0,
        "SemiROF": 0,
        "ModMalfunctionChance": 0,
        "StockAllowADS": false,
        "ConflictingItems": [],
        "Weight": 0.310,
        "LoyaltyLevel": 0,
        "Price": 0
    },
    "047C47F151F151C470000000": {
        "$type": "RealismMod.WeaponMod, RealismMod",
        "ItemID": "047C47F151F151C470000000",
        "Name": "ISO stock buffer tube",
        "ModType": "Stock",
        "VerticalRecoil": 0,
        "HorizontalRecoil": -4,
        "Dispersion": -3,
        "CameraRecoil": -4.5,
        "AimSpeed": 0,
        "Ergonomics": 0,
        "Accuracy": 0,
        "HasShoulderContact": true,
        "BlocksFolding": true,
        "AutoROF": -2,
        "SemiROF": -4,
        "ModMalfunctionChance": -5,
        "StockAllowADS": false,
        "ConflictingItems": [],
        "Weight": 0.121,
        "DurabilityBurnModificator": 0.92,
        "LoyaltyLevel": 0,
        "Price": 0
    },
    "043043F150F1504300000000": {
        "$type": "RealismMod.WeaponMod, RealismMod",
        "ItemID": "043043F150F1504300000000",
        "Name": "ZLR ISO pistol grip",
        "ModType": "",
        "VerticalRecoil": 0,
        "HorizontalRecoil": 0,
        "Dispersion": 0,
        "AimSpeed": 0,
        "Ergonomics": 6,
        "Accuracy": 0,
        "ConflictingItems": [],
        "Weight": 0.06,
        "LoyaltyLevel": 0,
        "Price": 0
    },
    "043043F151F1514300000000": {
        "$type": "RealismMod.WeaponMod, RealismMod",
        "ItemID": "043043F151F1514300000000",
        "Name": "EXF ISO pistol grip",
        "ModType": "",
        "VerticalRecoil": 0,
        "HorizontalRecoil": 0,
        "Dispersion": 0,
        "AimSpeed": 0,
        "Ergonomics": 6,
        "Accuracy": 0,
        "ConflictingItems": [],
        "Weight": 0.05,
        "LoyaltyLevel": 0,
        "Price": 0
    },
    "043A43F150F15A4300000000": {
        "$type": "RealismMod.WeaponMod, RealismMod",
        "ItemID": "043A43F150F15A4300000000",
        "Name": "ISO A30 Stout pistol grip",
        "ModType": "",
        "VerticalRecoil": 0,
        "HorizontalRecoil": 0,
        "Dispersion": 0,
        "AimSpeed": 0,
        "Ergonomics": 7,
        "Accuracy": 0,
        "ConflictingItems": [],
        "Weight": 0.065,
        "LoyaltyLevel": 0,
        "Price": 0
    },
    "043B43F150F15B4300000000": {
        "$type": "RealismMod.WeaponMod, RealismMod",
        "ItemID": "043B43F150F15B4300000000",
        "Name": "ISO Exp Shear pistol grip",
        "ModType": "",
        "VerticalRecoil": 0,
        "HorizontalRecoil": 0,
        "Dispersion": 0,
        "AimSpeed": 0,
        "Ergonomics": 5,
        "Accuracy": 0,
        "ConflictingItems": [],
        "Weight": 0.045,
        "LoyaltyLevel": 0,
        "Price": 0
    },
    "043C43F150F15C4300000000": {
        "$type": "RealismMod.WeaponMod, RealismMod",
        "ItemID": "043C43F150F15C4300000000",
        "Name": "ISO Stalwart GX pistol grip",
        "ModType": "",
        "VerticalRecoil": 0,
        "HorizontalRecoil": 0,
        "Dispersion": 0,
        "AimSpeed": 0,
        "Ergonomics": 6,
        "Accuracy": 0,
        "ConflictingItems": [],
        "Weight": 0.045,
        "LoyaltyLevel": 0,
        "Price": 0
    },
    "048048F150F1504800000000": {
        "$type": "RealismMod.WeaponMod, RealismMod",
        "ItemID": "048048F150F1504800000000",
        "Name": "ISO side rail",
        "ModType": "",
        "Ergonomics": 0,
        "Accuracy": 0,
        "ConflictingItems": [],
        "Weight": 0.05,
        "LoyaltyLevel": 0,
        "Price": 0
    },
    "048A48F150F15A4800000000": {
        "$type": "RealismMod.WeaponMod, RealismMod",
        "ItemID": "048A48F150F15A4800000000",
        "Name": "ISO Ex Raptor-V2 bottom rail",
        "ModType": "",
        "Ergonomics": -1,
        "Accuracy": 0,
        "ConflictingItems": [],
        "Weight": 0.06,
        "LoyaltyLevel": 0,
        "Price": 0
    },
    "048C48F150F15C4800000000": {
        "$type": "RealismMod.WeaponMod, RealismMod",
        "ItemID": "048C48F150F15C4800000000",
        "Name": "ISO Axeblade side rail",
        "ModType": "",
        "Ergonomics": -1,
        "Accuracy": 0,
        "ConflictingItems": [],
        "Weight": 0.06,
        "LoyaltyLevel": 0,
        "Price": 0
    },
    "04CF4CF150F15F4C00000000": {
        "$type": "RealismMod.WeaponMod, RealismMod",
        "ItemID": "04CF4CF150F15F4C00000000",
        "Name": "ZLR ISO foldable front sight",
        "ModType": "sight",
        "AimSpeed": 0,
        "Accuracy": 0,
        "ConflictingItems": [],
        "Ergonomics": 0,
        "Weight": 0.035,
        "VerticalRecoil": 0,
        "HorizontalRecoil": 0,
        "LoyaltyLevel": 0,
        "Price": 0
    },
    "04CB4CF150F15B4C00000000": {
        "$type": "RealismMod.WeaponMod, RealismMod",
        "ItemID": "04CB4CF150F15B4C00000000",
        "Name": "ZLR ISO foldable rear sight",
        "ModType": "sight",
        "AimSpeed": 0,
        "Accuracy": 0,
        "ConflictingItems": [],
        "Ergonomics": 0,
        "Weight": 0.035,
        "VerticalRecoil": 0,
        "HorizontalRecoil": 0,
        "LoyaltyLevel": 0,
        "Price": 0
    }
}