{
    "020020BBA97BBA9700000000": {
        "$type": "RealismMod.Gun, RealismMod",
        "ItemID": "020020BBA97BBA9700000000",
        "Name": "QBZ-97 5.56x45 assault rifle",
        "WeapType": "",
        "OperationType": "",
        "WeapAccuracy": 0,
        "BaseTorque": 0,
        "HasShoulderContact": false,
        "Ergonomics": 73,
        "VerticalRecoil": 53,
        "HorizontalRecoil": 157,
        "Dispersion": 15,
        "CameraRecoil": 0.036,
        "VisualMulti": 1.13,
        "Convergence": 16,
        "RecoilAngle": 76,
        "BaseMalfunctionChance": 0.0014,
        "HeatFactorGun": 0.29,
        "HeatFactorByShot": 1,
        "CoolFactorGun": 0.1,
        "CoolFactorGunMods": 1,
        "AllowOverheat": true,
        "CenterOfImpact": 0.030,
        "HipAccuracyRestorationDelay": 0.2,
        "HipAccuracyRestorationSpeed": 7,
        "HipInnaccuracyGain": 0.16,
        "ShotgunDispersion": 0,
        "Velocity": 0,
        "RecoilDamping": 0.8,
        "RecoilHandDamping": 0.6,
        "WeaponAllowADS": false,
        "Weight": 3.54,
        "DurabilityBurnRatio": 0.35,
        "AutoROF": 655,
        "SemiROF": 450,
        "LoyaltyLevel": 3,
        "BaseReloadSpeedMulti": 1,
        "BaseChamberSpeedMulti": 1.6,
        "MinChamberSpeed": 0.7,
        "MaxChamberSpeed": 1.5,
        "IsManuallyOperated": false,
        "BaseChamberCheckSpeed": 1.5,
        "BaseFixSpeed": 1.2,
        "OffsetRotation": 0.008,
        "RecoilIntensity": 0.165,
        "MasteryCategory": "MDR"
    },
    "046046BBA97BBA9746000000": {
        "$type": "RealismMod.WeaponMod, RealismMod",
        "ItemID": "046046BBA97BBA9746000000",
        "Name": "QBZ-97 optic rail",
        "ModType": "mount",
        "Ergonomics": 0,
        "Accuracy": 0,
        "ConflictingItems": [],
        "Weight": 0.108,
        "Price": 0,
        "LoyaltyLevel": 0
    },
    "047047BBA97BBA9747000000": {
        "$type": "RealismMod.WeaponMod, RealismMod",
        "ItemID": "047047BBA97BBA9747000000",
        "Name": "QBZ-97 bottom rail",
        "ModType": "foregrip_adapter",
        "Ergonomics": -1,
        "Accuracy": 0,
        "ConflictingItems": [],
        "Weight": 0.07,
        "LoyaltyLevel": 0,
        "Price": 0
    },
    "048048BBA97BBA9748000000": {
        "$type": "RealismMod.WeaponMod, RealismMod",
        "ItemID": "048048BBA97BBA9748000000",
        "Name": "QBZ-97 side rail",
        "ModType": "",
        "Ergonomics": 0,
        "Accuracy": 0,
        "ConflictingItems": [],
        "Weight": 0.05,
        "LoyaltyLevel": 0,
        "Price": 0
    },
    "04A04ABBA97BBA974A000000": {
        "$type": "RealismMod.WeaponMod, RealismMod",
        "ItemID": "04A04ABBA97BBA974A000000",
        "Name": "QBZ-97 muzzle device",
        "ModType": "",
        "VerticalRecoil": -6,
        "HorizontalRecoil": -6,
        "Dispersion": -3,
        "CameraRecoil": 0,
        "AutoROF": 0,
        "SemiROF": 0,
        "ModMalfunctionChance": 0,
        "CanCycleSubs": false,
        "Accuracy": 0,
        "HeatFactor": 1,
        "CoolFactor": 1,
        "DurabilityBurnModificator": 1,
        "Velocity": 0,
        "RecoilAngle": 0,
        "ConflictingItems": [],
        "Ergonomics": 0,
        "Loudness": 4,
        "Convergence": 0,
        "LoyaltyLevel": 0,
        "Price": 0,
        "Flash": -45
    },
    "04C04CBBA97BBA974C000000": {
        "$type": "RealismMod.WeaponMod, RealismMod",
        "ItemID": "04C04CBBA97BBA974C000000",
        "Name": "QBZ-97 rear sight",
        "ModType": "sight",
        "AimSpeed": 0,
        "Accuracy": 0,
        "ConflictingItems": [],
        "Ergonomics": 0,
        "Weight": 0.14,
        "VerticalRecoil": 0,
        "HorizontalRecoil": 0,
        "LoyaltyLevel": 0,
        "Price": 0
    }
}