{
  "672e2e75d122de1a20db31a5": {
    "$type": "RealismMod.WeaponMod, RealismMod",
    "ItemID": "672e2e75d122de1a20db31a5",
    "Name": "SureFire X300U-A Flashlight",
    "TemplateID": "626becf9582c3e319310b837"
  },
  "672e2e759342d416e10caa10": {
    "$type": "RealismMod.WeaponMod, RealismMod",
    "ItemID": "672e2e759342d416e10caa10",
    "Name": "SureFire P1RZ-IB-DF Flashlight",
    "TemplateID": "626becf9582c3e319310b837"
  },
  "672e2e757a1e6eeae1841933": {
    "$type": "RealismMod.WeaponMod, RealismMod",
    "ItemID": "672e2e757a1e6eeae1841933",
    "Name": "INFORCE WMLX GEN 2",
    "TemplateID": "626becf9582c3e319310b837"
  },
  "672e2e7505c0ffbaf790db95": {
    "$type": "RealismMod.WeaponMod, RealismMod",
    "ItemID": "672e2e7505c0ffbaf790db95",
    "Name": "SureFire flashlight with pressure pad",
    "TemplateID": "626becf9582c3e319310b837"
  },
  "672e2e756174d5e5e9f677ee": {
    "$type": "RealismMod.WeaponMod, RealismMod",
    "ItemID": "672e2e756174d5e5e9f677ee",
    "Name": "SureFire flashlight with pressure pad (FDE)",
    "TemplateID": "626becf9582c3e319310b837"
  },
  "672e2e75ec4a3496b64346c5": {
    "$type": "RealismMod.WeaponMod, RealismMod",
    "ItemID": "672e2e75ec4a3496b64346c5",
    "Name": "Surefire M640U-BK-PRO Flashlight",
    "TemplateID": "626becf9582c3e319310b837"
  },
  "672e2e75071e71f8e4a59286": {
    "$type": "RealismMod.WeaponMod, RealismMod",
    "ItemID": "672e2e75071e71f8e4a59286",
    "Name": "Wilcox tactical device",
    "TemplateID": "544909bb4bdc2d6f028b4577"
  },
  "672e2e75f2da844c65b50d6a": {
    "$type": "RealismMod.WeaponMod, RealismMod",
    "ItemID": "672e2e75f2da844c65b50d6a",
    "Name": "Wilcox tactical device (Black)",
    "TemplateID": "544909bb4bdc2d6f028b4577"
  },
  "672e2e75e352ae625453519b": {
    "$type": "RealismMod.WeaponMod, RealismMod",
    "ItemID": "672e2e75e352ae625453519b",
    "Name": "FTX tactical device",
    "TemplateID": "544909bb4bdc2d6f028b4577"
  },
  "672e2e75d41d0e93c918096a": {
    "$type": "RealismMod.WeaponMod, RealismMod",
    "ItemID": "672e2e75d41d0e93c918096a",
    "Name": "AR-15 Magpul MOE Carbine stock (Modded)",
    "TemplateID": "56eabf3bd2720b75698b4569"
  },
  "6733edbe21f258964d0d4c5a": {
    "$type": "RealismMod.WeaponMod, RealismMod",
    "ItemID": "6733edbe21f258964d0d4c5a",
    "Name": "AR-15 Honey Badger Q stock",
    "TemplateID": "591aef7986f774139d495f03"
  },
  "672e2e75ea372126f4fcb874": {
    "$type": "RealismMod.WeaponMod, RealismMod",
    "ItemID": "672e2e75ea372126f4fcb874",
    "Name": "BCM GUNFIGHTER MOD 3 vertical foregrip (reversed)",
    "TemplateID": "5c7fc87d2e221644f31c0298"
  },
  "672e2e757efbbef26ff61046": {
    "$type": "RealismMod.WeaponMod, RealismMod",
    "ItemID": "672e2e757efbbef26ff61046",
    "Name": "BCM GUNFIGHTER MOD 3 vertical foregrip (reversed) (Blue tape)",
    "TemplateID": "5c7fc87d2e221644f31c0298"
  },
  "672e2e7546454a975e0b7a3b": {
    "$type": "RealismMod.WeaponMod, RealismMod",
    "ItemID": "672e2e7546454a975e0b7a3b",
    "Name": "BCM GUNFIGHTER MOD 3 vertical foregrip (reversed) (FDE tape)",
    "TemplateID": "5c7fc87d2e221644f31c0298"
  },
  "672e2e750c562a5e650dc9b3": {
    "$type": "RealismMod.WeaponMod, RealismMod",
    "ItemID": "672e2e750c562a5e650dc9b3",
    "Name": "Scalarworks LEAP/Scope mount",
    "ModType": "mount",
    "Ergonomics": 0,
    "AimSpeed": 3,
    "Accuracy": 9,
    "ConflictingItems": [],
    "Weight": 0.212,
    "LoyaltyLevel": 0,
    "Price": 0
},
  "672e2e754f01ef56b4aa66a3": {
    "$type": "RealismMod.WeaponMod, RealismMod",
    "ItemID": "672e2e754f01ef56b4aa66a3",
    "Name": "Wrapped 5.56x45 silencer",
    "ModType": "",
    "VerticalRecoil": 0,
    "HorizontalRecoil": -3,
    "Dispersion": -6,
    "CameraRecoil": -10,
    "AutoROF": 2.25,
    "SemiROF": 3,
    "ModMalfunctionChance": -17,
    "CanCycleSubs": false,
    "Accuracy": -5,
    "HeatFactor": 1.12,
    "CoolFactor": 1.10,
    "DurabilityBurnModificator": 1.25,
    "Velocity": 1.15,
    "RecoilAngle": 0,
    "ConflictingItems": [],
    "Ergonomics": 0,
    "Weight": 0.472,
    "Loudness": -16,
    "Convergence": 0,
    "LoyaltyLevel": 3,
    "Price": 0,
    "Flash": 30
  },
  "672e2e758977f29e3a29cd9c": {
    "$type": "RealismMod.WeaponMod, RealismMod",
    "ItemID": "672e2e758977f29e3a29cd9c",
    "Name": "QDC-CQB 556",
    "ModType": "",
    "VerticalRecoil": 0,
    "HorizontalRecoil": -5,
    "Dispersion": -15,
    "CameraRecoil": -5,
    "AutoROF": 1.4,
    "SemiROF": 1.5,
    "ModMalfunctionChance": -14,
    "CanCycleSubs": false,
    "Accuracy": -5,
    "HeatFactor": 1.1,
    "CoolFactor": 1.05,
    "DurabilityBurnModificator": 1.14,
    "Velocity": 0.7,
    "RecoilAngle": 0,
    "Ergonomics": 0,
    "Weight": 0.412,
    "Loudness": -29,
    "Convergence": 0,
    "LoyaltyLevel": 4,
    "Price": 0,
    "Flash": 12
  },
  "672e2e7503876d1630af50b0": {
    "$type": "RealismMod.WeaponMod, RealismMod",
    "ItemID": "672e2e7503876d1630af50b0",
    "Name": "Devil MLOK grip",
    "ModType": "",
    "VerticalRecoil": -1,
    "HorizontalRecoil": -1,
    "Dispersion": -2,
    "AimSpeed": 0,
    "Ergonomics": 9,
    "Accuracy": 0,
    "ConflictingItems": [],
    "Weight": 0.034,
    "LoyaltyLevel": 4,
    "Price": 0,
    "AimStability": 12
  },
  "672e2e75f3418d66159240f8": {
    "$type": "RealismMod.WeaponMod, RealismMod",
    "ItemID": "672e2e75f3418d66159240f8",
    "Name": "Strike Industries LINK grip",
    "ModType": "",
    "VerticalRecoil": -3,
    "HorizontalRecoil": -2,
    "Dispersion": -3,
    "AimSpeed": 0,
    "Ergonomics": 6,
    "Accuracy": 0,
    "ConflictingItems": [],
    "Weight": 0.034,
    "LoyaltyLevel": 4,
    "Price": 0,
    "AimStability": 12
  },
  "672e2e755898793d805ec2c3": {
    "$type": "RealismMod.WeaponMod, RealismMod",
    "ItemID": "672e2e755898793d805ec2c3",
    "Name": "SAKO Vertical Foregrip OD",
    "ModType": "",
    "VerticalRecoil": -5,
    "HorizontalRecoil": 5,
    "Dispersion": -3,
    "AimSpeed": 0,
    "Ergonomics": 4,
    "Accuracy": 0,
    "ConflictingItems": [],
    "Weight": 0.048,
    "LoyaltyLevel": 0,
    "Price": 0,
    "AimStability": 4.5,
    "Handling": 9
  },
  "672e2e756bdff59d722213c9": {
    "$type": "RealismMod.WeaponMod, RealismMod",
    "ItemID": "672e2e756bdff59d722213c9",
    "Name": "SAKO Vertical Foregrip",
    "ModType": "",
    "VerticalRecoil": -5,
    "HorizontalRecoil": 5,
    "Dispersion": -3,
    "AimSpeed": 0,
    "Ergonomics": 4,
    "Accuracy": 0,
    "ConflictingItems": [],
    "Weight": 0.048,
    "LoyaltyLevel": 0,
    "Price": 0,
    "AimStability": 4.5,
    "Handling": 9
  },
  "672e2e75ba73d87a448e3f13": {
    "$type": "RealismMod.WeaponMod, RealismMod",
    "ItemID": "672e2e75ba73d87a448e3f13",
    "Name": "Magpul FDE MOE2 pistol grip (FDE)",
    "TemplateID": "55802f5d4bdc2dac148b458f"
  },
  "672e2e75848c5da68dd122f0": {
    "$type": "RealismMod.WeaponMod, RealismMod",
    "ItemID": "672e2e75848c5da68dd122f0",
    "Name": "Magpul MOE2 pistol grip (Black)",
    "TemplateID": "55802f5d4bdc2dac148b458f"
  },
  "672e2e7500543603d91e0101": {
    "$type": "RealismMod.WeaponMod, RealismMod",
    "ItemID": "672e2e7500543603d91e0101",
    "Name": "Nomad Reflex Sight",
    "TemplateID": "57ae0171245977343c27bfcf"
  },
  "672e2e755ab53b635a4d4f39": {
    "$type": "RealismMod.WeaponMod, RealismMod",
    "ItemID": "672e2e755ab53b635a4d4f39",
    "Name": "Trijicon MRO Reflex Sight",
    "TemplateID": "584984812459776a704a82a6"
  },
  "672e2e75e8c2736e43530008": {
    "$type": "RealismMod.WeaponMod, RealismMod",
    "ItemID": "672e2e75e8c2736e43530008",
    "Name": "Gemtech ONE-S multi-caliber sound suppressor",
    "ModType": "",
    "VerticalRecoil": 0,
    "HorizontalRecoil": -7.5,
    "Dispersion": -11,
    "CameraRecoil": -16,
    "AutoROF": 1.9,
    "SemiROF": 2.6,
    "ModMalfunctionChance": -19,
    "CanCycleSubs": false,
    "Accuracy": 22,
    "HeatFactor": 1.15,
    "CoolFactor": 1.04,
    "DurabilityBurnModificator": 1.19,
    "Velocity": 0.95,
    "RecoilAngle": 0,
    "ConflictingItems": [],
    "Ergonomics": 0,
    "Weight": 0.322,
    "Loudness": -39,
    "Convergence": 0,
    "LoyaltyLevel": 0,
    "Price": 0,
    "Flash": -10
  },
  "672e2e757621471b3ac38857": {
    "$type": "RealismMod.WeaponMod, RealismMod",
    "ItemID": "672e2e757621471b3ac38857",
    "Name": "Harris TGC Bipod",
    "TemplateID": "5888961624597754281f93f3"
  },
  "672e2e75a23a16d355754ef6": {
    "$type": "RealismMod.Gear, RealismMod",
    "ItemID": "672e2e75a23a16d355754ef6",
    "Name": "PARACLETE APC",
    "AllowADS": true,
    "loyaltylevel": 3,
    "ArmorClass": "MK4A Plates",
    "CanSpall": false,
    "SpallReduction": 1,
    "ReloadSpeedMulti": 1.08,
    "Comfort": 0.88,
    "speedPenaltyPercent": -4,
    "mousePenalty": 0,
    "weaponErgonomicPenalty": -2.5,
		"Price": 34000
  },
  "672e2e75be2ea9998a388b8b": {
    "$type": "RealismMod.Gear, RealismMod",
    "ItemID": "672e2e75be2ea9998a388b8b",
    "Name": "PARACLETE APC (Multicam)",
    "AllowADS": true,
    "loyaltylevel": 3,
    "ArmorClass": "MK4A Plates",
    "CanSpall": false,
    "SpallReduction": 1,
    "ReloadSpeedMulti": 1.08,
    "Comfort": 0.88,
    "speedPenaltyPercent": -4,
    "mousePenalty": 0,
    "weaponErgonomicPenalty": -2.5,
		"Price": 34000
  },
  "672e2e75b7f83e81f1dc5067": {
    "$type": "RealismMod.WeaponMod, RealismMod",
    "ItemID": "672e2e75b7f83e81f1dc5067",
    "Name": "MAGPUL MOE SL-M",
    "ModType": "Stock",
    "VerticalRecoil": 0,
    "HorizontalRecoil": -12,
    "Dispersion": -12,
    "CameraRecoil": -8,
    "AutoROF": 0,
    "SemiROF": 0,
    "ModMalfunctionChance": 0,
    "AimSpeed": 1,
    "Ergonomics": 12.5,
    "Accuracy": 2,
    "HasShoulderContact": true,
    "BlocksFolding": false,
    "StockAllowADS": false,
    "ConflictingItems": [],
    "Weight": 0.226,
    "AimStability": 4,
    "Handling": 2.5,
    "LoyaltyLevel": 3
},
  "672e2e7533a70f23dfe4c8bb": {
    "$type": "RealismMod.WeaponMod, RealismMod",
    "ItemID": "672e2e7533a70f23dfe4c8bb",
    "Name": "MAGPUL MOE SL-M FDE",
    "ModType": "Stock",
    "VerticalRecoil": 0,
    "HorizontalRecoil": -12,
    "Dispersion": -12,
    "CameraRecoil": -8,
    "AutoROF": 0,
    "SemiROF": 0,
    "ModMalfunctionChance": 0,
    "AimSpeed": 1,
    "Ergonomics": 12.5,
    "Accuracy": 2,
    "HasShoulderContact": true,
    "BlocksFolding": false,
    "StockAllowADS": false,
    "ConflictingItems": [],
    "Weight": 0.226,
    "AimStability": 4,
    "Handling": 2.5,
    "LoyaltyLevel": 3
},
  "672e2e75b79213c8f2101b8c": {
    "$type": "RealismMod.Gear, RealismMod",
    "ItemID": "672e2e75b79213c8f2101b8c",
    "Name": "Ops-Core FAST MT MODX (Multicam)",
    "AllowADS": true,
    "LoyaltyLevel": 3,
    "ArmorClass": "NIJ II",
    "CanSpall": false,
    "SpallReduction": 1,
    "ReloadSpeedMulti": 1,
    "Comfort": 0.85,
    "Price": 38000
},
  "672e2e7523db0e477dcf377f": {
    "$type": "RealismMod.Gear, RealismMod",
    "ItemID": "672e2e7523db0e477dcf377f",
    "Name": "Ops-Core FAST MT MODX (Black)",
    "AllowADS": true,
    "LoyaltyLevel": 3,
    "ArmorClass": "NIJ II",
    "CanSpall": false,
    "SpallReduction": 1,
    "ReloadSpeedMulti": 1,
    "Comfort": 0.85,
    "Price": 38000
},
  "672e2e75aedb36663267e181": {
    "$type": "RealismMod.Gear, RealismMod",
    "ItemID": "672e2e75aedb36663267e181",
    "Name": "Classic US Helmet",
    "AllowADS": true,
    "LoyaltyLevel": 1,
    "ArmorClass": "GOST 1",
    "CanSpall": false,
    "SpallReduction": 1,
    "ReloadSpeedMulti": 1,
    "Price": 11000,
    "Comfort": 1.05,
    "speedPenaltyPercent": 0,
    "mousePenalty": 0,
    "weaponErgonomicPenalty": 0,
    "Weight": 2.1
  },
  "672e2e75e12417d2656e8974": {
    "$type": "RealismMod.Gear, RealismMod",
    "ItemID": "672e2e75e12417d2656e8974",
    "Name": "M1 Vietnam Helmet",
    "AllowADS": true,
    "LoyaltyLevel": 1,
    "ArmorClass": "GOST 1",
    "CanSpall": false,
    "SpallReduction": 1,
    "ReloadSpeedMulti": 1,
    "Price": 11000,
    "Comfort": 1.02,
    "speedPenaltyPercent": 0,
    "mousePenalty": 0,
    "weaponErgonomicPenalty": 0,
    "Weight": 1.5
  },
  "672e2e75ecdecad1471639ad": {
    "$type": "RealismMod.WeaponMod, RealismMod",
    "ItemID": "672e2e75ecdecad1471639ad",
    "Name": "LWRCI Railskin",
    "ModType": "",
    "ConflictingItems": [],
    "Ergonomics": 1,
    "Weight": 0.005,
    "VerticalRecoil": 0,
    "HorizontalRecoil": 0,
    "HeatFactor": 0.98,
    "LoyaltyLevel": 2,
    "Price": 0,
    "AimStability": 2,
    "Handling": 1
  },
  "672e2e75645f9ad09f4b949d": {
    "$type": "RealismMod.WeaponMod, RealismMod",
    "ItemID": "672e2e75645f9ad09f4b949d",
    "Name": "LWRCI Railskin OD",
    "ModType": "",
    "ConflictingItems": [],
    "Ergonomics": 1,
    "Weight": 0.005,
    "VerticalRecoil": 0,
    "HorizontalRecoil": 0,
    "HeatFactor": 0.98,
    "LoyaltyLevel": 2,
    "Price": 0,
    "AimStability": 2,
    "Handling": 1
  },
  "672e2e75ebb3b5f3e2cb6291": {
    "$type": "RealismMod.WeaponMod, RealismMod",
    "ItemID": "672e2e75ebb3b5f3e2cb6291",
    "Name": "LWRCI Railskin FDE",
    "ModType": "",
    "ConflictingItems": [],
    "Ergonomics": 1,
    "Weight": 0.005,
    "VerticalRecoil": 0,
    "HorizontalRecoil": 0,
    "HeatFactor": 0.98,
    "LoyaltyLevel": 2,
    "Price": 0,
    "AimStability": 2,
    "Handling": 1
  },
  "672e2e7511180730151307bc": {
    "$type": "RealismMod.WeaponMod, RealismMod",
    "ItemID": "672e2e7511180730151307bc",
    "Name": "KAC Rail Cover",
    "ModType": "",
    "ConflictingItems": [],
    "Ergonomics": 1,
    "Weight": 0.005,
    "VerticalRecoil": 0,
    "HorizontalRecoil": 0,
    "HeatFactor": 0.98,
    "LoyaltyLevel": 2,
    "Price": 0,
    "AimStability": 2,
    "Handling": 1
  },
  "672e2e759623bcd75fbfb04c": {
    "$type": "RealismMod.WeaponMod, RealismMod",
    "ItemID": "672e2e759623bcd75fbfb04c",
    "Name": "Riser One mount",
    "ModType": "mount",
    "Ergonomics": 0,
    "AimSpeed": 5,
    "Accuracy": 0,
    "ConflictingItems": [],
    "Weight": 0.05,
    "LoyaltyLevel": 3,
    "Price": 0
},
  "672e2e75033ea9ca8bef91bc": {
    "$type": "RealismMod.WeaponMod, RealismMod",
    "ItemID": "672e2e75033ea9ca8bef91bc",
    "Name": "FAST Optic Riser",
    "ModType": "mount",
    "Ergonomics": 0,
    "AimSpeed": 5,
    "Accuracy": 0,
    "ConflictingItems": [],
    "Weight": 0.079,
    "LoyaltyLevel": 3,
    "Price": 0
},
  "672e2e75a9332b620bdf4715": {
    "$type": "RealismMod.WeaponMod, RealismMod",
    "ItemID": "672e2e75a9332b620bdf4715",
    "Name": "FAST Micro",
    "ModType": "mount",
    "Ergonomics": 0,
    "Accuracy": -1,
    "AimSpeed": 5,
    "ConflictingItems": [],
    "Weight": 0.079,
    "LoyaltyLevel": 3,
    "Price": 0
},
  "67341526d1587cba81586e7f": {
    "$type": "RealismMod.WeaponMod, RealismMod",
    "ItemID": "67341526d1587cba81586e7f",
    "Name": "Magpul M-LOK handstop foregrip",
    "TemplateID": "57cffb66245977632f391a99"
  },
  "673d7aa5a2c68c0cfcec6b93": {
    "$type": "RealismMod.WeaponMod, RealismMod",
    "ItemID": "673d7aa5a2c68c0cfcec6b93",
    "Name": "Magpul M-LOK handstop foregrip (FDE)",
    "TemplateID": "57cffb66245977632f391a99"
  },
  "674102e3b161458e6ee0531f": {
    "$type": "RealismMod.WeaponMod, RealismMod",
    "ItemID": "674102e3b161458e6ee0531f",
    "Name": "Reptilia Dot Acro riser",
    "ModType": "mount",
    "Ergonomics": -1,
    "AimSpeed": 5,
    "Accuracy": -3,
    "ConflictingItems": [],
    "Weight": 0.085,
    "LoyaltyLevel": 0,
    "Price": 0
},
  "67429a6fe31216a0757777e1": {
    "$type": "RealismMod.WeaponMod, RealismMod",
    "ItemID": "67429a6fe31216a0757777e1",
    "Name": "SLR Aimpoint riser",
    "ModType": "mount",
    "Ergonomics": 0,
    "AimSpeed": 5,
    "Accuracy": -3,
    "ConflictingItems": [],
    "Weight": 0.085,
    "LoyaltyLevel": 0,
    "Price": 0
},
  "672e2e75dbf780f902fd6d68": {
    "$type": "RealismMod.Gear, RealismMod",
    "ItemID": "672e2e75dbf780f902fd6d68",
    "Name": "PARACLETE SOHPC GEN2",
    "AllowADS": true,
    "loyaltylevel": 2,
    "ArmorClass": "NIJ III+",
    "CanSpall": false,
    "SpallReduction": 1,
    "ReloadSpeedMulti": 1.18,
    "Comfort": 0.75,
    "speedPenaltyPercent": -1.2,
    "mousePenalty": 0,
    "weaponErgonomicPenalty": -1,
		"Price": 34000
  },
  "672e2e758c2bcbf1b2421359": {
    "$type": "RealismMod.Gear, RealismMod",
    "ItemID": "672e2e758c2bcbf1b2421359",
    "Name": "PARACLETE SOHPC GEN2 (Black)",
    "AllowADS": true,
    "loyaltylevel": 2,
    "ArmorClass": "NIJ III+",
    "CanSpall": false,
    "SpallReduction": 1,
    "ReloadSpeedMulti": 1.18,
    "Comfort": 0.75,
    "speedPenaltyPercent": -1.2,
    "mousePenalty": 0,
    "weaponErgonomicPenalty": -1,
		"Price": 34000
  },
  "672e2e7563b1a22a3c7b3895": {
    "$type": "RealismMod.Gear, RealismMod",
    "ItemID": "672e2e7563b1a22a3c7b3895",
    "Name": "Back Panel v1",
    "AllowADS": true,
    "LoyaltyLevel": 2,
    "ReloadSpeedMulti": 1,
    "Comfort": 0.95,
    "speedPenaltyPercent": -2.5,
    "mousePenalty": 0,
    "weaponErgonomicPenalty": 0
  },
  "672e2e754544ab54214fd56c": {
    "$type": "RealismMod.Gear, RealismMod",
    "ItemID": "672e2e754544ab54214fd56c",
    "Name": "Back Panel v1",
    "AllowADS": true,
    "LoyaltyLevel": 2,
    "ReloadSpeedMulti": 1,
    "Comfort": 0.95,
    "speedPenaltyPercent": -2.5,
    "mousePenalty": 0,
    "weaponErgonomicPenalty": 0
  },
  "672e2e755afaba52a4af5e45": {
    "$type": "RealismMod.Gear, RealismMod",
    "ItemID": "672e2e755afaba52a4af5e45",
    "Name": "Crye Precision AVS",
    "AllowADS": true,
    "LoyaltyLevel": 3,
    "ArmorClass": "NIJ III",
    "CanSpall": false,
    "SpallReduction": 1,
    "ReloadSpeedMulti": 0.93,
    "Comfort": 0.8,
    "speedPenaltyPercent": -1.25,
    "mousePenalty": 0,
    "weaponErgonomicPenalty": -0.75,
		"Price": 36000
  },
  "672e2e75c5ba9aeedbced57d": {
    "$type": "RealismMod.Gear, RealismMod",
    "ItemID": "672e2e75c5ba9aeedbced57d",
    "Name": "Crye Precision AVS (Black)",
    "AllowADS": true,
    "LoyaltyLevel": 3,
    "ArmorClass": "NIJ III",
    "CanSpall": false,
    "SpallReduction": 1,
    "ReloadSpeedMulti": 0.93,
    "Comfort": 0.8,
    "speedPenaltyPercent": -1.25,
    "mousePenalty": 0,
    "weaponErgonomicPenalty": -0.75,
		"Price": 36000
  },
  "672e2e7517018293d11bbdc1": {
    "$type": "RealismMod.Gear, RealismMod",
    "ItemID": "672e2e7517018293d11bbdc1",
    "Name": "MCU-2/P protective mask",
    "AllowADS": true,
    "loyaltylevel": 3,
    "ReloadSpeedMulti": 1,
    "BlocksMouth": true,
    "speedPenaltyPercent": -5,
    "mousePenalty": 0,
    "weaponErgonomicPenalty": -16,
    "IsGasMask": true,
    "GasProtection": 0.72,
    "RadProtection": 0.72,
    "MaskToUse": "tgc"
  },
  "672e2e755cebe435a3b4dba5": {
    "$type": "RealismMod.WeaponMod, RealismMod",
    "ItemID": "672e2e755cebe435a3b4dba5",
    "Name": "Daniel Defense 5.56 magazine",
    "TemplateID": "5aaa5dfee5b5b000140293d3"
  },
  "672e2e75d89015cd6322030b": {
    "$type": "RealismMod.Gear, RealismMod",
    "ItemID": "672e2e75d89015cd6322030b",
    "Name": "Shapeshifter helmet with face cover",
    "AllowADS": true,
    "loyaltylevel": 2,
    "ArmorClass": "NIJ II",
    "CanSpall": false,
    "SpallReduction": 1,
    "ReloadSpeedMulti": 1,
    "Comfort": 0.92,
    "speedPenaltyPercent": 0,
    "mousePenalty": 0,
    "weaponErgonomicPenalty": 0,
    "Price": 28000
  },
  "672e2e753c97527a5186e73f": {
    "$type": "RealismMod.Gear, RealismMod",
    "ItemID": "672e2e753c97527a5186e73f",
    "Name": "DevTac Ronin ballistic helmet (v2)",
    "TemplateID": "5b4329f05acfc47a86086aa1"
  },
  "672e2e75e97f1888187ed37d": {
    "$type": "RealismMod.Gear, RealismMod",
    "ItemID": "672e2e75e97f1888187ed37d",
    "Name": "DevTac Ronin ballistic helmet (v2.1)",
    "TemplateID": "5b4329f05acfc47a86086aa1"
  },
  "672e2e7553233ca6956e5358": {
    "$type": "RealismMod.WeaponMod, RealismMod",
    "ItemID": "672e2e7553233ca6956e5358",
    "Name": "AR-15 5.56x45 200mm barrel",
    "ModType": "short_barrel",
    "VerticalRecoil": 0,
    "HorizontalRecoil": 12,
    "AutoROF": 13,
    "SemiROF": 6,
    "CameraRecoil": 12,
    "ModMalfunctionChance": 100,
    "Convergence": 0,
    "Accuracy": 0,
    "CenterOfImpact": 0.028,
    "HeatFactor": 1.06,
    "CoolFactor": 0.94,
    "DurabilityBurnModificator": 1.35,
    "Velocity": -22,
    "ConflictingItems": [],
    "Ergonomics": 0,
    "Weight": 0.5305,
    "ShotgunDispersion": 1,
    "Loudness": 0,
    "LoyaltyLevel": 0,
    "Price": 0
  },
  "672e2e75e04c9aca3536136b": {
    "$type": "RealismMod.WeaponMod, RealismMod",
    "ItemID": "672e2e75e04c9aca3536136b",
    "Name": "AR-15 5.56x45 180mm barrel",
    "ModType": "short_barrel",
    "VerticalRecoil": 0,
    "HorizontalRecoil": 13,
    "AutoROF": 14,
    "SemiROF": 7,
    "CameraRecoil": 12,
    "ModMalfunctionChance": 15,
    "Convergence": 0,
    "Accuracy": 0,
    "CenterOfImpact": 0.028,
    "HeatFactor": 1.10,
    "CoolFactor": 0.90,
    "DurabilityBurnModificator": 1.36,
    "Velocity": -24,
    "ConflictingItems": [],
    "Ergonomics": 0,
    "Weight": 0.4505,
    "ShotgunDispersion": 1,
    "Loudness": 0,
    "LoyaltyLevel": 0,
    "Price": 0
  },
  "672e2e75b14ae1b5c91474b4": {
    "$type": "RealismMod.Gear, RealismMod",
    "ItemID": "672e2e75b14ae1b5c91474b4",
    "Name": "Ops-Core FAST MT MODXII (M90)",
    "AllowADS": true,
    "LoyaltyLevel": 3,
    "ArmorClass": "NIJ II",
    "CanSpall": false,
    "SpallReduction": 1,
    "ReloadSpeedMulti": 1,
    "Comfort": 0.85,
    "Price": 38000
  },
  "672e2e7595d3b3be0daf9055": {
    "$type": "RealismMod.Gear, RealismMod",
    "ItemID": "672e2e7595d3b3be0daf9055",
    "Name": "Ops-Core FAST MT MODXII (Black)",
    "AllowADS": true,
    "LoyaltyLevel": 3,
    "ArmorClass": "NIJ II",
    "CanSpall": false,
    "SpallReduction": 1,
    "ReloadSpeedMulti": 1,
    "Comfort": 0.85,
    "Price": 38000
},
  "672e2e75b5b680c7ee6aa408": {
    "$type": "RealismMod.Gear, RealismMod",
    "ItemID": "672e2e75b5b680c7ee6aa408",
    "Name": "Ops-Core FAST MT MODXII (Multicam)",
    "AllowADS": true,
    "LoyaltyLevel": 3,
    "ArmorClass": "NIJ II",
    "CanSpall": false,
    "SpallReduction": 1,
    "ReloadSpeedMulti": 1,
    "Comfort": 0.85,
    "Price": 38000
},
  "672e2e753f9d1074231fa6a2": {
    "$type": "RealismMod.WeaponMod, RealismMod",
    "ItemID": "672e2e753f9d1074231fa6a2",
    "Name": "M700 7.62x51 15 inch threaded barrel",
    "ModType": "",
    "VerticalRecoil": 0,
    "HorizontalRecoil": 0,
    "AutoROF": 0,
    "SemiROF": 0,
    "ModMalfunctionChance": 0,
    "Convergence": 0,
    "Accuracy": 0,
    "CenterOfImpact": 0.0145,
    "HeatFactor": 0.85,
    "CoolFactor": 0.9,
    "DurabilityBurnModificator": 1,
    "Velocity": 0,
    "ConflictingItems": [],
    "Ergonomics": 0,
    "Weight": 0.98,
    "ShotgunDispersion": 1,
    "Loudness": 0,
    "LoyaltyLevel": 0,
    "Price": 0
  },
  "672e2e75c7c7c5232e513062": {
    "$type": "RealismMod.WeaponMod, RealismMod",
    "ItemID": "672e2e75c7c7c5232e513062",
    "Name": "AK AKademia Bastion transparent dust cover",
    "TemplateID": "5d2c76ed48f03532f2136169"
  },
  "672e2e759bff586ad22ecbc7": {
    "$type": "RealismMod.WeaponMod, RealismMod",
    "ItemID": "672e2e759bff586ad22ecbc7",
    "Name": "AR-15 Daniel Defense charging handle",
    "TemplateID": "5d44334ba4b9362b346d1948"
  },
  "672e2e751a561533f23a2635": {
    "$type": "RealismMod.WeaponMod, RealismMod",
    "ItemID": "672e2e751a561533f23a2635",
    "Name": "AR-15 Daniel Defense 15\" handguard",
    "TemplateID": "6034e3d953a60014f970617b"
  },
  "672e2e7578374ac936625f9a": {
    "$type": "RealismMod.WeaponMod, RealismMod",
    "ItemID": "672e2e7578374ac936625f9a",
    "Name": "AR-15 Daniel Defense 15\" handguard (FDE)",
    "TemplateID": "6034e3d953a60014f970617b"
  },
  "672e2e75c076d2093b05c764": {
    "$type": "RealismMod.Gear, RealismMod",
    "ItemID": "672e2e75c076d2093b05c764",
    "Name": "Mystery Ranch NICE COMM 3 BVS frame system (Black)",
    "AllowADS": true,
    "loyaltylevel": 1,
    "ReloadSpeedMulti": 1,
    "Comfort": 0.87,
    "speedPenaltyPercent": -3,
    "mousePenalty": 0,
    "weaponErgonomicPenalty": 0
  },
  "672e2e75b9082dbf88dd1dbd": {
    "$type": "RealismMod.Gear, RealismMod",
    "ItemID": "672e2e75b9082dbf88dd1dbd",
    "Name": "Mystery Ranch NICE COMM 3 BVS frame system (M90)",
    "AllowADS": true,
    "loyaltylevel": 1,
    "ReloadSpeedMulti": 1,
    "Comfort": 0.87,
    "speedPenaltyPercent": -3,
    "mousePenalty": 0,
    "weaponErgonomicPenalty": 0
  },
  "672e2e753a1ea309958b56cc": {
    "$type": "RealismMod.WeaponMod, RealismMod",
    "ItemID": "672e2e753a1ea309958b56cc",
    "Name": "AR-15 BCM MCMR-10 handguard (FDE)",
    "TemplateID": "5c6d5d8b2e221644fc630b39"
  },
  "672e2e75bd4a44818c26b1b0": {
    "$type": "RealismMod.WeaponMod, RealismMod",
    "ItemID": "672e2e75bd4a44818c26b1b0",
    "Name": "AR-15 BCM MCMR-10 handguard",
    "TemplateID": "5c6d5d8b2e221644fc630b39"
  },
  "672e2e75dad19c7115e2489e": {
    "$type": "RealismMod.WeaponMod, RealismMod",
    "ItemID": "672e2e75dad19c7115e2489e",
    "Name": "AR-15 Strike Industries Advanced Receiver Extension buffer tube with adapter",
    "ModType": "buffer",
    "VerticalRecoil": -2,
    "HorizontalRecoil": -15,
    "Dispersion": -10,
    "CameraRecoil": -10,
    "AimSpeed": 0,
    "Ergonomics": 0,
    "Accuracy": 0,
    "HasShoulderContact": false,
    "BlocksFolding": false,
    "AutoROF": 5,
    "SemiROF": 5,
    "ModMalfunctionChance": 5,
    "StockAllowADS": false,
    "ConflictingItems": [],
    "Weight": 0.541,
    "DurabilityBurnModificator": 1.10,
    "Convergence": 11,
    "LoyaltyLevel": 4
},
  "672e2e7504b1f1d5b0e4209c": {
    "$type": "RealismMod.Gear, RealismMod",
    "ItemID": "672e2e7504b1f1d5b0e4209c",
    "Name": "Scott FM3 protective mask",
    "AllowADS": true,
    "loyaltylevel": 1,
    "ReloadSpeedMulti": 1,
    "BlocksMouth": true,
    "speedPenaltyPercent": -2,
    "mousePenalty": 0,
    "weaponErgonomicPenalty": -6,
    "IsGasMask": true,
    "GasProtection": 0.77,
    "RadProtection": 0.36,
    "MaskToUse": "tgc"
  },
  "672e2e756803734b60f5ac1e": {
    "$type": "RealismMod.Gear, RealismMod",
    "ItemID": "672e2e756803734b60f5ac1e",
    "Name": "GP-9 protective mask",
    "AllowADS": true,
    "loyaltylevel": 4,
    "ReloadSpeedMulti": 1,
    "BlocksMouth": true,
    "speedPenaltyPercent": -8,
    "mousePenalty": 0,
    "weaponErgonomicPenalty": -24,
    "IsGasMask": true,
    "GasProtection": 0.91,
    "RadProtection": 0.69,
    "MaskToUse": "tgc"
  },
  "672e2e7521f4ccc8cc6d8335": {
    "$type": "RealismMod.WeaponMod, RealismMod",
    "ItemID": "672e2e7521f4ccc8cc6d8335",
    "Name": "M16 Daniel Defense 14\" handguard",
    "TemplateID": "5d00ef6dd7ad1a0940739b16"
  },
  "672e2e75929d47eb157491c8": {
    "$type": "RealismMod.WeaponMod, RealismMod",
    "ItemID": "672e2e75929d47eb157491c8",
    "Name": "M16 Daniel Defense 14\" handguard (black)",
    "TemplateID": "5d00ef6dd7ad1a0940739b16"
  },
  "672e2e757e517ac4552086d1": {
    "$type": "RealismMod.WeaponMod, RealismMod",
    "ItemID": "672e2e757e517ac4552086d1",
    "Name": "M16 5.56x45 18\" barrel",
    "ModType": "",
    "VerticalRecoil": 0,
    "HorizontalRecoil": -15,
    "AutoROF": -3,
    "SemiROF": -1.5,
    "ModMalfunctionChance": -17,
    "CameraRecoil": -16,
    "Convergence": 0,
    "Accuracy": 0,
    "CenterOfImpact": 0.03,
    "HeatFactor": 0.94,
    "CoolFactor": 0.94,
    "DurabilityBurnModificator": 0.8,
    "Velocity": 4.2,
    "ConflictingItems": [ ],
    "Ergonomics": 0,
    "Weight": 1.2,
    "ShotgunDispersion": 1,
    "Loudness": 0,
    "LoyaltyLevel": 0,
    "Price": 0
  },
  "672e2e7535b901cc0cb57e73": {
    "$type": "RealismMod.WeaponMod, RealismMod",
    "ItemID": "672e2e7535b901cc0cb57e73",
    "Name": "M16 5.56x45 20\" barrel",
    "ModType": "",
    "VerticalRecoil": -2,
    "HorizontalRecoil": -18,
    "AutoROF": -4,
    "SemiROF": -2,
    "ModMalfunctionChance": -18,
    "CameraRecoil": -18,
    "Convergence": 0,
    "Accuracy": 0,
    "CenterOfImpact": 0.02,
    "HeatFactor": 0.92,
    "CoolFactor": 0.96,
    "DurabilityBurnModificator": 0.8,
    "Velocity": 4.5,
    "ConflictingItems": [ ],
    "Ergonomics": 0,
    "Weight": 1.3,
    "ShotgunDispersion": 1,
    "Loudness": 0,
    "LoyaltyLevel": 0,
    "Price": 0
  },
  "672e2e75a16c1d2034c384cf": {
    "$type": "RealismMod.Gear, RealismMod",
    "ItemID": "672e2e75a16c1d2034c384cf",
    "Name": "TGC combat belt (Brown)",
    "AllowADS": true,
    "LoyaltyLevel": 1,
    "ArmorClass": "",
    "CanSpall": false,
    "SpallReduction": 1,
    "ReloadSpeedMulti": 1.05,
    "Comfort": 1.08,
    "speedPenaltyPercent": -0.5,
    "mousePenalty": 0,
    "weaponErgonomicPenalty": 0
  },
  "672e2e750ea81b3b93b943ac": {
    "$type": "RealismMod.Gear, RealismMod",
    "ItemID": "672e2e750ea81b3b93b943ac",
    "Name": "TGC combat belt (Black)",
    "AllowADS": true,
    "LoyaltyLevel": 1,
    "ArmorClass": "",
    "CanSpall": false,
    "SpallReduction": 1,
    "ReloadSpeedMulti": 1.05,
    "Comfort": 1.08,
    "speedPenaltyPercent": -0.5,
    "mousePenalty": 0,
    "weaponErgonomicPenalty": 0
  },
  "672e2e75c3973efd2d011d2f": {
    "$type": "RealismMod.WeaponMod, RealismMod",
    "ItemID": "672e2e75c3973efd2d011d2f",
    "Name": "Magpul 5.56/7.62 kitted magazine",
    "TemplateID": "5aaa5dfee5b5b000140293d3"
  },
  "672e2e754e6844af8e197b00": {
    "$type": "RealismMod.Gear, RealismMod",
    "ItemID": "672e2e754e6844af8e197b00",
    "Name": "MSA TC2000 ACH MICH helmet",
    "TemplateID": "5ac8d6885acfc400180ae7b0"
  },
  "672e2e75b74647fc82da299c": {
    "$type": "RealismMod.WeaponMod, RealismMod",
    "ItemID": "672e2e75b74647fc82da299c",
    "Name": "AR-15 M16 stock",
    "ModType": "Stock",
    "VerticalRecoil": 0,
    "HorizontalRecoil": -9,
    "Dispersion": -9,
    "CameraRecoil": -8,
    "AimSpeed": -5,
    "Ergonomics": 3,
    "Accuracy": 6,
    "HasShoulderContact": true,
    "BlocksFolding": false,
    "AutoROF": 0,
    "SemiROF": 0,
    "ModMalfunctionChance": 0,
    "StockAllowADS": false,
    "ConflictingItems": [],
    "Weight": 0.788,
    "LoyaltyLevel": 0,
    "Price": 0
  },
  "672e2e753ffe524d70e8cd8f": {
    "$type": "RealismMod.WeaponMod, RealismMod",
    "ItemID": "672e2e753ffe524d70e8cd8f",
    "Name": "AR-15 M16 stock V2",
    "ModType": "Stock",
    "VerticalRecoil": 0,
    "HorizontalRecoil": -9,
    "Dispersion": -9,
    "CameraRecoil": -8,
    "AimSpeed": -5,
    "Ergonomics": 3,
    "Accuracy": 6,
    "HasShoulderContact": true,
    "BlocksFolding": false,
    "AutoROF": 0,
    "SemiROF": 0,
    "ModMalfunctionChance": 0,
    "StockAllowADS": false,
    "ConflictingItems": [],
    "Weight": 0.788,
    "LoyaltyLevel": 0,
    "Price": 0
  },
  "672e2e75ed6ad7cc5028734f": {
    "$type": "RealismMod.Gear, RealismMod",
    "ItemID": "672e2e75ed6ad7cc5028734f",
    "Name": "Crye Precision JPC",
    "AllowADS": true,
    "LoyaltyLevel": 5,
    "ArmorClass": "NIJ IV",
    "CanSpall": false,
    "SpallReduction": 1,
    "ReloadSpeedMulti": 1.20,
    "Comfort": 0.88,
    "speedPenaltyPercent": -1.1,
    "mousePenalty": 0,
    "weaponErgonomicPenalty": -1,
		"Price": 32000
  },
  "672e2e75d276dfa8dd76770c": {
    "$type": "RealismMod.Gear, RealismMod",
    "ItemID": "672e2e75d276dfa8dd76770c",
    "Name": "Back Panel v2",
    "AllowADS": true,
    "loyaltylevel": 1,
    "ReloadSpeedMulti": 1,
    "Comfort": 0.85,
    "speedPenaltyPercent": -3,
    "mousePenalty": 0,
    "weaponErgonomicPenalty": 0
  },
  "672e2e75592eb3c91e248717": {
    "$type": "RealismMod.Gear, RealismMod",
    "ItemID": "672e2e75592eb3c91e248717",
    "Name": "Back Panel v2 (Black)",
    "AllowADS": true,
    "loyaltylevel": 1,
    "ReloadSpeedMulti": 1,
    "Comfort": 0.85,
    "speedPenaltyPercent": -3,
    "mousePenalty": 0,
    "weaponErgonomicPenalty": 0
  },
  "672e2e75a26efb53bc703d45": {
    "$type": "RealismMod.Gear, RealismMod",
    "ItemID": "672e2e75a26efb53bc703d45",
    "Name": "TGC Police Belt",
    "AllowADS": true,
    "LoyaltyLevel": 1,
    "ArmorClass": "",
    "CanSpall": false,
    "SpallReduction": 1,
    "ReloadSpeedMulti": 1.17,
    "Comfort": 1,
    "speedPenaltyPercent": 0,
    "mousePenalty": 0,
    "weaponErgonomicPenalty": 0
  },
  "672e2e757e294bf6e5ecb944": {
    "$type": "RealismMod.WeaponMod, RealismMod",
    "ItemID": "672e2e757e294bf6e5ecb944",
    "Name": "TGC M-LOK 2.8 inch rail",
    "TemplateID": "5b7be4895acfc400170e2dd5"
  },
  "672e2e75500922dee75bf400": {
    "$type": "RealismMod.WeaponMod, RealismMod",
    "ItemID": "672e2e75500922dee75bf400",
    "Name": "AR-15 ZipLine handguard",
    "TemplateID": "5d00ede1d7ad1a0940739a76"
  },
  "672e2e75c24f8de5c9a1bdfc": {
    "$type": "RealismMod.WeaponMod, RealismMod",
    "ItemID": "672e2e75c24f8de5c9a1bdfc",
    "Name": "AR-15 ZipLine reciever",
    "TemplateID": "63f5ed14534b2c3d5479a677"
  },
  "672e2e75a8d84451e1b9d793": {
    "$type": "RealismMod.WeaponMod, RealismMod",
    "ItemID": "672e2e75a8d84451e1b9d793",
    "Name": "AR-15 ZipLine pistol grip",
    "TemplateID": "59db3a1d86f77429e05b4e92"
  },
  "672e2e750cd8dfd1fee34a08": {
    "$type": "RealismMod.WeaponMod, RealismMod",
    "ItemID": "672e2e750cd8dfd1fee34a08",
    "Name": "AR-15 ZipLine stock",
    "TemplateID": "5ae30c9a5acfc408fb139a03"
  },
  "672e2e75bfad327651a1a19b": {
    "$type": "RealismMod.Gear, RealismMod",
    "ItemID": "672e2e75bfad327651a1a19b",
    "Name": "TGC MULE combat belt",
    "AllowADS": true,
    "LoyaltyLevel": 1,
    "ArmorClass": "",
    "CanSpall": false,
    "SpallReduction": 1,
    "ReloadSpeedMulti": 1.05,
    "Comfort": 1.08,
    "speedPenaltyPercent": -0.5,
    "mousePenalty": 0,
    "weaponErgonomicPenalty": 0,
    "Weight": 0.4
  },
  "672e2e751ff683e9432cb5af": {
    "$type": "RealismMod.Gear, RealismMod",
    "ItemID": "672e2e751ff683e9432cb5af",
    "Name": "TGC MULE combat belt (Black)",
    "AllowADS": true,
    "LoyaltyLevel": 1,
    "ArmorClass": "",
    "CanSpall": false,
    "SpallReduction": 1,
    "ReloadSpeedMulti": 1.05,
    "Comfort": 1.08,
    "speedPenaltyPercent": -0.5,
    "mousePenalty": 0,
    "weaponErgonomicPenalty": 0
  },
  "672e2e75e2cb5715ab46ae15": {
    "$type": "RealismMod.Gear, RealismMod",
    "ItemID": "672e2e75e2cb5715ab46ae15",
    "Name": "BOPE Beret",
    "TemplateID": "5f60e6403b85f6263c14558c"
  },
  "672e2e755c49aef3e8a3dd0c": {
    "$type": "RealismMod.WeaponMod, RealismMod",
    "ItemID": "672e2e755c49aef3e8a3dd0c",
    "Name": "AR-15 M16 M203 heat shield handguard",
    "TemplateID": "5d00e0cbd7ad1a6c6566a42d"
  },
  "672e2e75ec239cfca3bedf6d": {
    "$type": "RealismMod.Gear, RealismMod",
    "ItemID": "672e2e75ec239cfca3bedf6d",
    "Name": "Ghost Mask",
    "LoyaltyLevel": 2,
    "ArmorClass": "NIJ IIIA",
    "CanSpall": false,
    "SpallReduction": 1,
    "ReloadSpeedMulti": 1,
    "BlocksMouth": true,
    "speedPenaltyPercent": 0,
    "mousePenalty": 0,
    "weaponErgonomicPenalty": 0,
    "Weight": 0.52,
    "MaskToUse": "tgc"
  },
  "672e2e75eae8c670d0f7740d": {
    "$type": "RealismMod.WeaponMod, RealismMod",
    "ItemID": "672e2e75eae8c670d0f7740d",
    "Name": "HK MP7 TGC stock",
    "ModType": "Stock",
    "VerticalRecoil": 0,
    "HorizontalRecoil": 0,
    "Dispersion": 0,
    "CameraRecoil": 0,
    "AimSpeed": 10,
    "Ergonomics": 5,
    "Accuracy": 0,
    "HasShoulderContact": true,
    "BlocksFolding": false,
    "AutoROF": 0,
    "SemiROF": 0,
    "ModMalfunctionChance": 0,
    "StockAllowADS": false,
    "ConflictingItems": [],
    "Weight": 0.2,
    "LoyaltyLevel": 0,
    "Price": 0,
    "AimStability": 10
  },
  "672e2e75f863ac94cae32632": {
    "$type": "RealismMod.WeaponMod, RealismMod",
    "ItemID": "672e2e75f863ac94cae32632",
    "Name": "HK MP7 TGC stock buffer tube",
    "ModType": "Stock",
    "VerticalRecoil": -2,
    "HorizontalRecoil": 2.5,
    "Dispersion": 0,
    "CameraRecoil": 0,
    "AimSpeed": 0,
    "Ergonomics": 0,
    "Accuracy": 0,
    "HasShoulderContact": true,
    "BlocksFolding": false,
    "AutoROF": 0,
    "SemiROF": 0,
    "ModMalfunctionChance": 0,
    "StockAllowADS": false,
    "ConflictingItems": [],
    "Weight": 0.1,
    "LoyaltyLevel": 0,
    "Price": 0
  },
  "672e2e755aa052b1e954dd68": {
    "$type": "RealismMod.WeaponMod, RealismMod",
    "ItemID": "672e2e755aa052b1e954dd68",
    "Name": "HK MP7 TGC Stelio 4.6x30 sound suppressor",
    "ModType": "",
    "VerticalRecoil": 0,
    "HorizontalRecoil": -8,
    "Dispersion": -15,
    "CameraRecoil": -12,
    "AutoROF": 1.1,
    "SemiROF": 1.2,
    "ModMalfunctionChance": -10,
    "CanCycleSubs": false,
    "Accuracy": -10,
    "HeatFactor": 1.16,
    "CoolFactor": 1,
    "DurabilityBurnModificator": 1.12,
    "Velocity": 0.55,
    "RecoilAngle": 0,
    "ConflictingItems": [],
    "Ergonomics": 0,
    "Weight": 0.51,
    "Loudness": -36,
    "Convergence": 0,
    "LoyaltyLevel": 0,
    "Price": 0,
    "Flash": 10
  },
  "672e2e75e21492038fb1b118": {
    "$type": "RealismMod.WeaponMod, RealismMod",
    "ItemID": "672e2e75e21492038fb1b118",
    "Name": "HK MP7 TGC Stelio S 4.6x30 sound suppressor (spec)",
    "ModType": "",
    "VerticalRecoil": 0,
    "HorizontalRecoil": -7,
    "Dispersion": -14,
    "CameraRecoil": -10,
    "AutoROF": 1.1,
    "SemiROF": 1.2,
    "ModMalfunctionChance": -10,
    "CanCycleSubs": false,
    "Accuracy": -8,
    "HeatFactor": 1.2,
    "CoolFactor": 1,
    "DurabilityBurnModificator": 1.11,
    "Velocity": 0.52,
    "RecoilAngle": 0,
    "ConflictingItems": [],
    "Ergonomics": 0,
    "Weight": 0.462,
    "Loudness": -32,
    "Convergence": 0,
    "LoyaltyLevel": 0,
    "Price": 0,
    "Flash": 10
  },
  "672e2e75ba8f56d981dc6e2c": {
    "$type": "RealismMod.WeaponMod, RealismMod",
    "ItemID": "672e2e75ba8f56d981dc6e2c",
    "Name": "HK MP7 4.6x30 60-round magazine",
    "ModType": "",
    "ReloadSpeed": -10,
    "Ergonomics": -1,
    "MagMalfunctionChance": 0.02,
    "LoadUnloadModifier": 25,
    "CheckTimeModifier": 25,
    "ConflictingItems": [],
    "Weight": 0.3,
    "VerticalRecoil": 0,
    "HorizontalRecoil": 0,
    "LoyaltyLevel": 0,
    "Price": 0
  },
  "672e2e75afb25b57bd1d1455": {
    "$type": "RealismMod.Gear, RealismMod",
    "ItemID": "672e2e75afb25b57bd1d1455",
    "Name": "CGPC3 TQS (Green)",
    "AllowADS": true,
    "LoyaltyLevel": 4,
    "ArmorClass": "NIJ III+",
    "CanSpall": false,
    "SpallReduction": 1,
    "ReloadSpeedMulti": 1.18,
    "Comfort": 0.89,
    "speedPenaltyPercent": -2.5,
    "mousePenalty": 0,
    "weaponErgonomicPenalty": -1.75,
		"Price": 36000
  },
  "672e2e7531ffa75ea676c3ea": {
    "$type": "RealismMod.Gear, RealismMod",
    "ItemID": "672e2e7531ffa75ea676c3ea",
    "Name": "CGPC3 TQS (Tan)",
    "AllowADS": true,
    "LoyaltyLevel": 4,
    "ArmorClass": "NIJ III+",
    "CanSpall": false,
    "SpallReduction": 1,
    "ReloadSpeedMulti": 1.18,
    "Comfort": 0.89,
    "speedPenaltyPercent": -2.5,
    "mousePenalty": 0,
    "weaponErgonomicPenalty": -1.75,
		"Price": 36000
  },
  "672e2e75fa61ef193bdbd7e6": {
    "$type": "RealismMod.Gear, RealismMod",
    "ItemID": "672e2e75fa61ef193bdbd7e6",
    "Name": "CGPC3 TQS (Urban)",
    "AllowADS": true,
    "LoyaltyLevel": 4,
    "ArmorClass": "NIJ III+",
    "CanSpall": false,
    "SpallReduction": 1,
    "ReloadSpeedMulti": 1.18,
    "Comfort": 0.89,
    "speedPenaltyPercent": -2.5,
    "mousePenalty": 0,
    "weaponErgonomicPenalty": -1.75,
		"Price": 36000
  },
  "672e2e759b231e2b1a95516f": {
    "$type": "RealismMod.WeaponMod, RealismMod",
    "ItemID": "672e2e759b231e2b1a95516f",
    "Name": "AR-15 TGC handguard",
    "TemplateID": "5c6d5d8b2e221644fc630b39"
  },
  "6733edc58add9191997aec92": {
    "$type": "RealismMod.WeaponMod, RealismMod",
    "ItemID": "6733edc58add9191997aec92",
    "Name": "AR-15 TGC Split Handguard",
    "TemplateID": "640b20359ab20e15ee445fa9"
  }
}