{
    "6628f2e31084cf4d62b2b40b": {
        "$type": "RealismMod.Gun, RealismMod",
        "ItemID": "6628f2e31084cf4d62b2b40b",
        "Name": "Modified AUG A3 7.62x39 assault rifle",
        "WeapType": "bullpup",
        "OperationType": "",
        "WeapAccuracy": 0,
        "BaseTorque": 4.5,
        "HasShoulderContact": true,
        "Ergonomics": 85,
        "VerticalRecoil": 65,
        "HorizontalRecoil": 160,
        "Dispersion": 6,
        "CameraRecoil": 0.037,
        "VisualMulti": 1.1,
        "Convergence": 13.5,
        "RecoilAngle": 80,
        "BaseMalfunctionChance": 0.0012,
        "HeatFactorGun": 0.22,
        "HeatFactorByShot": 1,
        "CoolFactorGun": 0.1,
        "CoolFactorGunMods": 1,
        "AllowOverheat": true,
        "CenterOfImpact": 0,
        "HipAccuracyRestorationDelay": 0.2,
        "HipAccuracyRestorationSpeed": 7,
        "HipInnaccuracyGain": 0.16,
        "ShotgunDispersion": 0,
        "Velocity": 0,
        "RecoilDamping": 0.82,
        "RecoilHandDamping": 0.6,
        "WeaponAllowADS": false,
        "Weight": 1.51,
        "DurabilityBurnRatio": 0.28,
        "AutoROF": 710,
        "SemiROF": 340,
        "LoyaltyLevel": 3,
        "BaseReloadSpeedMulti": 0.85,
        "BaseChamberSpeedMulti": 1,
        "MinChamberSpeed": 0.7,
        "MaxChamberSpeed": 1.5,
        "IsManuallyOperated": false,
        "BaseChamberCheckSpeed": 1,
        "BaseFixSpeed": 1,
        "OffsetRotation": 0.011,
        "RecoilIntensity": 0.19,
        "RecoilCenter": {
            "x": 0,
            "y": -0.35,
            "z": -0.01
        }
    },
    "6628f31d2e4dbf64427b378d": {
        "$type": "RealismMod.WeaponMod, RealismMod",
        "ItemID": "6628f31d2e4dbf64427b378d",
        "Name": "Steyr AUG 7.62x39 30-round magazine",
        "ModType": "",
        "ReloadSpeed": 2.5,
        "Ergonomics": 0,
        "MalfunctionChance": 0.05,
        "LoadUnloadModifier": 0,
        "CheckTimeModifier": 0,
        "ConflictingItems": [],
        "Weight": 0.13,
        "LoyaltyLevel": 4
    },
    "6628f33d585102d8bc5d75db": {
        "$type": "RealismMod.WeaponMod, RealismMod",
        "ItemID": "6628f33d585102d8bc5d75db",
        "Name": "Steyr AUG 7.62x39 42-round magazine",
        "ModType": "long_mag",
        "ReloadSpeed": -3.5,
        "Ergonomics": 0,
        "MalfunctionChance": 0.15,
        "LoadUnloadModifier": 0,
        "CheckTimeModifier": 0,
        "ConflictingItems": [],
        "Weight": 0.142,
        "LoyaltyLevel": 4
    },
    "6628f96fd59ab54dedb55801": {
        "$type": "RealismMod.Gun, RealismMod",
        "ItemID": "6628f96fd59ab54dedb55801",
        "Name": "The Executioner",
        "WeapType": "",
        "OperationType": "manual",
        "WeapAccuracy": 0,
        "BaseTorque": 0,
        "HasShoulderContact": false,
        "Ergonomics": 80,
        "VerticalRecoil": 140,
        "HorizontalRecoil": 480,
        "Dispersion": 2,
        "CameraRecoil": 0.125,
        "VisualMulti": 2,
        "Convergence": 5,
        "RecoilAngle": 90,
        "BaseMalfunctionChance": 0.0008,
        "HeatFactorGun": 1.3,
        "HeatFactorByShot": 1,
        "CoolFactorGun": 0.1,
        "CoolFactorGunMods": 1,
        "AllowOverheat": true,
        "CenterOfImpact": 0.011,
        "HipAccuracyRestorationDelay": 0.2,
        "HipAccuracyRestorationSpeed": 7,
        "HipInnaccuracyGain": 0.16,
        "ShotgunDispersion": 0,
        "Velocity": 0,
        "RecoilDamping": 0.8,
        "RecoilHandDamping": 0.41,
        "WeaponAllowADS": false,
        "Weight": 0.55,
        "DurabilityBurnRatio": 0.7,
        "AutoROF": 30,
        "SemiROF": 450,
        "LoyaltyLevel": 3,
        "BaseReloadSpeedMulti": 1,
        "BaseChamberSpeedMulti": 1.2,
        "MinChamberSpeed": 0.7,
        "MaxChamberSpeed": 1.5,
        "IsManuallyOperated": true,
        "BaseChamberCheckSpeed": 1.3,
        "BaseFixSpeed": 1.3,
        "OffsetRotation": 0.01,
        "RecoilIntensity": 0.3,
        "RecoilCenter": {
            "x": 0,
            "y": -0.45,
            "z": 0
        }
    },
    "6628f973b21453a8afc0db68": {
        "$type": "RealismMod.WeaponMod, RealismMod",
        "ItemID": "6628f973b21453a8afc0db68",
        "Name": "Executioner Wyatt Magazine 5",
        "ModType": "",
        "ReloadSpeed": 0,
        "Ergonomics": 0,
        "MalfunctionChance": 0,
        "LoadUnloadModifier": -5,
        "CheckTimeModifier": 0,
        "ConflictingItems": [],
        "Weight": 0.5,
        "VerticalRecoil": 0,
        "HorizontalRecoil": 0,
        "LoyaltyLevel": 4
    },
    "6628f977030da8d4c028f5c7": {
        "$type": "RealismMod.WeaponMod, RealismMod",
        "ItemID": "6628f977030da8d4c028f5c7",
        "Name": "Executioner AICS Magazine 5",
        "ModType": "",
        "ReloadSpeed": 0,
        "Ergonomics": 0,
        "MalfunctionChance": 0,
        "LoadUnloadModifier": -15,
        "CheckTimeModifier": 0,
        "ConflictingItems": [],
        "Weight": 0.3,
        "VerticalRecoil": 0,
        "HorizontalRecoil": 0,
        "LoyaltyLevel": 4
    },
    "6628f979c3da61a625d97d69": {
        "$type": "RealismMod.WeaponMod, RealismMod",
        "ItemID": "6628f979c3da61a625d97d69",
        "Name": "Executioner PMAG 5",
        "ModType": "",
        "ReloadSpeed": 5,
        "Ergonomics": 0,
        "MalfunctionChance": 0,
        "LoadUnloadModifier": -30,
        "CheckTimeModifier": 0,
        "ConflictingItems": [],
        "Weight": 0.09,
        "VerticalRecoil": 0,
        "HorizontalRecoil": 0,
        "LoyaltyLevel": 4
    },
    "6628f76df1a913e3afc16360": {
        "$type": "RealismMod.Gun, RealismMod",
        "ItemID": "6628f76df1a913e3afc16360",
        "Name": "The Judge",
        "WeapType": "pistol",
        "OperationType": "",
        "WeapAccuracy": 0,
        "BaseTorque": 0,
        "HasShoulderContact": false,
        "Ergonomics": 88,
        "VerticalRecoil": 470,
        "HorizontalRecoil": 335,
        "Dispersion": 2,
        "CameraRecoil": 0.13,
        "VisualMulti": 2,
        "Convergence": 18,
        "RecoilAngle": 85,
        "BaseMalfunctionChance": 0,
        "HeatFactorGun": 0.65,
        "HeatFactorByShot": 1,
        "CoolFactorGun": 0.1,
        "CoolFactorGunMods": 1,
        "AllowOverheat": true,
        "CenterOfImpact": 0.01,
        "HipAccuracyRestorationDelay": 0.2,
        "HipAccuracyRestorationSpeed": 7,
        "HipInnaccuracyGain": 0.16,
        "ShotgunDispersion": 1,
        "Velocity": 0,
        "RecoilDamping": 0.82,
        "RecoilHandDamping": 0.52,
        "WeaponAllowADS": false,
        "Weight": 1.6,
        "DurabilityBurnRatio": 0.3,
        "AutoROF": 900,
        "SemiROF": 450,
        "LoyaltyLevel": 1,
        "BaseReloadSpeedMulti": 1.25,
        "BaseChamberSpeedMulti": 1,
        "MinChamberSpeed": 0.7,
        "MaxChamberSpeed": 1.5,
        "IsManuallyOperated": true,
        "BaseChamberCheckSpeed": 1,
        "BaseFixSpeed": 1,
        "OffsetRotation": 0.015,
        "RecoilIntensity": 0.36,
        "RecoilCenter": {
            "x": 0,
            "y": -0.5,
            "z": 0
        }
   },
    "6628f77390fd0c39ebfa1125": {
        "$type": "RealismMod.WeaponMod, RealismMod",
        "ItemID": "6628f77390fd0c39ebfa1125",
        "Name": "Judge 17 Round Magazine",
        "ModType": "",
        "ReloadSpeed": 0,
        "Ergonomics": 0,
        "MalfunctionChance": 0.05,
        "LoadUnloadModifier": -10,
        "CheckTimeModifier": -20,
        "ConflictingItems": [],
        "Weight": 0.096,
        "VerticalRecoil": 0,
        "HorizontalRecoil": 0,
        "LoyaltyLevel": 4
    },
    "6628f7750e470be83e65dc76": {
        "$type": "RealismMod.WeaponMod, RealismMod",
        "ItemID": "6628f7750e470be83e65dc76",
        "Name": "Judge 33 Round Magazine",
        "ModType": "",
        "ReloadSpeed": -5,
        "Ergonomics": 0,
        "MalfunctionChance": 0.2,
        "LoadUnloadModifier": -10,
        "CheckTimeModifier": -30,
        "ConflictingItems": [],
        "Weight": 0.15,
        "VerticalRecoil": 0,
        "HorizontalRecoil": 0,
        "LoyaltyLevel": 4
    },
    "6628f7786fbce2d268af4913": {
        "$type": "RealismMod.WeaponMod, RealismMod",
        "ItemID": "6628f7786fbce2d268af4913",
        "Name": "Judge Drum Magazine",
        "ModType": "long_mag",
        "ReloadSpeed": -18,
        "Ergonomics": -6,
        "MalfunctionChance": 0.8,
        "LoadUnloadModifier": -10,
        "CheckTimeModifier": 20,
        "ConflictingItems": [],
        "Weight": 0.6,
        "VerticalRecoil": 0,
        "HorizontalRecoil": 0,
        "LoyaltyLevel": 4
    },
    "6628f50c78434b5effe5ced1": {
        "$type": "RealismMod.Gun, RealismMod",
        "ItemID": "6628f50c78434b5effe5ced1",
        "Name": "Multi-Calibre M4A1 Assault Rifle",
        "WeapType": "DI",
        "OperationType": "buffer",
        "WeapAccuracy": 0,
        "BaseTorque": 1,
        "HasShoulderContact": false,
        "Ergonomics": 80,
        "VerticalRecoil": 81,
        "HorizontalRecoil": 128,
        "Dispersion": 10,
        "CameraRecoil": 0.032,
        "VisualMulti": 1.13,
        "Convergence": 17,
        "RecoilAngle": 90,
        "BaseMalfunctionChance": 0.001,
        "HeatFactorGun": 0.27,
        "HeatFactorByShot": 1,
        "CoolFactorGun": 0.1,
        "CoolFactorGunMods": 1,
        "AllowOverheat": true,
        "CenterOfImpact": 0.01,
        "HipAccuracyRestorationDelay": 0.2,
        "HipAccuracyRestorationSpeed": 7,
        "HipInnaccuracyGain": 0.16,
        "ShotgunDispersion": 0,
        "Velocity": 0,
        "RecoilDamping": 0.8,
        "RecoilHandDamping": 0.6,
        "WeaponAllowADS": false,
        "Weight": 1.114,
        "DurabilityBurnRatio": 0.35,
        "AutoROF": 800,
        "SemiROF": 400,
        "LoyaltyLevel": 3,
        "BaseReloadSpeedMulti": 1,
        "BaseChamberSpeedMulti": 1.85,
        "MinChamberSpeed": 0.8,
        "MaxChamberSpeed": 2,
        "IsManuallyOperated": false,
        "BaseChamberCheckSpeed": 1.5,
        "BaseFixSpeed": 1.2,
        "OffsetRotation": 0.008,
        "RecoilIntensity": 0.2
    },
    "6628f534d238d16e71d27601": {
        "$type": "RealismMod.WeaponMod, RealismMod",
        "ItemID": "6628f534d238d16e71d27601",
        "Name": "AR-15 Vltor MUR-1S 5.7mm upper receiver",
        "TemplateID": "59bfe68886f7746004266202"
    },
    "6628f529b9886fa300b47de7": {
        "$type": "RealismMod.WeaponMod, RealismMod",
        "ItemID": "6628f529b9886fa300b47de7",
        "Name": "AR-15 Vltor MUR-1S .300 upper receiver",
        "TemplateID": "59bfe68886f7746004266202"
    },
    "6628f52f246a7106c3c3dd22": {
        "$type": "RealismMod.WeaponMod, RealismMod",
        "ItemID": "6628f52f246a7106c3c3dd22",
        "Name": "AR-15 Vltor MUR-1S 5.45 upper receiver",
        "TemplateID": "59bfe68886f7746004266202"
    },
    "6628f531ae7642ade7384366": {
        "$type": "RealismMod.WeaponMod, RealismMod",
        "ItemID": "6628f531ae7642ade7384366",
        "Name": "AR-15 Vltor MUR-1S 7.62mm upper receiver",
        "TemplateID": "59bfe68886f7746004266202"
    },
    "6628f52b821b61722b245c10": {
        "$type": "RealismMod.WeaponMod, RealismMod",
        "ItemID": "6628f52b821b61722b245c10",
        "Name": "AR-15 Vltor MUR-1S 9x39mm upper receiver",
        "TemplateID": "59bfe68886f7746004266202"
    },
    "6628f5244c3764ecf474f23c": {
        "$type": "RealismMod.WeaponMod, RealismMod",
        "ItemID": "6628f5244c3764ecf474f23c",
        "Name": "5.7mm Magpul PMAG 32-round magazine",
        "TemplateID": "5aaa5dfee5b5b000140293d3"
    },
    "6628f511ea0ab10dd0c5e2d4": {
        "$type": "RealismMod.WeaponMod, RealismMod",
        "ItemID": "6628f511ea0ab10dd0c5e2d4",
        "Name": ".300 Magpul PMAG 32-round magazine",
        "TemplateID": "5aaa5dfee5b5b000140293d3"
    },
    "6628f51c8df290deed8983e9": {
        "$type": "RealismMod.WeaponMod, RealismMod",
        "ItemID": "6628f51c8df290deed8983e9",
        "Name": "5.45mm Magpul PMAG 32-round magazine",
        "TemplateID": "5aaa5dfee5b5b000140293d3"
    },
    "6628f51e54b4f59a7ade4ef9": {
        "$type": "RealismMod.WeaponMod, RealismMod",
        "ItemID": "6628f51e54b4f59a7ade4ef9",
        "Name": "7.62x39 Magpul PMAG 32-round magazine",
        "TemplateID": "5aaa5dfee5b5b000140293d3"
    },
    "6628f5191c445ab1b8b8cdf5": {
        "$type": "RealismMod.WeaponMod, RealismMod",
        "ItemID": "6628f5191c445ab1b8b8cdf5",
        "Name": "9x39 Magpul PMAG 32-round magazine",
        "TemplateID": "5aaa5dfee5b5b000140293d3"
   },
   "6628f3786c4f8a10a65adee4": {
        "$type": "RealismMod.Gun, RealismMod",
        "ItemID": "6628f3786c4f8a10a65adee4",
        "Name": "Soyuz-TM STM-46 Gen.2 4.6x30 carbine",
        "WeapType": "",
        "OperationType": "buffer",
        "WeapAccuracy": 0,
        "BaseTorque": 1,
        "HasShoulderContact": false,
        "Ergonomics": 80,
        "VerticalRecoil": 47,
        "HorizontalRecoil": 130,
        "Dispersion": 9,
        "CameraRecoil": 0.035,
        "VisualMulti": 1.4,
        "Convergence": 9,
        "RecoilAngle": 82,
        "BaseMalfunctionChance": 0.0027,
        "HeatFactorGun": 0.35,
        "HeatFactorByShot": 1,
        "CoolFactorGun": 0.1,
        "CoolFactorGunMods": 1,
        "AllowOverheat": true,
        "CenterOfImpact": 0,
        "HipAccuracyRestorationDelay": 0.2,
        "HipAccuracyRestorationSpeed": 7,
        "HipInnaccuracyGain": 0.16,
        "ShotgunDispersion": 0,
        "Velocity": 0,
        "RecoilDamping": 0.86,
        "RecoilHandDamping": 0.6,
        "WeaponAllowADS": false,
        "Weight": 0.35,
        "DurabilityBurnRatio": 0.3,
        "AutoROF": 700,
        "SemiROF": 450,
        "LoyaltyLevel": 2,
        "BaseReloadSpeedMulti": 1,
        "BaseChamberSpeedMulti": 1,
        "MinChamberSpeed": 0.7,
        "MaxChamberSpeed": 1.5,
        "IsManuallyOperated": false,
        "BaseChamberCheckSpeed": 1,
        "BaseFixSpeed": 1,
        "OffsetRotation": 0.01,
        "RecoilIntensity": 0.22
    },
    "6628f38262cab98c01ffada1": {
        "$type": "RealismMod.WeaponMod, RealismMod",
        "ItemID": "6628f38262cab98c01ffada1",
        "Name": "Glock 4.6x30 'Big Stick' 33-round magazine",
        "TemplateID": "5a7ad2e851dfba0016153692"
   },
   "6628f38835c496a91efdef37": {
        "$type": "RealismMod.WeaponMod, RealismMod",
        "ItemID": "6628f38835c496a91efdef37",
        "Name": "Glock 4.6x30 SGM Tactical 50-round drum magazine",
        "TemplateID": "5a718f958dc32e00094b97e7"
   },
   "6628f37eb50e789115223da9": {
        "$type": "RealismMod.WeaponMod, RealismMod",
        "ItemID": "6628f37eb50e789115223da9",
        "Name": "STM-46 4.6x30 upper receiver",
        "TemplateID": "602e63fb6335467b0c5ac94d"
   },
   "6628f8813e3fe94f5f035010": {
        "$type": "RealismMod.Gun, RealismMod",
        "ItemID": "6628f8813e3fe94f5f035010",
        "Name": "The Jury",
        "WeapType": "",
        "OperationType": "",
        "WeapAccuracy": 0,
        "BaseTorque": 0.25,
        "RecoilDamping": 0.85,
        "RecoilHandDamping": 0.75,
        "OffsetRotation": 0.0054,
        "RecoilIntensity": 0.1,
        "HasShoulderContact": false,
        "WeaponAllowADS": false,
        "Ergonomics": 80,
        "VerticalRecoil": 123,
        "HorizontalRecoil": 180,
        "Dispersion": 19,
        "CameraRecoil": 0.049,
        "VisualMulti": 1,
        "Convergence": 15,
        "RecoilAngle": 85,
        "DurabilityBurnRatio": 0.4,
        "BaseMalfunctionChance": 0.0008,
        "HeatFactorGun": 0.4,
        "HeatFactorByShot": 1,
        "CoolFactorGun": 0.1,
        "CoolFactorGunMods": 1,
        "AllowOverheat": true,
        "CenterOfImpact": 0.01,
        "HipAccuracyRestorationDelay": 0.2,
        "HipAccuracyRestorationSpeed": 7,
        "HipInnaccuracyGain": 0.16,
        "Velocity": 0,
        "Weight": 1.475,
        "AutoROF": 800,
        "SemiROF": 450,
        "LoyaltyLevel": 5,
        "BaseReloadSpeedMulti": 1,
        "BaseChamberSpeedMulti": 1.25,
        "MaxChamberSpeed": 1.5,
        "MinChamberSpeed": 0.8,
        "IsManuallyOperated": false,
        "BaseChamberCheckSpeed": 1.05,
        "BaseFixSpeed": 2.7
    },
    "6628f887f6ec08df7b7dc336": {
        "$type": "RealismMod.WeaponMod, RealismMod",
        "ItemID": "6628f887f6ec08df7b7dc336",
        "Name": "Jury Magazine",
        "TemplateID": "65293c38fc460e50a509cb25"
   },
   "6628f88aaa160dcd09a782e7": {
        "$type": "RealismMod.WeaponMod, RealismMod",
        "ItemID": "6628f88aaa160dcd09a782e7",
        "Name": "Jury Extended Magazine",
        "TemplateID": "65293c7a17e14363030ad308"
   },
   "6628f88df6034dfe1933f636": {
        "$type": "RealismMod.WeaponMod, RealismMod",
        "ItemID": "6628f88df6034dfe1933f636",
        "Name": "Jury Drum Magazine",
        "TemplateID": "5addccf45acfc400185c2989"
   },
   "6628f885b95f6ae9d977162f": {
        "$type": "RealismMod.WeaponMod, RealismMod",
        "ItemID": "6628f885b95f6ae9d977162f",
        "Name": "Jury Custom upper receiver",
        "TemplateID": "6529119424cbe3c74a05e5bb"
   },
   "6621b1e0bd80eeb4de0c9ed8": {
        "$type": "RealismMod.Gear, RealismMod",
        "ItemID": "6621b1e0bd80eeb4de0c9ed8",
        "Name": "Carrion Armor Hexgrid",
        "TemplateID": "5fd4c474dd870108a754b241"
   },
   "6621b274485df00e750df4f2": {
        "$type": "RealismMod.Gear, RealismMod",
        "ItemID": "6621b274485df00e750df4f2",
        "Name": "Lone Dragon Plate Carrier",
        "AllowADS": true,
        "LoyaltyLevel": 4,
        "ArmorClass": "NIJ III+",
        "CanSpall": false,
        "SpallReduction": 1,
        "ReloadSpeedMulti": 1.15,
        "Comfort": 0.77,
        "speedPenaltyPercent": -2,
        "mousePenalty": 0,
        "weaponErgonomicPenalty": -1,
		"Price": 32000
    },
   "6621b28d9411498998d408c3": {
        "$type": "RealismMod.Gear, RealismMod",
        "ItemID": "6621b28d9411498998d408c3",
        "Name": "Oakley Kitchen Sink support backpack",
        "TemplateID": "5e4abc6786f77406812bd572"
   },
    "6621b1f22310f5ff09476360": {
        "$type": "RealismMod.Gear, RealismMod",
        "ItemID": "6621b1f22310f5ff09476360",
        "Name": "CQC Rhino plate carrier (MTP)",
        "AllowADS": true,
        "LoyaltyLevel": 4,
        "ArmorClass": "NIJ III+",
        "CanSpall": false,
        "SpallReduction": 1,
        "ReloadSpeedMulti": 1.08,
        "Comfort": 0.78,
        "speedPenaltyPercent": 0,
        "mousePenalty": 0,
        "weaponErgonomicPenalty": 0,
		"Price": 16000
    }
}
