{
  "6661012d16fbd2fb75408f87": {
    "$type": "RealismMod.Gun, RealismMod",
    "ItemID": "6661012d16fbd2fb75408f87",
    "Name": "CZ 75B 9x19mm Pistol",
    "WeapType": "pistol",
    "OperationType": "",
    "WeapAccuracy": 0,
    "BaseTorque": -0.5,
    "HasShoulderContact": false,
    "Ergonomics": 80,
    "VerticalRecoil": 435,
    "HorizontalRecoil": 200,
    "Dispersion": 8,
    "CameraRecoil": 0.004,
    "VisualMulti": 2,
    "Convergence": 20,
    "RecoilAngle": 90,
    "BaseMalfunctionChance": 0.001,
    "HeatFactorGun": 0.23,
    "HeatFactorByShot": 1,
    "CoolFactorGun": 0.1,
    "CoolFactorGunMods": 1,
    "AllowOverheat": true,
    "CenterOfImpact": 0,
    "HipAccuracyRestorationDelay": 0.2,
    "HipAccuracyRestorationSpeed": 7,
    "HipInnaccuracyGain": 0.16,
    "ShotgunDispersion": 10,
    "Velocity": 0,
    "RecoilDamping": 0.73,
    "RecoilHandDamping": 0.43,
    "WeaponAllowADS": false,
    "Weight": 0.389,
    "DurabilityBurnRatio": 0.12,
    "AutoROF": 30,
    "SemiROF": 365,
    "LoyaltyLevel": 2,
    "BaseReloadSpeedMulti": 1,
    "BaseChamberSpeedMulti": 1,
    "MinChamberSpeed": 0.8,
    "MaxChamberSpeed": 1.5,
    "IsManuallyOperated": false,
    "BaseChamberCheckSpeed": 1,
    "BaseFixSpeed": 1,
    "OffsetRotation": 0.01,
    "RecoilIntensity": 0.25,
    "MasteryCategory": "P226"
  },
  "67748ec2e6a045dc97e2f978": {
    "$type": "RealismMod.Gun, RealismMod",
    "ItemID": "67748ec2e6a045dc97e2f978",
    "Name": "CZ 75B Omega 9x19mm Pistol",
    "WeapType": "pistol",
    "OperationType": "",
    "WeapAccuracy": 0,
    "BaseTorque": -0.5,
    "HasShoulderContact": false,
    "Ergonomics": 80,
    "VerticalRecoil": 430,
    "HorizontalRecoil": 195,
    "Dispersion": 10,
    "CameraRecoil": 0.004,
    "VisualMulti": 2,
    "Convergence": 22,
    "RecoilAngle": 90,
    "BaseMalfunctionChance": 0.001,
    "HeatFactorGun": 0.23,
    "HeatFactorByShot": 1,
    "CoolFactorGun": 0.1,
    "CoolFactorGunMods": 1,
    "AllowOverheat": true,
    "CenterOfImpact": 0,
    "HipAccuracyRestorationDelay": 0.2,
    "HipAccuracyRestorationSpeed": 7,
    "HipInnaccuracyGain": 0.16,
    "ShotgunDispersion": 10,
    "Velocity": 0,
    "RecoilDamping": 0.73,
    "RecoilHandDamping": 0.43,
    "WeaponAllowADS": false,
    "Weight": 0.389,
    "DurabilityBurnRatio": 0.12,
    "AutoROF": 30,
    "SemiROF": 420,
    "LoyaltyLevel": 2,
    "BaseReloadSpeedMulti": 1,
    "BaseChamberSpeedMulti": 1,
    "MinChamberSpeed": 0.8,
    "MaxChamberSpeed": 1.5,
    "IsManuallyOperated": false,
    "BaseChamberCheckSpeed": 1,
    "BaseFixSpeed": 1,
    "OffsetRotation": 0.01,
    "RecoilIntensity": 0.25,
    "MasteryCategory": "P226"
  },
  "666101e8704063719a3d9d62": {
    "$type": "RealismMod.WeaponMod, RealismMod",
    "ItemID": "666101e8704063719a3d9d62",
    "Name": "CZ 75 9x19mm Threaded Barrel",
    "ModType": "",
    "VerticalRecoil": 0,
    "HorizontalRecoil": 0,
    "AutoROF": 0,
    "SemiROF": 0,
    "ModMalfunctionChance": 0,
    "Convergence": 0,
    "Accuracy": 0,
    "CenterOfImpact": 0.18,
    "HeatFactor": 1.1,
    "CoolFactor": 1.14,
    "DurabilityBurnModificator": 1,
    "Velocity": -9,
    "ConflictingItems": [],
    "Ergonomics": 0,
    "Weight": 0.205,
    "ShotgunDispersion": 1,
    "Loudness": 0,
    "LoyaltyLevel": 2,
    "Price": 0
  },
  "666102059eca4774fd5888a6": {
    "$type": "RealismMod.WeaponMod, RealismMod",
    "ItemID": "666102059eca4774fd5888a6",
    "Name": "CZ 75 9x19mm Barrel",
    "ModType": "",
    "VerticalRecoil": 0,
    "HorizontalRecoil": 0,
    "AutoROF": 0,
    "SemiROF": 0,
    "ModMalfunctionChance": 0,
    "Convergence": 0,
    "Accuracy": 0,
    "CenterOfImpact": 0.18,
    "HeatFactor": 1.1,
    "CoolFactor": 1.15,
    "DurabilityBurnModificator": 1,
    "Velocity": -10,
    "ConflictingItems": [],
    "Ergonomics": 0,
    "Weight": 0.2,
    "ShotgunDispersion": 1,
    "Loudness": 0,
    "LoyaltyLevel": 2,
    "Price": 0
  },
  "6661023c34cb7dd29de7f941": {
    "$type": "RealismMod.WeaponMod, RealismMod",
    "ItemID": "6661023c34cb7dd29de7f941",
    "Name": "CZ 75B 9x19mm Pistol Slide",
    "ModType": "",
    "ModMalfunctionChance": 0,
    "Accuracy": 5,
    "HeatFactor": 0.954,
    "CoolFactor": 1.06,
    "DurabilityBurnModificator": 1,
    "ConflictingItems": [],
    "Ergonomics": 0,
    "Weight": 0.391,
    "VerticalRecoil": 0,
    "HorizontalRecoil": 0,
    "ChamberSpeed": 30,
    "LoyaltyLevel": 2,
    "Price": 0
  },
  "67748e8f9837491f8c2c36ae": {
    "$type": "RealismMod.WeaponMod, RealismMod",
    "ItemID": "67748e8f9837491f8c2c36ae",
    "Name": "CZ 75B Omega 9x19mm Pistol Slide",
    "ModType": "",
    "ModMalfunctionChance": 0,
    "Accuracy": 5,
    "HeatFactor": 0.954,
    "CoolFactor": 1.06,
    "DurabilityBurnModificator": 1,
    "ConflictingItems": [],
    "Ergonomics": 0,
    "Weight": 0.391,
    "VerticalRecoil": 0,
    "HorizontalRecoil": 0,
    "ChamberSpeed": 30,
    "LoyaltyLevel": 2,
    "Price": 0
  },
  "666101d005b02d7b36e6e958": {
    "$type": "RealismMod.WeaponMod, RealismMod",
    "ItemID": "666101d005b02d7b36e6e958",
    "Name": "CZ 75 16-Round 9x19mm Magazine",
    "ModType": "",
    "ReloadSpeed": 0,
    "Ergonomics": 0,
    "MagMalfunctionChance": 0,
    "LoadUnloadModifier": -10,
    "CheckTimeModifier": -20,
    "ConflictingItems": [],
    "Weight": 0.096,
    "VerticalRecoil": 0,
    "HorizontalRecoil": 0,
    "LoyaltyLevel": 2,
    "Price": 0
  }
}
