{
    "66839591f4d0cba7b041b2af": {
        "$type": "RealismMod.Gun, RealismMod",
        "ItemID": "66839591f4d0cba7b041b2af",
        "Name": "Patriot M4A1 5.56x45 carbine",
        "WeapType": "DI",
        "OperationType": "buffer",
        "WeapAccuracy": 0,
        "BaseTorque": 1,
        "HasShoulderContact": false,
        "Ergonomics": 80,
        "VerticalRecoil": 77,
        "HorizontalRecoil": 121,
        "Dispersion": 11,
        "CameraRecoil": 0.030,
        "VisualMulti": 1.10,
        "Convergence": 17,
        "RecoilAngle": 90,
        "BaseMalfunctionChance": 0.001,
        "HeatFactorGun": 0.27,
        "HeatFactorByShot": 1,
        "CoolFactorGun": 0.1,
        "CoolFactorGunMods": 1,
        "AllowOverheat": true,
        "CenterOfImpact": 0.01,
        "HipAccuracyRestorationDelay": 0.2,
        "HipAccuracyRestorationSpeed": 7,
        "HipInnaccuracyGain": 0.16,
        "ShotgunDispersion": 0,
        "Velocity": 0,
        "RecoilDamping": 0.8,
        "RecoilHandDamping": 0.6,
        "WeaponAllowADS": false,
        "Weight": 2.851,
        "DurabilityBurnRatio": 0.35,
        "AutoROF": 800,
        "SemiROF": 400,
        "LoyaltyLevel": 2,
        "BaseReloadSpeedMulti": 1,
        "BaseChamberSpeedMulti": 1.85,
        "MinChamberSpeed": 0.8,
        "MaxChamberSpeed": 2,
        "IsManuallyOperated": false,
        "BaseChamberCheckSpeed": 1.5,
        "BaseFixSpeed": 1.2,
        "OffsetRotation": 0.008,
        "RecoilIntensity": 0.165,
        "MasteryCategory": "M4"
    },
    "6683957f2e516f6146af483d": {
        "$type": "RealismMod.WeaponMod, RealismMod",
        "ItemID": "6683957f2e516f6146af483d",
        "Name": "Patriot rear sight carry handle",
        "ModType": "sight",
        "AimSpeed": 3,
        "Accuracy": 0,
        "ConflictingItems": [
            "57ac965c24597706be5f975c",
            "57aca93d2459771f2c7e26db",
            "544a3f024bdc2d1d388b4568",
            "544a3a774bdc2d3a388b4567",
            "5d2dc3e548f035404a1a4798",
            "57adff4f24597737f373b6e6",
            "5c0517910db83400232ffee5",
            "591c4efa86f7741030027726",
            "570fd79bd2720bc7458b4583",
            "570fd6c2d2720bc6458b457f",
            "558022b54bdc2dac148b458d",
            "5c07dd120db834001c39092d",
            "5c0a2cec0db834001b7ce47d",
            "58491f3324597764bc48fa02",
            "584924ec24597768f12ae244",
            "5b30b0dc5acfc400153b7124",
            "6165ac8c290d254f5e6b2f6c",
            "60a23797a37c940de7062d02",
            "5d2da1e948f035477b1ce2ba",
            "5c0505e00db834001b735073",
            "609a63b6e2ff132951242d09",
            "584984812459776a704a82a6",
            "59f9d81586f7744c7506ee62",
            "570fd721d2720bc5458b4596",
            "5dff772da3651922b360bf91",
            "56ea70acd2720b844b8b4594",
            "5aa66be6e5b5b0214e506e97",
            "5dfe6104585a0c3e995c7b82",
            "5d1b5e94d7ad1a2b865a96b0",
            "5c7d55f52e221644f31bff6a",
            "616584766ef05c2ce828ef57",
            "5b3b6dc75acfc47a8773fb1e",
            "5b2389515acfc4771e1be0c0",
            "618b9643526131765025ab35",
            "618bab21526131765025ab3f",
            "5c86592b2e2216000e69e77c",
            "5a37ca54c4a282000d72296a",
            "5d0a29fed7ad1a002769ad08",
            "5c064c400db834001d23f468",
            "57c69dd424597774c03b7bbc",
            "5b3b99265acfc4704b4a1afb",
            "5aa66a9be5b5b0214e506e89",
            "5aa66c72e5b5b00016327c93",
            "5c1cdd302e221602b3137250",
            "6171407e50224f204c1da3c5",
            "61713cc4d8e3106d9806c109",
            "5b31163c5acfc400153b71cb",
            "5a33b652c4a28232996e407c",
            "59db7eed86f77461f8380365",
            "5a1ead28fcdbcb001912fa9f",
            "5dff77c759400025ea5150cf",
            "626bb8532c923541184624b4",
            "61714b2467085e45ef140b2c"
        ],
        "Ergonomics": 0,
        "Weight": 0.251,
        "VerticalRecoil": 0,
        "HorizontalRecoil": 0,
        "LoyaltyLevel": 2,
        "Price": 0
    }
}