{
  "03f6c86c56945862820e1006": {
        "$type": "RealismMod.WeaponMod, RealismMod",
        "ItemID": "03f6c86c56945862820e1006",
        "Name": "Aimpoint CS reflex sight",
        "ModType": "sight",
        "AimSpeed": 10,
        "Accuracy": 12,
        "ConflictingItems": [],
        "Ergonomics": 0,
        "Weight": 0.391,
        "VerticalRecoil": 0,
        "HorizontalRecoil": 0,
        "LoyaltyLevel": 3
    },
    "186b5c3e8ace3d9a1343bfeb": {
        "$type": "RealismMod.WeaponMod, RealismMod",
        "ItemID": "186b5c3e8ace3d9a1343bfeb",
        "Name": "Aimpoint CS front lens cap",
        "ModType": "sight",
        "AimSpeed": 0,
        "Accuracy": 0,
        "ConflictingItems": [],
        "Ergonomics": 1,
        "Weight": 0.025,
        "VerticalRecoil": 0,
        "HorizontalRecoil": 0,
        "LoyaltyLevel": 3
    },
    "682be7bf16812803987c3715": {
        "$type": "RealismMod.WeaponMod, RealismMod",
        "ItemID": "682be7bf16812803987c3715",
        "Name": "Aimpoint CGA5P 2x telescopic sight with carryhandle",
        "ModType": "sight",
        "AimSpeed": 5,
        "Accuracy": 5,
        "ConflictingItems": [],
        "Ergonomics": 0,
        "Weight": 0.495,
        "VerticalRecoil": 0,
        "HorizontalRecoil": 0,
        "LoyaltyLevel": 3
    },
    "2322ee962f6c77a1284abc1e": {
        "$type": "RealismMod.WeaponMod, RealismMod",
        "ItemID": "2322ee962f6c77a1284abc1e",
        "Name": "BAE Systems SUSAT 4x32 scope",
        "ModType": "sight",
        "AimSpeed": 3,
        "Accuracy": 1,
        "ConflictingItems": [],
        "Ergonomics": -2,
        "Weight": 0.417,
        "VerticalRecoil": 0,
        "HorizontalRecoil": 0,
        "LoyaltyLevel": 2
    },
    "5ae3d18efa17cbd51e898ced": {
        "$type": "RealismMod.WeaponMod, RealismMod",
        "ItemID": "5ae3d18efa17cbd51e898ced",
        "Name": "ITL MARS reflex sight",
        "ModType": "sight",
        "AimSpeed": 11,
        "Accuracy": 12,
        "ConflictingItems": [],
        "Ergonomics": 0,
        "Weight": 0.430,
        "VerticalRecoil": 0,
        "HorizontalRecoil": 0,
        "LoyaltyLevel": 4
    },
    "66ba253030ea88abba95c7ed": {
        "$type": "RealismMod.WeaponMod, RealismMod",
        "ItemID": "66ba253030ea88abba95c7ed",
        "Name": "B5 Systems P-Grip 23 AR-15 pistol grip",
        "ModType": "",
        "VerticalRecoil": 0,
        "HorizontalRecoil": 0,
        "Dispersion": 0,
        "AimSpeed": 0,
        "Ergonomics": 4.5,
        "Accuracy": 1,
        "ConflictingItems": [],
        "Weight": 0.07,
        "LoyaltyLevel": 3,
        "AimStability": 5
    },
    "66ba25755bd539b9238365b0": {
        "$type": "RealismMod.WeaponMod, RealismMod",
        "ItemID": "66ba25755bd539b9238365b0",
        "Name": "B5 Systems P-Grip 23 AR-15 pistol grip FDE",
        "ModType": "",
        "VerticalRecoil": 0,
        "HorizontalRecoil": 0,
        "Dispersion": 0,
        "AimSpeed": 0,
        "Ergonomics": 4.5,
        "Accuracy": 1,
        "ConflictingItems": [],
        "Weight": 0.07,
        "LoyaltyLevel": 3,
        "AimStability": 5
    },
    "668070f11aff0d6b0cd7fb13": {
        "$type": "RealismMod.WeaponMod, RealismMod",
        "ItemID": "668070f11aff0d6b0cd7fb13",
        "Name": "HK Sturmgriff foregrip (Black)",
        "ModType": "",
        "VerticalRecoil": -2.5,
        "HorizontalRecoil": -1,
        "Dispersion": 0,
        "AimSpeed": 0,
        "Ergonomics": 4,
        "Accuracy": 0,
        "ConflictingItems": [],
        "Weight": 0.068,
        "LoyaltyLevel": 2,
        "Handling": 6
    },
    "682d014f0f0eb62eb4269012": {
        "$type": "RealismMod.WeaponMod, RealismMod",
        "ItemID": "682d014f0f0eb62eb4269012",
        "Name": "TangoDown vertical foregrip (OD)",
        "ModType": "",
        "VerticalRecoil": -2.5,
        "HorizontalRecoil": -1,
        "Dispersion": 0,
        "AimSpeed": 0,
        "Ergonomics": 4,
        "Accuracy": 0,
        "ConflictingItems": [],
        "Weight": 0.068,
        "LoyaltyLevel": 2,
        "Handling": 6
    },
    "664b9a705538c7da4f026f22": {
        "$type": "RealismMod.WeaponMod, RealismMod",
        "ItemID": "664b9a705538c7da4f026f22",
        "Name": "OSS 7.62x51 QD Muzzle Brake",
        "ModType": "",
        "VerticalRecoil": 0,
        "HorizontalRecoil": -16,
        "Dispersion": -14,
        "CameraRecoil": 0,
        "AutoROF": 0,
        "SemiROF": 0,
        "ModMalfunctionChance": 0,
        "CanCycleSubs": false,
        "Accuracy": 0,
        "HeatFactor": 1,
        "CoolFactor": 1,
        "DurabilityBurnModificator": 1,
        "Velocity": 0,
        "RecoilAngle": 0,
        "ConflictingItems": [],
        "Ergonomics": 0,
        "Weight": 0.102,
        "Loudness": 35,
        "Convergence": 8,
        "LoyaltyLevel": 4,
        "Flash": 17
    },
    "664b9a4798222d80ce536df6": {
        "$type": "RealismMod.WeaponMod, RealismMod",
        "ItemID": "664b9a4798222d80ce536df6",
        "Name": "OSS Helix QD 7.62x51 sound suppressor",
        "ModType": "",
        "VerticalRecoil": 0,
        "HorizontalRecoil": -3,
        "Dispersion": -4,
        "CameraRecoil": -7,
        "AutoROF": 1.5,
        "SemiROF": 1.5,
        "ModMalfunctionChance": -15,
        "CanCycleSubs": false,
        "Accuracy": -8,
        "HeatFactor": 1.135,
        "CoolFactor": 1.04,
        "DurabilityBurnModificator": 1.15,
        "Velocity": 0.82,
        "RecoilAngle": 0,
        "ConflictingItems": [],
        "Ergonomics": 0,
        "Weight": 0.335,
        "Loudness": -41,
        "Convergence": 0,
        "LoyaltyLevel": 4,
        "Flash": 7
    },
    "666102ef2d367ec85ddd2030": {
        "$type": "RealismMod.WeaponMod, RealismMod",
        "ItemID": "666102ef2d367ec85ddd2030",
        "Name": "Gemtech Tundra 9x19 sound suppressor",
        "ModType": "",
        "VerticalRecoil": -1,
        "HorizontalRecoil": -5,
        "Dispersion": -4,
        "CameraRecoil": -6,
        "AutoROF": 0,
        "SemiROF": 0,
        "ModMalfunctionChance": 0,
        "CanCycleSubs": false,
        "Accuracy": 5,
        "HeatFactor": 1.16,
        "CoolFactor": 1.04,
        "DurabilityBurnModificator": 1.2,
        "Velocity": 1.23,
        "RecoilAngle": 0,
        "ConflictingItems": [],
        "Ergonomics": 0,
        "Weight": 0.203,
        "Loudness": -20,
        "Convergence": 0,
        "LoyaltyLevel": 4,
        "Flash": 12
    },
    "66ba297b859e57cf91e38a5d": {
        "$type": "RealismMod.WeaponMod, RealismMod",
        "ItemID": "66ba297b859e57cf91e38a5d",
        "Name": "Magpul MBUS Gen3 flip-up rear sight",
        "ModType": "sight",
        "AimSpeed": 0,
        "Accuracy": 0,
        "ConflictingItems": [],
        "Ergonomics": 0,
        "Weight": 0.035,
        "VerticalRecoil": 0,
        "HorizontalRecoil": 0,
        "LoyaltyLevel": 3
    },
    "66ba2a6be18ed84221edd72d": {
        "$type": "RealismMod.WeaponMod, RealismMod",
        "ItemID": "66ba2a6be18ed84221edd72d",
        "Name": "Magpul MBUS Gen3 flip-up rear sight",
        "ModType": "sight",
        "AimSpeed": 0,
        "Accuracy": 0,
        "ConflictingItems": [],
        "Ergonomics": 0,
        "Weight": 0.035,
        "VerticalRecoil": 0,
        "HorizontalRecoil": 0,
        "LoyaltyLevel": 3
    },
    "66ba29d44744d98a4df0073b": {
        "$type": "RealismMod.WeaponMod, RealismMod",
        "ItemID": "66ba29d44744d98a4df0073b",
        "Name": "Magpul MBUS Gen3 flip-up rear sight",
        "ModType": "sight",
        "AimSpeed": 0,
        "Accuracy": 0,
        "ConflictingItems": [],
        "Ergonomics": 0,
        "Weight": 0.035,
        "VerticalRecoil": 0,
        "HorizontalRecoil": 0,
        "LoyaltyLevel": 3
    }
}
