{
                "68433b58a8f9a618b11082d4": {
                "$type": "RealismMod.Gun, RealismMod",
                "ItemID": "68433b58a8f9a618b11082d4",
                "Name": "HK UCP 4.6x30 pistol",
                "WeapType": "pistol",
                "OperationType": "",
                "WeapAccuracy": 0,
                "BaseTorque": 0,
                "HasShoulderContact": false,
                "Ergonomics": 80,
                "VerticalRecoil": 460,
                "HorizontalRecoil": 235,
                "Dispersion": 12,
                "CameraRecoil": 0.003,
                "VisualMulti": 2,
                "Convergence": 17,
                "RecoilAngle": 92,
                "BaseMalfunctionChance": 0.0008,
                "HeatFactorGun": 0.2,
                "HeatFactorByShot": 1,
                "CoolFactorGun": 0.1,
                "CoolFactorGunMods": 1,
                "AllowOverheat": true,
                "CenterOfImpact": 0,
                "HipAccuracyRestorationDelay": 0.2,
                "HipAccuracyRestorationSpeed": 7,
                "HipInnaccuracyGain": 0.16,
                "ShotgunDispersion": 10,
                "Velocity": 0,
                "RecoilDamping": 0.77,
                "RecoilHandDamping": 0.45,
                "WeaponAllowADS": false,
                "Weight": 0.222,
                "DurabilityBurnRatio": 0.04,
                "AutoROF": 30,
                "SemiROF": 380,
                "LoyaltyLevel": 4,
                "BaseReloadSpeedMulti": 1.1,
                "BaseChamberSpeedMulti": 1,
                "MinChamberSpeed": 0.8,
                "MaxChamberSpeed": 1.5,
                "IsManuallyOperated": false,
                "BaseChamberCheckSpeed": 1,
                "BaseFixSpeed": 1,
                "OffsetRotation": 0.01,
                "RecoilIntensity": 0.30,
                "MasteryCategory": "P226"
        },
	"6843749a0fba658861377651": {
                "$type": "RealismMod.WeaponMod, RealismMod",
                "ItemID": "6843749a0fba658861377651",
                "Name": "HK UCP 4.6x30 5.1 inch barrel",
                "ModType": "",
                "VerticalRecoil": 0,
                "HorizontalRecoil": 0,
                "AutoROF": 0,
                "SemiROF": 0,
                "ModMalfunctionChance": 0,
                "Convergence": 0,
                "Accuracy": 0,
                "CenterOfImpact": 0.08,
                "HeatFactor": 1.1,
                "CoolFactor": 1.15,
                "DurabilityBurnModificator": 1,
                "Velocity": -8.5,
                "ConflictingItems": [],
                "Ergonomics": 0,
                "Weight": 0.122,
                "ShotgunDispersion": 1,
                "Loudness": 0,
                "LoyaltyLevel": 4
        },
        "6843749dcc3ddb0f04d2455c": {
                "$type": "RealismMod.WeaponMod, RealismMod",
                "ItemID": "6843749dcc3ddb0f04d2455c",
                "Name": "HK UCP 4.6x30mm threaded pistol barrel",
                "ModType": "",
                "VerticalRecoil": 0,
                "HorizontalRecoil": 0,
                "AutoROF": 0,
                "SemiROF": 0,
                "ModMalfunctionChance": 0,
                "Convergence": 0,
                "Accuracy": 0,
                "CenterOfImpact": 0.08,
                "HeatFactor": 1.1,
                "CoolFactor": 1.15,
                "DurabilityBurnModificator": 1,
                "Velocity": -8.5,
                "ConflictingItems": [],
                "Ergonomics": 0,
                "Weight": 0.131,
                "ShotgunDispersion": 1,
                "Loudness": 0,
                "LoyaltyLevel": 4
        },
        "684388df68faf2369eeba68f": {
                "$type": "RealismMod.WeaponMod, RealismMod",
                "ItemID": "684388df68faf2369eeba68f",
                "Name": "HK UCP tactical 4.6x30 sound suppressor",
                "ModType": "",
                "VerticalRecoil": 0,
                "HorizontalRecoil": -3,
                "Dispersion": -10,
                "CameraRecoil": -15,
                "AutoROF": 0.75,
                "SemiROF": 0.75,
                "ModMalfunctionChance": -8,
                "CanCycleSubs": false,
                "Accuracy": 11,
                "HeatFactor": 1.13,
                "CoolFactor": 1,
                "DurabilityBurnModificator": 1.1,
                "Velocity": 0.21,
                "RecoilAngle": 0,
                "ConflictingItems": [],
                "Ergonomics": 0,
                "Weight": 0.15,
                "Loudness": -27,
                "Convergence": 0,
                "LoyaltyLevel": 4,
                "Flash": 15
        },
        "684374be10b9487f8bd998cc": {
                "$type": "RealismMod.WeaponMod, RealismMod",
                "ItemID": "684374be10b9487f8bd998cc",
                "Name": "HK UCP custom 4.6x30 compensator",
                "ModType": "",
                "VerticalRecoil": 0,
                "HorizontalRecoil": 0,
                "Dispersion": -20,
                "CameraRecoil": 0,
                "AutoROF": -2.5,
                "SemiROF": -2.5,
                "ModMalfunctionChance": 0,
                "CanCycleSubs": false,
                "Accuracy": 0,
                "HeatFactor": 1,
                "CoolFactor": 1,
                "DurabilityBurnModificator": 1,
                "Velocity": 2,
                "RecoilAngle": 0,
                "ConflictingItems": [],
                "Ergonomics": 0,
                "Weight": 0.036,
                "Loudness": 30,
                "Convergence": 12.5,
                "LoyaltyLevel": 4,
                "Flash": 32
        },
        "68433b836de7d8ce99c642c6": {
                "$type": "RealismMod.WeaponMod, RealismMod",
                "ItemID": "68433b836de7d8ce99c642c6",
                "Name": "HK UCP 4.6x30 20-round magazine",
                "ModType": "",
                "ReloadSpeed": 0,
                "Ergonomics": 0,
                "MalfunctionChance": 0.1,
                "LoadUnloadModifier": -10,
                "CheckTimeModifier": -20,
                "ConflictingItems": [],
                "Weight": 0.124,
                "VerticalRecoil": 0,
                "HorizontalRecoil": 0,
                "LoyaltyLevel": 4
        }
}