{
  "6657bc8faeddd6b0a9b40224": {
    "$type": "RealismMod.Gun, RealismMod",
    "ItemID": "6657bc8faeddd6b0a9b40224",
    "Name": "SVD 7.62x54R sniper rifle",
    "WeapType": "",
    "OperationType": "",
    "WeapAccuracy": 0,
    "BaseTorque": 0,
    "HasShoulderContact": false,
    "Ergonomics": 80,
    "VerticalRecoil": 110,
    "HorizontalRecoil": 195,
    "Dispersion": 4,
    "CameraRecoil": 0.07,
    "VisualMulti": 1.1,
    "Convergence": 9.6,
    "RecoilAngle": 90,
    "BaseMalfunctionChance": 0.004,
    "HeatFactorGun": 0.35,
    "HeatFactorByShot": 1,
    "CoolFactorGun": 0.1,
    "CoolFactorGunMods": 1,
    "AllowOverheat": true,
    "CenterOfImpact": 0,
    "HipAccuracyRestorationDelay": 0.2,
    "HipAccuracyRestorationSpeed": 7,
    "HipInnaccuracyGain": 0.16,
    "ShotgunDispersion": 0,
    "Velocity": 0,
    "RecoilDamping": 0.86,
    "RecoilHandDamping": 0.4,
    "WeaponAllowADS": false,
    "Weight": 1.52,
    "DurabilityBurnRatio": 0.25,
    "AutoROF": 700,
    "SemiROF": 365,
    "LoyaltyLevel": 4,
    "BaseReloadSpeedMulti": 1.15,
    "BaseChamberSpeedMulti": 1.15,
    "MinChamberSpeed": 0.7,
    "MaxChamberSpeed": 1.9,
    "IsManuallyOperated": false,
    "BaseChamberCheckSpeed": 1.7,
    "BaseFixSpeed": 1.7,
    "OffsetRotation": 0.01,
    "RecoilIntensity": 0.23,
    "MasteryCategory": "AKM"
  },
  "6657bd4d3a4d6e7c33fd2fdc": {
    "$type": "RealismMod.Gun, RealismMod",
    "ItemID": "6657bd4d3a4d6e7c33fd2fdc",
    "Name": "SVD 7.62x54R sniper rifle (Camo)",
    "WeapType": "",
    "OperationType": "",
    "WeapAccuracy": 0,
    "BaseTorque": 0,
    "HasShoulderContact": false,
    "Ergonomics": 80,
    "VerticalRecoil": 110,
    "HorizontalRecoil": 195,
    "Dispersion": 4,
    "CameraRecoil": 0.07,
    "VisualMulti": 1.1,
    "Convergence": 9.6,
    "RecoilAngle": 90,
    "BaseMalfunctionChance": 0.004,
    "HeatFactorGun": 0.35,
    "HeatFactorByShot": 1,
    "CoolFactorGun": 0.1,
    "CoolFactorGunMods": 1,
    "AllowOverheat": true,
    "CenterOfImpact": 0,
    "HipAccuracyRestorationDelay": 0.2,
    "HipAccuracyRestorationSpeed": 7,
    "HipInnaccuracyGain": 0.16,
    "ShotgunDispersion": 0,
    "Velocity": 0,
    "RecoilDamping": 0.86,
    "RecoilHandDamping": 0.4,
    "WeaponAllowADS": false,
    "Weight": 1.52,
    "DurabilityBurnRatio": 0.25,
    "AutoROF": 700,
    "SemiROF": 365,
    "LoyaltyLevel": 4,
    "BaseReloadSpeedMulti": 1.15,
    "BaseChamberSpeedMulti": 1.15,
    "MinChamberSpeed": 0.7,
    "MaxChamberSpeed": 1.9,
    "IsManuallyOperated": false,
    "BaseChamberCheckSpeed": 1.7,
    "BaseFixSpeed": 1.7,
    "OffsetRotation": 0.01,
    "RecoilIntensity": 0.23,
    "MasteryCategory": "AKM"
  },
    "6657be2ae0a6ff466db575de": {
    "$type": "RealismMod.WeaponMod, RealismMod",
    "ItemID": "6657be2ae0a6ff466db575de",
    "Name": "SVD 7.62x54R 10-round magazine (Camo)",
    "ModType": "",
    "ReloadSpeed": 0,
    "Ergonomics": 0,
    "MagMalfunctionChance": 0,
    "LoadUnloadModifier": -15,
    "CheckTimeModifier": -15,
    "ConflictingItems": [],
    "Weight": 0.112,
    "VerticalRecoil": 0,
    "HorizontalRecoil": 0,
    "LoyaltyLevel": 2,
    "Price": 0
  },
  "6657be33ed0d0e6d65f1ba00": {
    "$type": "RealismMod.WeaponMod, RealismMod",
    "ItemID": "6657be33ed0d0e6d65f1ba00",
    "Name": "OmniTech Systems polymer SVD 10-round magazine",
    "ModType": "",
    "ReloadSpeed": 0,
    "Ergonomics": 0,
    "MagMalfunctionChance": 0,
    "LoadUnloadModifier": -15,
    "CheckTimeModifier": -15,
    "ConflictingItems": [],
    "Weight": 0.098,
    "VerticalRecoil": 0,
    "HorizontalRecoil": 0,
    "LoyaltyLevel": 3,
    "Price": 0
  },
  "6657be3d8876d16a5866f413": {
    "$type": "RealismMod.WeaponMod, RealismMod",
    "ItemID": "6657be3d8876d16a5866f413",
    "Name": "OmniTech Systems SVD 25-Round Polymer Magazine",
    "ModType": "",
    "ReloadSpeed": -5,
    "Ergonomics": 0,
    "MagMalfunctionChance": 0,
    "LoadUnloadModifier": 0,
    "CheckTimeModifier": 0,
    "ConflictingItems": [],
    "Weight": 0.123,
    "VerticalRecoil": 0,
    "HorizontalRecoil": 0,
    "LoyaltyLevel": 4,
    "Price": 0
  },
  "6657bd663a5a69b08786fecc": {
    "$type": "RealismMod.WeaponMod, RealismMod",
    "ItemID": "6657bd663a5a69b08786fecc",
    "Name": "SVD wooden handguard",
    "ModType": "",
    "VerticalRecoil": 2,
    "HorizontalRecoil": 1,
    "Dispersion": 1,
    "AimSpeed": 0,
    "Ergonomics": 7,
    "Accuracy": -10,
    "HeatFactor": 0.994,
    "CoolFactor": 1.008,
    "ConflictingItems": [],
    "Weight": 0.25,
    "LoyaltyLevel": 2,
    "Price": 0
  },
  "6657bd80a635c01603bd9ef7": {
    "$type": "RealismMod.WeaponMod, RealismMod",
    "ItemID": "6657bd80a635c01603bd9ef7",
    "Name": "SVD Camo Handguard",
    "ModType": "",
    "VerticalRecoil": 2,
    "HorizontalRecoil": 1,
    "Dispersion": 1,
    "AimSpeed": 0,
    "Ergonomics": 6,
    "Accuracy": -10,
    "HeatFactor": 0.994,
    "CoolFactor": 1.008,
    "ConflictingItems": [],
    "Weight": 0.281,
    "LoyaltyLevel": 3,
    "Price": 0
  },
  "6657bd891b74ff27b6a64fae": {
    "$type": "RealismMod.WeaponMod, RealismMod",
    "ItemID": "6657bd891b74ff27b6a64fae",
    "Name": "SVD ghillie handguard",
    "ModType": "",
    "VerticalRecoil": 2,
    "HorizontalRecoil": 1,
    "Dispersion": 1,
    "AimSpeed": 0,
    "Ergonomics": 5,
    "Accuracy": -10,
    "HeatFactor": 0.994,
    "CoolFactor": 0.98,
    "ConflictingItems": [],
    "Weight": 0.35,
    "LoyaltyLevel": 4,
    "Price": 0
  },
  "6657bd29491b4baa8790dd91": {
    "$type": "RealismMod.WeaponMod, RealismMod",
    "ItemID": "6657bd29491b4baa8790dd91",
    "Name": "SVD Wooden Stock",
    "ModType": "Stock",
    "VerticalRecoil": -2,
    "HorizontalRecoil": 7,
    "Dispersion": 2,
    "CameraRecoil": 2,
    "AimSpeed": 0,
    "Ergonomics": 5,
    "Accuracy": 3,
    "HasShoulderContact": true,
    "BlocksFolding": false,
    "AutoROF": 0,
    "SemiROF": 0,
    "ModMalfunctionChance": 0,
    "StockAllowADS": false,
    "ConflictingItems": [],
    "Weight": 0.65,
    "LoyaltyLevel": 2,
    "Price": 0
  },
  "6657bd990e17e7fb2bab32e6": {
    "$type": "RealismMod.WeaponMod, RealismMod",
    "ItemID": "6657bd990e17e7fb2bab32e6",
    "Name": "SVD polymer marksman stock",
    "ModType": "Stock",
    "VerticalRecoil": -2,
    "HorizontalRecoil": 7,
    "Dispersion": 2,
    "CameraRecoil": 2,
    "AimSpeed": 0,
    "Ergonomics": 3,
    "Accuracy": 3,
    "HasShoulderContact": true,
    "BlocksFolding": false,
    "AutoROF": 0,
    "SemiROF": 0,
    "ModMalfunctionChance": 0,
    "StockAllowADS": false,
    "ConflictingItems": [],
    "Weight": 0.55,
    "LoyaltyLevel": 3,
    "Price": 0
  },
  "6657bda8ebfed767215c15d4": {
    "$type": "RealismMod.WeaponMod, RealismMod",
    "ItemID": "6657bda8ebfed767215c15d4",
    "Name": "SVD polymer marksman stock (Green)",
    "ModType": "Stock",
    "VerticalRecoil": -2,
    "HorizontalRecoil": 7,
    "Dispersion": 2,
    "CameraRecoil": 2,
    "AimSpeed": 0,
    "Ergonomics": 3,
    "Accuracy": 3,
    "HasShoulderContact": true,
    "BlocksFolding": false,
    "AutoROF": 0,
    "SemiROF": 0,
    "ModMalfunctionChance": 0,
    "StockAllowADS": false,
    "ConflictingItems": [],
    "Weight": 0.55,
    "LoyaltyLevel": 3,
    "Price": 0
  },
  "6657bdb47618210e20db4064": {
    "$type": "RealismMod.WeaponMod, RealismMod",
    "ItemID": "6657bdb47618210e20db4064",
    "Name": "SVD buffer tube adapter system",
    "ModType": "buffer_adapter",
    "VerticalRecoil": 0,
    "HorizontalRecoil": 0,
    "Dispersion": 0,
    "CameraRecoil": 0,
    "AimSpeed": 0,
    "Ergonomics": 0,
    "Accuracy": 0,
    "HasShoulderContact": false,
    "BlocksFolding": false,
    "AutoROF": 0,
    "SemiROF": 0,
    "ModMalfunctionChance": 0,
    "StockAllowADS": false,
    "ConflictingItems": [],
    "Weight": 0.4,
    "LoyaltyLevel": 3,
    "Price": 0
  },
  "6657bdc55b6dea8c9e65dc93": {
    "$type": "RealismMod.WeaponMod, RealismMod",
    "ItemID": "6657bdc55b6dea8c9e65dc93",
    "Name": "SVD carbine length barrel",
    "ModType": "",
    "VerticalRecoil": 0,
    "HorizontalRecoil": 8,
    "AutoROF": 2,
    "SemiROF": 1,
    "ModMalfunctionChance": 0,
    "Convergence": 0,
    "Accuracy": 0,
    "CenterOfImpact": 0.062,
    "HeatFactor": 0.95,
    "CoolFactor": 0.85,
    "DurabilityBurnModificator": 1,
    "Velocity": -4,
    "ConflictingItems": [],
    "Ergonomics": 0,
    "Weight": 0.62,
    "ShotgunDispersion": 1,
    "Loudness": 0,
    "LoyaltyLevel": 0,
    "Price": 0
  },
  "6657bdd3ceb56099bc50c188": {
    "$type": "RealismMod.WeaponMod, RealismMod",
    "ItemID": "6657bdd3ceb56099bc50c188",
    "Name": "SVD Custom 3-Port Muzzle Brake",
    "ModType": "",
    "VerticalRecoil": -7,
    "HorizontalRecoil": -17,
    "Dispersion": -13,
    "CameraRecoil": -22,
    "AutoROF": 0,
    "SemiROF": 0,
    "ModMalfunctionChance": 0,
    "CanCycleSubs": false,
    "Accuracy": 0,
    "HeatFactor": 1,
    "CoolFactor": 1,
    "DurabilityBurnModificator": 1,
    "Velocity": 0,
    "RecoilAngle": 0,
    "ConflictingItems": [],
    "Ergonomics": 0,
    "Weight": 0.084,
    "Loudness": 35,
    "Convergence": 3,
    "LoyaltyLevel": 3,
    "Price": 0
  },
  "6657bdde5fb53ba8b0657bd6": {
    "$type": "RealismMod.WeaponMod, RealismMod",
    "ItemID": "6657bdde5fb53ba8b0657bd6",
    "Name": "SVD Custom 2-Port Muzzle Brake",
    "ModType": "",
    "VerticalRecoil": -18,
    "HorizontalRecoil": -3,
    "Dispersion": -10,
    "CameraRecoil": -24,
    "AutoROF": 0,
    "SemiROF": 0,
    "ModMalfunctionChance": 0,
    "CanCycleSubs": false,
    "Accuracy": 0,
    "HeatFactor": 1,
    "CoolFactor": 1,
    "DurabilityBurnModificator": 1,
    "Velocity": 0,
    "RecoilAngle": 0,
    "ConflictingItems": [],
    "Ergonomics": 0,
    "Weight": 0.081,
    "Loudness": 16,
    "Convergence": 0,
    "LoyaltyLevel": 2,
    "Price": 0
  },
  "6657bde9e47c756d6b149a5b": {
    "$type": "RealismMod.WeaponMod, RealismMod",
    "ItemID": "6657bde9e47c756d6b149a5b",
    "Name": "SVD 7.62x54R Flash Hider",
    "ModType": "",
    "VerticalRecoil": -2,
    "HorizontalRecoil": -4,
    "Dispersion": -8,
    "CameraRecoil": -4,
    "AutoROF": 0,
    "SemiROF": 0,
    "ModMalfunctionChance": 0,
    "CanCycleSubs": false,
    "Accuracy": 0,
    "HeatFactor": 1,
    "CoolFactor": 1,
    "DurabilityBurnModificator": 1,
    "Velocity": 0,
    "RecoilAngle": 0,
    "ConflictingItems": [],
    "Ergonomics": 0,
    "Weight": 0.08,
    "Loudness": 8,
    "Convergence": 0,
    "LoyaltyLevel": 2,
    "Price": 0
  },
  "6657be1f9014a9663b39bc4b": {
    "$type": "RealismMod.WeaponMod, RealismMod",
    "ItemID": "6657be1f9014a9663b39bc4b",
    "Name": "SVD dust cover (Camo)",
    "ModType": "",
    "ModMalfunctionChance": 0,
    "Accuracy": 0,
    "HeatFactor": 1,
    "CoolFactor": 1,
    "DurabilityBurnModificator": 0.95,
    "ConflictingItems": [],
    "Ergonomics": 0,
    "Weight": 0.088,
    "VerticalRecoil": 0,
    "HorizontalRecoil": 0,
    "ChamberSpeed": 0,
    "LoyaltyLevel": 2,
    "Price": 0
  }
}
