{
    "68a3836826dffa87b5767c04": {
        "$type": "RealismMod.Gun, RealismMod",
        "ItemID": "68a3836826dffa87b5767c04",
        "Name": "Accuracy International AXMC .300 Winchester Magnum bolt-action sniper rifle",
        "WeapType": "",
        "OperationType": "manual",
        "WeapAccuracy": 0,
        "BaseTorque": 0,
        "HasShoulderContact": false,
        "Ergonomics": 80,
        "VerticalRecoil": 170,
        "HorizontalRecoil": 645,
        "Dispersion": 5,
        "CameraRecoil": 0.15,
        "VisualMulti": 1.3,
        "Convergence": 3.5,
        "RecoilAngle": 74,
        "BaseMalfunctionChance": 0.0005,
        "HeatFactorGun": 1.8,
        "HeatFactorByShot": 1,
        "CoolFactorGun": 0.1,
        "CoolFactorGunMods": 1,
        "AllowOverheat": true,
        "CenterOfImpact": 0.011,
        "HipAccuracyRestorationDelay": 0.2,
        "HipAccuracyRestorationSpeed": 7,
        "HipInnaccuracyGain": 0.16,
        "ShotgunDispersion": 0,
        "Velocity": 0,
        "RecoilDamping": 0.82,
        "RecoilHandDamping": 0.41,
        "WeaponAllowADS": false,
        "Weight": 0.55,
        "DurabilityBurnRatio": 1.2,
        "AutoROF": 30,
        "SemiROF": 450,
        "LoyaltyLevel": 4,
        "BaseReloadSpeedMulti": 1.12,
        "BaseChamberSpeedMulti": 1,
        "MinChamberSpeed": 0.6,
        "MaxChamberSpeed": 0.8,
        "IsManuallyOperated": true,
        "BaseChamberCheckSpeed": 1.6,
        "BaseFixSpeed": 1.6,
        "OffsetRotation": 0.01,
        "RecoilIntensity": 0.27,
        "RecoilCenter": {
            "x": 0,
            "y": -0.3,
            "z": 0
        },
        "MasteryCategory":"SV98"
    },
    "68a397372b4bebb5474a0bb2": {
        "$type": "RealismMod.WeaponMod, RealismMod",
        "ItemID": "68a397372b4bebb5474a0bb2",
        "Name": "AI AXMC upper receiver (.300WM)",
        "ModType": "",
        "ModMalfunctionChance": 0,
        "Accuracy": 0,
        "HeatFactor": 0.989,
        "CoolFactor": 1.01,
        "DurabilityBurnModificator": 1,
        "ConflictingItems": [],
        "Ergonomics": 0,
        "Weight": 0.38,
        "VerticalRecoil": 0,
        "HorizontalRecoil": 0,
        "ChamberSpeed": 0,
        "LoyaltyLevel": 4
    },
    "68a395a145790fc8225720d3": {
        "$type": "RealismMod.WeaponMod, RealismMod",
        "ItemID": "68a395a145790fc8225720d3",
        "Name": "AI AXMC .338 LM chassis (Black)",
        "ModType": "",
        "ModMalfunctionChance": 0,
        "Accuracy": 0,
        "HeatFactor": 0.989,
        "CoolFactor": 1.01,
        "DurabilityBurnModificator": 1,
        "ConflictingItems": [],
        "Ergonomics": 0,
        "Weight": 0.31,
        "VerticalRecoil": 0,
        "HorizontalRecoil": 0,
        "ChamberSpeed": 0,
        "LoyaltyLevel": 4
    },
    "68a38a4e1586e6d768c4730b": {
        "$type": "RealismMod.WeaponMod, RealismMod",
        "ItemID": "68a38a4e1586e6d768c4730b",
        "Name": "AI AXMC AX buttstock (Black)",
        "ModType": "Stock",
        "VerticalRecoil": 0,
        "HorizontalRecoil": -15,
        "Dispersion": -10,
        "CameraRecoil": -19,
        "AimSpeed": 0,
        "Ergonomics": 15,
        "Accuracy": 9,
        "HasShoulderContact": true,
        "BlocksFolding": false,
        "AutoROF": 0,
        "SemiROF": 0,
        "ModMalfunctionChance": 0,
        "StockAllowADS": false,
        "ConflictingItems": [],
        "Weight": 0.52,
        "LoyaltyLevel": 2,
        "AimStability": 36.5
    },
    "68a3985b0d24229aa6cecad1": {
        "$type": "RealismMod.WeaponMod, RealismMod",
        "ItemID": "68a3985b0d24229aa6cecad1",
        "Name": "AI AXMC GTAC AR-type pistol grip adapter (Black)",
        "ModType": "",
        "VerticalRecoil": 0,
        "HorizontalRecoil": 0,
        "Dispersion": 0,
        "CameraRecoil": 0,
        "AimSpeed": 0,
        "Ergonomics": 0,
        "Accuracy": 0,
        "HasShoulderContact": false,
        "BlocksFolding": false,
        "AutoROF": 0,
        "SemiROF": 0,
        "ModMalfunctionChance": 0,
        "StockAllowADS": false,
        "ConflictingItems": [],
        "Weight": 0.15,
        "LoyaltyLevel": 2
    },
    "68a389b483e34ba38a2b51ac": {
        "$type": "RealismMod.WeaponMod, RealismMod",
        "ItemID": "68a389b483e34ba38a2b51ac",
        "Name": "AI AXMC pistol grip (Black)",
        "ModType": "",
        "VerticalRecoil": 0,
        "HorizontalRecoil": 0,
        "Dispersion": 0,
        "CameraRecoil": 0,
        "AimSpeed": 0,
        "Ergonomics": 5,
        "Accuracy": 2,
        "HasShoulderContact": false,
        "BlocksFolding": false,
        "AutoROF": 0,
        "SemiROF": 0,
        "ModMalfunctionChance": 0,
        "StockAllowADS": false,
        "ConflictingItems": [],
        "Weight": 0.22,
        "LoyaltyLevel": 2,
        "Handling": 9.5
    },
    "68a73465322d08c3199b94ff": {
        "$type": "RealismMod.WeaponMod, RealismMod",
        "ItemID": "68a73465322d08c3199b94ff",
        "Name": "AI AXMC AT X Top Rail (Black)",
        "ModType": "mount",
        "Ergonomics": 0,
        "Accuracy": 0,
        "ConflictingItems": [],
        "Weight": 0.07,
        "LoyaltyLevel": 1
    },
    "68a73563a634aa2a969dc629": {
        "$type": "RealismMod.WeaponMod, RealismMod",
        "ItemID": "68a73563a634aa2a969dc629",
        "Name": "AI AXMC Adapter Kit medium length rail (Black)",
        "ModType": "",
        "Ergonomics": 0,
        "Accuracy": 0,
        "ConflictingItems": [],
        "Weight": 0.07,
        "LoyaltyLevel": 4
    },
    "68a73560e0b8a9d684145f83": {
        "$type": "RealismMod.WeaponMod, RealismMod",
        "ItemID": "68a73560e0b8a9d684145f83",
        "Name": "AI AXMC Adapter Kit short length rail (Black)",
        "ModType": "",
        "Ergonomics": 0,
        "Accuracy": 0,
        "ConflictingItems": [],
        "Weight": 0.065,
        "LoyaltyLevel": 4
    },
    "68a387672d70af2b1e359602": {
        "$type": "RealismMod.WeaponMod, RealismMod",
        "ItemID": "68a387672d70af2b1e359602",
        "Name": "AI AXMC .300WM 10-round magazine",
        "ModType": "",
        "ReloadSpeed": 0,
        "Ergonomics": 0,
        "MalfunctionChance": 0,
        "LoadUnloadModifier": -15,
        "CheckTimeModifier": 0,
        "ConflictingItems": [
            "62811d61578c54356d6d67ea",
            "628121651d5df4475f46a33c",
            "6281215b4fa03b6b6c35dc6c",
            "6281214c1d5df4475f46a33a",
            "5a6086ea4f39f99cd479502f",
            "5a608bf24f39f98ffc77720e",
            "58dd3ad986f77403051cba8f",
            "5e023e53d4353e3302577c4c",
            "5efb0c1bd79ff02a1f5e68d9",
            "5e023e6e34d52a55c3304f71",
            "5e023e88277cce2b522ff2b1"
        ],
        "Weight": 0.4,
        "VerticalRecoil": 0,
        "HorizontalRecoil": 0,
        "LoyaltyLevel": 3
    },
    "68a39f96b225dcbbc8387d2c": {
        "$type": "RealismMod.WeaponMod, RealismMod",
        "ItemID": "68a39f96b225dcbbc8387d2c",
        "Name": "AI AXMC AX KeySlot 16 inch handguard (Black)",
        "ModType": "",
        "VerticalRecoil": -5,
        "HorizontalRecoil": -3,
        "Dispersion": -2,
        "AimSpeed": 0,
        "Ergonomics": 15,
        "Accuracy": 15,
        "HeatFactor": 0.92,
        "CoolFactor": 1.077,
        "ConflictingItems": [],
        "Weight": 0.43,
        "LoyaltyLevel": 4,
        "Handling": 3,
        "AimStability": 8
    },
    "68a39ecf2120cea9dcf3f1df": {
        "$type": "RealismMod.WeaponMod, RealismMod",
        "ItemID": "68a39ecf2120cea9dcf3f1df",
        "Name": "AI AXMC padded handguard grip (Black)",
        "ModType": "",
        "VerticalRecoil": -1,
        "HorizontalRecoil": -1,
        "Dispersion": -1,
        "AimSpeed": 0,
        "Ergonomics": 8,
        "Accuracy": 0,
        "ConflictingItems": [],
        "Weight": 0.09,
        "LoyaltyLevel": 3,
        "AimStability": 15
    },
    "68a388b9e802bd78f8d945c6": {
        "$type": "RealismMod.WeaponMod, RealismMod",
        "ItemID": "68a388b9e802bd78f8d945c6",
        "Name": "AI AXMC .300WM bolt assembly",
        "ModType": "",
        "ReloadSpeed": 0,
        "VerticalRecoil": 0,
        "HorizontalRecoil": 0,
        "ConflictingItems": [
            "628121651d5df4475f46a33c",
            "6281215b4fa03b6b6c35dc6c",
            "6281214c1d5df4475f46a33a",
            "5a6086ea4f39f99cd479502f",
            "5a608bf24f39f98ffc77720e",
            "58dd3ad986f77403051cba8f",
            "5e023e53d4353e3302577c4c",
            "5efb0c1bd79ff02a1f5e68d9",
            "5e023e6e34d52a55c3304f71",
            "5e023e88277cce2b522ff2b1"
        ],
        "FixSpeed": 0,
        "Ergonomics": 0,
        "Weight": 0.45,
        "LoyaltyLevel": 4
    },
    "68a3862e3a5eb2bd63235d07": {
        "$type": "RealismMod.WeaponMod, RealismMod",
        "ItemID": "68a3862e3a5eb2bd63235d07",
        "Name": "AI AXMC .300WM 28 inch barrel",
        "ModType": "",
        "VerticalRecoil": 0,
        "HorizontalRecoil": 0,
        "AutoROF": 0,
        "SemiROF": 0,
        "ModMalfunctionChance": 0,
        "Convergence": 0,
        "Accuracy": 0,
        "CenterOfImpact": 0.007,
        "HeatFactor": 1.05,
        "CoolFactor": 0.94,
        "DurabilityBurnModificator": 1,
        "Velocity": 2.5,
        "ConflictingItems": [
            "5a6086ea4f39f99cd479502f",
            "5a608bf24f39f98ffc77720e",
            "58dd3ad986f77403051cba8f",
            "5e023e53d4353e3302577c4c",
            "5efb0c1bd79ff02a1f5e68d9",
            "5e023e6e34d52a55c3304f71",
            "5e023e88277cce2b522ff2b1",
            "5fc382a9d724d907e2077dab",
            "5fc275cf85fd526b824a571a",
            "5fc382b6d6fa9c00c571bbc3",
            "5fc382c1016cce60e8341b20",
            "68561ab84857b945e0ce85e9",
            "6859749fb61f50b920ae5a2a",
            "6767352b148c068905b8a911",
            "c556f40e464c7f09d4c757fc",
            "ea4cdb6fc3dd4f799eeef33e" 
        ],
        "Ergonomics": 0,
        "Weight": 1.93,
        "ShotgunDispersion": 1,
        "Loudness": 0,
        "LoyaltyLevel": 3
    }
}
