{
"0cb4a36dd2e587b46e813dbe": {
        "$type": "RealismMod.Gun, RealismMod",
        "ItemID": "0cb4a36dd2e587b46e813dbe",
        "Name": "AEK-971 5.45x39 assault rifle",
        "WeapType": "",
        "OperationType": "",
        "WeapAccuracy": 0,
        "BaseTorque": -3.8,
        "HasShoulderContact": false,
        "Ergonomics": 80,
        "VerticalRecoil": 84,
        "HorizontalRecoil": 195,
        "Dispersion": 11,
        "CameraRecoil": 0.033,
        "VisualMulti": 1.025,
        "Convergence": 15,
        "RecoilAngle": 87,
        "BaseMalfunctionChance": 0.0009,
        "HeatFactorGun": 0.2,
        "HeatFactorByShot": 1,
        "CoolFactorGun": 0.1,
        "CoolFactorGunMods": 1,
        "AllowOverheat": true,
        "CenterOfImpact": 0.042,
        "HipAccuracyRestorationDelay": 0.2,
        "HipAccuracyRestorationSpeed": 7,
        "HipInnaccuracyGain": 0.16,
        "ShotgunDispersion": 0,
        "Velocity": 0,
        "RecoilDamping": 0.81,
        "RecoilHandDamping": 0.64,
        "WeaponAllowADS": false,
        "Weight": 2.102,
        "DurabilityBurnRatio": 0.15,
        "AutoROF": 900,
        "SemiROF": 450,
        "LoyaltyLevel": 3,
        "BaseReloadSpeedMulti": 1,
        "BaseChamberSpeedMulti": 1,
        "MinChamberSpeed": 0.7,
        "MaxChamberSpeed": 1.5,
        "IsManuallyOperated": false,
        "BaseChamberCheckSpeed": 1.5,
        "BaseFixSpeed": 1.3,
        "OffsetRotation": 0.009,
        "RecoilIntensity": 0.15,
        "MasteryCategory": "AKM"
    },
    "686093d590c3dce07984c38a": {
        "$type": "RealismMod.Gun, RealismMod",
        "ItemID": "686093d590c3dce07984c38a",
        "Name": "AEK-973 7.62x39 assault rifle",
        "WeapType": "",
        "OperationType": "",
        "WeapAccuracy": 0,
        "BaseTorque": -3.7,
        "HasShoulderContact": false,
        "Ergonomics": 80,
        "VerticalRecoil": 104,
        "HorizontalRecoil": 215,
        "Dispersion": 14,
        "CameraRecoil": 0.044,
        "VisualMulti": 1.05,
        "Convergence": 12,
        "RecoilAngle": 84,
        "BaseMalfunctionChance": 0.0012,
        "HeatFactorGun": 0.18,
        "HeatFactorByShot": 1,
        "CoolFactorGun": 0.1,
        "CoolFactorGunMods": 1,
        "AllowOverheat": true,
        "CenterOfImpact": 0.01,
        "HipAccuracyRestorationDelay": 0.2,
        "HipAccuracyRestorationSpeed": 7,
        "HipInnaccuracyGain": 0.16,
        "ShotgunDispersion": 0,
        "Velocity": 0,
        "RecoilDamping": 0.86,
        "RecoilHandDamping": 0.7,
        "WeaponAllowADS": false,
        "Weight": 2.192,
        "DurabilityBurnRatio": 0.15,
        "AutoROF": 870,
        "SemiROF": 360,
        "LoyaltyLevel": 0,
        "BaseReloadSpeedMulti": 1,
        "BaseChamberSpeedMulti": 1,
        "MinChamberSpeed": 0.7,
        "MaxChamberSpeed": 1.5,
        "IsManuallyOperated": false,
        "BaseChamberCheckSpeed": 1.5,
        "BaseFixSpeed": 1.3,
        "OffsetRotation": 0.005,
        "RecoilIntensity": 0.151,
        "MasteryCategory": "AKM"
  },
    "5fef472e70dc85c1e6fb9e23": {
        "$type": "RealismMod.WeaponMod, RealismMod",
        "ItemID": "5fef472e70dc85c1e6fb9e23",
        "Name": "AEK-971 5.45x39 muzzle brake-compensator",
        "ModType": "",
        "VerticalRecoil": 0,
        "HorizontalRecoil": -12,
        "Dispersion": -13,
        "CameraRecoil": 0,
        "AutoROF": 0,
        "SemiROF": 0,
        "ModMalfunctionChance": 0,
        "CanCycleSubs": false,
        "Accuracy": 0,
        "HeatFactor": 1,
        "CoolFactor": 1,
        "DurabilityBurnModificator": 1,
        "Velocity": 0,
        "RecoilAngle": 0,
        "ConflictingItems": [],
        "Ergonomics": 0,
        "Weight": 0.076,
        "Loudness": 27,
        "Convergence": 5,
        "LoyaltyLevel": 2,
        "Flash": 10
    },
    "686095833d3bd21b2828e767": {
        "$type": "RealismMod.WeaponMod, RealismMod",
        "ItemID": "686095833d3bd21b2828e767",
        "Name": "AEK-971 5.45x39 Experimental muzzle brake-compensator",
        "ModType": "",
        "VerticalRecoil": -3,
        "HorizontalRecoil": -15,
        "Dispersion": -21,
        "CameraRecoil": 0,
        "AutoROF": 0,
        "SemiROF": 0,
        "ModMalfunctionChance": 0,
        "CanCycleSubs": false,
        "Accuracy": 0,
        "HeatFactor": 1,
        "CoolFactor": 1,
        "DurabilityBurnModificator": 1,
        "Velocity": 0,
        "RecoilAngle": 0,
        "ConflictingItems": [],
        "Ergonomics": 0,
        "Weight": 0.081,
        "Loudness": 24,
        "Convergence": 9,
        "LoyaltyLevel": 2,
        "Flash": -17
    },
    "686098acf58016f8d1da57f1": {
        "$type": "RealismMod.WeaponMod, RealismMod",
        "ItemID": "686098acf58016f8d1da57f1",
        "Name": "AEK series prototype polymer stock",
        "ModType": "Stock",
        "VerticalRecoil": -2,
        "HorizontalRecoil": -14,
        "Dispersion": 0,
        "CameraRecoil": 0,
        "AimSpeed": 0,
        "Ergonomics": 8,
        "Accuracy": 0,
        "HasShoulderContact": true,
        "BlocksFolding": false,
        "AutoROF": 0,
        "SemiROF": 0,
        "ModMalfunctionChance": 0,
        "StockAllowADS": false,
        "ConflictingItems": [],
        "Weight": 0.336,
        "LoyaltyLevel": 3,
        "Handling": 6
    },
    "686098c9e76985dada23754a": {
        "$type": "RealismMod.WeaponMod, RealismMod",
        "ItemID": "686098c9e76985dada23754a",
        "Name": "AEK series prototype polymer stock (camo)",
        "ModType": "Stock",
        "VerticalRecoil": -2,
        "HorizontalRecoil": -14,
        "Dispersion": 0,
        "CameraRecoil": 0,
        "AimSpeed": 0,
        "Ergonomics": 8,
        "Accuracy": 0,
        "HasShoulderContact": true,
        "BlocksFolding": false,
        "AutoROF": 0,
        "SemiROF": 0,
        "ModMalfunctionChance": 0,
        "StockAllowADS": false,
        "ConflictingItems": [],
        "Weight": 0.336,
        "LoyaltyLevel": 3,
        "Handling": 6
    },
    "c9dc0b769bd36d06524b9bde": {
        "$type": "RealismMod.WeaponMod, RealismMod",
        "ItemID": "c9dc0b769bd36d06524b9bde",
        "Name": "AEK series metal skeletonized stock",
        "ModType": "Stock",
        "VerticalRecoil": -1,
        "HorizontalRecoil": -12,
        "Dispersion": 0,
        "CameraRecoil": -4,
        "AimSpeed": 5,
        "Ergonomics": 10,
        "Accuracy": 0,
        "HasShoulderContact": true,
        "BlocksFolding": false,
        "AutoROF": 0,
        "SemiROF": 0,
        "ModMalfunctionChance": 0,
        "StockAllowADS": false,
        "ConflictingItems": [],
        "Weight": 0.339,
        "LoyaltyLevel": 3,
        "Price": 0,
        "Handling": 10,
        "AimStability": 5
    },
    "686099dc2ff59869ec0d7ca1": {
        "$type": "RealismMod.WeaponMod, RealismMod",
        "ItemID": "686099dc2ff59869ec0d7ca1",
        "Name": "AEK series DMR rifle stock",
        "ModType": "Stock",
        "VerticalRecoil": 0,
        "HorizontalRecoil": -12,
        "Dispersion": 0,
        "CameraRecoil": -15,
        "AimSpeed": -2,
        "Ergonomics": 7,
        "Accuracy": 2,
        "HasShoulderContact": true,
        "BlocksFolding": false,
        "AutoROF": 0,
        "SemiROF": 0,
        "ModMalfunctionChance": 0,
        "StockAllowADS": false,
        "ConflictingItems": [],
        "Weight": 0.588,
        "LoyaltyLevel": 3,
        "Price": 0,
        "Handling": 0,
        "AimStability": 15
    },
    "6860a91633cb3c5b813cd05c": {
        "$type": "RealismMod.WeaponMod, RealismMod",
        "ItemID": "6860a91633cb3c5b813cd05c",
        "Name": "AEK series PKM style rifle stock",
        "ModType": "Stock",
        "VerticalRecoil": -4,
        "HorizontalRecoil": -21,
        "Dispersion": 0,
        "CameraRecoil": -18,
        "AimSpeed": -3,
        "Ergonomics": 4,
        "Accuracy": 2,
        "HasShoulderContact": true,
        "BlocksFolding": false,
        "AutoROF": 0,
        "SemiROF": 0,
        "ModMalfunctionChance": 0,
        "StockAllowADS": false,
        "ConflictingItems": [],
        "Weight": 0.639,
        "LoyaltyLevel": 3,
        "Price": 0,
        "Handling": -2,
        "AimStability": 8
    },
    "68609a328595f9559a666233": {
        "$type": "RealismMod.WeaponMod, RealismMod",
        "ItemID": "68609a328595f9559a666233",
        "Name": "AEK series polymer pistol grip",
        "ModType": "",
        "VerticalRecoil": 0,
        "HorizontalRecoil": 0,
        "Dispersion": 0,
        "AimSpeed": 0,
        "Ergonomics": 3.5,
        "Accuracy": 0,
        "ConflictingItems": [],
        "Weight": 0.15,
        "LoyaltyLevel": 2,
        "Handling": 3
    },
    "68609c51885e2fc4ce1bad89": {
        "$type": "RealismMod.WeaponMod, RealismMod",
        "ItemID": "68609c51885e2fc4ce1bad89",
        "Name": "AEK series grooved polymer pistol grip",
        "ModType": "",
        "VerticalRecoil": 0,
        "HorizontalRecoil": 0,
        "Dispersion": 1,
        "AimSpeed": 2,
        "Ergonomics": 6,
        "Accuracy": 2,
        "ConflictingItems": [],
        "Weight": 0.15,
        "LoyaltyLevel": 3,
        "AimStability": 5,
        "Handling": 3
    },
    "68609b5b0cb4ff845fe560fd": {
        "$type": "RealismMod.WeaponMod, RealismMod",
        "ItemID": "68609b5b0cb4ff845fe560fd",
        "Name": "AEK series polymer pistol grip (camo)",
        "ModType": "",
        "VerticalRecoil": 0,
        "HorizontalRecoil": 0,
        "Dispersion": 1,
        "AimSpeed": 2,
        "Ergonomics": 6,
        "Accuracy": 2,
        "ConflictingItems": [],
        "Weight": 0.15,
        "LoyaltyLevel": 3,
        "AimStability": 5,
        "Handling": 3
    },
    "68609be0a3966c5ced08dd83": {
        "$type": "RealismMod.WeaponMod, RealismMod",
        "ItemID": "68609be0a3966c5ced08dd83",
        "Name": "AEK series ergonomic polymer pistol grip",
        "ModType": "",
        "VerticalRecoil": 0,
        "HorizontalRecoil": -1,
        "Dispersion": -5,
        "AimSpeed": 4,
        "Ergonomics": 10,
        "Accuracy": 2,
        "ConflictingItems": [],
        "Weight": 0.13,
        "LoyaltyLevel": 3,
        "AimStability": 0,
        "Handling": 10
    },
    "68609b7ffc46de766d4c1427": {
        "$type": "RealismMod.WeaponMod, RealismMod",
        "ItemID": "68609b7ffc46de766d4c1427",
        "Name": "AEK series polymer pistol grip (camo)",
        "ModType": "",
        "VerticalRecoil": 0,
        "HorizontalRecoil": 0,
        "Dispersion": 0,
        "AimSpeed": 0,
        "Ergonomics": 3.5,
        "Accuracy": 0,
        "ConflictingItems": [],
        "Weight": 0.15,
        "LoyaltyLevel": 2,
        "Handling": 3
    },
    "68609dc9fd6af45456e7d11c": {
        "$type": "RealismMod.WeaponMod, RealismMod",
        "ItemID": "68609dc9fd6af45456e7d11c",
        "Name": "AEK-971 5.45x39 front-end assembly",
        "ModType": "",
        "VerticalRecoil": -1,
        "HorizontalRecoil": -2,
        "Dispersion": -1,
        "AimSpeed": 0,
        "Ergonomics": 8.05,
        "Accuracy": 5,
        "HeatFactor": 1.023,
        "CoolFactor": 1.006,
        "ConflictingItems": [],
        "Weight": 0.367,
        "LoyaltyLevel": 0,
        "Handling": 0,
        "AimStability": 0
    },
    "6860a1263dc643331f7fac8d": {
        "$type": "RealismMod.WeaponMod, RealismMod",
        "ItemID": "6860a1263dc643331f7fac8d",
        "Name": "AEK-971 5.45x39 prototype front-end assembly",
        "ModType": "",
        "VerticalRecoil": -1,
        "HorizontalRecoil": -2,
        "Dispersion": -2,
        "AimSpeed": 1,
        "Ergonomics": 11,
        "Accuracy": 5,
        "HeatFactor": 1.023,
        "CoolFactor": 1.006,
        "ConflictingItems": [],
        "Weight": 0.375,
        "LoyaltyLevel": 0,
        "Handling": 0,
        "AimStability": 0
    },
    "68609fd8eca031127ee6038e": {
        "$type": "RealismMod.WeaponMod, RealismMod",
        "ItemID": "68609fd8eca031127ee6038e",
        "Name": "AEK-973 custom 7.62x39 front-end assembly",
        "ModType": "",
        "VerticalRecoil": -1,
        "HorizontalRecoil": -3,
        "Dispersion": -1,
        "AimSpeed": 0,
        "Ergonomics": 8.05,
        "Accuracy": 5,
        "HeatFactor": 1.023,
        "CoolFactor": 1.006,
        "ConflictingItems": [],
        "Weight": 0.377,
        "LoyaltyLevel": 0,
        "Handling": 0,
        "AimStability": 0
    },
    "6860a1c747b4a81fe5f9ae32": {
        "$type": "RealismMod.WeaponMod, RealismMod",
        "ItemID": "6860a1c747b4a81fe5f9ae32",
        "Name": "AEK-971 5.45x39 tactical front-end assembly",
        "ModType": "",
        "VerticalRecoil": -1,
        "HorizontalRecoil": -2,
        "Dispersion": -1,
        "AimSpeed": 0,
        "Ergonomics": 9.05,
        "Accuracy": 5,
        "HeatFactor": 1.023,
        "CoolFactor": 1.006,
        "ConflictingItems": [],
        "Weight": 0.367,
        "LoyaltyLevel": 0,
        "Handling": 5,
        "AimStability": 0
    },
    "6860a1bf254365b93f2b84cd": {
        "$type": "RealismMod.WeaponMod, RealismMod",
        "ItemID": "6860a1bf254365b93f2b84cd",
        "Name": "AEK-971 5.45x39 GRU front-end assembly",
        "ModType": "",
        "VerticalRecoil": -1,
        "HorizontalRecoil": -2,
        "Dispersion": -1,
        "AimSpeed": 0,
        "Ergonomics": 9.05,
        "Accuracy": 5,
        "HeatFactor": 1.023,
        "CoolFactor": 1.006,
        "ConflictingItems": [],
        "Weight": 0.367,
        "LoyaltyLevel": 0,
        "Handling": 5,
        "AimStability": 0
    },
    "686092fd52a7a52a320b81b8": {
        "$type": "RealismMod.WeaponMod, RealismMod",
        "ItemID": "686092fd52a7a52a320b81b8",
        "Name": "PBS-1N 7.62x39 experimental sound suppressor",
        "ModType": "",
        "VerticalRecoil": -5,
        "HorizontalRecoil": -14,
        "Dispersion": -3,
        "CameraRecoil": -8,
        "AutoROF": 0,
        "SemiROF": 0,
        "ModMalfunctionChance": 5,
        "CanCycleSubs": false,
        "Accuracy": 10,
        "HeatFactor": 1.14,
        "CoolFactor": 1.09,
        "DurabilityBurnModificator": 1.09,
        "Velocity": 0.93,
        "RecoilAngle": 0,
        "ConflictingItems": [],
        "Ergonomics": 0,
        "Weight": 0.558,
        "Loudness": -24,
        "Convergence": 0,
        "LoyaltyLevel": 3,
        "Flash": -15
    },
    "3777aadf41ebb6d92d108931": {
        "$type": "RealismMod.WeaponMod, RealismMod",
        "ItemID": "3777aadf41ebb6d92d108931",
        "Name": "PBS-2N 5.45x39 experimental sound suppressor",
        "ModType": "",
        "VerticalRecoil": -5,
        "HorizontalRecoil": -14,
        "Dispersion": -3,
        "CameraRecoil": -7,
        "AutoROF": 0,
        "SemiROF": 0,
        "ModMalfunctionChance": 5,
        "CanCycleSubs": false,
        "Accuracy": 10,
        "HeatFactor": 1.14,
        "CoolFactor": 1.09,
        "DurabilityBurnModificator": 1.09,
        "Velocity": 0.93,
        "RecoilAngle": 0,
        "ConflictingItems": [],
        "Ergonomics": 0,
        "Weight": 0.558,
        "Loudness": -24,
        "Convergence": 0,
        "LoyaltyLevel": 3,
        "Flash": -15
    }
}
