{
  "064a8c271a037b0c6a1b86f5": {
    "$type": "RealismMod.WeaponMod, RealismMod",
    "ItemID": "064a8c271a037b0c6a1b86f5",
    "Name": "OmniTech UMP .45 ACP 50-Round Casket Magazine",
    "ModType": "",
    "ReloadSpeed": -10,
    "Ergonomics": -1,
    "MagMalfunctionChance": 0,
    "LoadUnloadModifier": 10,
    "CheckTimeModifier": 10,
    "ConflictingItems": [],
    "Weight": 0.243,
    "VerticalRecoil": 0,
    "HorizontalRecoil": 0,
    "LoyaltyLevel": 3,
    "Price": 0
  },
  "5fa85819d2d2bfc0079e6b09": {
    "$type": "RealismMod.WeaponMod, RealismMod",
    "ItemID": "5fa85819d2d2bfc0079e6b09",
    "Name": "Armaco Industries 7.62x51mm 50-Round SCAR-H Casket Magazine",
    "ModType": "",
    "ReloadSpeed": -10,
    "Ergonomics": -2,
    "MagMalfunctionChance": 0,
    "LoadUnloadModifier": 15,
    "CheckTimeModifier": 15,
    "ConflictingItems": [],
    "Weight": 0.35,
    "VerticalRecoil": 0,
    "HorizontalRecoil": 0,
    "LoyaltyLevel": 4,
    "Price": 0
  },
  "0672adb8be2d7d5a552ab4f2": {
    "$type": "RealismMod.WeaponMod, RealismMod",
    "ItemID": "0672adb8be2d7d5a552ab4f2",
    "Name": "Glock 9x19mm 100-Round Beta Cmag",
    "ModType": "long_mag",
    "ReloadSpeed": -18,
    "Ergonomics": -6,
    "MagMalfunctionChance": 1,
    "LoadUnloadModifier": 20,
    "CheckTimeModifier": 20,
    "ConflictingItems": [],
    "Weight": 0.6,
    "VerticalRecoil": 0,
    "HorizontalRecoil": 0,
    "LoyaltyLevel": 3,
    "Price": 0
  },
  "ccab703b048be433c03a671c": {
    "$type": "RealismMod.WeaponMod, RealismMod",
    "ItemID": "ccab703b048be433c03a671c",
    "Name": "HK MG36 5.56x45 100-Round Drum Magazine",
    "ModType": "long_mag",
    "ReloadSpeed": -30,
    "Ergonomics": -6,
    "MagMalfunctionChance": 0.5,
    "LoadUnloadModifier": 35,
    "CheckTimeModifier": 35,
    "ConflictingItems": [],
    "Weight": 1.2,
    "VerticalRecoil": 0,
    "HorizontalRecoil": 0,
    "LoyaltyLevel": 4,
    "Price": 0
  },
  "e64f03a25b5e13510bc55091": {
    "$type": "RealismMod.WeaponMod, RealismMod",
    "ItemID": "e64f03a25b5e13510bc55091",
    "Name": "Omnitech 4.6x30mm 60-Round Box Magazine",
    "ModType": "",
    "ReloadSpeed": -15,
    "Ergonomics": -2,
    "MagMalfunctionChance": 0,
    "LoadUnloadModifier": 25,
    "CheckTimeModifier": 25,
    "ConflictingItems": [],
    "Weight": 0.480,
    "VerticalRecoil": 0,
    "HorizontalRecoil": 0,
    "LoyaltyLevel": 3,
    "Price": 0
  },
  "e8aa1ef743f71f3e03b858f2": {
    "$type": "RealismMod.WeaponMod, RealismMod",
    "ItemID": "e8aa1ef743f71f3e03b858f2",
    "Name": "Makeshift 7.62x54R 50-Round Drum Magazine",
    "ModType": "",
    "ReloadSpeed": -20,
    "Ergonomics": -1,
    "MagMalfunctionChance": 1,
    "LoadUnloadModifier": 25,
    "CheckTimeModifier": 25,
    "ConflictingItems": [],
    "Weight": 1.5,
    "VerticalRecoil": 0,
    "HorizontalRecoil": 0,
    "LoyaltyLevel": 3,
    "Price": 0
  },
  "fa6502a2104d4c80eeb404fe": {
    "$type": "RealismMod.WeaponMod, RealismMod",
    "ItemID": "fa6502a2104d4c80eeb404fe",
    "Name": "Jungle Fighter 7.62x51mm 30-Round Magazine",
    "ModType": "",
    "ReloadSpeed": -3,
    "Ergonomics": -1,
    "MagMalfunctionChance": 0,
    "LoadUnloadModifier": 3,
    "CheckTimeModifier": 3,
    "ConflictingItems": [],
    "Weight": 0.35,
    "VerticalRecoil": 0,
    "HorizontalRecoil": 0,
    "LoyaltyLevel": 2,
    "Price": 0
  },
  "d4fa8040a5b69d46bf8819e3": {
    "$type": "RealismMod.WeaponMod, RealismMod",
    "ItemID": "d4fa8040a5b69d46bf8819e3",
    "Name": "OmniTech Systems 5.7x28mm 65-Round P90 Magazine",
    "ModType": "",
    "ReloadSpeed": -10,
    "Ergonomics": 0,
    "MagMalfunctionChance": 0,
    "LoadUnloadModifier": 75,
    "CheckTimeModifier": -20,
    "ConflictingItems": [],
    "Weight": 0.35,
    "VerticalRecoil": 0,
    "HorizontalRecoil": 0,
    "LoyaltyLevel": 3
  },
  "ca525c0ecc13667bd1ef357c": {
    "$type": "RealismMod.WeaponMod, RealismMod",
    "ItemID": "ca525c0ecc13667bd1ef357c",
    "Name": "Heritage Ordnance HK MP5 55-Round Casket Magazine",
    "ModType": "long_mag",
    "ReloadSpeed": -7,
    "Ergonomics": -1,
    "MagMalfunctionChance": 0,
    "LoadUnloadModifier": 12,
    "CheckTimeModifier": 15,
    "ConflictingItems": [],
    "Weight": 0.25,
    "VerticalRecoil": 0,
    "HorizontalRecoil": 0,
    "LoyaltyLevel": 2
  },
  "9a5e3fa7c8205cf253799070": {
    "$type": "RealismMod.WeaponMod, RealismMod",
    "ItemID": "9a5e3fa7c8205cf253799070",
    "Name": "OmniTech V-50 Kriss Vector .45 ACP 50-Round Drum Magazine",
    "ModType": "",
    "ReloadSpeed": -10,
    "Ergonomics": -1,
    "MagMalfunctionChance": 0,
    "LoadUnloadModifier": 15,
    "CheckTimeModifier": 15,
    "ConflictingItems": [],
    "Weight": 0.32,
    "VerticalRecoil": 0,
    "HorizontalRecoil": 0,
    "LoyaltyLevel": 4
  },
  "a483029913455f81127fd070": {
    "$type": "RealismMod.WeaponMod, RealismMod",
    "ItemID": "a483029913455f81127fd070",
    "Name": "PP-91 Kedr 9x18PM 55-Round Makeshift Drum Magazine",
    "ModType": "long_mag",
    "ReloadSpeed": -10,
    "Ergonomics": -3,
    "MagMalfunctionChance": 1,
    "LoadUnloadModifier": 15,
    "CheckTimeModifier": 15,
    "ConflictingItems": [],
    "Weight": 0.28,
    "VerticalRecoil": 0,
    "HorizontalRecoil": 0,
    "LoyaltyLevel": 2
  },
  "a10805748f12422327de49a8": {
    "$type": "RealismMod.WeaponMod, RealismMod",
    "ItemID": "a10805748f12422327de49a8",
    "Name": "PM 9x18PM 18-Round Extended Magazine",
    "ModType": "long_mag",
    "ReloadSpeed": -2,
    "Ergonomics": 0,
    "MagMalfunctionChance": 0,
    "LoadUnloadModifier": -20,
    "CheckTimeModifier": -20,
    "ConflictingItems": [],
    "Weight": 0.12,
    "VerticalRecoil": 0,
    "HorizontalRecoil": 0,
    "LoyaltyLevel": 2
  },
  "c29c6c3762a2414440fb69c9": {
    "$type": "RealismMod.WeaponMod, RealismMod",
    "ItemID": "c29c6c3762a2414440fb69c9",
    "Name": "Beta C-Mag 5.56x45 100-Round Drum Magazine",
    "ModType": "long_mag",
    "ReloadSpeed": -35,
    "Ergonomics": -5,
    "MalfunctionChance": 1.5,
    "LoadUnloadModifier": 27,
    "CheckTimeModifier": 27,
    "ConflictingItems": [],
    "Weight": 0.715,
    "VerticalRecoil": 0,
    "HorizontalRecoil": 0,
    "LoyaltyLevel": 3,
    "Price": 0
    },
  "6761765f1f08ed5e8800b7a6": {
    "$type": "RealismMod.WeaponMod, RealismMod",
    "ItemID": "6761765f1f08ed5e8800b7a6",
    "Name": "AR-15 5.56x45 Beta C-Mag 100-round drum magazine",
    "ModType": "long_mag",
    "ReloadSpeed": -35,
    "Ergonomics": -5,
    "MalfunctionChance": 1.5,
    "LoadUnloadModifier": 27,
    "CheckTimeModifier": 27,
    "ConflictingItems": [],
    "Weight": 0.715,
    "VerticalRecoil": 0,
    "HorizontalRecoil": 0,
    "LoyaltyLevel": 3,
    "Price": 0
    }
}