{
        "68677d09339b397ed3d37522": {
                "$type": "RealismMod.Gun, RealismMod",
                "ItemID": "68677d09339b397ed3d37522",
                "Name": "SR-2 Udav 9x21mm pistol",
                "WeapType": "pistol",
                "OperationType": "",
                "WeapAccuracy": 0,
                "BaseTorque": -1,
                "HasShoulderContact": false,
                "Ergonomics": 75,
                "VerticalRecoil": 445,
                "HorizontalRecoil": 240,
                "Dispersion": 14,
                "CameraRecoil": 0.002,
                "VisualMulti": 2,
                "Convergence": 20,
                "RecoilAngle": 90,
                "BaseMalfunctionChance": 0.0015,
                "HeatFactorGun": 0.25,
                "HeatFactorByShot": 1,
                "CoolFactorGun": 0.1,
                "CoolFactorGunMods": 1,
                "AllowOverheat": true,
                "CenterOfImpact": 0.15,
                "HipAccuracyRestorationDelay": 0.2,
                "HipAccuracyRestorationSpeed": 7,
                "HipInnaccuracyGain": 0.16,
                "ShotgunDispersion": 10,
                "Velocity": 0,
                "RecoilDamping": 0.75,
                "RecoilHandDamping": 0.47,
                "WeaponAllowADS": false,
                "Weight": 0.33,
                "DurabilityBurnRatio": 0.1,
                "AutoROF": 30,
                "SemiROF": 365,
                "LoyaltyLevel": 2,
                "BaseReloadSpeedMulti": 1,
                "BaseChamberSpeedMulti": 1,
                "MinChamberSpeed": 0.8,
                "MaxChamberSpeed": 1.5,
                "IsManuallyOperated": false,
                "BaseChamberCheckSpeed": 1,
                "BaseFixSpeed": 1,
                "OffsetRotation": 0.01,
                "RecoilIntensity": 0.335,
                "MasteryCategory": "P226"
        },
        "68677d6e0eeee2ef7f1f4576": {
                "$type": "RealismMod.WeaponMod, RealismMod",
                "ItemID": "68677d6e0eeee2ef7f1f4576",
                "Name": "SR-2 Udav 18-Round 9x21mm magazine",
                "ModType": "",
                "ReloadSpeed": 0,
                "Ergonomics": 0,
                "MalfunctionChance": 0,
                "LoadUnloadModifier": 0,
                "CheckTimeModifier": -20,
                "ConflictingItems": [],
                "Weight": 0.105,
                "VerticalRecoil": 0,
                "HorizontalRecoil": 0,
                "LoyaltyLevel": 1
        },
        "68678220f740d20e8625095f": {
                "$type": "RealismMod.WeaponMod, RealismMod",
                "ItemID": "68678220f740d20e8625095f",
                "Name": "SR-2 Udav tritium rear pistol sight",
                "ModType": "sight",
                "AimSpeed": 0,
                "Accuracy": 0,
                "ConflictingItems": [],
                "Ergonomics": 0,
                "Weight": 0.004,
                "VerticalRecoil": 0,
                "HorizontalRecoil": 0,
                "LoyaltyLevel": 1
        },
        "6867821cdea16277c803a584": {
                "$type": "RealismMod.WeaponMod, RealismMod",
                "ItemID": "6867821cdea16277c803a584",
                "Name": "SR-2 Udav tritium front pistol sight",
                "ModType": "sight",
                "AimSpeed": 0,
                "Accuracy": 0,
                "ConflictingItems": [],
                "Ergonomics": 0,
                "Weight": 0.003,
                "VerticalRecoil": 0,
                "HorizontalRecoil": 0,
                "LoyaltyLevel": 1
        },
        "68677f839282a3b5a7f1e838": {
                "$type": "RealismMod.WeaponMod, RealismMod",
                "ItemID": "68677f839282a3b5a7f1e838",
                "Name": "SR-2 Udav 9x21mm threaded barrel",
                "ModType": "",
                "VerticalRecoil": 0,
                "HorizontalRecoil": 0,
                "AutoROF": 0,
                "SemiROF": 0,
                "ModMalfunctionChance": 0,
                "Convergence": 0,
                "Accuracy": 0,
                "CenterOfImpact": 0.12,
                "HeatFactor": 1.11,
                "CoolFactor": 1.15,
                "DurabilityBurnModificator": 1,
                "Velocity": -11,
                "ConflictingItems": [],
                "Ergonomics": 0,
                "Weight": 0.187,
                "ShotgunDispersion": 1,
                "Loudness": 0,
                "LoyaltyLevel": 2
        },
        "68677fe993c9c9a5cf82dc05": {
                "$type": "RealismMod.WeaponMod, RealismMod",
                "ItemID": "68677fe993c9c9a5cf82dc05",
                "Name": "SR-2 Udav 9x21mm barrel",
                "ModType": "",
                "VerticalRecoil": 0,
                "HorizontalRecoil": 0,
                "AutoROF": 0,
                "SemiROF": 0,
                "ModMalfunctionChance": 0,
                "Convergence": 0,
                "Accuracy": 0,
                "CenterOfImpact": 0.10,
                "HeatFactor": 1.10,
                "CoolFactor": 1.12,
                "DurabilityBurnModificator": 1,
                "Velocity": -12.7,
                "ConflictingItems": [],
                "Ergonomics": 0,
                "Weight": 0.174,
                "ShotgunDispersion": 1,
                "Loudness": 0,
                "LoyaltyLevel": 1
        },
        "686780cea875e915fec121ec": {
                "$type": "RealismMod.WeaponMod, RealismMod",
                "ItemID": "686780cea875e915fec121ec",
                "Name": "SR-2 Udav prototype 9x21mm sound suppressor",
                "ModType": "",
                "VerticalRecoil": 0,
                "HorizontalRecoil": -3,
                "Dispersion": -9,
                "CameraRecoil": -12,
                "AutoROF": 0.75,
                "SemiROF": 0.80,
                "ModMalfunctionChance": -8,
                "CanCycleSubs": false,
                "Accuracy": 7,
                "HeatFactor": 1.19,
                "CoolFactor": 1,
                "DurabilityBurnModificator": 1.2,
                "Velocity": 0.26,
                "RecoilAngle": 0,
                "ConflictingItems": [],
                "Ergonomics": 0,
                "Weight": 0.15,
                "Loudness": -28,
                "Convergence": 0,
                "LoyaltyLevel": 2,
                "Flash": 15
        }
}