{
    "684e32eaec9f5eb3cacc7ca7": {
        "$type": "RealismMod.Gun, RealismMod",
        "ItemID": "684e32eaec9f5eb3cacc7ca7",
        "Name": "Remington MSR .300 WM bolt-action sniper rifle",
        "WeapType": "",
        "OperationType": "manual",
        "WeapAccuracy": -2,
        "BaseTorque": 4,
        "HasShoulderContact": false,
        "Ergonomics": 80,
        "VerticalRecoil": 170,
        "HorizontalRecoil": 460,
        "Dispersion": 2,
        "CameraRecoil": 0.155,
        "VisualMulti": 2,
        "Convergence": 5,
        "RecoilAngle": 90,
        "BaseMalfunctionChance": 0.0006,
        "HeatFactorGun": 1.2,
        "HeatFactorByShot": 1,
        "CoolFactorGun": 0.1,
        "CoolFactorGunMods": 1,
        "AllowOverheat": true,
        "CenterOfImpact": 0.02,
        "HipAccuracyRestorationDelay": 0.2,
        "HipAccuracyRestorationSpeed": 7,
        "HipInnaccuracyGain": 0.16,
        "ShotgunDispersion": 0,
        "Velocity": 5.35,
        "RecoilDamping": 0.8,
        "RecoilHandDamping": 0.41,
        "WeaponAllowADS": false,
        "Weight": 2.854,
        "DurabilityBurnRatio": 0.8,
        "AutoROF": 30,
        "SemiROF": 450,
        "LoyaltyLevel": 4,
        "BaseReloadSpeedMulti": 1,
        "BaseChamberSpeedMulti": 1.2,
        "MinChamberSpeed": 0.7,
        "MaxChamberSpeed": 1.1,
        "IsManuallyOperated": true,
        "BaseChamberCheckSpeed": 1.15,
        "BaseFixSpeed": 1.15,
        "OffsetRotation": 0.01,
        "RecoilIntensity": 0.2645,
        "RecoilCenter": {
            "x": 0,
            "y": -0.4,
            "z": 0
        },
        "MasteryCategory": "SV98"
    },
    "684e3e64b3bb65a5ffdfd7ea": {
        "$type": "RealismMod.WeaponMod, RealismMod",
        "ItemID": "684e3e64b3bb65a5ffdfd7ea",
        "Name": "Remington MSR .300 WM 5-round magazine",
        "ModType": "",
        "ReloadSpeed": -4,
        "Ergonomics": 0,
        "MalfunctionChance": 0,
        "LoadUnloadModifier": -15,
        "CheckTimeModifier": 0,
        "ConflictingItems": [],
        "Weight": 0.225,
        "VerticalRecoil": 0,
        "HorizontalRecoil": 0,
        "LoyaltyLevel": 3,
        "Price": 0
    },
    "684e3e6ef0a716d13d331aae": {
        "$type": "RealismMod.WeaponMod, RealismMod",
        "ItemID": "684e3e6ef0a716d13d331aae",
        "Name": "Remington MSR .300 WM 10-round magazine",
        "ModType": "",
        "ReloadSpeed": -4,
        "Ergonomics": 0,
        "MalfunctionChance": 0,
        "LoadUnloadModifier": -15,
        "CheckTimeModifier": 0,
        "ConflictingItems": [],
        "Weight": 0.265,
        "VerticalRecoil": 0,
        "HorizontalRecoil": 0,
        "LoyaltyLevel": 4,
        "Price": 0
    },
    "684e4c702c1e2bd41597e967": {
        "$type": "RealismMod.WeaponMod, RealismMod",
        "ItemID": "684e4c702c1e2bd41597e967",
        "Name": "Remington MSR tactical grooved pistol grip",
        "ModType": "",
        "VerticalRecoil": 0,
        "HorizontalRecoil": 0,
        "Dispersion": 0,
        "AimSpeed": 0,
        "Ergonomics": 6,
        "Accuracy": 0,
        "ConflictingItems": [],
        "Weight": 0.05,
        "LoyaltyLevel": 3,
        "AimStability": 5
    },
    "684e4c6792bdb7cd32ad3fb1": {
        "$type": "RealismMod.WeaponMod, RealismMod",
        "ItemID": "684e4c6792bdb7cd32ad3fb1",
        "Name": "Remington MSR rubberized pistol grip",
        "ModType": "",
        "VerticalRecoil": 0,
        "HorizontalRecoil": 0,
        "Dispersion": 0,
        "AimSpeed": 0,
        "Ergonomics": 7,
        "Accuracy": 0,
        "ConflictingItems": [],
        "Weight": 0.13,
        "LoyaltyLevel": 3,
        "AimStability": 5,
        "Handling": 6
    },
     "684e466f7b0ffe0ac7770bd7": {
        "$type": "RealismMod.WeaponMod, RealismMod",
        "ItemID": "684e466f7b0ffe0ac7770bd7",
        "Name": "Remington MSR .300 WM 24 inch barrel",
        "ModType": "",
        "VerticalRecoil": -5,
        "HorizontalRecoil": -9,
        "AutoROF": 0,
        "SemiROF": 0,
        "ModMalfunctionChance": 0,
        "Convergence": 0,
        "Accuracy": 0,
        "CenterOfImpact": 0.0092,
        "HeatFactor": 1.09,
        "CoolFactor": 0.95,
        "DurabilityBurnModificator": 1,
        "Velocity": -0.33,
        "ConflictingItems": [
            "5a6086ea4f39f99cd479502f",
            "5a608bf24f39f98ffc77720e",
            "58dd3ad986f77403051cba8f",
            "5e023e53d4353e3302577c4c",
            "5efb0c1bd79ff02a1f5e68d9",
            "5e023e6e34d52a55c3304f71",
            "5e023e88277cce2b522ff2b1"
        ],
        "Ergonomics": 0,
        "Weight": 1.49,
        "ShotgunDispersion": 1,
        "Loudness": 0,
        "LoyaltyLevel": 0,
        "Price": 0
    },
    "684e467450949bbffc1088ea": {
        "$type": "RealismMod.WeaponMod, RealismMod",
        "ItemID": "684e467450949bbffc1088ea",
        "Name": "Remington MSR .300 WM 20 inch barrel",
        "ModType": "",
        "VerticalRecoil": -1,
        "HorizontalRecoil": -4,
        "AutoROF": 0,
        "SemiROF": 0,
        "ModMalfunctionChance": 0,
        "Convergence": 0,
        "Accuracy": 0,
        "CenterOfImpact": 0.0093,
        "HeatFactor": 1.05,
        "CoolFactor": 0.94,
        "DurabilityBurnModificator": 1,
        "Velocity": -4.21,
        "ConflictingItems": [
            "5a6086ea4f39f99cd479502f",
            "5a608bf24f39f98ffc77720e",
            "58dd3ad986f77403051cba8f",
            "5e023e53d4353e3302577c4c",
            "5efb0c1bd79ff02a1f5e68d9",
            "5e023e6e34d52a55c3304f71",
            "5e023e88277cce2b522ff2b1"
        ],
        "Ergonomics": 0,
        "Weight": 1.2,
        "ShotgunDispersion": 1,
        "Loudness": 0,
        "LoyaltyLevel": 0,
        "Price": 0
    },
    "684e48ed749c4553645ba56c": {
        "$type": "RealismMod.WeaponMod, RealismMod",
        "ItemID": "684e48ed749c4553645ba56c",
        "Name": "Remington MSR dual-port muzzle brake",
        "ModType": "",
        "VerticalRecoil": -11,
        "HorizontalRecoil": -14,
        "Dispersion": -21,
        "CameraRecoil": -21,
        "AutoROF": 0,
        "SemiROF": 0,
        "ModMalfunctionChance": 0,
        "CanCycleSubs": false,
        "Accuracy": 2,
        "HeatFactor": 1,
        "CoolFactor": 1,
        "DurabilityBurnModificator": 1,
        "Velocity": 0,
        "RecoilAngle": 0,
        "ConflictingItems": [],
        "Ergonomics": -2,
        "Weight": 0.181,
        "Loudness": 31,
        "Convergence": 0,
        "LoyaltyLevel": 0,
        "Price": 0,
        "Flash": 45
    },
    "684e4333ac51c5cdc8a96b7f": {
        "$type": "RealismMod.WeaponMod, RealismMod",
        "ItemID": "684e4333ac51c5cdc8a96b7f",
        "Name": "Remington MSR heavy marksman rifle stock",
        "ModType": "Stock",
        "VerticalRecoil": -21,
        "HorizontalRecoil": -35,
        "Dispersion": -5,
        "CameraRecoil": -30,
        "AimSpeed": 0,
        "Ergonomics": 19,
        "Accuracy": 0,
        "AimStability": 20,
        "HasShoulderContact": true,
        "BlocksFolding": false,
        "AutoROF": 0,
        "SemiROF": 0,
        "ModMalfunctionChance": 0,
        "StockAllowADS": false,
        "ConflictingItems": [],
        "Weight": 0.723,
        "HeatFactor": 1,
        "CoolFactor": 1,
        "LoyaltyLevel": 0,
        "Price": 0
    },
    "684e427881b3bec74bf97c28": {
        "$type": "RealismMod.WeaponMod, RealismMod",
        "ItemID": "684e427881b3bec74bf97c28",
        "Name": "Remington MSR rifle stock",
        "ModType": "Stock",
        "VerticalRecoil": -21,
        "HorizontalRecoil": -32,
        "Dispersion": -3,
        "CameraRecoil": -13,
        "AimSpeed": 0,
        "Ergonomics": 23,
        "Accuracy": 0,
        "AimStability": 15,
        "HasShoulderContact": true,
        "BlocksFolding": false,
        "AutoROF": 0,
        "SemiROF": 0,
        "ModMalfunctionChance": 0,
        "StockAllowADS": false,
        "ConflictingItems": [],
        "Weight": 0.525,
        "HeatFactor": 1,
        "CoolFactor": 1,
        "LoyaltyLevel": 0,
        "Price": 0,
        "Handling": 3
    },
    "684e432fb35726bd5da41faa": {
        "$type": "RealismMod.WeaponMod, RealismMod",
        "ItemID": "684e432fb35726bd5da41faa",
        "Name": "Remington MSR skeletonized ergonomic rifle stock",
        "ModType": "Stock",
        "VerticalRecoil": -20,
        "HorizontalRecoil": -27,
        "Dispersion": -3,
        "CameraRecoil": -10,
        "AimSpeed": 0,
        "Ergonomics": 24,
        "Accuracy": 0,
        "AimStability": 10,
        "HasShoulderContact": true,
        "BlocksFolding": false,
        "AutoROF": 0,
        "SemiROF": 0,
        "ModMalfunctionChance": 0,
        "StockAllowADS": false,
        "ConflictingItems": [],
        "Weight": 0.485,
        "HeatFactor": 1,
        "CoolFactor": 1,
        "LoyaltyLevel": 0,
        "Price": 0,
        "Handling": 6
    }
}