{
        "68b7f4060a4536984f82cf4b": {
                "$type": "RealismMod.Gun, RealismMod",
                "ItemID": "68b7f4060a4536984f82cf4b",
                "Name": "HK MK23 .45 ACP pistol",
                "WeapType": "pistol",
                "OperationType": "",
                "WeapAccuracy": 0,
                "BaseTorque": 0,
                "HasShoulderContact": false,
                "Ergonomics": 80,
                "VerticalRecoil": 460,
                "HorizontalRecoil": 235,
                "Dispersion": 12,
                "CameraRecoil": 0.003,
                "VisualMulti": 2,
                "Convergence": 17,
                "RecoilAngle": 92,
                "BaseMalfunctionChance": 0.0008,
                "HeatFactorGun": 0.2,
                "HeatFactorByShot": 1,
                "CoolFactorGun": 0.1,
                "CoolFactorGunMods": 1,
                "AllowOverheat": true,
                "CenterOfImpact": 0,
                "HipAccuracyRestorationDelay": 0.2,
                "HipAccuracyRestorationSpeed": 7,
                "HipInnaccuracyGain": 0.16,
                "ShotgunDispersion": 10,
                "Velocity": 0,
                "RecoilDamping": 0.77,
                "RecoilHandDamping": 0.45,
                "WeaponAllowADS": false,
                "Weight": 0.222,
                "DurabilityBurnRatio": 0.04,
                "AutoROF": 30,
                "SemiROF": 380,
                "LoyaltyLevel": 4,
                "BaseReloadSpeedMulti": 1.1,
                "BaseChamberSpeedMulti": 1,
                "MinChamberSpeed": 0.8,
                "MaxChamberSpeed": 1.5,
                "IsManuallyOperated": false,
                "BaseChamberCheckSpeed": 1,
                "BaseFixSpeed": 1,
                "OffsetRotation": 0.01,
                "RecoilIntensity": 0.33
        },
        "68b9c90f4c6d780e871a9e89": {
                "$type": "RealismMod.WeaponMod, RealismMod",
                "ItemID": "68b9c90f4c6d780e871a9e89",
                "Name": "HK MK23 three port custom muzzle brake",
                "ModType": "",
                "VerticalRecoil": 0,
                "HorizontalRecoil": -10,
                "Dispersion": -10,
                "CameraRecoil": 0,
                "AutoROF": -7.5,
                "SemiROF": -7.5,
                "ModMalfunctionChance": 0,
                "CanCycleSubs": false,
                "Accuracy": 0,
                "HeatFactor": 1,
                "CoolFactor": 1,
                "DurabilityBurnModificator": 1,
                "Velocity": 0,
                "RecoilAngle": 0,
                "ConflictingItems": [],
                "Ergonomics": 0,
                "Weight": 0.046,
                "Loudness": 55,
                "Convergence": 40,
                "LoyaltyLevel": 3,
                "Flash": 40
        },
        "68b9cc3737f7a7e5da9e41cf": {
                "$type": "RealismMod.WeaponMod, RealismMod",
                "ItemID": "68b9cc3737f7a7e5da9e41cf",
                "Name": "HK MK23 weighted muzzle brake",
                "ModType": "",
                "VerticalRecoil": 0,
                "HorizontalRecoil": -20,
                "Dispersion": -15,
                "CameraRecoil": 0,
                "AutoROF": -2.5,
                "SemiROF": -2.5,
                "ModMalfunctionChance": 0,
                "CanCycleSubs": false,
                "Accuracy": 0,
                "HeatFactor": 1,
                "CoolFactor": 1,
                "DurabilityBurnModificator": 1,
                "Velocity": 0,
                "RecoilAngle": 0,
                "ConflictingItems": [],
                "Ergonomics": 0,
                "Weight": 0.067,
                "Loudness": 30,
                "Convergence": 12.5,
                "LoyaltyLevel": 3,
                "Flash": 32
        },
        "68b7f87a17e0b4da91a230e6": {
                "$type": "RealismMod.WeaponMod, RealismMod",
                "ItemID": "68b7f87a17e0b4da91a230e6",
                "Name": "HK MK23 thread protector",
                "TemplateID": "6194f1f918a3974e5e7421e4"
        },
        "68b7f8d25cc65007af7be8de": {
                "$type": "RealismMod.WeaponMod, RealismMod",
                "ItemID": "68b7f8d25cc65007af7be8de",
                "Name": "HK MK23 trigger",
                "TemplateID": "6193d3cded0429009f543e6a"
        },
        "68b9c66b1b3e1ec9414d1983": {
                "$type": "RealismMod.WeaponMod, RealismMod",
                "ItemID": "68b9c66b1b3e1ec9414d1983",
                "Name": "HK MK23 performance trigger",
                "ModType": "",
                "VerticalRecoil": 0,
                "HorizontalRecoil": 0,
                "AutoROF": 0,
                "SemiROF": 30,
                "ModMalfunctionChance": 0,
                "AimSpeed": 0,
                "ReloadSpeed": 0,
                "Ergonomics": 0,
                "Accuracy": 6,
                "ConflictingItems": [],
                "FixSpeed": 0,
                "HeatFactor": 1,
                "CoolFactor": 1,
                "DurabilityBurnModificator": 1,
                "Weight": 0.011,
                "LoyaltyLevel": 0,
                "Price": 0
	},
        "68b7f9242936eb3c214e1dd9": {
                "$type": "RealismMod.WeaponMod, RealismMod",
                "ItemID": "68b7f9242936eb3c214e1dd9",
                "Name": "HK MK23 hammer",
                "TemplateID": "6193d3be7c6c7b169525f0da"
        },
        "68b9c5271bda9c05ec4843c1": {
                "$type": "RealismMod.WeaponMod, RealismMod",
                "ItemID": "68b9c5271bda9c05ec4843c1",
                "Name": "HK MK23 skeletonized hammer",
                "TemplateID": "5ef35bc243cb350a955a7ccd"
        },
        "68b7f7e1154441e5f4447192": {
                "$type": "RealismMod.WeaponMod, RealismMod",
                "ItemID": "68b7f7e1154441e5f4447192",
                "Name": "HK MK23 front sight",
                "TemplateID": "6194f35c18a3974e5e7421e6"
        },
        "68b7f7317385935fb8a06488": {
                "$type": "RealismMod.WeaponMod, RealismMod",
                "ItemID": "68b7f7317385935fb8a06488",
                "Name": "HK MK23 rear sight",
                "TemplateID": "6194f2912d2c397d6600348d"
        },
        "68b7f7ac290421dd052d8def": {
                "$type": "RealismMod.WeaponMod, RealismMod",
                "ItemID": "68b7f7ac290421dd052d8def",
                "Name": "HK MK23 tritium front sight",
                "TemplateID": "6194f3286db0f2477964e67d"
        },
        "68b7f777a2a0395b35545877": {
                "$type": "RealismMod.WeaponMod, RealismMod",
                "ItemID": "68b7f777a2a0395b35545877",
                "Name": "HK MK23 tritium rear sight",
                "TemplateID": "6194f2df645b5d229654ad77"
        },
        "68b7f582e203edda8374ddba": {
                "$type": "RealismMod.WeaponMod, RealismMod",
                "ItemID": "68b7f582e203edda8374ddba",
                "Name": "HK MK23 .45 ACP 12-round magazine",
                "TemplateID": "6193d3149fb0c665d5490e32"
        },
        "68b7f985dd6565e47eb9ee44": {
                "$type": "RealismMod.WeaponMod, RealismMod",
                "ItemID": "68b7f985dd6565e47eb9ee44",
                "Name": "HK MK23 .45 ACP pistol slide",
                "TemplateID": "6194f5722d2c397d6600348f"
        },
        "68b9c62416c896cf350f94ef": {
                "$type": "RealismMod.WeaponMod, RealismMod",
                "ItemID": "68b9c62416c896cf350f94ef",
                "Name": "HK MK23 grip tape",
                "ModType": "",
                "Ergonomics": 2,
                "Accuracy": 0,
                "ConflictingItems": [],
                "Weight": 0.005,
                "LoyaltyLevel": 2
        },
        "68b9c609e3d2f5545ff25fec": {
                "$type": "RealismMod.WeaponMod, RealismMod",
                "ItemID": "68b9c609e3d2f5545ff25fec",
                "Name": "HK MK23 rubberized pistol grip",
                "ModType": "",
                "Ergonomics": 6,
                "Accuracy": 0,
                "ConflictingItems": [],
                "Weight": 0.015,
                "LoyaltyLevel": 2
        },
        "68b7f613687ce0b4e6f3e64c": {
                "$type": "RealismMod.WeaponMod, RealismMod",
                "ItemID": "68b7f613687ce0b4e6f3e64c",
                "Name": "HK MK23 .45 ACP 5.8 inch threaded barrel",
                "TemplateID": "6194f02d9bb3d20b0946d2f0"
        },
        "68b9c6cbf83285d088054b3b": {
                "$type": "RealismMod.WeaponMod, RealismMod",
                "ItemID": "68b9c6cbf83285d088054b3b",
                "Name": "HK MK23 .45 ACP 17-round extended magazine",
                "ModType": "",
                "ReloadSpeed": 0,
                "Ergonomics": 0,
                "MalfunctionChance": 0,
                "LoadUnloadModifier": 0,
                "CheckTimeModifier": 0,
                "ConflictingItems": [],
                "Weight": 0.100,
                "VerticalRecoil": 0,
                "HorizontalRecoil": 0,
                "LoyaltyLevel": 0,
                "Price": 0
        }
}