{
  "6761b213607f9a6f79017d23": {
        "$type": "RealismMod.Gun, RealismMod",
        "ItemID": "6761b213607f9a6f79017d23",
        "Name": "Serbu Super Shorty 12ga shotgun",
        "WeapType": "",
        "OperationType": "",
        "WeapAccuracy": 0,
        "BaseTorque": 0,
        "HasShoulderContact": false,
        "Ergonomics": 88,
        "VerticalRecoil": 210,
        "HorizontalRecoil": 280,
        "Dispersion": 2,
        "CameraRecoil": 0.13,
        "VisualMulti": 2,
        "Convergence": 6,
        "RecoilAngle": 85,
        "BaseMalfunctionChance": 0,
        "HeatFactorGun": 0.65,
        "HeatFactorByShot": 1,
        "CoolFactorGun": 0.1,
        "CoolFactorGunMods": 1,
        "AllowOverheat": true,
        "CenterOfImpact": 0.01,
        "HipAccuracyRestorationDelay": 0.2,
        "HipAccuracyRestorationSpeed": 7,
        "HipInnaccuracyGain": 0.16,
        "ShotgunDispersion": 1,
        "Velocity": 0,
        "RecoilDamping": 0.82,
        "RecoilHandDamping": 0.52,
        "WeaponAllowADS": false,
        "Weight": 1.6,
        "DurabilityBurnRatio": 0.3,
        "AutoROF": 900,
        "SemiROF": 450,
        "LoyaltyLevel": 1,
        "BaseReloadSpeedMulti": 1.25,
        "BaseChamberSpeedMulti": 1,
        "MinChamberSpeed": 0.7,
        "MaxChamberSpeed": 1.5,
        "IsManuallyOperated": true,
        "BaseChamberCheckSpeed": 1,
        "BaseFixSpeed": 1,
        "OffsetRotation": 0.015,
        "RecoilIntensity": 0.36,
        "RecoilCenter": {
            "x": 0,
            "y": -0.5,
            "z": 0
        },
        "MasteryCategory":"M870"
  },
  "683222ec8d737be9715552a9": {
        "$type": "RealismMod.WeaponMod, RealismMod",
        "ItemID": "683222ec8d737be9715552a9",
        "Name": "Serbu Super Shorty 3-shell 12ga magazine tube",
        "ModType": "shotTube",
        "ReloadSpeed": 10,
        "Ergonomics": 0,
        "MalfunctionChance": 0,
        "LoadUnloadModifier": 0,
        "CheckTimeModifier": 0,
        "ConflictingItems": [],
        "Weight": 0.1,
        "VerticalRecoil": 0,
        "HorizontalRecoil": 0,
        "LoyaltyLevel": 1
    }
}
