{
  "665fe0e865683281eb8e7ed6": {
    "$type": "RealismMod.Gun, RealismMod",
    "ItemID": "665fe0e865683281eb8e7ed6",
    "Name": "Springfield Armory DS Prodigy 9x19mm Handgun",
    "WeapType": "pistol",
    "OperationType": "",
    "WeapAccuracy": 0,
    "BaseTorque": -0.5,
    "HasShoulderContact": false,
    "Ergonomics": 80,
    "VerticalRecoil": 380,
    "HorizontalRecoil": 215,
    "Dispersion": 8,
    "CameraRecoil": 0.004,
    "VisualMulti": 2,
    "Convergence": 19,
    "RecoilAngle": 92,
    "BaseMalfunctionChance": 0.001,
    "HeatFactorGun": 0.24,
    "HeatFactorByShot": 1,
    "CoolFactorGun": 0.1,
    "CoolFactorGunMods": 1,
    "AllowOverheat": true,
    "CenterOfImpact": 0,
    "HipAccuracyRestorationDelay": 0.2,
    "HipAccuracyRestorationSpeed": 7,
    "HipInnaccuracyGain": 0.16,
    "ShotgunDispersion": 10,
    "Velocity": 0,
    "RecoilDamping": 0.74,
    "RecoilHandDamping": 0.43,
    "WeaponAllowADS": false,
    "Weight": 0.321,
    "DurabilityBurnRatio": 0.12,
    "AutoROF": 30,
    "SemiROF": 370,
    "LoyaltyLevel": 2,
    "BaseReloadSpeedMulti": 1,
    "BaseChamberSpeedMulti": 1,
    "MinChamberSpeed": 0.8,
    "MaxChamberSpeed": 1.5,
    "IsManuallyOperated": false,
    "BaseChamberCheckSpeed": 1,
    "BaseFixSpeed": 1,
    "OffsetRotation": 0.01,
    "RecoilIntensity": 0.25,
    "MasteryCategory": "P226"
  },
  "675ceb83e25d80bc676e15a6": {
    "$type": "RealismMod.Gun, RealismMod",
    "ItemID": "675ceb83e25d80bc676e15a6",
    "Name": "Springfield Armory DS Prodigy 9x19mm Handgun Flat Dark Earth",
    "WeapType": "pistol",
    "OperationType": "",
    "WeapAccuracy": 0,
    "BaseTorque": -0.5,
    "HasShoulderContact": false,
    "Ergonomics": 80,
    "VerticalRecoil": 380,
    "HorizontalRecoil": 215,
    "Dispersion": 8,
    "CameraRecoil": 0.004,
    "VisualMulti": 2,
    "Convergence": 19,
    "RecoilAngle": 92,
    "BaseMalfunctionChance": 0.001,
    "HeatFactorGun": 0.24,
    "HeatFactorByShot": 1,
    "CoolFactorGun": 0.1,
    "CoolFactorGunMods": 1,
    "AllowOverheat": true,
    "CenterOfImpact": 0,
    "HipAccuracyRestorationDelay": 0.2,
    "HipAccuracyRestorationSpeed": 7,
    "HipInnaccuracyGain": 0.16,
    "ShotgunDispersion": 10,
    "Velocity": 0,
    "RecoilDamping": 0.74,
    "RecoilHandDamping": 0.43,
    "WeaponAllowADS": false,
    "Weight": 0.321,
    "DurabilityBurnRatio": 0.12,
    "AutoROF": 30,
    "SemiROF": 370,
    "LoyaltyLevel": 2,
    "BaseReloadSpeedMulti": 1,
    "BaseChamberSpeedMulti": 1,
    "MinChamberSpeed": 0.8,
    "MaxChamberSpeed": 1.5,
    "IsManuallyOperated": false,
    "BaseChamberCheckSpeed": 1,
    "BaseFixSpeed": 1,
    "OffsetRotation": 0.01,
    "RecoilIntensity": 0.25,
    "MasteryCategory": "P226"
  },
    "665fe62bfdf6dce07f16e726": {
    "$type": "RealismMod.WeaponMod, RealismMod",
    "ItemID": "665fe62bfdf6dce07f16e726",
    "Name": "Springfield Armory DS Prodigy Pistol Slide",
    "ModType": "",
    "ModMalfunctionChance": 0,
    "Accuracy": 6,
    "HeatFactor": 0.954,
    "CoolFactor": 1.06,
    "DurabilityBurnModificator": 1,
    "ConflictingItems": [],
    "Ergonomics": 0,
    "Weight": 0.47,
    "VerticalRecoil": 0,
    "HorizontalRecoil": 0,
    "ChamberSpeed": 25,
    "LoyaltyLevel": 0,
    "Price": 0
  },
  "675ce9f95e28aaf887778a4b": {
    "$type": "RealismMod.WeaponMod, RealismMod",
    "ItemID": "675ce9f95e28aaf887778a4b",
    "Name": "Springfield Armory DS Prodigy Pistol Slide FDE",
    "ModType": "",
    "ModMalfunctionChance": 0,
    "Accuracy": 6,
    "HeatFactor": 0.954,
    "CoolFactor": 1.06,
    "DurabilityBurnModificator": 1,
    "ConflictingItems": [],
    "Ergonomics": 0,
    "Weight": 0.47,
    "VerticalRecoil": 0,
    "HorizontalRecoil": 0,
    "ChamberSpeed": 25,
    "LoyaltyLevel": 0,
    "Price": 0
  },
  "675ce8e8f1bd745f74ef5cd8": {
    "$type": "RealismMod.WeaponMod, RealismMod",
    "ItemID": "675ce8e8f1bd745f74ef5cd8",
    "Name": "Springfield DS Prodigy 4.25 inch Barrel dark",
    "ModType": "",
    "VerticalRecoil": 0,
    "HorizontalRecoil": 0,
    "AutoROF": 0,
    "SemiROF": 0,
    "ModMalfunctionChance": 0,
    "Convergence": 0,
    "Accuracy": 0,
    "CenterOfImpact": 0.27,
    "HeatFactor": 1.1,
    "CoolFactor": 1.15,
    "DurabilityBurnModificator": 1,
    "Velocity": -9.2,
    "ConflictingItems": [],
    "Ergonomics": 0,
    "Weight": 0.11,
    "ShotgunDispersion": 1,
    "Loudness": 0,
    "LoyaltyLevel": 0,
    "Price": 0
  },
  "665fe61369cb629f514cec21": {
    "$type": "RealismMod.WeaponMod, RealismMod",
    "ItemID": "665fe61369cb629f514cec21",
    "Name": "Springfield DS Prodigy 4.25 inch Barrel light",
    "ModType": "",
    "VerticalRecoil": 0,
    "HorizontalRecoil": 0,
    "AutoROF": 0,
    "SemiROF": 0,
    "ModMalfunctionChance": 0,
    "Convergence": 0,
    "Accuracy": 0,
    "CenterOfImpact": 0.27,
    "HeatFactor": 1.1,
    "CoolFactor": 1.15,
    "DurabilityBurnModificator": 1,
    "Velocity": -9.2,
    "ConflictingItems": [],
    "Ergonomics": 0,
    "Weight": 0.11,
    "ShotgunDispersion": 1,
    "Loudness": 0,
    "LoyaltyLevel": 0,
    "Price": 0
  },
  "675cea42c3b11186fbf69b52": {
    "$type": "RealismMod.WeaponMod, RealismMod",
    "ItemID": "675cea42c3b11186fbf69b52",
    "Name": "Springfield DS Prodigy 4.50 Threaded Barrel",
    "ModType": "",
    "VerticalRecoil": 0,
    "HorizontalRecoil": 0,
    "AutoROF": 0,
    "SemiROF": 0,
    "ModMalfunctionChance": 0,
    "Convergence": 0,
    "Accuracy": 0,
    "CenterOfImpact": 0.27,
    "HeatFactor": 1.1,
    "CoolFactor": 1.15,
    "DurabilityBurnModificator": 1,
    "Velocity": -3.2,
    "ConflictingItems": [],
    "Ergonomics": 0,
    "Weight": 0.121,
    "ShotgunDispersion": 1,
    "Loudness": 0,
    "LoyaltyLevel": 0,
    "Price": 0
  },
  "665fe70a14a35e1ed07facaf": {
    "$type": "RealismMod.WeaponMod, RealismMod",
    "ItemID": "665fe70a14a35e1ed07facaf",
    "Name": "Springfield Armory DS Prodigy Front Sight",
    "ModType": "sight",
    "AimSpeed": 0,
    "Accuracy": 0,
    "ConflictingItems": [],
    "Ergonomics": 0,
    "Weight": 0.002,
    "VerticalRecoil": 0,
    "HorizontalRecoil": 0,
    "LoyaltyLevel": 0,
    "Price": 0
  },
  "665fe63876838d24231faa26": {
    "$type": "RealismMod.WeaponMod, RealismMod",
    "ItemID": "665fe63876838d24231faa26",
    "Name": "Springfield Armory DS Prodigy Rear Pistol Sight",
    "ModType": "sight",
    "AimSpeed": 0,
    "Accuracy": 0,
    "ConflictingItems": [],
    "Ergonomics": 0,
    "Weight": 0.003,
    "VerticalRecoil": 0,
    "HorizontalRecoil": 0,
    "LoyaltyLevel": 0,
    "Price": 0
  },
  "665fe6b9c3f47f67713858df": {
    "$type": "RealismMod.WeaponMod, RealismMod",
    "ItemID": "665fe6b9c3f47f67713858df",
    "Name": "Springfield Armory DS Prodigy Slide Stop",
    "ModType": "slide_release",
    "VerticalRecoil": 0,
    "HorizontalRecoil": 0,
    "AutoROF": 0,
    "SemiROF": 0,
    "ModMalfunctionChance": 0,
    "AimSpeed": 0,
    "ReloadSpeed": 0,
    "ChamberSpeed": 2.5,
    "Ergonomics": 0,
    "Accuracy": 0,
    "ConflictingItems": [],
    "FixSpeed": 0,
    "HeatFactor": 1,
    "CoolFactor": 1,
    "DurabilityBurnModificator": 1,
    "Weight": 0.008,
    "LoyaltyLevel": 0,
    "Price": 0
  },
  "665fe6a117ff1ba8218d680c": {
    "$type": "RealismMod.WeaponMod, RealismMod",
    "ItemID": "665fe6a117ff1ba8218d680c",
    "Name": "Springfield Armory DS Prodigy Skeletonized Hammer",
    "ModType": "",
    "VerticalRecoil": 0,
    "HorizontalRecoil": 0,
    "AutoROF": 0,
    "SemiROF": -5,
    "ModMalfunctionChance": -15,
    "AimSpeed": 0,
    "ReloadSpeed": 0,
    "Ergonomics": 0,
    "Accuracy": 0,
    "ConflictingItems": [],
    "FixSpeed": 0,
    "HeatFactor": 1,
    "CoolFactor": 1,
    "DurabilityBurnModificator": 1,
    "Weight": 0.017,
    "LoyaltyLevel": 0,
    "Price": 0
  },
  "665fe64b7b6c44d885b755a8": {
    "$type": "RealismMod.WeaponMod, RealismMod",
    "ItemID": "665fe64b7b6c44d885b755a8",
    "Name": "Springfield Armory DS Prodigy Trigger",
    "ModType": "",
    "VerticalRecoil": 0,
    "HorizontalRecoil": 0,
    "AutoROF": 0,
    "SemiROF": 5,
    "ModMalfunctionChance": 0,
    "AimSpeed": 0,
    "ReloadSpeed": 0,
    "Ergonomics": 0,
    "Accuracy": 5,
    "ConflictingItems": [],
    "FixSpeed": 0,
    "HeatFactor": 1,
    "CoolFactor": 1,
    "DurabilityBurnModificator": 1,
    "Weight": 0.013,
    "LoyaltyLevel": 0,
    "Price": 0
  },
    "665fe5ed631d6b7dfcd7a4a9": {
    "$type": "RealismMod.WeaponMod, RealismMod",
    "ItemID": "665fe5ed631d6b7dfcd7a4a9",
    "Name": "Springfield Armory DS Prodigy 17-Round 9x19mm Magazine",
    "ModType": "",
    "ReloadSpeed": 0,
    "Ergonomics": 0,
    "MalfunctionChance": 0,
    "LoadUnloadModifier": -10,
    "CheckTimeModifier": -20,
    "ConflictingItems": [],
    "Weight": 0.096,
    "VerticalRecoil": 0,
    "HorizontalRecoil": 0,
    "LoyaltyLevel": 0,
    "Price": 0
  }
}