{
    "68cf56067ff6ceab0c2fd49e": {
        "$type": "RealismMod.Gun, RealismMod",
        "ItemID": "68cf56067ff6ceab0c2fd49e",
        "Name": "Simonov AG-043 5.45x39 assault rifle",
        "WeapType": "short_AK",
        "OperationType": "",
        "WeapAccuracy": -1,
        "BaseTorque": -1,
        "HasShoulderContact": false,
        "Ergonomics": 80,
        "VerticalRecoil": 89,
        "HorizontalRecoil": 227,
        "Dispersion": 14,
        "CameraRecoil": 0.039,
        "VisualMulti": 1.01,
        "Convergence": 16.5,
        "RecoilAngle": 93,
        "BaseMalfunctionChance": 0.0024,
        "HeatFactorGun": 0.35,
        "HeatFactorByShot": 1,
        "CoolFactorGun": 0.1,
        "CoolFactorGunMods": 1,
        "AllowOverheat": true,
        "CenterOfImpact": 0.053,
        "HipAccuracyRestorationDelay": 0.2,
        "HipAccuracyRestorationSpeed": 7,
        "HipInnaccuracyGain": 0.16,
        "ShotgunDispersion": 0,
        "Velocity": -30.5,
        "RecoilDamping": 0.84,
        "RecoilHandDamping": 0.74,
        "WeaponAllowADS": false,
        "Weight": 2.001,
        "DurabilityBurnRatio": 0.4,
        "AutoROF": 650,
        "SemiROF": 415,
        "LoyaltyLevel": 2,
        "BaseReloadSpeedMulti": 1,
        "BaseChamberSpeedMulti": 1,
        "MinChamberSpeed": 0.7,
        "MaxChamberSpeed": 1.5,
        "IsManuallyOperated": false,
        "BaseChamberCheckSpeed": 1.5,
        "BaseFixSpeed": 1.3,
        "OffsetRotation": 0.009,
        "RecoilIntensity": 0.25
    },
    "68c23b960f579b9b5fe021e7": {
        "$type": "RealismMod.Gun, RealismMod",
        "ItemID": "68c23b960f579b9b5fe021e7",
        "Name": "Simonov AG-042 5.45x39 assault rifle",
        "WeapType": "short_AK",
        "OperationType": "",
        "WeapAccuracy": -1,
        "BaseTorque": -1,
        "HasShoulderContact": false,
        "Ergonomics": 88,
        "VerticalRecoil": 88,
        "HorizontalRecoil": 225,
        "Dispersion": 14,
        "CameraRecoil": 0.035,
        "VisualMulti": 1.01,
        "Convergence": 16.5,
        "RecoilAngle": 90,
        "BaseMalfunctionChance": 0.0024,
        "HeatFactorGun": 0.35,
        "HeatFactorByShot": 1,
        "CoolFactorGun": 0.1,
        "CoolFactorGunMods": 1,
        "AllowOverheat": true,
        "CenterOfImpact": 0.053,
        "HipAccuracyRestorationDelay": 0.2,
        "HipAccuracyRestorationSpeed": 7,
        "HipInnaccuracyGain": 0.16,
        "ShotgunDispersion": 0,
        "Velocity": -30.5,
        "RecoilDamping": 0.84,
        "RecoilHandDamping": 0.74,
        "WeaponAllowADS": false,
        "Weight": 2.001,
        "DurabilityBurnRatio": 0.4,
        "AutoROF": 650,
        "SemiROF": 415,
        "LoyaltyLevel": 2,
        "BaseReloadSpeedMulti": 1,
        "BaseChamberSpeedMulti": 1,
        "MinChamberSpeed": 0.7,
        "MaxChamberSpeed": 1.5,
        "IsManuallyOperated": false,
        "BaseChamberCheckSpeed": 1.5,
        "BaseFixSpeed": 1.3,
        "OffsetRotation": 0.009,
        "RecoilIntensity": 0.23
    },
    "68c23b3d4a286357245eb641": {
        "$type": "RealismMod.WeaponMod, RealismMod",
		"ItemID": "68c23b3d4a286357245eb641",
        "Name": "Simonov AG-042/043 rear sight",
        "ModType": "sight",
        "AimSpeed": 0,
        "Accuracy": 0,
        "ConflictingItems": [],
        "Ergonomics": 0,
        "Weight": 0.04,
        "VerticalRecoil": 0,
        "HorizontalRecoil": 0,
        "LoyaltyLevel": 1,
        "Price": 0
	},
    "68c63ee6dcb5f65309eb4fcc": {
        "$type": "RealismMod.WeaponMod, RealismMod",
        "ItemID": "68c63ee6dcb5f65309eb4fcc",
        "Name": "Simonov AG-042/043 muzzle brake-compensator",
        "ModType": "booster",
        "VerticalRecoil": -5,
        "HorizontalRecoil": -4,
        "Dispersion": -10,
        "CameraRecoil": 0,
        "AutoROF": 1,
        "SemiROF": 1,
        "ModMalfunctionChance": -20,
        "CanCycleSubs": false,
        "Accuracy": 0,
        "HeatFactor": 1,
        "CoolFactor": 1,
        "DurabilityBurnModificator": 1.1,
        "Velocity": 0,
        "RecoilAngle": 0,
        "ConflictingItems": [],
        "Ergonomics": 0,
        "Weight": 0.06,
        "Loudness": 21,
        "Convergence": 0,
        "LoyaltyLevel": 1,
        "Flash": -5
    },
    "68cf53ddb8f10c637706563c": {
        "$type": "RealismMod.WeaponMod, RealismMod",
        "ItemID": "68cf53ddb8f10c637706563c",
        "Name": "Simonov AG-043 collapsible wire stock",
        "ModType": "Stock",
        "VerticalRecoil": -2,
        "HorizontalRecoil": -1,
        "Dispersion": -2,
        "CameraRecoil": 5,
        "AimSpeed": 2,
        "Ergonomics": 3,
        "Accuracy": 0,
        "HasShoulderContact": true,
        "BlocksFolding": false,
        "AutoROF": 0,
        "SemiROF": 0,
        "ModMalfunctionChance": 0,
        "StockAllowADS": false,
        "ConflictingItems": [],
        "Weight": 0.165,
        "LoyaltyLevel": 1
    }
}
