{
        "6761b213607f9a6f79017d52": {
                "$type": "RealismMod.Gun, RealismMod",
                "ItemID": "6761b213607f9a6f79017d52",
                "Name": "Beretta 92FS 9x19 pistol",
                "WeapType": "pistol",
                "OperationType": "",
                "WeapAccuracy": 0,
                "BaseTorque": -0.5,
                "HasShoulderContact": false,
                "Ergonomics": 70,
                "VerticalRecoil": 390,
                "HorizontalRecoil": 210,
                "Dispersion": 8,
                "CameraRecoil": 0.004,
                "VisualMulti": 2,
                "Convergence": 17,
                "RecoilAngle": 90,
                "BaseMalfunctionChance": 0.001,
                "HeatFactorGun": 0.23,
                "HeatFactorByShot": 1,
                "CoolFactorGun": 0.1,
                "CoolFactorGunMods": 1,
                "AllowOverheat": true,
                "CenterOfImpact": 0,
                "HipAccuracyRestorationDelay": 0.2,
                "HipAccuracyRestorationSpeed": 7,
                "HipInnaccuracyGain": 0.16,
                "ShotgunDispersion": 10,
                "Velocity": 0,
                "RecoilDamping": 0.74,
                "RecoilHandDamping": 0.43,
                "WeaponAllowADS": false,
                "Weight": 0.641,
                "DurabilityBurnRatio": 0.15,
                "AutoROF": 30,
                "SemiROF": 370,
                "LoyaltyLevel": 1,
                "BaseReloadSpeedMulti": 1,
                "BaseChamberSpeedMulti": 1,
                "MinChamberSpeed": 0.8,
                "MaxChamberSpeed": 1.5,
                "IsManuallyOperated": false,
                "BaseChamberCheckSpeed": 1,
                "BaseFixSpeed": 1,
                "OffsetRotation": 0.01,
                "RecoilIntensity": 0.35,
                "MasteryCategory":"P226"
        },
	"6868d4f7ee6d5f8907d2e355": {
                "$type": "RealismMod.WeaponMod, RealismMod",
                "ItemID": "6868d4f7ee6d5f8907d2e355",
                "Name": "Beretta 92FS 9x19 barrel",
                "ModType": "",
                "VerticalRecoil": 0,
                "HorizontalRecoil": 0,
                "AutoROF": 0,
                "SemiROF": 0,
                "ModMalfunctionChance": 0,
                "Convergence": 0,
                "Accuracy": 0,
                "CenterOfImpact": 0.1,
                "HeatFactor": 1.1,
                "CoolFactor": 1.15,
                "DurabilityBurnModificator": 1,
                "Velocity": -10,
                "ConflictingItems": [],
                "Ergonomics": 0,
                "Weight": 0.170,
                "ShotgunDispersion": 1,
                "Loudness": 0,
                "LoyaltyLevel": 1
        },
        "6868d414e67828905d765b10": {
                "$type": "RealismMod.WeaponMod, RealismMod",
                "ItemID": "6868d414e67828905d765b10",
                "Name": "Beretta 92FS 9x19 threaded barrel",
                "ModType": "",
                "VerticalRecoil": 0,
                "HorizontalRecoil": 0,
                "AutoROF": 0,
                "SemiROF": 0,
                "ModMalfunctionChance": 0,
                "Convergence": 0,
                "Accuracy": 0,
                "CenterOfImpact": 0.1,
                "HeatFactor": 1.1,
                "CoolFactor": 1.15,
                "DurabilityBurnModificator": 1,
                "Velocity": -10,
                "ConflictingItems": [],
                "Ergonomics": 0,
                "Weight": 0.174,
                "ShotgunDispersion": 1,
                "Loudness": 0,
                "LoyaltyLevel": 1
        },
        "6868d3e47515a679f2e06288": {
                "$type": "RealismMod.WeaponMod, RealismMod",
                "ItemID": "6868d3e47515a679f2e06288",
                "Name": "Beretta 92FS 9x19 15-round magazine",
                "ModType": "",
                "ReloadSpeed": 0,
                "Ergonomics": 0,
                "MalfunctionChance": 0,
                "LoadUnloadModifier": 0,
                "CheckTimeModifier": 0,
                "ConflictingItems": [],
                "Weight": 0.082,
                "VerticalRecoil": 0,
                "HorizontalRecoil": 0,
                "LoyaltyLevel": 1
        },
        "6868d55c5a39fb04c76e5bd0": {
                "$type": "RealismMod.WeaponMod, RealismMod",
                "ItemID": "6868d55c5a39fb04c76e5bd0",
                "Name": "Beretta 92FS pistol slide",
                "ModType": "",
                "ModMalfunctionChance": 0,
                "Accuracy": 0,
                "HeatFactor": 0.98,
                "CoolFactor": 1.081,
                "DurabilityBurnModificator": 1,
                "ConflictingItems": [],
                "Ergonomics": 0,
                "Weight": 0.205,
                "VerticalRecoil": 0,
                "HorizontalRecoil": 0,
                "ChamberSpeed": 24,
                "LoyaltyLevel": 1
        }
}