{
  "6671ebcdd32bd95eb398e920": {
        "$type": "RealismMod.Gun, RealismMod",
        "ItemID": "6671ebcdd32bd95eb398e920",
        "Name": "Bofors Ak5C 5.56x45 assault rifle",
        "WeapType": "",
        "OperationType": "",
        "WeapAccuracy": 0,
        "BaseTorque": 1,
        "HasShoulderContact": false,
        "Ergonomics": 80,
        "VerticalRecoil": 80,
        "HorizontalRecoil": 137,
        "Dispersion": 9,
        "CameraRecoil": 0.036,
        "VisualMulti": 1.12,
        "Convergence": 17,
        "RecoilAngle": 88,
        "BaseMalfunctionChance": 0.0015,
        "HeatFactorGun": 0.25,
        "HeatFactorByShot": 1.2,
        "CoolFactorGun": 0.1,
        "CoolFactorGunMods": 1,
        "AllowOverheat": true,
        "CenterOfImpact": 0.01,
        "HipAccuracyRestorationDelay": 0.2,
        "HipAccuracyRestorationSpeed": 7,
        "HipInnaccuracyGain": 0.16,
        "ShotgunDispersion": 0,
        "Velocity": 0,
        "RecoilDamping": 0.8,
        "RecoilHandDamping": 0.6,
        "WeaponAllowADS": false,
        "Weight": 3.08,
        "DurabilityBurnRatio": 0.2,
        "AutoROF": 650,
        "SemiROF": 400,
        "LoyaltyLevel": 3,
        "BaseReloadSpeedMulti": 1,
        "BaseChamberSpeedMulti": 1.85,
        "MinChamberSpeed": 0.8,
        "MaxChamberSpeed": 2,
        "IsManuallyOperated": false,
        "BaseChamberCheckSpeed": 1.5,
        "BaseFixSpeed": 1.2,
        "OffsetRotation": 0.008,
        "RecoilIntensity": 0.165,
        "MasteryCategory": "M4"
    },
    "682d460e951a926af552d764": {
        "$type": "RealismMod.Gun, RealismMod",
        "ItemID": "682d460e951a926af552d764",
        "Name": "Bofors Ak5C 5.56x45 assault rifle (Custom)",
        "WeapType": "",
        "OperationType": "",
        "WeapAccuracy": 0,
        "BaseTorque": 1,
        "HasShoulderContact": false,
        "Ergonomics": 80,
        "VerticalRecoil": 80,
        "HorizontalRecoil": 137,
        "Dispersion": 9,
        "CameraRecoil": 0.036,
        "VisualMulti": 1.12,
        "Convergence": 17,
        "RecoilAngle": 88,
        "BaseMalfunctionChance": 0.0015,
        "HeatFactorGun": 0.25,
        "HeatFactorByShot": 1.2,
        "CoolFactorGun": 0.1,
        "CoolFactorGunMods": 1,
        "AllowOverheat": true,
        "CenterOfImpact": 0.01,
        "HipAccuracyRestorationDelay": 0.2,
        "HipAccuracyRestorationSpeed": 7,
        "HipInnaccuracyGain": 0.16,
        "ShotgunDispersion": 0,
        "Velocity": 0,
        "RecoilDamping": 0.8,
        "RecoilHandDamping": 0.6,
        "WeaponAllowADS": false,
        "Weight": 3.405,
        "DurabilityBurnRatio": 0.2,
        "AutoROF": 700,
        "SemiROF": 400,
        "LoyaltyLevel": 3,
        "BaseReloadSpeedMulti": 1,
        "BaseChamberSpeedMulti": 1.85,
        "MinChamberSpeed": 0.8,
        "MaxChamberSpeed": 2,
        "IsManuallyOperated": false,
        "BaseChamberCheckSpeed": 1.5,
        "BaseFixSpeed": 1.2,
        "OffsetRotation": 0.008,
        "RecoilIntensity": 0.165,
        "MasteryCategory": "M4"
    },
    "682d3dd16900cb35564c8825": {
        "$type": "RealismMod.Gun, RealismMod",
        "ItemID": "682d3dd16900cb35564c8825",
        "Name": "Bofors Ak5D 5.56x45 assault rifle",
        "WeapType": "",
        "OperationType": "",
        "WeapAccuracy": 0,
        "BaseTorque": 1,
        "HasShoulderContact": false,
        "Ergonomics": 85,
        "VerticalRecoil": 83,
        "HorizontalRecoil": 168,
        "Dispersion": 8,
        "CameraRecoil": 0.026,
        "VisualMulti": 1.10,
        "Convergence": 12,
        "RecoilAngle": 85,
        "BaseMalfunctionChance": 0.001,
        "HeatFactorGun": 0.27,
        "HeatFactorByShot": 1,
        "CoolFactorGun": 0.1,
        "CoolFactorGunMods": 1,
        "AllowOverheat": true,
        "CenterOfImpact": 0.01,
        "HipAccuracyRestorationDelay": 0.2,
        "HipAccuracyRestorationSpeed": 7,
        "HipInnaccuracyGain": 0.16,
        "ShotgunDispersion": 0,
        "Velocity": -3,
        "RecoilDamping": 0.8,
        "RecoilHandDamping": 0.6,
        "WeaponAllowADS": false,
        "Weight": 2.85,
        "DurabilityBurnRatio": 0.35,
        "AutoROF": 650,
        "SemiROF": 400,
        "LoyaltyLevel": 3,
        "BaseReloadSpeedMulti": 1,
        "BaseChamberSpeedMulti": 1.85,
        "MinChamberSpeed": 0.8,
        "MaxChamberSpeed": 2,
        "IsManuallyOperated": false,
        "BaseChamberCheckSpeed": 1.5,
        "BaseFixSpeed": 1.2,
        "OffsetRotation": 0.008,
        "RecoilIntensity": 0.165,
        "MasteryCategory":"M4"
    },
    "682d4820e48f3c573ec332b5": {
        "$type": "RealismMod.Gun, RealismMod",
        "ItemID": "682d4820e48f3c573ec332b5",
        "Name": "Bofors Ak5G 5.56x45 light machinegun",
        "WeapType": "",
        "OperationType": "",
        "WeapAccuracy": 0,
        "BaseTorque": 1.0,
        "HasShoulderContact": false,
        "Ergonomics": 80,
        "VerticalRecoil": 69,
        "HorizontalRecoil": 130,
        "Dispersion": 9,
        "CameraRecoil": 0.032,
        "VisualMulti": 1.1,
        "Convergence": 14,
        "RecoilAngle": 80,
        "BaseMalfunctionChance": 0.001,
        "HeatFactorGun": 0.15,
        "HeatFactorByShot": 1,
        "CoolFactorGun": 0.125,
        "CoolFactorGunMods": 1,
        "AllowOverheat": true,
        "CenterOfImpact": 0.04,
        "HipAccuracyRestorationDelay": 0.2,
        "HipAccuracyRestorationSpeed": 7,
        "HipInnaccuracyGain": 0.16,
        "ShotgunDispersion": 0,
        "Velocity": 0,
        "RecoilDamping": 0.7,
        "RecoilHandDamping": 0.7,
        "WeaponAllowADS": false,
        "Weight": 3.012,
        "DurabilityBurnRatio": 0.1,
        "AutoROF": 650,
        "SemiROF": 370,
        "LoyaltyLevel": 4,
        "BaseReloadSpeedMulti": 1,
        "BaseChamberSpeedMulti": 1,
        "MinChamberSpeed": 0.7,
        "MaxChamberSpeed": 1.5,
        "IsManuallyOperated": false,
        "BaseChamberCheckSpeed": 1.3,
        "BaseFixSpeed": 1,
        "OffsetRotation": 0.0112,
        "RecoilIntensity": 0.151,
        "MasteryCategory":"M4"
    },
        "6671ecb42225b07c8afc4ce3": {
        "$type": "RealismMod.WeaponMod, RealismMod",
        "ItemID": "6671ecb42225b07c8afc4ce3",
        "Name": "Ak5C foldable stock",
        "ModType": "Stock",
        "VerticalRecoil": 0,
        "HorizontalRecoil": -8,
        "Dispersion": -5,
        "CameraRecoil": -5,
        "AimSpeed": 3,
        "Ergonomics": 6,
        "Accuracy": 0,
        "HasShoulderContact": true,
        "BlocksFolding": false,
        "AutoROF": 0,
        "SemiROF": 0,
        "ModMalfunctionChance": 0,
        "StockAllowADS": false,
        "ConflictingItems": [],
        "Weight": 0.30,
        "LoyaltyLevel": 2,
        "Price": 0
  },
    "6671ed5805ef46250c47e46a": {
        "$type": "RealismMod.WeaponMod, RealismMod",
        "ItemID": "6671ed5805ef46250c47e46a",
        "Name": "Ak5C 5.56x45 flash hider",
        "ModType": "",
        "VerticalRecoil": 0,
        "HorizontalRecoil": -10,
        "Dispersion": -7,
        "CameraRecoil": 0,
        "AutoROF": 0,
        "SemiROF": 0,
        "ModMalfunctionChance": 0,
        "CanCycleSubs": false,
        "Accuracy": 0,
        "HeatFactor": 1,
        "CoolFactor": 1,
        "DurabilityBurnModificator": 1,
        "Velocity": 0,
        "RecoilAngle": 0,
        "ConflictingItems": [],
        "Ergonomics": 0,
        "Weight": 0.064,
        "Loudness": 17,
        "Convergence": 6,
        "LoyaltyLevel": 2,
        "Price": 0,
        "Flash": -35
  },
  "682d49d1a02a06db42af2642": {
        "$type": "RealismMod.WeaponMod, RealismMod",
        "ItemID": "682d49d1a02a06db42af2642",
        "Name": "Ak5G metal handguard with heatshield",
        "ModType": "",
        "VerticalRecoil": 0,
        "HorizontalRecoil": -2,
        "Dispersion": -5,
        "AimSpeed": 0,
        "Ergonomics": 6,
        "Accuracy": 0,
        "HeatFactor": 1.05,
        "CoolFactor": 1.09,
        "ConflictingItems": [],
        "Weight": 0.36,
        "LoyaltyLevel": 2,
        "Price": 0
  },
  "6671ece3365d10b3362eb40f": {
        "$type": "RealismMod.WeaponMod, RealismMod",
        "ItemID": "6671ece3365d10b3362eb40f",
        "Name": "Ak5C RIS handguard",
        "ModType": "",
        "VerticalRecoil": 0,
        "HorizontalRecoil": -2,
        "Dispersion": -5,
        "AimSpeed": 0,
        "Ergonomics": 6,
        "Accuracy": 0,
        "HeatFactor": 1.05,
        "CoolFactor": 1.09,
        "ConflictingItems": [],
        "Weight": 0.26,
        "LoyaltyLevel": 2,
        "Price": 0
  },
  "682cfc17f7e9b13d49029312": {
        "$type": "RealismMod.WeaponMod, RealismMod",
        "ItemID": "682cfc17f7e9b13d49029312",
        "Name": "Ak5 Gen-1 polymer handguard",
        "ModType": "",
        "VerticalRecoil": 0,
        "HorizontalRecoil": -1,
        "Dispersion": -3,
        "AimSpeed": 0,
        "Ergonomics": 6,
        "Accuracy": 0,
        "HeatFactor": 1.05,
        "CoolFactor": 1.09,
        "ConflictingItems": [],
        "Weight": 0.285,
        "LoyaltyLevel": 2,
        "Price": 0
  },
  "682cfe84aa392e42d1cb5882": {
        "$type": "RealismMod.WeaponMod, RealismMod",
        "ItemID": "682cfe84aa392e42d1cb5882",
        "Name": "Ak5C custom polymer handguard with foregrip",
        "ModType": "",
        "VerticalRecoil": -1,
        "HorizontalRecoil": -5,
        "Dispersion": -5,
        "AimSpeed": 3,
        "Ergonomics": 10,
        "Accuracy": 0,
        "HeatFactor": 1.05,
        "CoolFactor": 1.09,
        "ConflictingItems": [],
        "Weight": 0.309,
        "LoyaltyLevel": 2,
        "Price": 0
  },
  "682d411bb39be396f8fc2dd5": {
        "$type": "RealismMod.WeaponMod, RealismMod",
        "ItemID": "682d411bb39be396f8fc2dd5",
        "Name": "Ak5D custom polymer handguard with foregrip",
        "ModType": "",
        "VerticalRecoil": -1,
        "HorizontalRecoil": -5,
        "Dispersion": -5,
        "AimSpeed": 3,
        "Ergonomics": 10,
        "Accuracy": 0,
        "HeatFactor": 1.05,
        "CoolFactor": 1.09,
        "ConflictingItems": [],
        "Weight": 0.309,
        "LoyaltyLevel": 2,
        "Price": 0
  },
  "682d4045079d711a1462af2e": {
        "$type": "RealismMod.WeaponMod, RealismMod",
        "ItemID": "682d4045079d711a1462af2e",
        "Name": "Ak5C custom polymer handguard",
        "ModType": "",
        "VerticalRecoil": -1,
        "HorizontalRecoil": -2,
        "Dispersion": -5,
        "AimSpeed": 0,
        "Ergonomics": 6,
        "Accuracy": 0,
        "HeatFactor": 1.05,
        "CoolFactor": 1.09,
        "ConflictingItems": [],
        "Weight": 0.26,
        "LoyaltyLevel": 2,
        "Price": 0
  },
  "682b9dd126018d7470776a59": {
        "$type": "RealismMod.WeaponMod, RealismMod",
        "ItemID": "682b9dd126018d7470776a59",
        "Name": "Ak5C RIS handguard rail cover (foregrip)",
        "ModType": "",
        "VerticalRecoil": -1,
        "HorizontalRecoil": -1,
        "Dispersion": -1,
        "AutoROF": 0,
        "SemiROF": 0,
        "ModMalfunctionChance": 0,
        "AimSpeed": 0,
        "ReloadSpeed": 0,
        "Ergonomics": 1,
        "Accuracy": 0,
        "ConflictingItems": [],
        "FixSpeed": 0,
        "HeatFactor": 0.98,
        "CoolFactor": 0.98,
        "DurabilityBurnModificator": 1,
        "Weight": 0.01,
        "LoyaltyLevel": 2,
        "Price": 0
  },
  "682b9cb8150b5a86eeaed3fa": {
        "$type": "RealismMod.WeaponMod, RealismMod",
        "ItemID": "682b9cb8150b5a86eeaed3fa",
        "Name": "Ak5C RIS handguard rail cover (side)",
        "ModType": "",
        "VerticalRecoil": -1,
        "HorizontalRecoil": -1,
        "Dispersion": -1,
        "AutoROF": 0,
        "SemiROF": 0,
        "ModMalfunctionChance": 0,
        "AimSpeed": 0,
        "ReloadSpeed": 0,
        "Ergonomics": 1,
        "Accuracy": 0,
        "ConflictingItems": [],
        "FixSpeed": 0,
        "HeatFactor": 0.98,
        "CoolFactor": 0.98,
        "DurabilityBurnModificator": 1,
        "Weight": 0.01,
        "LoyaltyLevel": 2,
        "Price": 0
  },
  "682b9d50a05fef25589376d4": {
        "$type": "RealismMod.WeaponMod, RealismMod",
        "ItemID": "682b9d50a05fef25589376d4",
        "Name": "Ak5C RIS handguard rail cover (bottom)",
        "ModType": "",
        "VerticalRecoil": -1,
        "HorizontalRecoil": -1,
        "Dispersion": -1,
        "AutoROF": 0,
        "SemiROF": 0,
        "ModMalfunctionChance": 0,
        "AimSpeed": 0,
        "ReloadSpeed": 0,
        "Ergonomics": 1,
        "Accuracy": 0,
        "ConflictingItems": [],
        "FixSpeed": 0,
        "HeatFactor": 0.98,
        "CoolFactor": 0.98,
        "DurabilityBurnModificator": 1,
        "Weight": 0.02,
        "LoyaltyLevel": 2,
        "Price": 0
  },
  "6671ec6e0bebf6ee2d5abf61": {
        "$type": "RealismMod.WeaponMod, RealismMod",
        "ItemID": "6671ec6e0bebf6ee2d5abf61",
        "Name": "Ak5C polymer pistol grip",
        "ModType": "",
        "VerticalRecoil": 0,
        "HorizontalRecoil": 0,
        "Dispersion": 0,
        "AimSpeed": 0,
        "Ergonomics": 2.5,
        "Accuracy": 0,
        "ConflictingItems": [],
        "Weight": 0.11,
        "LoyaltyLevel": 3,
        "Price": 0
  },
  "682b9bdc170bdea2c25d6cb2": {
        "$type": "RealismMod.WeaponMod, RealismMod",
        "ItemID": "682b9bdc170bdea2c25d6cb2",
        "Name": "Ak5C 5.56x45 custom muzzle brake (camo)",
        "ModType": "",
        "VerticalRecoil": 0,
        "HorizontalRecoil": -10,
        "Dispersion": -9,
        "CameraRecoil": 0,
        "AutoROF": 0,
        "SemiROF": 0,
        "ModMalfunctionChance": 0,
        "CanCycleSubs": false,
        "Accuracy": 0,
        "HeatFactor": 1,
        "CoolFactor": 1,
        "DurabilityBurnModificator": 1,
        "Velocity": 0,
        "RecoilAngle": 0,
        "ConflictingItems": [],
        "Ergonomics": 0,
        "Weight": 0.071,
        "Loudness": 15,
        "Convergence": 7,
        "LoyaltyLevel": 3,
        "Price": 0,
        "Flash": -65
  },
  "682b9953603e1510278c750b": {
        "$type": "RealismMod.WeaponMod, RealismMod",
        "ItemID": "682b9953603e1510278c750b",
        "Name": "Ak5C 5.56x45 custom muzzle brake",
        "ModType": "",
        "VerticalRecoil": 0,
        "HorizontalRecoil": -10,
        "Dispersion": -9,
        "CameraRecoil": 0,
        "AutoROF": 0,
        "SemiROF": 0,
        "ModMalfunctionChance": 0,
        "CanCycleSubs": false,
        "Accuracy": 0,
        "HeatFactor": 1,
        "CoolFactor": 1,
        "DurabilityBurnModificator": 1,
        "Velocity": 0,
        "RecoilAngle": 0,
        "ConflictingItems": [],
        "Ergonomics": 0,
        "Weight": 0.071,
        "Loudness": 15,
        "Convergence": 7,
        "LoyaltyLevel": 3,
        "Price": 0,
        "Flash": -65
  },
  "682baa522feb8daa643b92ca": {
        "$type": "RealismMod.WeaponMod, RealismMod",
        "ItemID": "682baa522feb8daa643b92ca",
        "Name": "Ak5C wire stock",
        "ModType": "Stock",
        "VerticalRecoil": 0,
        "HorizontalRecoil": -8,
        "Dispersion": -10,
        "CameraRecoil": -5,
        "AimSpeed": 6,
        "Ergonomics": 6,
        "Accuracy": 5,
        "HasShoulderContact": true,
        "BlocksFolding": false,
        "AutoROF": 0,
        "SemiROF": 0,
        "ModMalfunctionChance": 0,
        "StockAllowADS": false,
        "ConflictingItems": [],
        "Weight": 0.341,
        "LoyaltyLevel": 3,
        "AimStability": 8
  },
  "682baac5d66c1da62f72a40a": {
        "$type": "RealismMod.WeaponMod, RealismMod",
        "ItemID": "682baac5d66c1da62f72a40a",
        "Name": "Ak5C wire stock (cheek pad)",
        "ModType": "Stock",
        "VerticalRecoil": 0,
        "HorizontalRecoil": -8,
        "Dispersion": 3,
        "CameraRecoil": -6,
        "AimSpeed": 10,
        "Ergonomics": 9,
        "Accuracy": 5,
        "HasShoulderContact": true,
        "BlocksFolding": false,
        "AutoROF": 0,
        "SemiROF": 0,
        "ModMalfunctionChance": 0,
        "StockAllowADS": false,
        "ConflictingItems": [],
        "Weight": 0.456,
        "LoyaltyLevel": 3,
        "AimStability": 8
  },
  "682babc3560778885a2d946a": {
        "$type": "RealismMod.WeaponMod, RealismMod",
        "ItemID": "682babc3560778885a2d946a",
        "Name": "Ak5C tactical polymer stock",
        "ModType": "Stock",
        "VerticalRecoil": 0,
        "HorizontalRecoil": -12,
        "Dispersion": -3,
        "CameraRecoil": -10,
        "AimSpeed": 5,
        "Ergonomics": 10,
        "Accuracy": 6,
        "HasShoulderContact": true,
        "BlocksFolding": false,
        "AutoROF": 0,
        "SemiROF": 0,
        "ModMalfunctionChance": 0,
        "StockAllowADS": false,
        "ConflictingItems": [],
        "Weight": 0.321,
        "LoyaltyLevel": 3,
        "AimStability": 8
  },
  "682ba92584d56dc5db9a3685": {
        "$type": "RealismMod.WeaponMod, RealismMod",
        "ItemID": "682ba92584d56dc5db9a3685",
        "Name": "Ak5C advanced ergonomic stock",
        "ModType": "Stock",
        "VerticalRecoil": 0,
        "HorizontalRecoil": -12,
        "Dispersion": -5,
        "CameraRecoil": -15,
        "AimSpeed": 5,
        "Ergonomics": 11,
        "Accuracy": 3,
        "HasShoulderContact": true,
        "BlocksFolding": false,
        "AutoROF": 0,
        "SemiROF": 0,
        "ModMalfunctionChance": 0,
        "StockAllowADS": false,
        "ConflictingItems": [],
        "Weight": 0.523,
        "LoyaltyLevel": 3,
        "AimStability": 10
  },
  "682b93398666a4746cd08575": {
        "$type": "RealismMod.WeaponMod, RealismMod",
        "ItemID": "682b93398666a4746cd08575",
        "Name": "Ak5C ergonomic pistol grip",
        "ModType": "",
        "VerticalRecoil": 0,
        "HorizontalRecoil": 0,
        "Dispersion": -2,
        "AimSpeed": 5,
        "Ergonomics": 6,
        "Accuracy": 3,
        "AimStability": 5,
        "ConflictingItems": [],
        "Weight": 0.11,
        "LoyaltyLevel": 3,
        "Handling": 6
    },
    "682b9415c5e1bc01f034f7ad": {
        "$type": "RealismMod.WeaponMod, RealismMod",
        "ItemID": "682b9415c5e1bc01f034f7ad",
        "Name": "Ak5C grooved pistol grip",
        "ModType": "",
        "VerticalRecoil": 0,
        "HorizontalRecoil": 0,
        "Dispersion": -1,
        "AimSpeed": 2,
        "Ergonomics": 3,
        "Accuracy": 1,
        "ConflictingItems": [],
        "Weight": 0.12,
        "LoyaltyLevel": 3
    },
    "682b9369a66773ee54219101": {
        "$type": "RealismMod.WeaponMod, RealismMod",
        "ItemID": "682b9369a66773ee54219101",
        "Name": "Ak5C ergonomic grooved pistol grip",
        "ModType": "",
        "VerticalRecoil": 0,
        "HorizontalRecoil": 0,
        "Dispersion": -5,
        "AimSpeed": 5,
        "Ergonomics": 7,
        "Accuracy": 5,
        "ConflictingItems": [],
        "Weight": 0.13,
        "LoyaltyLevel": 3,
        "Handling": 6
    },
    "682cfb5d01263131c5c1b1de": {
        "$type": "RealismMod.WeaponMod, RealismMod",
        "ItemID": "682cfb5d01263131c5c1b1de",
        "Name": "Ak5C slim-line pistol grip",
        "ModType": "",
        "VerticalRecoil": 0,
        "HorizontalRecoil": 0,
        "Dispersion": -3,
        "AimSpeed": 6,
        "Ergonomics": 7,
        "Accuracy": 0,
        "ConflictingItems": [],
        "Weight": 0.12,
        "LoyaltyLevel": 3,
        "Handling": 3
    },
    "682b94e1362393814780df6f": {
        "$type": "RealismMod.WeaponMod, RealismMod",
        "ItemID": "682b94e1362393814780df6f",
        "Name": "Ak5C tactical pistol grip",
        "ModType": "",
        "VerticalRecoil": 0,
        "HorizontalRecoil": 0,
        "Dispersion": 0,
        "AimSpeed": 3,
        "Ergonomics": 3,
        "Accuracy": 0,
        "ConflictingItems": [],
        "Weight": 0.11,
        "LoyaltyLevel": 3
    },
    "682b94a07dd1fd93a60d0054": {
        "$type": "RealismMod.WeaponMod, RealismMod",
        "ItemID": "682b94a07dd1fd93a60d0054",
        "Name": "Ak5C pistol grip (Wrapped)",
        "ModType": "",
        "VerticalRecoil": 0,
        "HorizontalRecoil": 0,
        "Dispersion": 0,
        "AimSpeed": 2,
        "Ergonomics": 6,
        "Accuracy": 4,
        "ConflictingItems": [],
        "Weight": 0.11,
        "LoyaltyLevel": 3,
        "Price": 0
  },
  "6828b1226ef8b54f3f63a678": {
        "$type": "RealismMod.WeaponMod, RealismMod",
        "ItemID": "6828b1226ef8b54f3f63a678",
        "Name": "Ak5C 5.56x45 PMAG 30-round magazine",
        "ModType": "",
        "ReloadSpeed": 5,
        "Ergonomics": 0,
        "MalfunctionChance": 0.015,
        "LoadUnloadModifier": 15,
        "CheckTimeModifier": 15,
        "ConflictingItems": [],
        "Weight": 0.158,
        "VerticalRecoil": 0,
        "HorizontalRecoil": 0,
        "LoyaltyLevel": 3
    },
    "682b91f64347b3787a632960": {
        "$type": "RealismMod.WeaponMod, RealismMod",
        "ItemID": "682b91f64347b3787a632960",
        "Name": "Ak5C 5.56x45 ergonomic PMAG 20-round magazine",
        "ModType": "",
        "ReloadSpeed": 5,
        "Ergonomics": 0,
        "MalfunctionChance": 0.005,
        "LoadUnloadModifier": 0,
        "CheckTimeModifier": 0,
        "ConflictingItems": [],
        "Weight": 0.125,
        "VerticalRecoil": 0,
        "HorizontalRecoil": 0,
        "LoyaltyLevel": 3
    },
    "682aaf066682ec0bfe5000e8": {
        "$type": "RealismMod.WeaponMod, RealismMod",
        "ItemID": "682aaf066682ec0bfe5000e8",
        "Name": "Ak5G Bipod",
        "ModType": "",
        "VerticalRecoil": 0,
        "HorizontalRecoil": 0,
        "Dispersion": 0,
        "AimSpeed": 0,
        "Ergonomics": -2,
        "Accuracy": 0,
        "ConflictingItems": [],
        "Weight": 0.250,
        "LoyaltyLevel": 3,
        "Price": 0
    },
    "682d4e58cabfe180bea4e231": {
        "$type": "RealismMod.WeaponMod, RealismMod",
        "ItemID": "682d4e58cabfe180bea4e231",
        "Name": "Ak5G handguard rail",
        "ModType": "",
        "VerticalRecoil": 0,
        "HorizontalRecoil": 0,
        "Dispersion": 0,
        "AimSpeed": 0,
        "Ergonomics": 0,
        "Accuracy": 0,
        "ConflictingItems": [],
        "Weight": 0.01,
        "LoyaltyLevel": 3,
        "Price": 0
    },
    "682d4c5c3d80d3692ba0208a": {
        "$type": "RealismMod.WeaponMod, RealismMod",
        "ItemID": "682d4c5c3d80d3692ba0208a",
        "Name": "Ak5G tactical barrel mount",
        "ModType": "",
        "VerticalRecoil": 0,
        "HorizontalRecoil": 0,
        "Dispersion": 0,
        "AimSpeed": 0,
        "Ergonomics": 0,
        "Accuracy": 0,
        "ConflictingItems": [],
        "Weight": 0.01,
        "LoyaltyLevel": 3,
        "Price": 0
    }
}