{
  "679f2453d1970258c1df3fce": {
    "$type": "RealismMod.Gun, RealismMod",
    "ItemID": "679f2453d1970258c1df3fce",
    "Name": "Hi-Point Model C-9 9x19 pistol",
    "WeapType": "pistol",
    "OperationType": "",
    "WeapAccuracy": 0,
    "BaseTorque": -2.5,
    "HasShoulderContact": false,
    "Ergonomics": 70,
    "VerticalRecoil": 300,
    "HorizontalRecoil": 165,
    "Dispersion": 4,
    "CameraRecoil": 0.003,
    "VisualMulti": 2.5,
    "Convergence": 20,
    "RecoilAngle": 94,
    "BaseMalfunctionChance": 0.0015,
    "HeatFactorGun": 0.2,
    "HeatFactorByShot": 1,
    "CoolFactorGun": 0.1,
    "CoolFactorGunMods": 1,
    "AllowOverheat": true,
    "CenterOfImpact": 0.21,
    "HipAccuracyRestorationDelay": 0.2,
    "HipAccuracyRestorationSpeed": 7,
    "HipInnaccuracyGain": 0.16,
    "ShotgunDispersion": 0,
    "Velocity": 15.1,
    "RecoilDamping": 0.69,
    "RecoilHandDamping": 0.5,
    "WeaponAllowADS": false,
    "Weight": 0.86,
    "DurabilityBurnRatio": 0.3,
    "AutoROF": 30,
    "SemiROF": 345,
    "LoyaltyLevel": 2,
    "BaseReloadSpeedMulti": 1,
    "BaseChamberSpeedMulti": 1,
    "MinChamberSpeed": 0.8,
    "MaxChamberSpeed": 1.5,
    "IsManuallyOperated": false,
    "BaseChamberCheckSpeed": 1,
    "BaseFixSpeed": 1,
    "OffsetRotation": 0.01,
    "RecoilIntensity": 0.23,
    "MasteryCategory": "P226"
},
  "679f24d15ff75ca48f6462a2": {
    "$type": "RealismMod.WeaponMod, RealismMod",
    "ItemID": "679f24d15ff75ca48f6462a2",
    "Name": "Hi-Point C-9 9x19 3.5 inch barrel",
    "ModType": "",
    "VerticalRecoil": 0,
    "HorizontalRecoil": 0,
    "AutoROF": 0,
    "SemiROF": 0,
    "ModMalfunctionChance": 0,
    "Convergence": 0,
    "Accuracy": 0,
    "CenterOfImpact": 0.21,
    "HeatFactor": 1.1,
    "CoolFactor": 1.15,
    "DurabilityBurnModificator": 1,
    "Velocity": -12.5,
    "ConflictingItems": [],
    "Ergonomics": 0,
    "Weight": 0.180,
    "ShotgunDispersion": 1,
    "Loudness": 0,
    "LoyaltyLevel": 2,
    "Price": 0
  },
  "679f24e723451339c041f28d": {
    "$type": "RealismMod.WeaponMod, RealismMod",
    "ItemID": "679f24e723451339c041f28d",
    "Name": "Hi-Point Model C-9 pistol slide",
    "ModType": "",
    "ModMalfunctionChance": 0,
    "Accuracy": 5,
    "HeatFactor": 0.954,
    "CoolFactor": 1.06,
    "DurabilityBurnModificator": 1,
    "ConflictingItems": [],
    "Ergonomics": 0,
    "Weight": 0.391,
    "VerticalRecoil": 0,
    "HorizontalRecoil": 0,
    "ChamberSpeed": 30,
    "LoyaltyLevel": 2,
    "Price": 0
  },
  "67748e8f9837491f8c2c36ae": {
    "$type": "RealismMod.WeaponMod, RealismMod",
    "ItemID": "67748e8f9837491f8c2c36ae",
    "Name": "Hi-Point Model C-9 side grips",
    "ModType": "",
    "VerticalRecoil": -5,
    "HorizontalRecoil": -5,
    "Dispersion": -5,
    "AimSpeed": 0,
    "Ergonomics": 10,
    "Accuracy": 0,
    "ConflictingItems": [],
    "Weight": 0.09,
    "LoyaltyLevel": 2,
    "AimStability": 10,
    "Handling": 5
  }
}
