{
    "6761b213607f9a6f79017c7e": {
        "$type": "RealismMod.Gun, RealismMod",
        "ItemID": "6761b213607f9a6f79017c7e",
        "Name": "Knight's Armament Company PDW .300 Blackout assault rifle",
        "WeapType": "DI",
        "OperationType": "",
        "WeapAccuracy": 0,
        "BaseTorque": 1,
        "HasShoulderContact": false,
        "Ergonomics": 82,
        "VerticalRecoil": 69,
        "HorizontalRecoil": 135,
        "Dispersion": 8,
        "CameraRecoil": 0.026,
        "VisualMulti": 1.10,
        "Convergence": 12,
        "RecoilAngle": 85,
        "BaseMalfunctionChance": 0.001,
        "HeatFactorGun": 0.27,
        "HeatFactorByShot": 1,
        "CoolFactorGun": 0.1,
        "CoolFactorGunMods": 1,
        "AllowOverheat": true,
        "CenterOfImpact": 0.01,
        "HipAccuracyRestorationDelay": 0.2,
        "HipAccuracyRestorationSpeed": 7,
        "HipInnaccuracyGain": 0.16,
        "ShotgunDispersion": 0,
        "Velocity": -3,
        "RecoilDamping": 0.8,
        "RecoilHandDamping": 0.6,
        "WeaponAllowADS": false,
        "Weight": 1.95,
        "DurabilityBurnRatio": 0.35,
        "AutoROF": 720,
        "SemiROF": 450,
        "LoyaltyLevel": 3,
        "BaseReloadSpeedMulti": 1,
        "BaseChamberSpeedMulti": 1.85,
        "MinChamberSpeed": 0.8,
        "MaxChamberSpeed": 2,
        "IsManuallyOperated": false,
        "BaseChamberCheckSpeed": 1.5,
        "BaseFixSpeed": 1.2,
        "OffsetRotation": 0.008,
        "RecoilIntensity": 0.165,
        "MasteryCategory":"M4"
    },
    "6761b213607f9a6f79017c81": {
        "$type": "RealismMod.WeaponMod, RealismMod",
        "ItemID": "6761b213607f9a6f79017c81",
        "Name": "Knight's Armament Company PDW folding stock",
        "ModType": "buffer_stock",
        "VerticalRecoil": 0,
        "HorizontalRecoil": -4,
        "Dispersion": 4,
        "CameraRecoil": 7,
        "AimSpeed": 10,
        "Ergonomics": 10,
        "Accuracy": 0,
        "HasShoulderContact": true,
        "BlocksFolding": false,
        "AutoROF": 0,
        "SemiROF": 0,
        "ModMalfunctionChance": 5,
        "StockAllowADS": false,
        "ConflictingItems": [],
        "Weight": 0.194,
        "DurabilityBurnModificator": 1.1,
        "LoyaltyLevel": 3,
        "AimStability": -7
    },
    "6761b213607f9a6f79017c83": {
        "$type": "RealismMod.WeaponMod, RealismMod",
        "ItemID": "6761b213607f9a6f79017c83",
        "Name": "Knight's Armament Company PDW .300 Blackout upper reciever",
        "TemplateType": "mod",
        "ModType": "",
        "ModMalfunctionChance": 0,
        "Accuracy": 4,
        "HeatFactor": 0.984,
        "CoolFactor": 1.017,
        "DurabilityBurnModificator": 1,
        "ConflictingItems": [],
        "Ergonomics": 8,
        "Weight": 0.28,
        "VerticalRecoil": 0,
        "HorizontalRecoil": -2,
        "ChamberSpeed": 0,
        "LoyaltyLevel": 3,
        "Price": 0
    },
    "6876b80b37f01b91d94b927c": {
        "$type": "RealismMod.WeaponMod, RealismMod",
        "ItemID": "6876b80b37f01b91d94b927c",
        "Name": "KAC PDW .300 blackout 30-round magazine",
        "ModType": "",
        "ReloadSpeed": 0,
        "Ergonomics": 0,
        "MalfunctionChance": 0.015,
        "LoadUnloadModifier": 0,
        "CheckTimeModifier": 0,
        "ConflictingItems": [],
        "Weight": 0.16,
        "VerticalRecoil": 0,
        "HorizontalRecoil": 0,
        "LoyaltyLevel": 3
    },
    "6761b213607f9a6f79017c80": {
        "$type": "RealismMod.WeaponMod, RealismMod",
        "ItemID": "6761b213607f9a6f79017c80",
        "Name": "KAC PDW .300 blackout 30-round magazine",
        "ModType": "",
        "ReloadSpeed": 0,
        "Ergonomics": 0,
        "MalfunctionChance": 0.015,
        "LoadUnloadModifier": 0,
        "CheckTimeModifier": 0,
        "ConflictingItems": [],
        "Weight": 0.16,
        "VerticalRecoil": 0,
        "HorizontalRecoil": 0,
        "LoyaltyLevel": 3
    },
    "6761b213607f9a6f79017c84": {
        "$type": "RealismMod.WeaponMod, RealismMod",
        "ItemID": "6761b213607f9a6f79017c84",
        "Name": "Knight's Armament Company PDW .300 Blackout charging handle",
        "TemplateID": null,
        "ModType": "",
        "ReloadSpeed": 0,
        "ConflictingItems": [],
        "FixSpeed": 5,
        "Ergonomics": 1,
        "Weight": 0.064,
        "VerticalRecoil": 0,
        "HorizontalRecoil": 0,
        "ChamberSpeed": 15,
        "LoyaltyLevel": 3,
        "Price": 0
    },
    "6761b213607f9a6f79017c85": {
        "$type": "RealismMod.WeaponMod, RealismMod",
        "ItemID": "6761b213607f9a6f79017c85",
        "Name": "Knight's Armament Company PDW .300 Blackout ambidextrous charging handle",
        "TemplateID": null,
        "ModType": "",
        "ReloadSpeed": 0,
        "ConflictingItems": [],
        "FixSpeed": 5,
        "Ergonomics": 1,
        "Weight": 0.064,
        "VerticalRecoil": 0,
        "HorizontalRecoil": 0,
        "ChamberSpeed": 15,
        "LoyaltyLevel": 3,
        "Price": 0
    },
    "6761b213607f9a6f79017c7f": {
        "$type": "RealismMod.WeaponMod, RealismMod",
        "ItemID": "6761b213607f9a6f79017c7f",
        "Name": "Knight's Armament Company .300 Blackout PDW barrel 260mm",
        "ModType": "short_barrel",
        "VerticalRecoil": -3,
        "HorizontalRecoil": -5,
        "AutoROF": 1,
        "SemiROF": 3,
        "CameraRecoil": -9,
        "ModMalfunctionChance": 5,
        "Convergence": 4,
        "Accuracy": 18,
        "CenterOfImpact": 0.028,
        "HeatFactor": 1.06,
        "CoolFactor": 0.94,
        "DurabilityBurnModificator": 1.35,
        "Velocity": -3,
        "ConflictingItems": [],
        "Ergonomics": 2,
        "Weight": 0.6305,
        "ShotgunDispersion": 1,
        "Loudness": 0,
        "LoyaltyLevel": 3,
        "Price": 0
    }
}