{
    "66e88596febdcf9daade16a8": {
        "$type": "RealismMod.Gun, RealismMod",
        "ItemID": "66e88596febdcf9daade16a8",
        "Name": "Zastava M76 7.92x57 marksman rifle",
        "WeapType": "",
        "OperationType": "",
        "WeapAccuracy": 0,
        "BaseTorque": 0,
        "HasShoulderContact": false,
        "Ergonomics": 60,
        "VerticalRecoil": 125,
        "HorizontalRecoil": 200,
        "Dispersion": 10,
        "CameraRecoil": 0.075,
        "VisualMulti": 1.1,
        "Convergence": 9.6,
        "RecoilAngle": 90,
        "BaseMalfunctionChance": 0.0012,
        "HeatFactorGun": 3.29,
        "HeatFactorByShot": 1,
        "CoolFactorGun": 3.168,
        "CoolFactorGunMods": 1,
        "AllowOverheat": true,
        "CenterOfImpact": 0.04,
        "HipAccuracyRestorationDelay": 0.2,
        "HipAccuracyRestorationSpeed": 7,
        "HipInnaccuracyGain": 0.16,
        "ShotgunDispersion": 0,
        "Velocity": 0,
        "RecoilDamping": 0.86,
        "RecoilHandDamping": 0.4,
        "WeaponAllowADS": false,
        "Weight": 3.415,
        "DurabilityBurnRatio": 0.2,
        "AutoROF": 700,
        "SemiROF": 365,
        "LoyaltyLevel": 4,
        "BaseReloadSpeedMulti": 1.15,
        "BaseChamberSpeedMulti": 1.15,
        "MinChamberSpeed": 0.7,
        "MaxChamberSpeed": 1.9,
        "IsManuallyOperated": false,
        "BaseChamberCheckSpeed": 1.7,
        "BaseFixSpeed": 1.7,
        "OffsetRotation": 0.01,
        "RecoilIntensity": 0.23,
        "MasteryCategory": "AKM"
    },
    "66e887e85c11853b81a538f4": {
        "$type": "RealismMod.WeaponMod, RealismMod",
        "ItemID": "66e887e85c11853b81a538f4",
        "Name": "Zastava M76 7.92x57 10-round magazine",
        "ModType": "",
        "ReloadSpeed": 0,
        "Ergonomics": 0,
        "MalfunctionChance": 0,
        "LoadUnloadModifier": 0,
        "CheckTimeModifier": -15,
        "ConflictingItems": [],
        "Weight": 0.16,
        "VerticalRecoil": 0,
        "HorizontalRecoil": 0,
        "LoyaltyLevel": 0,
        "Price": 0
    },
    "66e8888f8fa84b78297cd8da": {
        "$type": "RealismMod.WeaponMod, RealismMod",
        "ItemID": "66e8888f8fa84b78297cd8da",
        "Name": "Zastava M76 fixed wooden stock",
        "ModType": "Stock",
        "VerticalRecoil": -21,
        "HorizontalRecoil": -33,
        "Dispersion": 0,
        "CameraRecoil": 4,
        "AimSpeed": 0,
        "Ergonomics": 6,
        "Accuracy": 0,
        "HasShoulderContact": true,
        "BlocksFolding": false,
        "AutoROF": 0,
        "SemiROF": 0,
        "ModMalfunctionChance": 0,
        "StockAllowADS": false,
        "ConflictingItems": [],
        "Weight": 0.52,
        "LoyaltyLevel": 0,
        "Price": 0
    },
    "66e888aaa157baa64d8338d1": {
        "$type": "RealismMod.WeaponMod, RealismMod",
        "ItemID": "66e888aaa157baa64d8338d1",
        "Name": "Zastava M76 RPK-style wooden rifle stock",
        "ModType": "Stock",
        "VerticalRecoil": -26,
        "HorizontalRecoil": -40,
        "Dispersion": 0,
        "CameraRecoil": 4,
        "AimSpeed": 0,
        "Ergonomics": -8,
        "Accuracy": 0,
        "HasShoulderContact": true,
        "BlocksFolding": false,
        "AutoROF": 0,
        "SemiROF": 0,
        "ModMalfunctionChance": 0,
        "StockAllowADS": false,
        "ConflictingItems": [],
        "Weight": 0.54,
        "LoyaltyLevel": 0,
        "Price": 0
    },
    "66e888b781e5751af50ce6bd": {
        "$type": "RealismMod.WeaponMod, RealismMod",
        "ItemID": "66e888b781e5751af50ce6bd",
        "Name": "Zastava M76 PKM-Style wooden marksman stock",
        "ModType": "Stock",
        "VerticalRecoil": -23,
        "HorizontalRecoil": -36,
        "Dispersion": 0,
        "CameraRecoil": 4,
        "AimSpeed": 0,
        "Ergonomics": 8,
        "Accuracy": 0,
        "HasShoulderContact": true,
        "BlocksFolding": false,
        "AutoROF": 0,
        "SemiROF": 0,
        "ModMalfunctionChance": 0,
        "StockAllowADS": false,
        "ConflictingItems": [],
        "Weight": 0.62,
        "LoyaltyLevel": 0,
        "Price": 0
    },
    "66e887cf09ede6c7c42def11": {
        "$type": "RealismMod.WeaponMod, RealismMod",
        "ItemID": "66e887cf09ede6c7c42def11",
        "Name": "Zastava M76 rear sight",
        "ModType": "sight",
        "AimSpeed": 0,
        "Accuracy": 0,
        "ConflictingItems": [],
        "Ergonomics": 0,
        "Weight": 0.025,
        "VerticalRecoil": 0,
        "HorizontalRecoil": 0,
        "LoyaltyLevel": 0,
        "Price": 0
    },
    "66e888c270c3285b5d91fada": {
        "$type": "RealismMod.WeaponMod, RealismMod",
        "ItemID": "66e888c270c3285b5d91fada",
        "Name": "Zastava M76 gas block handguard assembly",
        "ModType": "",
        "VerticalRecoil": -1,
        "HorizontalRecoil": -1,
        "Dispersion": -1,
        "AimSpeed": 0,
        "Ergonomics": 6,
        "Accuracy": -10,
        "HeatFactor": 1.054,
        "CoolFactor": 0.95,
        "ConflictingItems": [],
        "Weight": 0.42,
        "LoyaltyLevel": 0,
        "Price": 0
    },
    "66e888e39ace35080ccb02bd": {
        "$type": "RealismMod.WeaponMod, RealismMod",
        "ItemID": "66e888e39ace35080ccb02bd",
        "Name": "Zastava M76 gas block handguard assembly with foregrip",
        "ModType": "",
        "VerticalRecoil": -2,
        "HorizontalRecoil": -3,
        "Dispersion": -1,
        "AimSpeed": 0,
        "Ergonomics": 12,
        "Accuracy": -10,
        "HeatFactor": 1.054,
        "CoolFactor": 0.95,
        "ConflictingItems": [],
        "Weight": 0.44,
        "LoyaltyLevel": 0,
        "Price": 0
    },
    "66e887960e41855970b03be2": {
        "$type": "RealismMod.WeaponMod, RealismMod",
        "ItemID": "66e887960e41855970b03be2",
        "Name": "Zastava M76 wooden pistol grip",
        "ModType": "",
        "VerticalRecoil": 0,
        "HorizontalRecoil": 0,
        "Dispersion": 0,
        "AimSpeed": 0,
        "Ergonomics": 6,
        "Accuracy": 0,
        "ConflictingItems": [],
        "Weight": 0.09,
        "LoyaltyLevel": 0,
        "Price": 0
    },
    "66e887c36b0f8c1fc0684f18": {
        "$type": "RealismMod.WeaponMod, RealismMod",
        "ItemID": "66e887c36b0f8c1fc0684f18",
        "Name": "Zastava M76 ergonomic pistol grip",
        "ModType": "",
        "VerticalRecoil": 0,
        "HorizontalRecoil": 0,
        "Dispersion": 0,
        "AimSpeed": 0,
        "Ergonomics": 14,
        "Accuracy": 0,
        "ConflictingItems": [],
        "Weight": 0.06,
        "LoyaltyLevel": 0,
        "Price": 0
    },
    "66e888fe06f561b136f47117": {
        "$type": "RealismMod.WeaponMod, RealismMod",
        "ItemID": "66e888fe06f561b136f47117",
        "Name": "Zastava M76 standard dust cover",
        "ModType": "",
        "ModMalfunctionChance": 0,
        "Accuracy": 0,
        "HeatFactor": 1,
        "CoolFactor": 1,
        "DurabilityBurnModificator": 0.95,
        "ConflictingItems": [],
        "Ergonomics": 0,
        "Weight": 0.13,
        "VerticalRecoil": 0,
        "HorizontalRecoil": 0,
        "ChamberSpeed": 0,
        "LoyaltyLevel": 0,
        "Price": 0
    },
    "66e8891c2072d5483a2595e9": {
        "$type": "RealismMod.WeaponMod, RealismMod",
        "ItemID": "66e8891c2072d5483a2595e9",
        "Name": "Zastava M76 railed dust cover",
        "ModType": "",
        "ModMalfunctionChance": 0,
        "Accuracy": 0,
        "HeatFactor": 1,
        "CoolFactor": 1,
        "DurabilityBurnModificator": 0.95,
        "ConflictingItems": [],
        "Ergonomics": 5,
        "Weight": 0.14,
        "VerticalRecoil": 0,
        "HorizontalRecoil": 0,
        "ChamberSpeed": 0,
        "LoyaltyLevel": 0,
        "Price": 0
    },
    "66e8894237d122e047db9483": {
        "$type": "RealismMod.WeaponMod, RealismMod",
        "ItemID": "66e8894237d122e047db9483",
        "Name": "Zastava M76 flash hider",
        "ModType": "",
        "VerticalRecoil": -8,
        "HorizontalRecoil": -12,
        "Dispersion": -14,
        "CameraRecoil": 0,
        "AutoROF": 0,
        "SemiROF": 0,
        "ModMalfunctionChance": 0,
        "CanCycleSubs": false,
        "Accuracy": 1,
        "HeatFactor": 1,
        "CoolFactor": 1,
        "DurabilityBurnModificator": 0.99,
        "Velocity": 0,
        "RecoilAngle": 0,
        "ConflictingItems": [],
        "Ergonomics": -2,
        "Weight": 0.07,
        "Loudness": 5,
        "Convergence": 0,
        "LoyaltyLevel": 0,
        "Price": 0,
        "Flash": -50
    },
    "66e88961b65d524acd112c0a": {
        "$type": "RealismMod.WeaponMod, RealismMod",
        "ItemID": "66e88961b65d524acd112c0a",
        "Name": "Zastava M76 Moloc Armament 7.92x57 sound suppressor",
        "ModType": "",
        "VerticalRecoil": -11,
        "HorizontalRecoil": -17,
        "Dispersion": -9,
        "CameraRecoil": -8,
        "AutoROF": 2,
        "SemiROF": 3,
        "ModMalfunctionChance": 0,
        "CanCycleSubs": true,
        "Accuracy": -30,
        "HeatFactor": 1.18,
        "CoolFactor": 1.05,
        "DurabilityBurnModificator": 1.71,
        "Velocity": 1.07,
        "RecoilAngle": 0,
        "ConflictingItems": [],
        "Ergonomics": -29,
        "Weight": 0.327,
        "Loudness": -20,
        "Convergence": 5,
        "LoyaltyLevel": 0,
        "Price": 0,
        "Flash": 10
    }
}
