{
    "66a47e98c486ec9d1af3a4da": {
        "$type": "RealismMod.Gun, RealismMod",
        "ItemID": "66a47e98c486ec9d1af3a4da",
        "Name": "IWI Tavor X95 5.56x45mm assault rifle",
        "WeapType": "bullpup",
        "OperationType": "",
        "WeapAccuracy": 0,
        "BaseTorque": 5,
        "HasShoulderContact": true,
        "Ergonomics": 85,
        "VerticalRecoil": 55,
        "HorizontalRecoil": 120,
        "Dispersion": 8,
        "CameraRecoil": 0.035,
        "VisualMulti": 1.15,
        "Convergence": 13.5,
        "RecoilAngle": 70,
        "BaseMalfunctionChance": 0.0014,
        "HeatFactorGun": 0.25,
        "HeatFactorByShot": 1,
        "CoolFactorGun": 0.1,
        "CoolFactorGunMods": 1,
        "AllowOverheat": true,
        "CenterOfImpact": 0.01,
        "HipAccuracyRestorationDelay": 0.2,
        "HipAccuracyRestorationSpeed": 7,
        "HipInnaccuracyGain": 0.16,
        "ShotgunDispersion": 0,
        "Velocity": 0,
        "RecoilDamping": 0.83,
        "RecoilHandDamping": 0.24,
        "WeaponAllowADS": false,
        "Weight": 3,
        "DurabilityBurnRatio": 0.35,
        "AutoROF": 950,
        "SemiROF": 365,
        "LoyaltyLevel": 3,
        "BaseReloadSpeedMulti": 0.9,
        "BaseChamberSpeedMulti": 1,
        "MinChamberSpeed": 0.7,
        "MaxChamberSpeed": 1.5,
        "IsManuallyOperated": false,
        "BaseChamberCheckSpeed": 0.9,
        "BaseFixSpeed": 1.1,
        "OffsetRotation": 0.01,
        "RecoilIntensity": 0.155,
        "MasteryCategory": "MDR"
    },
    "66a544c956621d3364f6085e": {
        "$type": "RealismMod.Gun, RealismMod",
        "ItemID": "66a544c956621d3364f6085e",
        "Name": "IWI Tavor X95 5.56x45 assault rifle (FDE)",
        "WeapType": "bullpup",
        "OperationType": "",
        "WeapAccuracy": 0,
        "BaseTorque": 5,
        "HasShoulderContact": true,
        "Ergonomics": 85,
        "VerticalRecoil": 55,
        "HorizontalRecoil": 120,
        "Dispersion": 8,
        "CameraRecoil": 0.035,
        "VisualMulti": 1.15,
        "Convergence": 13.5,
        "RecoilAngle": 70,
        "BaseMalfunctionChance": 0.0014,
        "HeatFactorGun": 0.25,
        "HeatFactorByShot": 1,
        "CoolFactorGun": 0.1,
        "CoolFactorGunMods": 1,
        "AllowOverheat": true,
        "CenterOfImpact": 0.01,
        "HipAccuracyRestorationDelay": 0.2,
        "HipAccuracyRestorationSpeed": 7,
        "HipInnaccuracyGain": 0.16,
        "ShotgunDispersion": 0,
        "Velocity": 0,
        "RecoilDamping": 0.83,
        "RecoilHandDamping": 0.24,
        "WeaponAllowADS": false,
        "Weight": 3,
        "DurabilityBurnRatio": 0.35,
        "AutoROF": 950,
        "SemiROF": 365,
        "LoyaltyLevel": 3,
        "BaseReloadSpeedMulti": 0.9,
        "BaseChamberSpeedMulti": 1,
        "MinChamberSpeed": 0.7,
        "MaxChamberSpeed": 1.5,
        "IsManuallyOperated": false,
        "BaseChamberCheckSpeed": 0.9,
        "BaseFixSpeed": 1.1,
        "OffsetRotation": 0.01,
        "RecoilIntensity": 0.155,
        "MasteryCategory": "MDR"
    },
    "66a545898022784400d6c836": {
        "$type": "RealismMod.Gun, RealismMod",
        "ItemID": "66a545898022784400d6c836",
        "Name": "IWI Tavor X95 5.56x45 assault rifle (OD)",
        "WeapType": "bullpup",
        "OperationType": "",
        "WeapAccuracy": 0,
        "BaseTorque": 5,
        "HasShoulderContact": true,
        "Ergonomics": 85,
        "VerticalRecoil": 55,
        "HorizontalRecoil": 120,
        "Dispersion": 8,
        "CameraRecoil": 0.035,
        "VisualMulti": 1.15,
        "Convergence": 13.5,
        "RecoilAngle": 70,
        "BaseMalfunctionChance": 0.0014,
        "HeatFactorGun": 0.25,
        "HeatFactorByShot": 1,
        "CoolFactorGun": 0.1,
        "CoolFactorGunMods": 1,
        "AllowOverheat": true,
        "CenterOfImpact": 0.01,
        "HipAccuracyRestorationDelay": 0.2,
        "HipAccuracyRestorationSpeed": 7,
        "HipInnaccuracyGain": 0.16,
        "ShotgunDispersion": 0,
        "Velocity": 0,
        "RecoilDamping": 0.83,
        "RecoilHandDamping": 0.24,
        "WeaponAllowADS": false,
        "Weight": 3,
        "DurabilityBurnRatio": 0.35,
        "AutoROF": 950,
        "SemiROF": 365,
        "LoyaltyLevel": 3,
        "BaseReloadSpeedMulti": 0.9,
        "BaseChamberSpeedMulti": 1,
        "MinChamberSpeed": 0.7,
        "MaxChamberSpeed": 1.5,
        "IsManuallyOperated": false,
        "BaseChamberCheckSpeed": 0.9,
        "BaseFixSpeed": 1.1,
        "OffsetRotation": 0.01,
        "RecoilIntensity": 0.155,
        "MasteryCategory": "MDR"
    },
    "67f425638b8cbfdc0cd1b5f2": {
        "$type": "RealismMod.Gun, RealismMod",
        "ItemID": "67f425638b8cbfdc0cd1b5f2",
        "Name": "IWI Tavor X95 9x19mm assault rifle",
        "WeapType": "bullpup",
        "OperationType": "",
        "WeapAccuracy": 0,
        "BaseTorque": -1,
        "HasShoulderContact": false,
        "Ergonomics": 90,
        "VerticalRecoil": 31,
        "HorizontalRecoil": 80,
        "Dispersion": 9,
        "CameraRecoil": 0.045,
        "VisualMulti": 1.01,
        "Convergence": 21,
        "RecoilAngle": 260,
        "BaseMalfunctionChance": 0.003,
        "HeatFactorGun": 0.3,
        "HeatFactorByShot": 1,
        "CoolFactorGun": 0.1,
        "CoolFactorGunMods": 1,
        "AllowOverheat": true,
        "CenterOfImpact": 0.15,
        "HipAccuracyRestorationDelay": 0.2,
        "HipAccuracyRestorationSpeed": 7,
        "HipInnaccuracyGain": 0.16,
        "ShotgunDispersion": 0,
        "Velocity": 0,
        "RecoilDamping": 0.85,
        "RecoilHandDamping": 0.65,
        "WeaponAllowADS": false,
        "Weight": 1.8,
        "DurabilityBurnRatio": 0.45,
        "AutoROF": 950,
        "SemiROF": 365,
        "LoyaltyLevel": 3,
        "BaseReloadSpeedMulti": 0.85,
        "BaseChamberSpeedMulti": 1,
        "MinChamberSpeed": 0.7,
        "MaxChamberSpeed": 1.5,
        "IsManuallyOperated": false,
        "BaseChamberCheckSpeed": 0.9,
        "BaseFixSpeed": 0.9,
        "OffsetRotation": 0.01,
        "RecoilIntensity": 0.25,
        "MasteryCategory": "MDR"
    },
    "66a47ed0df2ffbca58ebe5ed": {
        "$type": "RealismMod.WeaponMod, RealismMod",
        "ItemID": "66a47ed0df2ffbca58ebe5ed",
        "Name": "IWI Tavor X95 front sight",
        "ModType": "sight",
        "AimSpeed": 0,
        "Accuracy": 0,
        "ConflictingItems": [],
        "Ergonomics": 2,
        "Weight": 0.1,
        "VerticalRecoil": 0,
        "HorizontalRecoil": 0,
        "LoyaltyLevel": 0,
        "Price": 0
    },
    "66a47ed3f97061a20b99f188": {
        "$type": "RealismMod.WeaponMod, RealismMod",
        "ItemID": "66a47ed3f97061a20b99f188",
        "Name": "IWI Tavor X95 rear sight",
        "ModType": "sight",
        "AimSpeed": 0,
        "Accuracy": 0,
        "ConflictingItems": [],
        "Ergonomics": 2,
        "Weight": 0.1,
        "VerticalRecoil": 0,
        "HorizontalRecoil": 0,
        "LoyaltyLevel": 0,
        "Price": 0
    },
    "66a47eecd5592cc7768ac044": {
        "$type": "RealismMod.WeaponMod, RealismMod",
        "ItemID": "66a47eecd5592cc7768ac044",
        "Name": "IWI Tavor X95 cheek pad",
        "ModType": "",
        "VerticalRecoil": 0,
        "HorizontalRecoil": 0,
        "Dispersion": 0,
        "CameraRecoil": 0,
        "AimSpeed": 3,
        "Ergonomics": 2,
        "Accuracy": 0,
        "HasShoulderContact": false,
        "BlocksFolding": false,
        "AutoROF": 0,
        "SemiROF": 0,
        "ModMalfunctionChance": 0,
        "StockAllowADS": false,
        "ConflictingItems": [],
        "Weight": 0.125,
        "LoyaltyLevel": 0,
        "Price": 0
    },
    "66a47ef16376a8b51f090f38": {
        "$type": "RealismMod.WeaponMod, RealismMod",
        "ItemID": "66a47ef16376a8b51f090f38",
        "Name": "IWI Tavor X95 recoil pad",
        "ModType": "Stock",
        "VerticalRecoil": -1,
        "HorizontalRecoil": -2,
        "Dispersion": -10,
        "CameraRecoil": -10,
        "AimSpeed": 0,
        "Ergonomics": 4,
        "Accuracy": 0,
        "HasShoulderContact": true,
        "BlocksFolding": true,
        "AutoROF": 0,
        "SemiROF": 0,
        "ModMalfunctionChance": 0,
        "StockAllowADS": false,
        "ConflictingItems": [],
        "Weight": 0.09,
        "LoyaltyLevel": 0,
        "Price": 0
    },
    "66a5465a96a99e2e3fc3cb15": {
        "$type": "RealismMod.WeaponMod, RealismMod",
        "ItemID": "66a5465a96a99e2e3fc3cb15",
        "Name": "fg_iwi_tavor_x95",
        "ModType": "",
        "VerticalRecoil": -3,
        "HorizontalRecoil": -5,
        "Dispersion": 0.5,
        "AimSpeed": 0,
        "Ergonomics": 2,
        "Accuracy": 0,
        "ConflictingItems": [],
        "Weight": 0.15,
        "LoyaltyLevel": 0,
        "Price": 0
    },
    "67f2de04c3ee93d678d753fb": {
        "$type": "RealismMod.WeaponMod, RealismMod",
        "ItemID": "67f2de04c3ee93d678d753fb",
        "Name": "IWI Tavor X95 bottom rail cover (Black)",
        "ModType": "",
        "VerticalRecoil": -1,
        "HorizontalRecoil": -2,
        "Dispersion": 0.5,
        "AimSpeed": 0,
        "Ergonomics": 2,
        "Accuracy": 0,
        "ConflictingItems": [],
        "Weight": 0.15,
        "LoyaltyLevel": 0,
        "Price": 0
    },
    "67f2dedcf0b1e2576dbe8304": {
        "$type": "RealismMod.WeaponMod, RealismMod",
        "ItemID": "67f2dedcf0b1e2576dbe8304",
        "Name": "IWI Tavor X95 bottom rail cover (FDE)",
        "ModType": "",
        "VerticalRecoil": -1,
        "HorizontalRecoil": -2,
        "Dispersion": 0.5,
        "AimSpeed": 0,
        "Ergonomics": 2,
        "Accuracy": 0,
        "ConflictingItems": [],
        "Weight": 0.15,
        "LoyaltyLevel": 0,
        "Price": 0
    },
    "67f2df38a28138128f98665f": {
        "$type": "RealismMod.WeaponMod, RealismMod",
        "ItemID": "67f2df38a28138128f98665f",
        "Name": "IWI Tavor X95 bottom rail cover (OD)",
        "ModType": "",
        "VerticalRecoil": -1,
        "HorizontalRecoil": -2,
        "Dispersion": 0.5,
        "AimSpeed": 0,
        "Ergonomics": 2,
        "Accuracy": 0,
        "ConflictingItems": [],
        "Weight": 0.15,
        "LoyaltyLevel": 0,
        "Price": 0
    },
    "67f2deed9766bbb4658a7338": {
        "$type": "RealismMod.WeaponMod, RealismMod",
        "ItemID": "67f2deed9766bbb4658a7338",
        "Name": "IWI Tavor X95 left rail cover (FDE)",
        "ModType": "",
        "VerticalRecoil": 0,
        "HorizontalRecoil": 0,
        "Dispersion": 0,
        "AimSpeed": 0,
        "Ergonomics": 0,
        "Accuracy": 0,
        "ConflictingItems": [],
        "Weight": 0.05,
        "LoyaltyLevel": 0,
        "Price": 0
    },
    "67f2dd6203d3b7ec166970ef": {
        "$type": "RealismMod.WeaponMod, RealismMod",
        "ItemID": "67f2dd6203d3b7ec166970ef",
        "Name": "IWI Tavor X95 left rail cover (Black)",
        "ModType": "",
        "VerticalRecoil": 0,
        "HorizontalRecoil": 0,
        "Dispersion": 0,
        "AimSpeed": 0,
        "Ergonomics": 0,
        "Accuracy": 0,
        "ConflictingItems": [],
        "Weight": 0.05,
        "LoyaltyLevel": 0,
        "Price": 0
    },
    "67f2df4294fbcf035bd31803": {
        "$type": "RealismMod.WeaponMod, RealismMod",
        "ItemID": "67f2df4294fbcf035bd31803",
        "Name": "IWI Tavor X95 left rail cover (OD)",
        "ModType": "",
        "VerticalRecoil": 0,
        "HorizontalRecoil": 0,
        "Dispersion": 0,
        "AimSpeed": 0,
        "Ergonomics": 0,
        "Accuracy": 0,
        "ConflictingItems": [],
        "Weight": 0.05,
        "LoyaltyLevel": 0,
        "Price": 0
    },
    "67f2dee76a5dd6ae06f6b4e5": {
        "$type": "RealismMod.WeaponMod, RealismMod",
        "ItemID": "67f2dee76a5dd6ae06f6b4e5",
        "Name": "IWI Tavor X95 right rail cover (FDE)",
        "ModType": "",
        "VerticalRecoil": 0,
        "HorizontalRecoil": 0,
        "Dispersion": 0,
        "AimSpeed": 0,
        "Ergonomics": 0,
        "Accuracy": 0,
        "ConflictingItems": [],
        "Weight": 0.05,
        "LoyaltyLevel": 0,
        "Price": 0
    },
    "67f2ddcd74c13fb90c2d7f1b": {
        "$type": "RealismMod.WeaponMod, RealismMod",
        "ItemID": "67f2ddcd74c13fb90c2d7f1b",
        "Name": "IWI Tavor X95 right rail cover (Black)",
        "ModType": "",
        "VerticalRecoil": 0,
        "HorizontalRecoil": 0,
        "Dispersion": 0,
        "AimSpeed": 0,
        "Ergonomics": 0,
        "Accuracy": 0,
        "ConflictingItems": [],
        "Weight": 0.05,
        "LoyaltyLevel": 0,
        "Price": 0
    },
    "67f2df3c5579fd26965c5156": {
        "$type": "RealismMod.WeaponMod, RealismMod",
        "ItemID": "67f2df3c5579fd26965c5156",
        "Name": "IWI Tavor X95 right rail cover (OD)",
        "ModType": "",
        "VerticalRecoil": 0,
        "HorizontalRecoil": 0,
        "Dispersion": 0,
        "AimSpeed": 0,
        "Ergonomics": 0,
        "Accuracy": 0,
        "ConflictingItems": [],
        "Weight": 0.05,
        "LoyaltyLevel": 0,
        "Price": 0
    },
    "67f4468ed11366239967ae80": {
        "$type": "RealismMod.WeaponMod, RealismMod",
        "ItemID": "67f4468ed11366239967ae80",
        "Name": "IWI Tavor X95 9x19mm 32-round magazine",
        "ModType": "",
        "ReloadSpeed": 0,
        "Ergonomics": 0,
        "MalfunctionChance": 0.08,
        "LoadUnloadModifier": 35,
        "CheckTimeModifier": 35,
        "ConflictingItems": [],
        "Weight": 0.136,
        "VerticalRecoil": 0,
        "HorizontalRecoil": 0,
        "LoyaltyLevel": 0,
        "Price": 0
    },
    "67f4474195c2cf6ca66af881": {
        "$type": "RealismMod.WeaponMod, RealismMod",
        "ItemID": "67f4474195c2cf6ca66af881",
        "Name": "IWI Tavor X95 9x19 45-round magazine",
        "ModType": "long_mag",
        "ReloadSpeed": -10,
        "Ergonomics": 0,
        "MalfunctionChance": 0.15,
        "LoadUnloadModifier": 35,
        "CheckTimeModifier": 35,
        "ConflictingItems": [],
        "Weight": 0.17,
        "VerticalRecoil": 0,
        "HorizontalRecoil": 0,
        "LoyaltyLevel": 0,
        "Price": 0
    }

}