{
  "664a5b945636ce820472f225": {
    "$type": "RealismMod.Gun, RealismMod",
    "ItemID": "664a5b945636ce820472f225",
    "Name": "HK 417 7.62x51 assault rifle",
    "WeapType": "",
    "OperationType": "buffer",
    "WeapAccuracy": 0,
    "BaseTorque": 1,
    "HasShoulderContact": false,
    "Ergonomics": 80,
    "VerticalRecoil": 115,
    "HorizontalRecoil": 245,
    "Dispersion": 12,
    "CameraRecoil": 0.075,
    "VisualMulti": 1.2,
    "Convergence": 13.5,
    "RecoilAngle": 90,
    "BaseMalfunctionChance": 0.001,
    "HeatFactorGun": 0.45,
    "HeatFactorByShot": 1,
    "CoolFactorGun": 0.1,
    "CoolFactorGunMods": 1,
    "AllowOverheat": true,
    "CenterOfImpact": 0,
    "HipAccuracyRestorationDelay": 0.2,
    "HipAccuracyRestorationSpeed": 7,
    "HipInnaccuracyGain": 0.16,
    "ShotgunDispersion": 0,
    "Velocity": 0,
    "RecoilDamping": 0.865,
    "RecoilHandDamping": 0.4,
    "WeaponAllowADS": false,
    "Weight": 1.71,
    "DurabilityBurnRatio": 0.3,
    "AutoROF": 700,
    "SemiROF": 380,
    "LoyaltyLevel": 5,
    "BaseReloadSpeedMulti": 0.85,
    "BaseChamberSpeedMulti": 1,
    "MinChamberSpeed": 0.7,
    "MaxChamberSpeed": 1.5,
    "IsManuallyOperated": false,
    "BaseChamberCheckSpeed": 0.9,
    "BaseFixSpeed": 0.85,
    "OffsetRotation": 0.01,
    "RecoilIntensity": 0.23,
    "MasteryCategory": "M4"
  },
  "664b9a4798222d80ce536df6": {
    "$type": "RealismMod.WeaponMod, RealismMod",
    "ItemID": "664b9a4798222d80ce536df6",
    "Name": "OSS Helix QD 7.62x51 sound suppressor",
    "ModType": "",
    "VerticalRecoil": 0,
    "HorizontalRecoil": -8,
    "Dispersion": -8,
    "CameraRecoil": -11,
    "AutoROF": 1.85,
    "SemiROF": 2.7,
    "ModMalfunctionChance": -18,
    "CanCycleSubs": false,
    "Accuracy": 0,
    "HeatFactor": 1.3,
    "CoolFactor": 1,
    "DurabilityBurnModificator": 1.18,
    "Velocity": 1.2,
    "RecoilAngle": 0,
    "ConflictingItems": [],
    "Ergonomics": 0,
    "Weight": 0.425,
    "Loudness": -34.6,
    "Convergence": 0,
    "LoyaltyLevel": 4,
    "Price": 0
  },
    "664a5e58d5d39447e1d0d77d": {
    "$type": "RealismMod.WeaponMod, RealismMod",
    "ItemID": "664a5e58d5d39447e1d0d77d",
    "Name": "HK417 E1 extended charging handle",
    "ModType": "",
    "ReloadSpeed": 0,
    "ConflictingItems": [],
    "FixSpeed": 0,
    "Ergonomics": 0,
    "Weight": 0.041,
    "VerticalRecoil": 0,
    "HorizontalRecoil": 0,
    "ChamberSpeed": 27,
    "LoyaltyLevel": 4,
    "Price": 0
  },
  "664a5ebcc29c027e11d12f31": {
    "$type": "RealismMod.WeaponMod, RealismMod",
    "ItemID": "664a5ebcc29c027e11d12f31",
    "Name": "HK 417 standard Flash Hider",
    "ModType": "",
    "VerticalRecoil": -7,
    "HorizontalRecoil": -10,
    "Dispersion": -14,
    "CameraRecoil": 0,
    "AutoROF": 0,
    "SemiROF": 0,
    "ModMalfunctionChance": 0,
    "CanCycleSubs": false,
    "Accuracy": 3,
    "HeatFactor": 1,
    "CoolFactor": 1,
    "DurabilityBurnModificator": 1,
    "Velocity": 0,
    "RecoilAngle": 0,
    "ConflictingItems": [],
    "Ergonomics": 0,
    "Weight": 0.122,
    "Loudness": 6,
    "Convergence": 0,
    "LoyaltyLevel": 4,
    "Price": 0
  },
  "664b9a705538c7da4f026f22": {
    "$type": "RealismMod.WeaponMod, RealismMod",
    "ItemID": "664b9a705538c7da4f026f22",
    "Name": "OSS 7.62x51 QD Muzzle Brake",
    "ModType": "",
    "VerticalRecoil": -4,
    "HorizontalRecoil": -6,
    "Dispersion": -10,
    "CameraRecoil": 0,
    "AutoROF": 0,
    "SemiROF": 0,
    "ModMalfunctionChance": 0,
    "CanCycleSubs": false,
    "Accuracy": 0,
    "HeatFactor": 1,
    "CoolFactor": 1,
    "DurabilityBurnModificator": 1,
    "Velocity": 0,
    "RecoilAngle": 0,
    "ConflictingItems": [],
    "Ergonomics": 0,
    "Weight": 0.085,
    "Loudness": 4,
    "Convergence": 0,
    "LoyaltyLevel": 4,
    "Price": 0
  },
  "664a5fdb05fd8090a514f00f": {
    "$type": "RealismMod.WeaponMod, RealismMod",
    "ItemID": "664a5fdb05fd8090a514f00f",
    "Name": "HK 417 7.62x51 upper receiver",
    "ModType": "",
    "ModMalfunctionChance": 0,
    "Accuracy": 0,
    "HeatFactor": 0.929,
    "CoolFactor": 1.072,
    "DurabilityBurnModificator": 1,
    "ConflictingItems": [],
    "Ergonomics": 0,
    "Weight": 0.27,
    "VerticalRecoil": 0,
    "HorizontalRecoil": 0,
    "ChamberSpeed": 0,
    "LoyaltyLevel": 4,
    "Price": 0
  },
  "664a6025593a58418347808f": {
    "$type": "RealismMod.WeaponMod, RealismMod",
    "ItemID": "664a6025593a58418347808f",
    "Name": "HK 417 Quad-Rail handguard",
    "ModType": "",
    "VerticalRecoil": -0.5,
    "HorizontalRecoil": -1.5,
    "Dispersion": -1,
    "AimSpeed": 0,
    "Ergonomics": 3,
    "Accuracy": 10,
    "HeatFactor": 1,
    "CoolFactor": 1.056,
    "ConflictingItems": [],
    "Weight": 0.43,
    "LoyaltyLevel": 4,
    "Price": 0
  },
  "664a600b58753b43b7fea3af": {
    "$type": "RealismMod.WeaponMod, RealismMod",
    "ItemID": "664a600b58753b43b7fea3af",
    "Name": "HK 417 front sight",
    "ModType": "sight",
    "AimSpeed": 0,
    "Accuracy": 0,
    "ConflictingItems": [],
    "Ergonomics": 0,
    "Weight": 0.034,
    "VerticalRecoil": 0,
    "HorizontalRecoil": 0,
    "LoyaltyLevel": 4,
    "Price": 0
  },
  "664a5ff61c4610dc01e84917": {
    "$type": "RealismMod.WeaponMod, RealismMod",
    "ItemID": "664a5ff61c4610dc01e84917",
    "Name": "HK 417 Drum rear sight",
    "ModType": "sight",
    "AimSpeed": 0,
    "Accuracy": 0,
    "ConflictingItems": [],
    "Ergonomics": 0,
    "Weight": 0.036,
    "VerticalRecoil": 0,
    "HorizontalRecoil": 0,
    "LoyaltyLevel": 4,
    "Price": 0
  },
  "664a5fafbbe56744b29baf61": {
    "$type": "RealismMod.WeaponMod, RealismMod",
    "ItemID": "664a5fafbbe56744b29baf61",
    "Name": "HK417 E2 buttstock",
    "ModType": "Stock",
    "VerticalRecoil": 0,
    "HorizontalRecoil": -15,
    "Dispersion": -10,
    "CameraRecoil": -18,
    "AimSpeed": 0,
    "Ergonomics": 8,
    "Accuracy": 1,
    "HasShoulderContact": true,
    "BlocksFolding": false,
    "AutoROF": 0,
    "SemiROF": 0,
    "ModMalfunctionChance": 0,
    "StockAllowADS": false,
    "ConflictingItems": [],
    "Weight": 0.369,
    "LoyaltyLevel": 4,
    "Price": 0
  },
  "664a5ee0831d8e0a1c8db4c2": {
    "$type": "RealismMod.WeaponMod, RealismMod",
    "ItemID": "664a5ee0831d8e0a1c8db4c2",
    "Name": "HK 417 buffer tube",
    "ModType": "buffer",
    "VerticalRecoil": 0,
    "HorizontalRecoil": 0,
    "Dispersion": 0,
    "CameraRecoil": 0,
    "AimSpeed": 0,
    "Ergonomics": 0,
    "Accuracy": 0,
    "HasShoulderContact": false,
    "BlocksFolding": false,
    "AutoROF": 0,
    "SemiROF": 0,
    "ModMalfunctionChance": 0,
    "StockAllowADS": false,
    "ConflictingItems": [],
    "Weight": 0.114,
    "DurabilityBurnModificator": 1,
    "LoyaltyLevel": 4,
    "Price": 0
  },
  "664a5dd804b731a2ed042705": {
    "$type": "RealismMod.WeaponMod, RealismMod",
    "ItemID": "664a5dd804b731a2ed042705",
    "Name": "HK417/G28 7.62x51 10-round magazine",
    "ModType": "",
    "ReloadSpeed": -2,
    "Ergonomics": 0,
    "MagMalfunctionChance": 0,
    "LoadUnloadModifier": 0,
    "CheckTimeModifier": 0,
    "ConflictingItems": [],
    "Weight": 0.1,
    "VerticalRecoil": 0,
    "HorizontalRecoil": 0,
    "LoyaltyLevel": 4,
    "Price": 0
  },
  "664a5e1de6e9691c9c64f7d3": {
    "$type": "RealismMod.WeaponMod, RealismMod",
    "ItemID": "664a5e1de6e9691c9c64f7d3",
    "Name": "HK417/G28 7.62x51 20-round magazine",
    "ModType": "",
    "ReloadSpeed": -1,
    "Ergonomics": 0,
    "MagMalfunctionChance": 0,
    "LoadUnloadModifier": 0,
    "CheckTimeModifier": 0,
    "ConflictingItems": [],
    "Weight": 0.16,
    "VerticalRecoil": 0,
    "HorizontalRecoil": 0,
    "LoyaltyLevel": 4,
    "Price": 0
  }
}
