{
        "6761b213607f9a6f79017cd8": {
                "$type": "RealismMod.Gun, RealismMod",
                "ItemID": "6761b213607f9a6f79017cd8",
                "Name": "Minebea PM-9 9x19mm Submachine Gun",
                "WeapType": "",
                "OperationType": "",
                "WeapAccuracy": 0,
                "BaseTorque": 0,
                "HasShoulderContact": false,
                "Ergonomics": 80,
                "VerticalRecoil": 42,
                "HorizontalRecoil": 156,
                "Dispersion": 11,
                "CameraRecoil": 0.035,
                "VisualMulti": 1.21,
                "Convergence": 18,
                "RecoilAngle": 95,
                "BaseMalfunctionChance": 0.0035,
                "HeatFactorGun": 0.5,
                "HeatFactorByShot": 1,
                "CoolFactorGun": 0.1,
                "CoolFactorGunMods": 1,
                "AllowOverheat": false,
                "CenterOfImpact": 0.12,
                "HipAccuracyRestorationDelay": 0.2,
                "HipAccuracyRestorationSpeed": 7,
                "HipInnaccuracyGain": 0.16,
                "ShotgunDispersion": 0,
                "Velocity": 0,
                "RecoilDamping": 0.85,
                "RecoilHandDamping": 0.55,
                "WeaponAllowADS": false,
                "Weight": 1.128,
                "DurabilityBurnRatio": 0.09,
                "AutoROF": 1075,
                "SemiROF": 360,
                "LoyaltyLevel": 2,
                "BaseReloadSpeedMulti": 1,
                "BaseChamberSpeedMulti": 1,
                "MinChamberSpeed": 0.7,
                "MaxChamberSpeed": 1.5,
                "IsManuallyOperated": false,
                "BaseChamberCheckSpeed": 1,
                "BaseFixSpeed": 1,
                "OffsetRotation": 0.015,
                "RecoilIntensity": 0.2,
                "MasteryCategory": "mp7"
        },
        "6830ce1ecee1ea420a42506a": {
                "$type": "RealismMod.WeaponMod, RealismMod",
                "ItemID": "6830ce1ecee1ea420a42506a",
                "Name": "Minebea PM-9 9x19mm 40-round extended magazine",
                "ModType": "",
                "ReloadSpeed": -4,
                "Ergonomics": 0,
                "MalfunctionChance": 0.15,
                "LoadUnloadModifier": 0,
                "CheckTimeModifier": 0,
                "ConflictingItems": [],
                "Weight": 0.175,
                "VerticalRecoil": 0,
                "HorizontalRecoil": 0,
                "LoyaltyLevel": 3
        },
        "6761b213607f9a6f79017cdc": {
                "$type": "RealismMod.WeaponMod, RealismMod",
                "ItemID": "6761b213607f9a6f79017cdc",
                "Name": "Minebea PM-9 9x19mm 32-round magazine",
                "ModType": "",
                "ReloadSpeed": 0,
                "Ergonomics": 0,
                "MalfunctionChance": 0.08,
                "LoadUnloadModifier": 0,
                "CheckTimeModifier": 0,
                "ConflictingItems": [],
                "Weight": 0.165,
                "VerticalRecoil": 0,
                "HorizontalRecoil": 0,
                "LoyaltyLevel": 2
        },
        "6761b213607f9a6f79017cdb": {
                "$type": "RealismMod.WeaponMod, RealismMod",
                "ItemID": "6761b213607f9a6f79017cdb",
                "Name": "Minebea PM-9 9x19mm 25-round magazine",
                "ModType": "",
                "ReloadSpeed": 5,
                "Ergonomics": 0,
                "MalfunctionChance": 0.025,
                "LoadUnloadModifier": 0,
                "CheckTimeModifier": 0,
                "ConflictingItems": [],
                "Weight": 0.140,
                "VerticalRecoil": 0,
                "HorizontalRecoil": 0,
                "LoyaltyLevel": 2
        },
        "6830d1675529ed4d7d5a91b9": {
                "$type": "RealismMod.WeaponMod, RealismMod",
                "ItemID": "6830d1675529ed4d7d5a91b9",
                "Name": "Minebea PM-9 9x19 custom flash hider",
                "ModType": "",
                "VerticalRecoil": 0,
                "HorizontalRecoil": -10,
                "Dispersion": -5,
                "CameraRecoil": -5,
                "AutoROF": 0,
                "SemiROF": 0,
                "ModMalfunctionChance": 0,
                "CanCycleSubs": false,
                "Accuracy": 0,
                "HeatFactor": 1,
                "CoolFactor": 1,
                "DurabilityBurnModificator": 1,
                "Velocity": 0,
                "RecoilAngle": 0,
                "ConflictingItems": [],
                "Ergonomics": 0,
                "Weight": 0.128,
                "Loudness": 22,
                "Convergence": 12.5,
                "LoyaltyLevel": 2,
                "Flash": -30
        },
        "6761b213607f9a6f79017cd9": {
                "$type": "RealismMod.WeaponMod, RealismMod",
                "ItemID": "6761b213607f9a6f79017cd9",
                "Name": "Minebea PM-9 9x19mm barrel with flash hider",
                "ModType": "",
                "VerticalRecoil": 0,
                "HorizontalRecoil": -6,
                "AutoROF": 0,
                "SemiROF": 0,
                "ModMalfunctionChance": -5,
                "Convergence": 0,
                "Accuracy": 0,
                "CenterOfImpact": 0.1,
                "HeatFactor": 1.05,
                "CoolFactor": 0.95,
                "DurabilityBurnModificator": 1.18,
                "Velocity": -4,
                "ConflictingItems": [],
                "Ergonomics": 0,
                "Weight": 0.321,
                "ShotgunDispersion": 1,
                "Loudness": 0,
                "LoyaltyLevel": 2
        },
        "6761b213607f9a6f79017cda": {
                "$type": "RealismMod.WeaponMod, RealismMod",
                "ItemID": "6761b213607f9a6f79017cda",
                "Name": "Minebea PM-9 9x19mm shortened barrel",
                "ModType": "",
                "VerticalRecoil": 0,
                "HorizontalRecoil": 0,
                "AutoROF": 0,
                "SemiROF": 0,
                "ModMalfunctionChance": 10,
                "Convergence": 0,
                "Accuracy": 0,
                "CenterOfImpact": 0.1,
                "HeatFactor": 1.05,
                "CoolFactor": 0.95,
                "DurabilityBurnModificator": 1.18,
                "Velocity": -11.8,
                "ConflictingItems": [],
                "Ergonomics": 0,
                "Weight": 0.13,
                "ShotgunDispersion": 1,
                "Loudness": 0,
                "LoyaltyLevel": 2
        },
        "6830dd0abbaa5e243b9fc47d": {
                "$type": "RealismMod.WeaponMod, RealismMod",
                "ItemID": "6830dd0abbaa5e243b9fc47d",
                "Name": "Minebea PM-9 25mm accessory ring mount",
                "ModType": "",
                "Ergonomics": 0,
                "Accuracy": 0,
                "ConflictingItems": [],
                "Weight": 0.15,
                "LoyaltyLevel": 2
        },
        "6830f15212b2c07a8f31a42a": {
                "$type": "RealismMod.WeaponMod, RealismMod",
                "ItemID": "6830f15212b2c07a8f31a42a",
                "Name": "Minebea PM-9 9x19 integral suppressor system",
                "ModType": "",
                "VerticalRecoil": 0,
                "HorizontalRecoil": -8,
                "Dispersion": -3,
                "CameraRecoil": -10,
                "AutoROF": 5,
                "SemiROF": 5,
                "ModMalfunctionChance": 0,
                "CanCycleSubs": false,
                "Accuracy": -7,
                "HeatFactor": 1.18,
                "CoolFactor": 1.02,
                "DurabilityBurnModificator": 1.2,
                "Velocity": 0,
                "RecoilAngle": 0,
                "ConflictingItems": [],
                "Ergonomics": 0,
                "Weight": 0.70,
                "Loudness": -35,
                "Convergence": 0,
                "LoyaltyLevel": 2,
                "Flash": 30
        },
        "6830ce7c5c89e078a29ac193": {
                "$type": "RealismMod.WeaponMod, RealismMod",
                "ItemID": "6830ce7c5c89e078a29ac193",
                "Name": "Minebea PM-9 custom wire stock",
                "ModType": "Stock",
                "VerticalRecoil": 0,
                "HorizontalRecoil": -10,
                "Dispersion": -3,
                "CameraRecoil": -5,
                "AimSpeed": 5,
                "Ergonomics": 3,
                "Accuracy": 0,
                "HasShoulderContact": true,
                "BlocksFolding": false,
                "AutoROF": 0,
                "SemiROF": 0,
                "ModMalfunctionChance": 0,
                "StockAllowADS": true,
                "ConflictingItems": [],
                "Weight": 0.31,
                "LoyaltyLevel": 2
        }
}