{
    "66ba249b102a9dd6040a6e7e": {
        "$type": "RealismMod.Gun, RealismMod",
        "ItemID": "66ba249b102a9dd6040a6e7e",
        "Name": "IWI Carmel 5.56x45mm Assault Rifle",
        "WeapType": "",
        "OperationType": "buffer",
        "WeapAccuracy": 0,
        "BaseTorque": 1,
        "HasShoulderContact": false,
        "Ergonomics": 81,
        "VerticalRecoil": 80,
        "HorizontalRecoil": 120,
        "Dispersion": 12,
        "CameraRecoil": 0.039,
        "VisualMulti": 1,
        "Convergence": 23,
        "RecoilAngle": 87,
        "BaseMalfunctionChance": 0.0015,
        "HeatFactorGun": 0.2,
        "HeatFactorByShot": 1,
        "CoolFactorGun": 0.1,
        "CoolFactorGunMods": 1,
        "AllowOverheat": true,
        "CenterOfImpact": 0.01,
        "HipAccuracyRestorationDelay": 0.2,
        "HipAccuracyRestorationSpeed": 7,
        "HipInnaccuracyGain": 0.16,
        "ShotgunDispersion": 0,
        "Velocity": 0,
        "RecoilDamping": 0.8,
        "RecoilHandDamping": 0.72,
        "WeaponAllowADS": false,
        "Weight": 1.73,
        "DurabilityBurnRatio": 0.20,
        "AutoROF": 850,
        "SemiROF": 410,
        "LoyaltyLevel": 4,
        "BaseReloadSpeedMulti": 0.95,
        "BaseChamberSpeedMulti": 1.5,
        "MinChamberSpeed": 0.7,
        "MaxChamberSpeed": 1.25,
        "IsManuallyOperated": false,
        "BaseChamberCheckSpeed": 1.5,
        "BaseFixSpeed": 1.3,
        "OffsetRotation": 0.0088,
        "RecoilIntensity": 0.145,
        "MasteryCategory": "M4"
    },
    "66ba26a6925f9921573224c9": {
        "$type": "RealismMod.WeaponMod, RealismMod",
        "ItemID": "66ba26a6925f9921573224c9",
        "Name": "IWI Carmel 5.56x45mm Assault Rifle (FDE)",
        "WeapType": "",
        "OperationType": "buffer",
        "WeapAccuracy": 0,
        "BaseTorque": 1,
        "HasShoulderContact": false,
        "Ergonomics": 81,
        "VerticalRecoil": 80,
        "HorizontalRecoil": 120,
        "Dispersion": 12,
        "CameraRecoil": 0.039,
        "VisualMulti": 1,
        "Convergence": 23,
        "RecoilAngle": 87,
        "BaseMalfunctionChance": 0.0015,
        "HeatFactorGun": 0.2,
        "HeatFactorByShot": 1,
        "CoolFactorGun": 0.1,
        "CoolFactorGunMods": 1,
        "AllowOverheat": true,
        "CenterOfImpact": 0.01,
        "HipAccuracyRestorationDelay": 0.2,
        "HipAccuracyRestorationSpeed": 7,
        "HipInnaccuracyGain": 0.16,
        "ShotgunDispersion": 0,
        "Velocity": 0,
        "RecoilDamping": 0.8,
        "RecoilHandDamping": 0.72,
        "WeaponAllowADS": false,
        "Weight": 1.73,
        "DurabilityBurnRatio": 0.20,
        "AutoROF": 850,
        "SemiROF": 410,
        "LoyaltyLevel": 4,
        "BaseReloadSpeedMulti": 0.95,
        "BaseChamberSpeedMulti": 1.5,
        "MinChamberSpeed": 0.7,
        "MaxChamberSpeed": 1.25,
        "IsManuallyOperated": false,
        "BaseChamberCheckSpeed": 1.5,
        "BaseFixSpeed": 1.3,
        "OffsetRotation": 0.0088,
        "RecoilIntensity": 0.145,
        "MasteryCategory": "M4"
    },
    "66ba253030ea88abba95c7ed": {
        "$type": "RealismMod.WeaponMod, RealismMod",
        "ItemID": "66ba253030ea88abba95c7ed",
        "Name": "B5 Systems P-Grip 23 AR-15 pistol grip",
        "ModType": "",
        "VerticalRecoil": -0.5,
        "HorizontalRecoil": -1,
        "Dispersion": -0.5,
        "AutoROF": 0,
        "SemiROF": 0,
        "ModMalfunctionChance": 0,
        "AimSpeed": 2,
        "ReloadSpeed": 0,
        "Ergonomics": 8,
        "Accuracy": 0,
        "ConflictingItems": [],
        "FixSpeed": 0,
        "HeatFactor": 1,
        "CoolFactor": 1,
        "DurabilityBurnModificator": 1,
        "Weight": 0.07,
        "LoyaltyLevel": 3,
        "Price": 0
    },
    "66ba25755bd539b9238365b0": {
        "$type": "RealismMod.WeaponMod, RealismMod",
        "ItemID": "66ba25755bd539b9238365b0",
        "Name": "B5 Systems P-Grip 23 AR-15 pistol grip (FDE)",
        "ModType": "",
        "VerticalRecoil": -0.5,
        "HorizontalRecoil": -1,
        "Dispersion": -0.5,
        "AutoROF": 0,
        "SemiROF": 0,
        "ModMalfunctionChance": 0,
        "AimSpeed": 2,
        "ReloadSpeed": 0,
        "Ergonomics": 8,
        "Accuracy": 0,
        "ConflictingItems": [],
        "FixSpeed": 0,
        "HeatFactor": 1,
        "CoolFactor": 1,
        "DurabilityBurnModificator": 1,
        "Weight": 0.07,
        "LoyaltyLevel": 3,
        "Price": 0
    },
    "66ba268d7f9d8cfb6d0fbf77": {
        "$type": "RealismMod.WeaponMod, RealismMod",
        "ItemID": "66ba268d7f9d8cfb6d0fbf77",
        "Name": "IWI Carmel Folding Stock",
        "ModType": "Stock",
        "VerticalRecoil": -20,
        "HorizontalRecoil": -30,
        "Dispersion": 0,
        "CameraRecoil": 0,
        "AimSpeed": 0,
        "Ergonomics": 12,
        "Accuracy": 0,
        "HasShoulderContact": true,
        "BlocksFolding": false,
        "AutoROF": 0,
        "SemiROF": 0,
        "ModMalfunctionChance": 0,
        "StockAllowADS": false,
        "ConflictingItems": [],
        "Weight": 0.47,
        "LoyaltyLevel": 0,
        "Price": 0
    },
    "66ba267c60c3c6c47de99a0d": {
        "$type": "RealismMod.WeaponMod, RealismMod",
        "ItemID": "66ba267c60c3c6c47de99a0d",
        "Name": "IWI Carmel Folding Stock (FDE)",
        "ModType": "Stock",
        "VerticalRecoil": -20,
        "HorizontalRecoil": -30,
        "Dispersion": 0,
        "CameraRecoil": 0,
        "AimSpeed": 0,
        "Ergonomics": 12,
        "Accuracy": 0,
        "HasShoulderContact": true,
        "BlocksFolding": false,
        "AutoROF": 0,
        "SemiROF": 0,
        "ModMalfunctionChance": 0,
        "StockAllowADS": false,
        "ConflictingItems": [],
        "Weight": 0.47,
        "LoyaltyLevel": 0,
        "Price": 0
    },
    "66ba266aac4c9f4525d562fa": {
        "$type": "RealismMod.WeaponMod, RealismMod",
        "ItemID": "66ba266aac4c9f4525d562fa",
        "Name": "OmniTech Systems IWI Carmel Ergo Stock",
        "ModType": "Stock",
        "VerticalRecoil": -22,
        "HorizontalRecoil": -34,
        "Dispersion": 0,
        "CameraRecoil": 0,
        "AimSpeed": 0,
        "Ergonomics": 19,
        "Accuracy": 0,
        "HasShoulderContact": true,
        "BlocksFolding": false,
        "AutoROF": 0,
        "SemiROF": 0,
        "ModMalfunctionChance": 0,
        "StockAllowADS": false,
        "ConflictingItems": [],
        "Weight": 0.49,
        "LoyaltyLevel": 0,
        "Price": 0
    },
    "66ba2659b5b76e8fa30000c0": {
        "$type": "RealismMod.WeaponMod, RealismMod",
        "ItemID": "66ba2659b5b76e8fa30000c0",
        "Name": "IWI Carmel Flash Hider",
        "ModType": "booster",
        "VerticalRecoil": -6,
        "HorizontalRecoil": -9,
        "Dispersion": -18,
        "CameraRecoil": -10,
        "AutoROF": 1.5,
        "SemiROF": 1.5,
        "ModMalfunctionChance": 0,
        "CanCycleSubs": false,
        "Accuracy": 1,
        "HeatFactor": 1,
        "CoolFactor": 1,
        "DurabilityBurnModificator": 1.13,
        "Velocity": 0,
        "RecoilAngle": 0,
        "ConflictingItems": [],
        "Ergonomics": 0,
        "Weight": 0.2,
        "Loudness": -12,
        "Convergence": 0,
        "LoyaltyLevel": 0,
        "MeleeDamage": 4,
        "MeleePen": 5,
        "Price": 0,
        "Flash": -75
    },
    "66ba264700cd37059ee31f36": {
        "$type": "RealismMod.WeaponMod, RealismMod",
        "ItemID": "66ba264700cd37059ee31f36",
        "Name": "IWI Carmel 5.56x45mm Carbine Length Barrel",
        "ModType": "short_barrel",
        "VerticalRecoil": -3,
        "HorizontalRecoil": -4,
        "AutoROF": 12,
        "SemiROF": 5,
        "CameraRecoil": 15,
        "ModMalfunctionChance": 0,
        "Convergence": 0,
        "Accuracy": 0,
        "CenterOfImpact": 0.028,
        "HeatFactor": 1.06,
        "CoolFactor": 0.94,
        "DurabilityBurnModificator": 1.4,
        "Velocity": -15,
        "ConflictingItems": [],
        "Ergonomics": 0,
        "Weight": 0.42,
        "ShotgunDispersion": 1,
        "Loudness": 0,
        "LoyaltyLevel": 0,
        "Price": 0
    },
    "66ba263161fd22d37d90b085": {
        "$type": "RealismMod.WeaponMod, RealismMod",
        "ItemID": "66ba263161fd22d37d90b085",
        "Name": "IWI Carmel 5.56x45mm Rifle Length Barrel",
        "ModType": "",
        "VerticalRecoil": -4,
        "HorizontalRecoil": -6,
        "AutoROF": 0,
        "SemiROF": 0,
        "CameraRecoil": 0,
        "ModMalfunctionChance": 0,
        "Convergence": 0,
        "Accuracy": 0,
        "CenterOfImpact": 0.023,
        "HeatFactor": 1.02,
        "CoolFactor": 0.97,
        "DurabilityBurnModificator": 0.97,
        "Velocity": -5.5,
        "ConflictingItems": [],
        "Ergonomics": -19,
        "Weight": 0.52,
        "ShotgunDispersion": 1,
        "Loudness": 0,
        "LoyaltyLevel": 0,
        "Price": 0
    },
    "66ba262124e3cd6bbf4715a8": {
        "$type": "RealismMod.WeaponMod, RealismMod",
        "ItemID": "66ba262124e3cd6bbf4715a8",
        "Name": "IWI Carmel Bottom Rail Cover",
        "ModType": "",
        "VerticalRecoil": -0.5,
        "HorizontalRecoil": -0.5,
        "Dispersion": -0.5,
        "AutoROF": 0,
        "SemiROF": 0,
        "ModMalfunctionChance": 0,
        "AimSpeed": 0,
        "ReloadSpeed": 0,
        "Ergonomics": 2,
        "Accuracy": 0,
        "ConflictingItems": [],
        "FixSpeed": 0,
        "HeatFactor": 0.98,
        "CoolFactor": 0.98,
        "DurabilityBurnModificator": 1,
        "Weight": 0.005,
        "LoyaltyLevel": 0,
        "Price": 0
    },
    "66ba2607dea198b6d7a42ef1": {
        "$type": "RealismMod.WeaponMod, RealismMod",
        "ItemID": "66ba2607dea198b6d7a42ef1",
        "Name": "IWI Carmel Bottom Rail Cover (FDE)",
        "ModType": "",
        "VerticalRecoil": -0.5,
        "HorizontalRecoil": -0.5,
        "Dispersion": -0.5,
        "AutoROF": 0,
        "SemiROF": 0,
        "ModMalfunctionChance": 0,
        "AimSpeed": 0,
        "ReloadSpeed": 0,
        "Ergonomics": 2,
        "Accuracy": 0,
        "ConflictingItems": [],
        "FixSpeed": 0,
        "HeatFactor": 0.98,
        "CoolFactor": 0.98,
        "DurabilityBurnModificator": 1,
        "Weight": 0.005,
        "LoyaltyLevel": 0,
        "Price": 0
    },
    "66ba25ed9195d94a8f131b2d": {
        "$type": "RealismMod.WeaponMod, RealismMod",
        "ItemID": "66ba25ed9195d94a8f131b2d",
        "Name": "IWI Carmel Left Rail Cover",
        "ModType": "",
        "VerticalRecoil": -0.5,
        "HorizontalRecoil": -0.5,
        "Dispersion": -0.5,
        "AutoROF": 0,
        "SemiROF": 0,
        "ModMalfunctionChance": 0,
        "AimSpeed": 0,
        "ReloadSpeed": 0,
        "Ergonomics": 2,
        "Accuracy": 0,
        "ConflictingItems": [],
        "FixSpeed": 0,
        "HeatFactor": 0.98,
        "CoolFactor": 0.98,
        "DurabilityBurnModificator": 1,
        "Weight": 0.005,
        "LoyaltyLevel": 0,
        "Price": 0
    },
    "66ba25bec683a649a094b04e": {
        "$type": "RealismMod.WeaponMod, RealismMod",
        "ItemID": "66ba25bec683a649a094b04e",
        "Name": "IWI Carmel Left Rail Cover (FDE)",
        "ModType": "",
        "VerticalRecoil": -0.5,
        "HorizontalRecoil": -0.5,
        "Dispersion": -0.5,
        "AutoROF": 0,
        "SemiROF": 0,
        "ModMalfunctionChance": 0,
        "AimSpeed": 0,
        "ReloadSpeed": 0,
        "Ergonomics": 2,
        "Accuracy": 0,
        "ConflictingItems": [],
        "FixSpeed": 0,
        "HeatFactor": 0.98,
        "CoolFactor": 0.98,
        "DurabilityBurnModificator": 1,
        "Weight": 0.005,
        "LoyaltyLevel": 0,
        "Price": 0
    },
    "66ba25d71a26d54d7504d785": {
        "$type": "RealismMod.WeaponMod, RealismMod",
        "ItemID": "66ba25d71a26d54d7504d785",
        "Name": "IWI Carmel Right Rail Cover",
        "ModType": "",
        "VerticalRecoil": -0.5,
        "HorizontalRecoil": -0.5,
        "Dispersion": -0.5,
        "AutoROF": 0,
        "SemiROF": 0,
        "ModMalfunctionChance": 0,
        "AimSpeed": 0,
        "ReloadSpeed": 0,
        "Ergonomics": 2,
        "Accuracy": 0,
        "ConflictingItems": [],
        "FixSpeed": 0,
        "HeatFactor": 0.98,
        "CoolFactor": 0.98,
        "DurabilityBurnModificator": 1,
        "Weight": 0.005,
        "LoyaltyLevel": 0,
        "Price": 0
    },
    "66ba25a68e5fcb139f5085e8": {
        "$type": "RealismMod.WeaponMod, RealismMod",
        "ItemID": "66ba25a68e5fcb139f5085e8",
        "Name": "IWI Carmel Right Rail Cover (FDE)",
        "ModType": "",
        "VerticalRecoil": -0.5,
        "HorizontalRecoil": -0.5,
        "Dispersion": -0.5,
        "AutoROF": 0,
        "SemiROF": 0,
        "ModMalfunctionChance": 0,
        "AimSpeed": 0,
        "ReloadSpeed": 0,
        "Ergonomics": 2,
        "Accuracy": 0,
        "ConflictingItems": [],
        "FixSpeed": 0,
        "HeatFactor": 0.98,
        "CoolFactor": 0.98,
        "DurabilityBurnModificator": 1,
        "Weight": 0.005,
        "LoyaltyLevel": 0,
        "Price": 0
    },
    "66ba297b859e57cf91e38a5d": {
        "$type": "RealismMod.WeaponMod, RealismMod",
        "ItemID": "66ba297b859e57cf91e38a5d",
        "Name": "Magpul MBUS Gen3 flip-up rear sight",
        "ModType": "sight",
        "AimSpeed": 0,
        "Accuracy": 0,
        "ConflictingItems": [],
        "Ergonomics": 0,
        "Weight": 0.14,
        "VerticalRecoil": 0,
        "HorizontalRecoil": 0,
        "LoyaltyLevel": 0,
        "Price": 0
    },
    "66ba29d44744d98a4df0073b": {
        "$type": "RealismMod.WeaponMod, RealismMod",
        "ItemID": "66ba29d44744d98a4df0073b",
        "Name": "Magpul MBUS Gen3 flip-up rear sight",
        "ModType": "sight",
        "AimSpeed": 0,
        "Accuracy": 0,
        "ConflictingItems": [],
        "Ergonomics": 0,
        "Weight": 0.14,
        "VerticalRecoil": 0,
        "HorizontalRecoil": 0,
        "LoyaltyLevel": 0,
        "Price": 0
    },
    "66ba2a7583204e25695233c0": {
        "$type": "RealismMod.WeaponMod, RealismMod",
        "ItemID": "66ba2a7583204e25695233c0",
        "Name": "Magpul MBUS Gen3 flip-up front sight",
        "ModType": "sight",
        "AimSpeed": 0,
        "Accuracy": 0,
        "ConflictingItems": [],
        "Ergonomics": 0,
        "Weight": 0.034,
        "VerticalRecoil": 0,
        "HorizontalRecoil": 0,
        "LoyaltyLevel": 0,
        "Price": 0
    },
    "66ba2a6be18ed84221edd72d": {
        "$type": "RealismMod.WeaponMod, RealismMod",
        "ItemID": "66ba2a6be18ed84221edd72d",
        "Name": "Magpul MBUS Gen3 flip-up front sight",
        "ModType": "sight",
        "AimSpeed": 0,
        "Accuracy": 0,
        "ConflictingItems": [],
        "Ergonomics": 0,
        "Weight": 0.034,
        "VerticalRecoil": 0,
        "HorizontalRecoil": 0,
        "LoyaltyLevel": 0,
        "Price": 0
    }
}