{
    "67a01e4ea2b82626b73d10a3": {
        "$type": "RealismMod.Gun, RealismMod",
        "ItemID": "67a01e4ea2b82626b73d10a3",
        "Name": "Remington ACR Multi-Caliber assault rifle",
        "WeapType": "",
        "OperationType": "",
        "WeapAccuracy": 0,
        "BaseTorque": 1,
        "HasShoulderContact": false,
        "Ergonomics": 80,
        "VerticalRecoil": 81,
        "HorizontalRecoil": 130,
        "Dispersion": 11,
        "CameraRecoil": 0.039,
        "VisualMulti": 1.12,
        "Convergence": 14,
        "RecoilAngle": 84,
        "BaseMalfunctionChance": 0.0016,
        "HeatFactorGun": 0.27,
        "HeatFactorByShot": 1,
        "CoolFactorGun": 0.1,
        "CoolFactorGunMods": 1,
        "AllowOverheat": true,
        "CenterOfImpact": 0.01,
        "HipAccuracyRestorationDelay": 0.2,
        "HipAccuracyRestorationSpeed": 7,
        "HipInnaccuracyGain": 0.16,
        "ShotgunDispersion": 0,
        "Velocity": 0,
        "RecoilDamping": 0.85,
        "RecoilHandDamping": 0.6,
        "WeaponAllowADS": false,
        "Weight": 0.475,
        "DurabilityBurnRatio": 0.35,
        "AutoROF": 670,
        "SemiROF": 350,
        "LoyaltyLevel": 3,
        "BaseReloadSpeedMulti": 1,
        "BaseChamberSpeedMulti": 1.5,
        "MinChamberSpeed": 0.7,
        "MaxChamberSpeed": 1.5,
        "IsManuallyOperated": false,
        "BaseChamberCheckSpeed": 1.5,
        "BaseFixSpeed": 1.2,
        "OffsetRotation": 0.008,
        "RecoilIntensity": 0.165,
        "MasteryCategory": "M4"
    },
    "67a01e4ea2b82626b73d10a4": {
        "$type": "RealismMod.Gun, RealismMod",
		"ItemID": "67a01e4ea2b82626b73d10a4",
        "Name": "Remington ACR Multi-Caliber assault rifle (FDE)",
        "WeapType": "",
        "OperationType": "",
        "WeapAccuracy": 0,
        "BaseTorque": 1,
        "HasShoulderContact": false,
        "Ergonomics": 80,
        "VerticalRecoil": 81,
        "HorizontalRecoil": 130,
        "Dispersion": 11,
        "CameraRecoil": 0.039,
        "VisualMulti": 1.12,
        "Convergence": 14,
        "RecoilAngle": 84,
        "BaseMalfunctionChance": 0.0016,
        "HeatFactorGun": 0.27,
        "HeatFactorByShot": 1,
        "CoolFactorGun": 0.1,
        "CoolFactorGunMods": 1,
        "AllowOverheat": true,
        "CenterOfImpact": 0.01,
        "HipAccuracyRestorationDelay": 0.2,
        "HipAccuracyRestorationSpeed": 7,
        "HipInnaccuracyGain": 0.16,
        "ShotgunDispersion": 0,
        "Velocity": 0,
        "RecoilDamping": 0.85,
        "RecoilHandDamping": 0.6,
        "WeaponAllowADS": false,
        "Weight": 0.475,
        "DurabilityBurnRatio": 0.35,
        "AutoROF": 670,
        "SemiROF": 350,
        "LoyaltyLevel": 3,
        "BaseReloadSpeedMulti": 1,
        "BaseChamberSpeedMulti": 1.5,
        "MinChamberSpeed": 0.7,
        "MaxChamberSpeed": 1.5,
        "IsManuallyOperated": false,
        "BaseChamberCheckSpeed": 1.5,
        "BaseFixSpeed": 1.2,
        "OffsetRotation": 0.008,
        "RecoilIntensity": 0.165,
        "MasteryCategory": "M4"
    },
    "67a01e4ea2b82626b73d10a1": {
        "$type": "RealismMod.WeaponMod, RealismMod",
        "ItemID": "67a01e4ea2b82626b73d10a1",
        "Name": "MK16 Magpul Modular Polymer Stock",
        "ModType": "Stock",
        "VerticalRecoil": -5,
        "HorizontalRecoil": -6,
        "Dispersion": 0,
        "CameraRecoil": -5,
        "AimSpeed": 0,
        "Ergonomics": 7,
        "Accuracy": 0,
        "HasShoulderContact": true,
        "BlocksFolding": false,
        "AutoROF": 0,
        "SemiROF": 0,
        "ModMalfunctionChance": 0,
        "StockAllowADS": false,
        "ConflictingItems": [],
        "Weight": 0.3,
        "LoyaltyLevel": 0,
        "AimStability": 7.5,
        "Price": 0
    },
	"67a01e4ea2b82626b73d10a2": {
        "$type": "RealismMod.WeaponMod, RealismMod",
        "ItemID": "67a01e4ea2b82626b73d10a2",
        "Name": "MK16 Magpul Modular Polymer Stock FDE",
        "ModType": "Stock",
        "VerticalRecoil": -5,
        "HorizontalRecoil": -6,
        "Dispersion": 0,
        "CameraRecoil": -5,
        "AimSpeed": 0,
        "Ergonomics": 7,
        "Accuracy": 0,
        "HasShoulderContact": true,
        "BlocksFolding": false,
        "AutoROF": 0,
        "SemiROF": 0,
        "ModMalfunctionChance": 0,
        "StockAllowADS": false,
        "ConflictingItems": [],
        "Weight": 0.3,
        "LoyaltyLevel": 0,
        "AimStability": 7.5,
        "Price": 0
    },
	"67a01e4ea2b82626b73d10a5": {
        "$type": "RealismMod.WeaponMod, RealismMod",
        "ItemID": "67a01e4ea2b82626b73d10a5",
        "Name": "Custom 7.62x39mm Magpul PMAG GEN M3 30-round magazine",
        "ModType": "",
        "ReloadSpeed": 5,
        "Ergonomics": 0,
        "MagMalfunctionChance": 0.0075,
        "LoadUnloadModifier": 0,
        "CheckTimeModifier": 0,
        "ConflictingItems": [],
        "Weight": 0.138,
        "VerticalRecoil": 0,
        "HorizontalRecoil": 0,
        "LoyaltyLevel": 0,
        "Price": 0
    },
	"67a01e4ea2b82626b73d10a6": {
        "$type": "RealismMod.WeaponMod, RealismMod",
        "ItemID": "67a01e4ea2b82626b73d10a6",
        "Name": "Remington ACR 7.62x39mm 20 inch barrel",
        "ModType": "",
		"VerticalRecoil": 10,
        "HorizontalRecoil": 5,
        "AutoROF": -1.5,
        "SemiROF": -1,
        "ModMalfunctionChance": 0,
        "CameraRecoil": -7,
        "Convergence": 0,
        "Accuracy": 0,
        "CenterOfImpact": 0.0189,
        "HeatFactor": 0.9,
        "CoolFactor": 0.92,
        "DurabilityBurnModificator": 0.95,
        "Velocity": 0,
        "ConflictingItems": [],
        "Ergonomics": 0,
        "Weight": 0.945,
        "ShotgunDispersion": 1,
        "Loudness": 0,
        "LoyaltyLevel": 0,
        "Price": 0
    },
	"67a01e4ea2b82626b73d10a7": {
        "$type": "RealismMod.WeaponMod, RealismMod",
        "ItemID": "67a01e4ea2b82626b73d10a7",
        "Name": "Remington ACR 7.62x39mm 14 inch barrel",
        "ModType": "",
        "VerticalRecoil": 20,
        "HorizontalRecoil": 16,
        "AutoROF": -2,
        "SemiROF": -1.5,
        "ModMalfunctionChance": 0,
        "Convergence": 0,
        "Accuracy": 0,
        "CenterOfImpact": 0.02,
        "HeatFactor": 1.02,
        "CoolFactor": 1.03,
        "DurabilityBurnModificator": 1,
        "Velocity": -6.5,
        "ConflictingItems": [],
        "Ergonomics": -3,
        "Weight": 0.84,
        "ShotgunDispersion": 1,
        "Loudness": 0,
        "LoyaltyLevel": 0,
        "Price": 0
    },
	"67a01e4ea2b82626b73d10a8": {
        "$type": "RealismMod.WeaponMod, RealismMod",
        "ItemID": "67a01e4ea2b82626b73d10a8",
        "Name": "Remington ACR 7.62x39mm 10.5 inch barrel",
        "ModType": "short_barrel",
        "VerticalRecoil": 30,
        "HorizontalRecoil": 23,
        "AutoROF": 3,
        "SemiROF": 5,
        "CameraRecoil": 15,
        "ModMalfunctionChance": 0,
        "Convergence": 0,
        "Accuracy": 0,
        "CenterOfImpact": 0.028,
        "HeatFactor": 1.06,
        "CoolFactor": 0.94,
        "DurabilityBurnModificator": 1.35,
        "Velocity": -20,
        "ConflictingItems": [],
        "Ergonomics": 3,
        "Weight": 0.765,
        "ShotgunDispersion": 1,
        "Loudness": 0,
        "LoyaltyLevel": 0,
        "Price": 0
    },
	"67a01e4ea2b82626b73d10a9": {
        "$type": "RealismMod.WeaponMod, RealismMod",
        "ItemID": "67a01e4ea2b82626b73d10a9",
        "Name": "Remington ACR 5.56x45mm NATO 20 inch barrel",
        "ModType": "",
        "VerticalRecoil": -5,
        "HorizontalRecoil": -15,
        "AutoROF": -2.5,
        "SemiROF": -1.5,
        "ModMalfunctionChance": 0,
        "CameraRecoil": -15,
        "Convergence": 0,
        "Accuracy": 2,
        "CenterOfImpact": 0.02,
        "HeatFactor": 0.94,
        "CoolFactor": 0.94,
        "DurabilityBurnModificator": 0.8,
        "Velocity": 3.9,
        "ConflictingItems": [],
        "Ergonomics": -5,
        "Weight": 0.788,
        "ShotgunDispersion": 1,
        "Loudness": 0,
        "LoyaltyLevel": 0,
        "Price": 0
    },
	"67a01e4ea2b82626b73d10aa": {
        "$type": "RealismMod.WeaponMod, RealismMod",
        "ItemID": "67a01e4ea2b82626b73d10aa",
        "Name": "Remington ACR 5.56x45mm NATO 14 inch barrel",
        "ModType": "",
        "VerticalRecoil": 0,
        "HorizontalRecoil": 0,
        "AutoROF": 0,
        "SemiROF": 0,
        "ModMalfunctionChance": 0,
        "Convergence": 0,
        "Accuracy": 0,
        "CenterOfImpact": 0.02,
        "HeatFactor": 1.02,
        "CoolFactor": 1.03,
        "DurabilityBurnModificator": 1,
        "Velocity": -6.5,
        "ConflictingItems": [],
        "Ergonomics": 0,
        "Weight": 0.75,
        "ShotgunDispersion": 1,
        "Loudness": 0,
        "LoyaltyLevel": 0,
        "Price": 0
    },
	"67a01e4ea2b82626b73d10ab": {
        "$type": "RealismMod.WeaponMod, RealismMod",
        "ItemID": "67a01e4ea2b82626b73d10ab",
        "Name": "Remington ACR 5.56x45mm NATO 10.5 inch barrel",
        "ModType": "short_barrel",
        "VerticalRecoil": 0,
        "HorizontalRecoil": 15,
        "AutoROF": 3,
        "SemiROF": 5,
        "CameraRecoil": 15,
        "ModMalfunctionChance": 0,
        "Convergence": 0,
        "Accuracy": 0,
        "CenterOfImpact": 0.028,
        "HeatFactor": 1.06,
        "CoolFactor": 0.94,
        "DurabilityBurnModificator": 1.35,
        "Velocity": -20,
        "ConflictingItems": [],
        "Ergonomics": 0,
        "Weight": 0.675,
        "ShotgunDispersion": 1,
        "Loudness": 0,
        "LoyaltyLevel": 0,
        "Price": 0
    },
	"67a01e4ea2b82626b73d10ad": {
        "$type": "RealismMod.WeaponMod, RealismMod",
        "ItemID": "67a01e4ea2b82626b73d10ad",
        "Name": "Remington ACR Custom Aluminum CQB Handguard",
        "ModType": "",
        "VerticalRecoil": -1,
        "HorizontalRecoil": -2,
        "Dispersion": -1,
        "AimSpeed": 14,
        "Ergonomics": 13,
        "Accuracy": 12,
        "HeatFactor": 0.97,
        "CoolFactor": 1.03,
        "ConflictingItems": [],
        "Weight": 0.226,
        "AimStability": 5,
        "LoyaltyLevel": 0
    },
	"67a01e4ea2b82626b73d10ac": {
        "$type": "RealismMod.WeaponMod, RealismMod",
        "ItemID": "67a01e4ea2b82626b73d10ac",
        "Name": "Midwest industries Carbine-Length ACR Aluminum Handguard",
        "ModType": "",
        "VerticalRecoil": -1,
        "HorizontalRecoil": -3,
        "Dispersion": -2,
        "AimSpeed": 0,
        "Ergonomics": 11.5,
        "Accuracy": 16,
        "HeatFactor": 0.95,
        "CoolFactor": 1.05,
        "ConflictingItems": [],
        "Weight": 0.126,
        "AimStability": 5.5,
        "LoyaltyLevel": 0
    },
	"67a01e4ea2b82626b73d10ae": {
        "$type": "RealismMod.WeaponMod, RealismMod",
        "ItemID": "67a01e4ea2b82626b73d10ae",
        "Name": "Remington V2 ACR Aluminum Handguard",
        "ModType": "",
        "VerticalRecoil": -1,
        "HorizontalRecoil": -2,
        "Dispersion": -3,
        "AimSpeed": 0,
        "Ergonomics": 13,
        "Accuracy": 14,
        "HeatFactor": 0.943,
        "CoolFactor": 1.04,
        "ConflictingItems": [],
        "Weight": 0.232,
        "LoyaltyLevel": 0,
        "AimStability": 7.5,
        "Price": 0
    },
	"67a01e4ea2b82626b73d10af": {
        "$type": "RealismMod.WeaponMod, RealismMod",
        "ItemID": "67a01e4ea2b82626b73d10af",
        "Name": "Magpul ACR MOE Polymer Handguard",
        "ModType": "",
        "VerticalRecoil": -1,
        "HorizontalRecoil": -2,
        "Dispersion": -1,
        "AimSpeed": 0,
        "Ergonomics": 8,
        "Accuracy": -5,
        "HeatFactor": 1.058,
        "CoolFactor": 1.0042,
        "ConflictingItems": [],
        "Weight": 0.143,
        "AimStability": 3,
        "LoyaltyLevel": 0,
        "Price": 0
    },
	"67a01e4ea2b82626b73d10b0": {
        "$type": "RealismMod.WeaponMod, RealismMod",
        "ItemID": "67a01e4ea2b82626b73d10b0",
        "Name": "Magpul ACR MOE Polymer Handguard FDE",
        "ModType": "",
        "VerticalRecoil": -1,
        "HorizontalRecoil": -2,
        "Dispersion": -1,
        "AimSpeed": 0,
        "Ergonomics": 8,
        "Accuracy": -5,
        "HeatFactor": 1.058,
        "CoolFactor": 1.0042,
        "ConflictingItems": [],
        "Weight": 0.143,
        "LoyaltyLevel": 0,
        "AimStability": 3,
        "Price": 0
    },
	"67a01e4ea2b82626b73d10b1": {
        "$type": "RealismMod.WeaponMod, RealismMod",
        "ItemID": "67a01e4ea2b82626b73d10b1",
        "Name": "Midwest Industries ACR M-LOK Aluminum Handguard",
        "ModType": "",
        "VerticalRecoil": -3,
        "HorizontalRecoil": -2,
        "Dispersion": -1,
        "AimSpeed": 0,
        "Ergonomics": 11,
        "Accuracy": 14,
        "HeatFactor": 1.02,
        "CoolFactor": 1.032,
        "ConflictingItems": [],
        "Weight": 0.377,
        "LoyaltyLevel": 0,
        "AimStability": 8,
        "Price": 0
    },
	"67a01e4ea2b82626b73d10b2": {
        "$type": "RealismMod.WeaponMod, RealismMod",
        "ItemID": "67a01e4ea2b82626b73d10b2",
        "Name": "Templar Precision M-LOK G1-M Aluminum Rail System",
        "ModType": "",
        "VerticalRecoil": -2,
        "HorizontalRecoil": -1,
        "Dispersion": -2,
        "AimSpeed": 0,
        "Ergonomics": 8,
        "Accuracy": 9,
        "HeatFactor": 0.965,
        "CoolFactor": 1.044,
        "ConflictingItems": [],
        "Weight": 0.187,
        "LoyaltyLevel": 0,
        "Handling": 2,
        "AimStability": 2.5,
        "Price": 0
    },
	"67a01e4ea2b82626b73d10b3": {
        "$type": "RealismMod.WeaponMod, RealismMod",
        "ItemID": "67a01e4ea2b82626b73d10b3",
        "Name": "Templar Precision M-LOK G1-M CB Aluminum Rail System",
        "ModType": "",
        "VerticalRecoil": -2,
        "HorizontalRecoil": -1,
        "Dispersion": -2,
        "AimSpeed": 0,
        "Ergonomics": 8,
        "Accuracy": 9,
        "HeatFactor": 0.965,
        "CoolFactor": 1.044,
        "ConflictingItems": [],
        "Weight": 0.187,
        "LoyaltyLevel": 0,
        "Handling": 2,
        "AimStability": 2.5,
        "Price": 0
    },
	"67a01e4ea2b82626b73d10b4": {
        "$type": "RealismMod.WeaponMod, RealismMod",
        "ItemID": "67a01e4ea2b82626b73d10b4",
        "Name": "ACR Buffer Tube Stock Adapter",
        "ModType": "buffer_adapter",
        "VerticalRecoil": -7,
        "HorizontalRecoil": -5,
        "Dispersion": 0,
        "CameraRecoil": 5,
        "AimSpeed": 0,
        "Ergonomics": 0,
        "Accuracy": 0,
        "HasShoulderContact": false,
        "BlocksFolding": true,
        "AutoROF": 0,
        "SemiROF": 0,
        "ModMalfunctionChance": 0,
        "StockAllowADS": false,
        "ConflictingItems": [],
        "Weight": 0.17,
        "LoyaltyLevel": 0,
        "Price": 0
    },
    "67a01e4ea2b82626b73d10b5": {
        "$type": "RealismMod.WeaponMod, RealismMod",
        "ItemID": "67a01e4ea2b82626b73d10b5",
        "Name": "ACR Buffer Tube Stock Adapter FDE",
        "ModType": "ACR Buffer Tube Stock Adapter FDE",
        "VerticalRecoil": -7,
        "HorizontalRecoil": -5,
        "Dispersion": 0,
        "CameraRecoil": 5,
        "AimSpeed": 0,
        "Ergonomics": 0,
        "Accuracy": 0,
        "HasShoulderContact": false,
        "BlocksFolding": true,
        "AutoROF": 0,
        "SemiROF": 0,
        "ModMalfunctionChance": 0,
        "StockAllowADS": false,
        "ConflictingItems": [],
        "Weight": 0.17,
        "LoyaltyLevel": 0,
        "Price": 0
    },
    "67a01e4ea2b82626b73d10b6": {
        "$type": "RealismMod.WeaponMod, RealismMod",
        "ItemID": "67a01e4ea2b82626b73d10b6",
        "Name": "Remington ACR Collapsible CQB Buttstock",
        "ModType": "Stock",
        "VerticalRecoil": 0,
        "HorizontalRecoil": -14,
        "Dispersion": -5,
        "CameraRecoil": -9,
        "AutoROF": 0,
        "SemiROF": 0,
        "ModMalfunctionChance": 0,
        "AimSpeed": 0,
        "Ergonomics": 10,
        "Accuracy": 2,
        "HasShoulderContact": true,
        "BlocksFolding": false,
        "StockAllowADS": false,
        "ConflictingItems": [],
        "Weight": 0.3,
        "AimStability": 6,
        "Handling": 4,
        "LoyaltyLevel": 3,
        "Price": 0
    },	
	"67a01e4ea2b82626b73d10b7": {
        "$type": "RealismMod.WeaponMod, RealismMod",
        "ItemID": "67a01e4ea2b82626b73d10b7",
        "Name": "Kinetic Research Group PRS ACR Precision Stock",
        "ModType": "Stock",
        "VerticalRecoil": 0,
        "HorizontalRecoil": -10,
        "Dispersion": -10,
        "CameraRecoil": -11,
        "AimSpeed": -5,
        "Ergonomics": 4,
        "Accuracy": 7.5,
        "HasShoulderContact": true,
        "BlocksFolding": false,
        "AutoROF": 0,
        "SemiROF": 0,
        "ModMalfunctionChance": 0,
        "StockAllowADS": false,
        "ConflictingItems": [],
        "Weight": 0.5,
        "LoyaltyLevel": 0,
        "AimStability": 20,
        "Price": 0
    },
	"67a01e4ea2b82626b73d10b8": {
        "$type": "RealismMod.WeaponMod, RealismMod",
        "ItemID": "67a01e4ea2b82626b73d10b8",
        "Name": "Magpul ACR Fixed Polymer Stock",
        "ModType": "Stock",
        "VerticalRecoil": 0,
        "HorizontalRecoil": -8,
        "Dispersion": -6,
        "CameraRecoil": -2,
        "AimSpeed": 0,
        "Ergonomics": 11,
        "Accuracy": 0,
        "HasShoulderContact": true,
        "BlocksFolding": false,
        "AutoROF": 0,
        "SemiROF": 0,
        "ModMalfunctionChance": 0,
        "StockAllowADS": false,
        "ConflictingItems": [],
        "Weight": 0.3,
        "LoyaltyLevel": 0,
        "Price": 0
    },
	"67a01e4ea2b82626b73d10b9": {
        "$type": "RealismMod.WeaponMod, RealismMod",
        "ItemID": "67a01e4ea2b82626b73d10b9",
        "Name": "Magpul ACR Fixed Polymer Stock FDE",
        "ModType": "Stock",
        "VerticalRecoil": 0,
        "HorizontalRecoil": -8,
        "Dispersion": -6,
        "CameraRecoil": -2,
        "AimSpeed": 0,
        "Ergonomics": 11,
        "Accuracy": 0,
        "HasShoulderContact": true,
        "BlocksFolding": false,
        "AutoROF": 0,
        "SemiROF": 0,
        "ModMalfunctionChance": 0,
        "StockAllowADS": false,
        "ConflictingItems": [],
        "Weight": 0.3,
        "AimStability": 3,
        "Handling": 1,
        "LoyaltyLevel": 0,
        "Price": 0
    },
    "67a01e4ea2b82626b73d10ba": {
        "$type": "RealismMod.WeaponMod, RealismMod",
        "ItemID": "67a01e4ea2b82626b73d10ba",
        "Name": "Magpul ACR Modular Polymer Stock",
        "ModType": "Stock",
        "VerticalRecoil": 0,
        "HorizontalRecoil": -10,
        "Dispersion": -7,
        "CameraRecoil": -8,
        "AimSpeed": 0,
        "Ergonomics": 14,
        "Accuracy": 0,
        "HasShoulderContact": true,
        "BlocksFolding": false,
        "AutoROF": 0,
        "SemiROF": 0,
        "ModMalfunctionChance": 0,
        "StockAllowADS": false,
        "ConflictingItems": [],
        "Weight": 0.3,
        "AimStability": 2,
        "Handling": 4,
        "LoyaltyLevel": 0,
        "Price": 0
    },
	"67a01e4ea2b82626b73d10bb": {
        "$type": "RealismMod.WeaponMod, RealismMod",
        "ItemID": "67a01e4ea2b82626b73d10bb",
        "Name": "Magpul ACR Modular Polymer Stock FDE",
        "ModType": "Stock",
        "VerticalRecoil": 0,
        "HorizontalRecoil": -10,
        "Dispersion": -7,
        "CameraRecoil": -8,
        "AimSpeed": 0,
        "Ergonomics": 14,
        "Accuracy": 0,
        "HasShoulderContact": true,
        "BlocksFolding": false,
        "AutoROF": 0,
        "SemiROF": 0,
        "ModMalfunctionChance": 0,
        "StockAllowADS": false,
        "ConflictingItems": [],
        "Weight": 0.3,
        "AimStability": 2,
        "Handling": 4,
        "LoyaltyLevel": 0,
        "Price": 0
    },
	"67a01e4ea2b82626b73d10bc": {
        "$type": "RealismMod.WeaponMod, RealismMod",
        "ItemID": "67a01e4ea2b82626b73d10bc",
        "Name": "Remington ACR Aluminum Upper Receiver",
        "ModType": "",
        "ModMalfunctionChance": 0,
        "Accuracy": 3,
        "HeatFactor": 0.989,
        "CoolFactor": 1.01,
        "DurabilityBurnModificator": 1,
        "ConflictingItems": [],
        "Ergonomics": 0,
        "Weight": 0.2,
        "VerticalRecoil": 0,
        "HorizontalRecoil": 0,
        "ChamberSpeed": 0,
        "LoyaltyLevel": 0,
        "Price": 0
    },
	"67a01e4ea2b82626b73d10bd": {
        "$type": "RealismMod.WeaponMod, RealismMod",
        "ItemID": "67a01e4ea2b82626b73d10bd",
        "Name": "Remington ACR Aluminum Upper Receiver FDE",
        "ModType": "",
        "ModMalfunctionChance": 0,
        "Accuracy": 3,
        "HeatFactor": 0.989,
        "CoolFactor": 1.01,
        "DurabilityBurnModificator": 1,
        "ConflictingItems": [],
        "Ergonomics": 0,
        "Weight": 0.2,
        "VerticalRecoil": 0,
        "HorizontalRecoil": 0,
        "ChamberSpeed": 0,
        "LoyaltyLevel": 0,
        "Price": 0
    }
	}