{
    "66b1770c5f8b2271bb5887dc": {
        "$type": "RealismMod.Gun, RealismMod",
        "ItemID": "66b1770c5f8b2271bb5887dc",
        "Name": "HK XM8 5.56x45 assault rifle (FDE)",
        "WeapType": "",
        "OperationType": "",
        "WeapAccuracy": 0,
        "BaseTorque": 0,
        "HasShoulderContact": false,
        "Ergonomics": 83,
        "VerticalRecoil": 77,
        "HorizontalRecoil": 180,
        "Dispersion": 9,
        "CameraRecoil": 0.0308,
        "VisualMulti": 1.03,
        "Convergence": 15.2,
        "RecoilAngle": 90,
        "BaseMalfunctionChance": 0.002,
        "HeatFactorGun": 0.37,
        "HeatFactorByShot": 1,
        "CoolFactorGun": 0.07,
        "CoolFactorGunMods": 1,
        "AllowOverheat": true,
        "CenterOfImpact": 0.01,
        "HipAccuracyRestorationDelay": 0.2,
        "HipAccuracyRestorationSpeed": 7,
        "HipInnaccuracyGain": 0.16,
        "ShotgunDispersion": 0,
        "Velocity": 0,
        "RecoilDamping": 0.828,
        "RecoilHandDamping": 0.75,
        "WeaponAllowADS": false,
        "Weight": 0.87,
        "DurabilityBurnRatio": 0.2,
        "AutoROF": 750,
        "SemiROF": 385,
        "LoyaltyLevel": 3,
        "BaseReloadSpeedMulti": 0.95,
        "BaseChamberSpeedMulti": 1,
        "MinChamberSpeed": 0.7,
        "MaxChamberSpeed": 1.5,
        "IsManuallyOperated": false,
        "BaseChamberCheckSpeed": 0.9,
        "BaseFixSpeed": 0.85,
        "OffsetRotation": 0.009,
        "RecoilIntensity": 0.133,
        "MasteryCategory":"G36"
    },
    "66b177141a00c9af1fd50b2d": {
        "$type": "RealismMod.Gun, RealismMod",
        "ItemID": "66b177141a00c9af1fd50b2d",
        "Name": "HK XM8 5.56x45 assault rifle (OD)",
        "WeapType": "",
        "OperationType": "",
        "WeapAccuracy": 0,
        "BaseTorque": 0,
        "HasShoulderContact": false,
        "Ergonomics": 83,
        "VerticalRecoil": 77,
        "HorizontalRecoil": 180,
        "Dispersion": 9,
        "CameraRecoil": 0.0308,
        "VisualMulti": 1.03,
        "Convergence": 15.2,
        "RecoilAngle": 90,
        "BaseMalfunctionChance": 0.002,
        "HeatFactorGun": 0.37,
        "HeatFactorByShot": 1,
        "CoolFactorGun": 0.07,
        "CoolFactorGunMods": 1,
        "AllowOverheat": true,
        "CenterOfImpact": 0.01,
        "HipAccuracyRestorationDelay": 0.2,
        "HipAccuracyRestorationSpeed": 7,
        "HipInnaccuracyGain": 0.16,
        "ShotgunDispersion": 0,
        "Velocity": 0,
        "RecoilDamping": 0.828,
        "RecoilHandDamping": 0.75,
        "WeaponAllowADS": false,
        "Weight": 0.87,
        "DurabilityBurnRatio": 0.2,
        "AutoROF": 750,
        "SemiROF": 385,
        "LoyaltyLevel": 3,
        "BaseReloadSpeedMulti": 0.95,
        "BaseChamberSpeedMulti": 1,
        "MinChamberSpeed": 0.7,
        "MaxChamberSpeed": 1.5,
        "IsManuallyOperated": false,
        "BaseChamberCheckSpeed": 0.9,
        "BaseFixSpeed": 0.85,
        "OffsetRotation": 0.009,
        "RecoilIntensity": 0.133,
        "MasteryCategory":"G36"
    },
    "66b17d6cbb296d01b4684944": {
        "$type": "RealismMod.Gun, RealismMod",
        "ItemID": "66b17d6cbb296d01b4684944",
        "Name": "HK XM8 5.56x45 assault rifle (Black)",
        "WeapType": "",
        "OperationType": "",
        "WeapAccuracy": 0,
        "BaseTorque": 0,
        "HasShoulderContact": false,
        "Ergonomics": 83,
        "VerticalRecoil": 77,
        "HorizontalRecoil": 180,
        "Dispersion": 9,
        "CameraRecoil": 0.0308,
        "VisualMulti": 1.03,
        "Convergence": 15.2,
        "RecoilAngle": 90,
        "BaseMalfunctionChance": 0.002,
        "HeatFactorGun": 0.37,
        "HeatFactorByShot": 1,
        "CoolFactorGun": 0.07,
        "CoolFactorGunMods": 1,
        "AllowOverheat": true,
        "CenterOfImpact": 0.01,
        "HipAccuracyRestorationDelay": 0.2,
        "HipAccuracyRestorationSpeed": 7,
        "HipInnaccuracyGain": 0.16,
        "ShotgunDispersion": 0,
        "Velocity": 0,
        "RecoilDamping": 0.828,
        "RecoilHandDamping": 0.75,
        "WeaponAllowADS": false,
        "Weight": 0.87,
        "DurabilityBurnRatio": 0.2,
        "AutoROF": 750,
        "SemiROF": 385,
        "LoyaltyLevel": 3,
        "BaseReloadSpeedMulti": 0.95,
        "BaseChamberSpeedMulti": 1,
        "MinChamberSpeed": 0.7,
        "MaxChamberSpeed": 1.5,
        "IsManuallyOperated": false,
        "BaseChamberCheckSpeed": 0.9,
        "BaseFixSpeed": 0.85,
        "OffsetRotation": 0.009,
        "RecoilIntensity": 0.133,
        "MasteryCategory":"G36"
    },
    "66b1777fef15631b8b5ca98a": {
        "$type": "RealismMod.WeaponMod, RealismMod",
        "ItemID": "66b1777fef15631b8b5ca98a",
        "Name": "HK XM8 5.56x45 LMG length barrel",
        "ModType": "",
        "VerticalRecoil": -8,
        "HorizontalRecoil": -15,
        "AutoROF": 0,
        "SemiROF": 0,
        "ModMalfunctionChance": 0,
        "Convergence": 0,
        "Accuracy": 0,
        "CenterOfImpact": 0.029,
        "HeatFactor": 0.9,
        "CoolFactor": 1.1,
        "DurabilityBurnModificator": 0.85,
        "Velocity": 10.5,
        "ConflictingItems": [],
        "Ergonomics": -12,
        "Weight": 1.932,
        "ShotgunDispersion": 1,
        "Loudness": 0,
        "LoyaltyLevel": 0,
        "Price": 0
    },
    "66b177776541b7f127ca4af0": {
        "$type": "RealismMod.WeaponMod, RealismMod",
        "ItemID": "66b177776541b7f127ca4af0",
        "Name": "HK XM8 5.56x45 rifle length Barrel",
        "ModType": "",
        "VerticalRecoil": -6,
        "HorizontalRecoil": -9,
        "AutoROF": 0,
        "SemiROF": 0,
        "ModMalfunctionChance": 0,
        "Convergence": 0,
        "Accuracy": 0,
        "CenterOfImpact": 0.029,
        "HeatFactor": 0.93,
        "CoolFactor": 1.08,
        "DurabilityBurnModificator": 0.83,
        "Velocity": 4.5,
        "ConflictingItems": [],
        "Ergonomics": -10,
        "Weight": 1.653,
        "ShotgunDispersion": 1,
        "Loudness": 0,
        "LoyaltyLevel": 0,
        "Price": 0
    },
    "66b1777cf41a1c521a7a449a": {
        "$type": "RealismMod.WeaponMod, RealismMod",
        "ItemID": "66b1777cf41a1c521a7a449a",
        "Name": "HK XM8 5.56x45 carbine length barrel",
        "ModType": "short_barrel",
        "VerticalRecoil": -4,
        "HorizontalRecoil": -7,
        "AutoROF": 0,
        "SemiROF": 0,
        "ModMalfunctionChance": 0,
        "Convergence": 0,
        "Accuracy": 0,
        "CenterOfImpact": 0.029,
        "HeatFactor": 0.96,
        "CoolFactor": 1.04,
        "DurabilityBurnModificator": 0.83,
        "Velocity": -2,
        "ConflictingItems": [],
        "Ergonomics": -8,
        "Weight": 1.685,
        "ShotgunDispersion": 1,
        "Loudness": 0,
        "LoyaltyLevel": 0,
        "Price": 0
    },
    "66b1778236301d80c2044219": {
        "$type": "RealismMod.WeaponMod, RealismMod",
        "ItemID": "66b1778236301d80c2044219",
        "Name": "HK XM8 5.56x45 PDW length barrel",
        "ModType": "short_barrel",
        "VerticalRecoil": -2,
        "HorizontalRecoil": -3,
        "AutoROF": 0,
        "SemiROF": 0,
        "ModMalfunctionChance": 0,
        "Convergence": 0,
        "Accuracy": 0,
        "CenterOfImpact": 0.029,
        "HeatFactor": 0.98,
        "CoolFactor": 1.02,
        "DurabilityBurnModificator": 0.83,
        "Velocity": -10.5,
        "ConflictingItems": [],
        "Ergonomics": -5,
        "Weight": 1.432,
        "ShotgunDispersion": 1,
        "Loudness": 0,
        "LoyaltyLevel": 0,
        "Price": 0
    },
    "66b17796cd01eed07d2c3f5a": {
        "$type": "RealismMod.WeaponMod, RealismMod",
        "ItemID": "66b17796cd01eed07d2c3f5a",
        "Name": "HK XM8 gas block",
        "ModType": "",
        "VerticalRecoil": 0,
        "HorizontalRecoil": 0,
        "Dispersion": 0,
        "AutoROF": 0,
        "SemiROF": 0,
        "ModMalfunctionChance": 0,
        "CanCycleSubs": false,
        "Accuracy": 0,
        "HeatFactor": 0.995,
        "CoolFactor": 1.004,
        "DurabilityBurnModificator": 1,
        "ConflictingItems": [],
        "Ergonomics": 0,
        "Weight": 0.01,
        "LoyaltyLevel": 0,
        "Price": 0,
        "Flash": -15
    },
    "66b177286a11a6564ecffae1": {
        "$type": "RealismMod.WeaponMod, RealismMod",
        "ItemID": "66b177286a11a6564ecffae1",
        "Name": "HK XM8 LMG handguard (FDE)",
        "ModType": "",
        "VerticalRecoil": -4,
        "HorizontalRecoil": -6,
        "Dispersion": -2,
        "AimSpeed": 0,
        "Ergonomics": 5,
        "Accuracy": 2,
        "HeatFactor": 0.965,
        "CoolFactor": 1.15,
        "ConflictingItems": [],
        "Weight": 0.25,
        "LoyaltyLevel": 0,
        "Price": 0
    },
    "66b17725e2cf432d366c1a44": {
        "$type": "RealismMod.WeaponMod, RealismMod",
        "ItemID": "66b17725e2cf432d366c1a44",
        "Name": "HK XM8 rifle length handguard",
        "ModType": "",
        "VerticalRecoil": -3,
        "HorizontalRecoil": -5,
        "Dispersion": -2,
        "AimSpeed": 0,
        "Ergonomics": 8,
        "Accuracy": 2,
        "HeatFactor": 0.97,
        "CoolFactor": 1.13,
        "ConflictingItems": [],
        "Weight": 0.17,
        "LoyaltyLevel": 0,
        "Price": 0
    },
    "66b177205192a4b5bb89c7c0": {
        "$type": "RealismMod.WeaponMod, RealismMod",
        "ItemID": "66b177205192a4b5bb89c7c0",
        "Name": "HK XM8 carbine length handguard",
        "ModType": "",
        "VerticalRecoil": -2,
        "HorizontalRecoil": -3,
        "Dispersion": -1,
        "AimSpeed": 0,
        "Ergonomics": 10,
        "Accuracy": 1,
        "HeatFactor": 0.97,
        "CoolFactor": 1.06,
        "ConflictingItems": [],
        "Weight": 0.125,
        "LoyaltyLevel": 0,
        "Price": 0
    },
    "66b1771c27bb1d655fb7fd16": {
        "$type": "RealismMod.WeaponMod, RealismMod",
        "ItemID": "66b1771c27bb1d655fb7fd16",
        "Name": "HK XM8 PDW handguard",
        "ModType": "",
        "VerticalRecoil": -2,
        "HorizontalRecoil": -3,
        "Dispersion": -1,
        "AimSpeed": 0,
        "Ergonomics": 13,
        "Accuracy": 0,
        "HeatFactor": 0.98,
        "CoolFactor": 1.02,
        "ConflictingItems": [],
        "Weight": 0.1,
        "LoyaltyLevel": 0,
        "Price": 0
    },
    "66b177369857bd0e1bf7e38d": {
        "$type": "RealismMod.WeaponMod, RealismMod",
        "ItemID": "66b177369857bd0e1bf7e38d",
        "Name": "HK XM8 LMG handguard (OD)",
        "ModType": "",
        "VerticalRecoil": -4,
        "HorizontalRecoil": -6,
        "Dispersion": -2,
        "AimSpeed": 0,
        "Ergonomics": 5,
        "Accuracy": 2,
        "HeatFactor": 0.965,
        "CoolFactor": 1.15,
        "ConflictingItems": [],
        "Weight": 0.25,
        "LoyaltyLevel": 0,
        "Price": 0
    },
    "66b17733c11a4996fdb1eca2": {
        "$type": "RealismMod.WeaponMod, RealismMod",
        "ItemID": "66b17733c11a4996fdb1eca2",
        "Name": "HK XM8 rifle length handguard (OD)",
        "ModType": "",
        "VerticalRecoil": -3,
        "HorizontalRecoil": -5,
        "Dispersion": -2,
        "AimSpeed": 0,
        "Ergonomics": 8,
        "Accuracy": 2,
        "HeatFactor": 0.97,
        "CoolFactor": 1.13,
        "ConflictingItems": [],
        "Weight": 0.17,
        "LoyaltyLevel": 0,
        "Price": 0
    },
    "66b177301451b4fa159a8553": {
        "$type": "RealismMod.WeaponMod, RealismMod",
        "ItemID": "66b177301451b4fa159a8553",
        "Name": "HK XM8 carbine length handguard (OD)",
        "ModType": "",
        "VerticalRecoil": -2,
        "HorizontalRecoil": -3,
        "Dispersion": -1,
        "AimSpeed": 0,
        "Ergonomics": 10,
        "Accuracy": 1,
        "HeatFactor": 0.97,
        "CoolFactor": 1.06,
        "ConflictingItems": [],
        "Weight": 0.125,
        "LoyaltyLevel": 0,
        "Price": 0
    },
    "66b1772c42936e0387a88fc9": {
        "$type": "RealismMod.WeaponMod, RealismMod",
        "ItemID": "66b1772c42936e0387a88fc9",
        "Name": "HK XM8 PDW handguard (OD)",
        "ModType": "",
        "VerticalRecoil": -2,
        "HorizontalRecoil": -3,
        "Dispersion": -1,
        "AimSpeed": 0,
        "Ergonomics": 13,
        "Accuracy": 0,
        "HeatFactor": 0.98,
        "CoolFactor": 1.02,
        "ConflictingItems": [],
        "Weight": 0.1,
        "LoyaltyLevel": 0,
        "Price": 0
    },
    "66b17743edd0d64c03eeed3b": {
        "$type": "RealismMod.WeaponMod, RealismMod",
        "ItemID": "66b17743edd0d64c03eeed3b",
        "Name": "HK XM8 LMG handguard (Black)",
        "ModType": "",
        "VerticalRecoil": -4,
        "HorizontalRecoil": -6,
        "Dispersion": -2,
        "AimSpeed": 0,
        "Ergonomics": 5,
        "Accuracy": 2,
        "HeatFactor": 0.965,
        "CoolFactor": 1.15,
        "ConflictingItems": [],
        "Weight": 0.25,
        "LoyaltyLevel": 0,
        "Price": 0
    },
    "66b1774114a15b9a0f09a69f": {
        "$type": "RealismMod.WeaponMod, RealismMod",
        "ItemID": "66b1774114a15b9a0f09a69f",
        "Name": "HK XM8 rifle length handguard",
        "ModType": "",
        "VerticalRecoil": -3,
        "HorizontalRecoil": -5,
        "Dispersion": -2,
        "AimSpeed": 0,
        "Ergonomics": 8,
        "Accuracy": 2,
        "HeatFactor": 0.97,
        "CoolFactor": 1.13,
        "ConflictingItems": [],
        "Weight": 0.17,
        "LoyaltyLevel": 0,
        "Price": 0
    },
    "66b1773e819b5700a7987155": {
        "$type": "RealismMod.WeaponMod, RealismMod",
        "ItemID": "66b1773e819b5700a7987155",
        "Name": "HK XM8 carbine length handguard",
        "ModType": "",
        "VerticalRecoil": -2,
        "HorizontalRecoil": -3,
        "Dispersion": -1,
        "AimSpeed": 0,
        "Ergonomics": 12,
        "Accuracy": 1,
        "HeatFactor": 0.97,
        "CoolFactor": 1.06,
        "ConflictingItems": [],
        "Weight": 0.125,
        "LoyaltyLevel": 3,
        "Price": 0
    },
    "66b1773ab2b587b20bd4430a": {
        "$type": "RealismMod.WeaponMod, RealismMod",
        "ItemID": "66b1773ab2b587b20bd4430a",
        "Name": "HK XM8 PDW Handguard",
        "ModType": "",
        "VerticalRecoil": -2,
        "HorizontalRecoil": -3,
        "Dispersion": -1,
        "AimSpeed": 0,
        "Ergonomics": 13,
        "Accuracy": 0,
        "HeatFactor": 0.96,
        "CoolFactor": 1.01,
        "ConflictingItems": [],
        "Weight": 0.105,
        "LoyaltyLevel": 3,
        "Price": 0
    },
    "66b177865018c420f94de0c4": {
        "$type": "RealismMod.WeaponMod, RealismMod",
        "ItemID": "66b177865018c420f94de0c4",
        "Name": "HK XM8 picatinny top rail",
        "ModType": "mount",
        "Ergonomics": 0,
        "Accuracy": -13,
        "ConflictingItems": [],
        "Weight": 0.169,
        "LoyaltyLevel": 0,
        "Price": 0
    },
    "66b177922ed0146f293f4d6f": {
        "$type": "RealismMod.WeaponMod, RealismMod",
        "ItemID": "66b177922ed0146f293f4d6f",
        "Name": "HK XM8 flat top rail",
        "ModType": "mount",
        "Ergonomics": 0,
        "Accuracy": -15,
        "ConflictingItems": [],
        "Weight": 0.312,
        "LoyaltyLevel": 0,
        "Price": 0
    },
    "66b1779b98627f711ecab7c1": {
        "$type": "RealismMod.WeaponMod, RealismMod",
        "ItemID": "66b1779b98627f711ecab7c1",
        "Name": "HK XM8 AR/LMG PCAP-picatinny adapter",
        "ModType": "",
        "Ergonomics": 0,
        "Accuracy": 0,
        "ConflictingItems": [],
        "Weight": 0.07,
        "LoyaltyLevel": 3,
        "Price": 0
    },
    "66b1779f427471f780dc15c4": {
        "$type": "RealismMod.WeaponMod, RealismMod",
        "ItemID": "66b1779f427471f780dc15c4",
        "Name": "HK XM8 Carbine PCAP-picatinny adapter",
        "ModType": "",
        "Ergonomics": 0,
        "Accuracy": 0,
        "ConflictingItems": [],
        "Weight": 0.07,
        "LoyaltyLevel": 3,
        "Price": 0
    },
    "66b177a2170f88748ae2c32f": {
        "$type": "RealismMod.WeaponMod, RealismMod",
        "ItemID": "66b177a2170f88748ae2c32f",
        "Name": "HK XM8 PDW PCAP-picatinny adapter",
        "ModType": "",
        "Ergonomics": 0,
        "Accuracy": 0,
        "ConflictingItems": [],
        "Weight": 0.07,
        "LoyaltyLevel": 3,
        "Price": 0
    },
    "66b177610ed9932ce793aab1": {
        "$type": "RealismMod.WeaponMod, RealismMod",
        "ItemID": "66b177610ed9932ce793aab1",
        "Name": "HK XM8 folding stock adapter (FDE)",
        "ModType": "",
        "VerticalRecoil": -1,
        "HorizontalRecoil": -1,
        "Dispersion": 0,
        "CameraRecoil": -1,
        "AimSpeed": 2,
        "Ergonomics": 0,
        "Accuracy": 0,
        "HasShoulderContact": true,
        "BlocksFolding": false,
        "AutoROF": 0,
        "SemiROF": 0,
        "ModMalfunctionChance": 0,
        "StockAllowADS": false,
        "ConflictingItems": [],
        "Weight": 0.1,
        "LoyaltyLevel": 3,
        "Price": 0
    },
        "66b177647126f9c006bb44ae": {
        "$type": "RealismMod.WeaponMod, RealismMod",
        "ItemID": "66b177647126f9c006bb44ae",
        "Name": "HK XM8 folding stock adapter (Black)",
        "ModType": "",
        "VerticalRecoil": -1,
        "HorizontalRecoil": -1,
        "Dispersion": 0,
        "CameraRecoil": -1,
        "AimSpeed": 2,
        "Ergonomics": 0,
        "Accuracy": 0,
        "HasShoulderContact": true,
        "BlocksFolding": false,
        "AutoROF": 0,
        "SemiROF": 0,
        "ModMalfunctionChance": 0,
        "StockAllowADS": false,
        "ConflictingItems": [],
        "Weight": 0.1,
        "LoyaltyLevel": 3,
        "Price": 0
    },
        "66b177670380a35378501a43": {
        "$type": "RealismMod.WeaponMod, RealismMod",
        "ItemID": "66b177670380a35378501a43",
        "Name": "HK XM8 folding stock adapter (OD)",
        "ModType": "",
        "VerticalRecoil": -1,
        "HorizontalRecoil": -1,
        "Dispersion": 0,
        "CameraRecoil": -1,
        "AimSpeed": 2,
        "Ergonomics": 0,
        "Accuracy": 0,
        "HasShoulderContact": true,
        "BlocksFolding": false,
        "AutoROF": 0,
        "SemiROF": 0,
        "ModMalfunctionChance": 0,
        "StockAllowADS": false,
        "ConflictingItems": [],
        "Weight": 0.1,
        "LoyaltyLevel": 3,
        "Price": 0
    },
        "66b1775a2395f96a493eacbd": {
        "$type": "RealismMod.WeaponMod, RealismMod",
        "ItemID": "66b1775a2395f96a493eacbd",
        "Name": "HK XM8 adjustable stock",
        "ModType": "Stock",
        "VerticalRecoil": -22,
        "HorizontalRecoil": -35,
        "Dispersion": -2,
        "CameraRecoil": -5,
        "AimSpeed": 0,
        "Ergonomics": 11,
        "Accuracy": 5,
        "HasShoulderContact": true,
        "BlocksFolding": false,
        "AutoROF": 0,
        "SemiROF": 0,
        "ModMalfunctionChance": 0,
        "StockAllowADS": false,
        "ConflictingItems": [],
        "Weight": 0.375,
        "LoyaltyLevel": 3,
        "Price": 0
    },
        "66b177460cc616678c424cda": {
        "$type": "RealismMod.WeaponMod, RealismMod",
        "ItemID": "66b177460cc616678c424cda",
        "Name": "HK XM8 Adjustable Stock",
        "ModType": "Stock",
        "VerticalRecoil": -22,
        "HorizontalRecoil": -35,
        "Dispersion": -2,
        "CameraRecoil": -5,
        "AimSpeed": 0,
        "Ergonomics": 11,
        "Accuracy": 5,
        "HasShoulderContact": true,
        "BlocksFolding": false,
        "AutoROF": 0,
        "SemiROF": 0,
        "ModMalfunctionChance": 0,
        "StockAllowADS": false,
        "ConflictingItems": [],
        "Weight": 0.375,
        "LoyaltyLevel": 3,
        "Price": 0
    },
    "66b1774efb63f849b9b2fa12": {
        "$type": "RealismMod.WeaponMod, RealismMod",
        "ItemID": "66b1774efb63f849b9b2fa12",
        "Name": "HK XM8 adjustable stock (OD)",
        "ModType": "Stock",
        "VerticalRecoil": -22,
        "HorizontalRecoil": -35,
        "Dispersion": -2,
        "CameraRecoil": -5,
        "AimSpeed": 0,
        "Ergonomics": 11,
        "Accuracy": 5,
        "HasShoulderContact": true,
        "BlocksFolding": false,
        "AutoROF": 0,
        "SemiROF": 0,
        "ModMalfunctionChance": 0,
        "StockAllowADS": false,
        "ConflictingItems": [],
        "Weight": 0.375,
        "LoyaltyLevel": 3,
        "Price": 0
    },
    "66b1776fe80a0cd0e59ba2c1": {
        "$type": "RealismMod.WeaponMod, RealismMod",
        "ItemID": "66b1776fe80a0cd0e59ba2c1",
        "Name": "HK XM8 folding stock (Black)",
        "ModType": "Stock",
        "VerticalRecoil": -23,
        "HorizontalRecoil": -36,
        "Dispersion": -4,
        "CameraRecoil": -2,
        "AimSpeed": 0,
        "Ergonomics": 9,
        "Accuracy": 2.5,
        "HasShoulderContact": false,
        "BlocksFolding": false,
        "AutoROF": 0,
        "SemiROF": 0,
        "ModMalfunctionChance": 0,
        "StockAllowADS": false,
        "ConflictingItems": [],
        "Weight": 0.3,
        "LoyaltyLevel": 0,
        "Price": 0
    },
    "66b1776c8acc52a0c65be177": {
        "$type": "RealismMod.WeaponMod, RealismMod",
        "ItemID": "66b1776c8acc52a0c65be177",
        "Name": "HK XM8 folding stock (FDE)",
        "ModType": "Stock",
        "VerticalRecoil": -23,
        "HorizontalRecoil": -36,
        "Dispersion": -4,
        "CameraRecoil": -2,
        "AimSpeed": 0,
        "Ergonomics": 9,
        "Accuracy": 2.5,
        "HasShoulderContact": false,
        "BlocksFolding": false,
        "AutoROF": 0,
        "SemiROF": 0,
        "ModMalfunctionChance": 0,
        "StockAllowADS": false,
        "ConflictingItems": [],
        "Weight": 0.3,
        "LoyaltyLevel": 3,
        "Price": 0
    },
    "66b1777302b837c826f2a1ab": {
        "$type": "RealismMod.WeaponMod, RealismMod",
        "ItemID": "66b1777302b837c826f2a1ab",
        "Name": "HK XM8 folding stock (OD)",
        "ModType": "Stock",
        "VerticalRecoil": -23,
        "HorizontalRecoil": -36,
        "Dispersion": -4,
        "CameraRecoil": -2,
        "AimSpeed": 0,
        "Ergonomics": 9,
        "Accuracy": 2.5,
        "HasShoulderContact": false,
        "BlocksFolding": false,
        "AutoROF": 0,
        "SemiROF": 0,
        "ModMalfunctionChance": 0,
        "StockAllowADS": false,
        "ConflictingItems": [],
        "Weight": 0.3,
        "LoyaltyLevel": 3,
        "Price": 0
    },
    "66b1774a7acd78ebf84ae125": {
        "$type": "RealismMod.WeaponMod, RealismMod",
        "ItemID": "66b1774a7acd78ebf84ae125",
        "Name": "HK XM8 Stock Cap (FDE)",
        "ModType": "Stock",
        "VerticalRecoil": -1,
        "HorizontalRecoil": -2,
        "Dispersion": 0,
        "CameraRecoil": 0,
        "AimSpeed": 0,
        "Ergonomics": 3,
        "Accuracy": 0,
        "HasShoulderContact": false,
        "BlocksFolding": false,
        "AutoROF": 0,
        "SemiROF": 0,
        "ModMalfunctionChance": 0,
        "StockAllowADS": true,
        "ConflictingItems": [],
        "Weight": 0.011,
        "LoyaltyLevel": 3,
        "Price": 0
    },
    "66b1775e348cb7ecb16620e5": {
        "$type": "RealismMod.WeaponMod, RealismMod",
        "ItemID": "66b1775e348cb7ecb16620e5",
        "Name": "HK XM8 stock cap (Black)",
        "ModType": "Stock",
        "VerticalRecoil": -1,
        "HorizontalRecoil": -2,
        "Dispersion": 0,
        "CameraRecoil": 0,
        "AimSpeed": 0,
        "Ergonomics": 3,
        "Accuracy": 0,
        "HasShoulderContact": false,
        "BlocksFolding": false,
        "AutoROF": 0,
        "SemiROF": 0,
        "ModMalfunctionChance": 0,
        "StockAllowADS": true,
        "ConflictingItems": [],
        "Weight": 0.1,
        "LoyaltyLevel": 0,
        "Price": 0
    },
    "66b1775568563febad30452e": {
        "$type": "RealismMod.WeaponMod, RealismMod",
        "ItemID": "66b1775568563febad30452e",
        "Name": "HK XM8 stock cap (OD)",
        "ModType": "Stock",
        "VerticalRecoil": -1,
        "HorizontalRecoil": -2,
        "Dispersion": 0,
        "CameraRecoil": 0,
        "AimSpeed": 0,
        "Ergonomics": 3,
        "Accuracy": 0,
        "HasShoulderContact": false,
        "BlocksFolding": false,
        "AutoROF": 0,
        "SemiROF": 0,
        "ModMalfunctionChance": 0,
        "StockAllowADS": true,
        "ConflictingItems": [],
        "Weight": 0.1,
        "LoyaltyLevel": 3,
        "Price": 0
    }
}
