{
	"664274a4d2e5fe0439d545a6": {
        "$type": "RealismMod.Gun, RealismMod",
		"ItemID": "664274a4d2e5fe0439d545a6",
        "Name": "HK G3 7.62x51 assault rifle",
        "WeapType": "",
        "OperationType": "",
        "WeapAccuracy": 0,
        "BaseTorque": -0.75,
        "HasShoulderContact": false,
        "Ergonomics": 80,
        "VerticalRecoil": 142,
        "HorizontalRecoil": 279,
        "Dispersion": 19,
        "CameraRecoil": 0.05,
        "VisualMulti": 1,
        "Convergence": 10.6,
        "RecoilAngle": 88,
        "BaseMalfunctionChance": 0.18,
        "HeatFactorGun": 0.37,
        "HeatFactorByShot": 1,
        "CoolFactorGun": 0.1,
        "CoolFactorGunMods": 1,
        "AllowOverheat": true,
        "CenterOfImpact": 0,
        "HipAccuracyRestorationDelay": 0.2,
        "HipAccuracyRestorationSpeed": 7,
        "HipInnaccuracyGain": 0.16,
        "ShotgunDispersion": 0,
        "Velocity": 0,
        "RecoilDamping": 0.78,
        "RecoilHandDamping": 0.675,
        "WeaponAllowADS": false,
        "Weight": 1.59,
        "DurabilityBurnRatio": 0.35,
        "AutoROF": 600,
        "SemiROF": 320,
        "LoyaltyLevel": 4,
        "BaseReloadSpeedMulti": 0.9,
        "BaseChamberSpeedMulti": 1,
        "MinChamberSpeed": 0.7,
        "MaxChamberSpeed": 1.5,
        "IsManuallyOperated": false,
        "BaseChamberCheckSpeed": 1.4,
        "BaseFixSpeed": 1.9,
        "OffsetRotation": 0.009,
        "RecoilIntensity": 0.22,
        "RecoilCenter": {
            "x": 0,
            "y": -0.45,
            "z": 0
        },
        "MasteryCategory": "SA-58"
	},
	"664274afd9fe3879695d90e9": {
        "$type": "RealismMod.Gun, RealismMod",
		"ItemID": "664274afd9fe3879695d90e9",
        "Name": "HK HK11E 7.62x51 light machine gun",
        "WeapType": "",
        "OperationType": "",
        "WeapAccuracy": 0,
        "BaseTorque": -0.75,
        "HasShoulderContact": false,
        "Ergonomics": 80,
        "VerticalRecoil": 138,
        "HorizontalRecoil": 268,
        "Dispersion": 15,
        "CameraRecoil": 0.05,
        "VisualMulti": 0.82,
        "Convergence": 10.6,
        "RecoilAngle": 88,
        "BaseMalfunctionChance": 0.18,
        "HeatFactorGun": 0.37,
        "HeatFactorByShot": 1,
        "CoolFactorGun": 0.1,
        "CoolFactorGunMods": 1,
        "AllowOverheat": true,
        "CenterOfImpact": 0,
        "HipAccuracyRestorationDelay": 0.2,
        "HipAccuracyRestorationSpeed": 7,
        "HipInnaccuracyGain": 0.16,
        "ShotgunDispersion": 0,
        "Velocity": 0,
        "RecoilDamping": 0.78,
        "RecoilHandDamping": 0.675,
        "WeaponAllowADS": false,
        "Weight": 2.8,
        "DurabilityBurnRatio": 0.35,
        "AutoROF": 700,
        "SemiROF": 320,
        "LoyaltyLevel": 4,
        "BaseReloadSpeedMulti": 0.9,
        "BaseChamberSpeedMulti": 1,
        "MinChamberSpeed": 0.7,
        "MaxChamberSpeed": 1.5,
        "IsManuallyOperated": false,
        "BaseChamberCheckSpeed": 1.4,
        "BaseFixSpeed": 1.9,
        "OffsetRotation": 0.009,
        "RecoilIntensity": 0.22,
        "RecoilCenter": {
            "x": 0,
            "y": -0.45,
            "z": 0
        },
        "MasteryCategory": "SA-58"
	},
	"66427485cd48e6321fbddfef": {
        "$type": "RealismMod.WeaponMod, RealismMod",
		"ItemID": "66427485cd48e6321fbddfef",
        "Name": "HK G3 20-round magazine",
        "ModType": "",
        "ReloadSpeed": 5,
        "Ergonomics": 0,
        "MagMalfunctionChance": 0.25,
        "LoadUnloadModifier": -10,
        "CheckTimeModifier": 0,
        "ConflictingItems": [],
        "Weight": 0.140,
        "VerticalRecoil": 0,
        "HorizontalRecoil": 0,
        "LoyaltyLevel": 3,
        "Price": 0
	},
    "67b54d6e6d677b7884e7b369": {
        "$type": "RealismMod.WeaponMod, RealismMod",
        "ItemID": "67b54d6e6d677b7884e7b369",
        "Name": "HK G3 30-round magazine",
        "ModType": "long_mag",
        "ReloadSpeed": -5,
        "Ergonomics": 0,
        "MalfunctionChance": 0.35,
        "LoadUnloadModifier": 0,
        "CheckTimeModifier": 0,
        "ConflictingItems": [],
        "Weight": 0.235,
        "VerticalRecoil": 0,
        "HorizontalRecoil": 0,
        "LoyaltyLevel": 4
    },
	"6642749650f358f59ab6b622": {
        "$type": "RealismMod.WeaponMod, RealismMod",
		"ItemID": "6642749650f358f59ab6b622",
        "Name": "HK11E 7.62x51 50-round Drum Magazine",
        "ModType": "",
        "ReloadSpeed": -8,
        "Ergonomics": -4,
        "MagMalfunctionChance": 1,
        "LoadUnloadModifier": 0,
        "CheckTimeModifier": 20,
        "ConflictingItems": [],
        "Weight": 0.610,
        "VerticalRecoil": 0,
        "HorizontalRecoil": 0,
        "LoyaltyLevel": 3,
        "Price": 0
	},
	"67a01e64a2b82626b73d10be": {
        "$type": "RealismMod.WeaponMod, RealismMod",
		"ItemID": "67a01e64a2b82626b73d10be",
        "Name": "HK G3 7.62x51 17.7 inch barrel",
        "ModType": "",
        "VerticalRecoil": -1,
        "HorizontalRecoil": -7,
        "AutoROF": -1.5,
        "SemiROF": -1,
        "ModMalfunctionChance": -10,
        "CameraRecoil": -5,
        "Convergence": 0,
        "Accuracy": 0,
        "CenterOfImpact": 0.0349,
        "HeatFactor": 0.88,
        "CoolFactor": 0.91,
        "DurabilityBurnModificator": 0.9,
        "Velocity": 1.2,
        "ConflictingItems": [],
        "Ergonomics": 0,
        "Weight": 1.2,
        "ShotgunDispersion": 1,
        "Loudness": 0,
        "LoyaltyLevel": 3,
        "Price": 0
	},
    "67b54dff684d39bd70b484f1": {
        "$type": "RealismMod.WeaponMod, RealismMod",
        "ItemID": "67b54dff684d39bd70b484f1",
        "Name": "HK PSG-1 7.62x51 20 inch barrel",
        "ModType": "",
        "VerticalRecoil": 0,
        "HorizontalRecoil": 0,
        "AutoROF": 0,
        "SemiROF": 0,
        "ModMalfunctionChance": 0,
        "Convergence": 0,
        "Accuracy": 0,
        "CenterOfImpact": 0.011,
        "HeatFactor": 0.82,
        "CoolFactor": 0.86,
        "DurabilityBurnModificator": 0.95,
        "Velocity": 5.2,
        "ConflictingItems": [],
        "Ergonomics": 0,
        "Weight": 1.45,
        "ShotgunDispersion": 1,
        "Loudness": 0,
        "LoyaltyLevel": 3
    },
	"67a01e64a2b82626b73d10bf": {
        "$type": "RealismMod.WeaponMod, RealismMod",
		"ItemID": "67a01e64a2b82626b73d10bf",
        "Name": "HK HK11E 7.62x51 15 inch barrel",
        "ModType": "",
        "VerticalRecoil": -2,
        "HorizontalRecoil": -8,
        "AutoROF": -1.75,
        "SemiROF": -1,
        "ModMalfunctionChance": -10,
        "CameraRecoil": -7,
        "Convergence": 0,
        "Accuracy": 0,
        "CenterOfImpact": 0.0349,
        "HeatFactor": 0.84,
        "CoolFactor": 0.92,
        "DurabilityBurnModificator": 0.9,
        "Velocity": 1.3,
        "ConflictingItems": [],
        "Ergonomics": 0,
        "Weight": 1.5,
        "ShotgunDispersion": 1,
        "Loudness": 0,
        "LoyaltyLevel": 3,
        "Price": 0
	},
	"67a01e64a2b82626b73d10c0": {
        "$type": "RealismMod.WeaponMod, RealismMod",
		"ItemID": "67a01e64a2b82626b73d10c0",
        "Name": "HK G3K 7.62x51 12.4 inch barrel",
        "ModType": "",
        "VerticalRecoil": 0,
        "HorizontalRecoil": 0,
        "AutoROF": 0,
        "SemiROF": 0,
        "ModMalfunctionChance": 0,
        "Convergence": 0,
        "Accuracy": 0,
        "CenterOfImpact": 0.0392,
        "HeatFactor": 0.94,
        "CoolFactor": 0.94,
        "DurabilityBurnModificator": 1,
        "Velocity": -5,
        "ConflictingItems": [],
        "Ergonomics": 0,
        "Weight": 0.98,
        "ShotgunDispersion": 1,
        "Loudness": 0,
        "LoyaltyLevel": 3,
        "Price": 0
	},
	"67a01e64a2b82626b73d10c1": {
        "$type": "RealismMod.WeaponMod, RealismMod",
		"ItemID": "67a01e64a2b82626b73d10c1",
        "Name": "HK G3K 7.62x51 11 inch barrel",
        "ModType": "",
        "VerticalRecoil": 0,
        "HorizontalRecoil": 8,
        "AutoROF": 2,
        "SemiROF": 1,
        "ModMalfunctionChance": 0,
        "Convergence": 0,
        "Accuracy": 0,
        "CenterOfImpact": 0.0392,
        "HeatFactor": 0.94,
        "CoolFactor": 0.94,
        "DurabilityBurnModificator": 1,
        "Velocity": -17,
        "ConflictingItems": [],
        "Ergonomics": 0,
        "Weight": 0.75,
        "ShotgunDispersion": 1,
        "Loudness": 0,
        "LoyaltyLevel": 3,
        "Price": 0
	},
	"67a01e64a2b82626b73d10c2": {
        "$type": "RealismMod.WeaponMod, RealismMod",
		"ItemID": "67a01e64a2b82626b73d10c2",
        "Name": "HK G3SD custom handguard and barrel assembly",
        "ModType": "",
        "VerticalRecoil": 0,
        "HorizontalRecoil": 10,
        "AutoROF": 3,
        "SemiROF": 2,
        "ModMalfunctionChance": 0,
        "Convergence": 0,
        "Accuracy": 0,
        "CenterOfImpact": 0.0392,
        "HeatFactor": 0.94,
        "CoolFactor": 0.94,
        "DurabilityBurnModificator": 1,
        "Velocity": -20,
        "ConflictingItems": [],
        "Ergonomics": 0,
        "Weight": 0.70,
        "ShotgunDispersion": 1,
        "Loudness": 0,
        "LoyaltyLevel": 4,
        "Price": 0
	},
    "67a04328446e9f7615fbf9b9": {
        "$type": "RealismMod.WeaponMod, RealismMod",
        "ItemID": "67a04328446e9f7615fbf9b9",
        "Name": "HK G3 MCS Swordfish compensated barrel and rail system",
        "ModType": "",
        "VerticalRecoil": -8,
        "HorizontalRecoil": -16,
        "AutoROF": 0,
        "SemiROF": 0,
        "ModMalfunctionChance": 0,
        "Convergence": 7,
        "Accuracy": 10,
        "CenterOfImpact": 0.0392,
        "HeatFactor": 0.94,
        "CoolFactor": 0.94,
        "DurabilityBurnModificator": 1,
        "Velocity": -4,
        "ConflictingItems": [],
        "Ergonomics": 0,
        "Weight": 0.98,
        "ShotgunDispersion": 1,
        "Loudness": 0,
        "LoyaltyLevel": 4,
        "Price": 0
    },
	"67a01e64a2b82626b73d10c3": {
        "$type": "RealismMod.WeaponMod, RealismMod",
		"ItemID": "67a01e64a2b82626b73d10c3",
        "Name": "HK G3SD integrated sound suppressor",
        "ModType": "",
        "VerticalRecoil": -3,
        "HorizontalRecoil": -12,
        "Dispersion": -21,
        "CameraRecoil": -18,
        "AutoROF": 1.9,
        "SemiROF": 3,
        "ModMalfunctionChance": -18,
        "CanCycleSubs": true,
        "Accuracy": -7,
        "HeatFactor": 1.15,
        "CoolFactor": 1.06,
        "DurabilityBurnModificator": 1.3,
        "Velocity": 0.85,
        "RecoilAngle": 0,
        "ConflictingItems": [],
        "Ergonomics": 0,
        "Weight": 0.8,
        "Loudness": -25,
        "Convergence": 0,
        "LoyaltyLevel": 4,
        "Flash": 7.5,
        "Price": 0
	},
	"67a01e64a2b82626b73d10c4": {
        "$type": "RealismMod.WeaponMod, RealismMod",
		"ItemID": "67a01e64a2b82626b73d10c4",
        "Name": "PTR G3 polymer handguard",
        "ModType": "",
        "VerticalRecoil": -2,
        "HorizontalRecoil": -1,
        "Dispersion": -1.5,
        "AimSpeed": 0,
        "Ergonomics": 11,
        "Accuracy": 2,
        "HeatFactor": 1,
        "CoolFactor": 0.951,
        "ConflictingItems": [],
        "Weight": 0.62,
        "LoyaltyLevel": 0,
        "AimStability": 4,
        "Handling": 6,
        "Price": 0
	},
	"67a01e64a2b82626b73d10c5": {
        "$type": "RealismMod.WeaponMod, RealismMod",
		"ItemID": "67a01e64a2b82626b73d10c5",
        "Name": "PTR G3 polymer handguard (OD)",
        "ModType": "",
        "VerticalRecoil": -2,
        "HorizontalRecoil": -1,
        "Dispersion": -1.5,
        "AimSpeed": 0,
        "Ergonomics": 11,
        "Accuracy": 2,
        "HeatFactor": 1,
        "CoolFactor": 0.951,
        "ConflictingItems": [],
        "Weight": 0.62,
        "AimStability": 4,
        "Handling": 6,
        "LoyaltyLevel": 0,
        "Price": 0
	},
	"67a01e64a2b82626b73d10c6": {
        "$type": "RealismMod.WeaponMod, RealismMod",
		"ItemID": "67a01e64a2b82626b73d10c6",
        "Name": "HK G3 Aim Sports extended M-LOK handguard",
        "ModType": "",
        "VerticalRecoil": -3,
        "HorizontalRecoil": -4,
        "Dispersion": -1,
        "AimSpeed": 0,
        "Ergonomics": 14,
        "Accuracy": 15,
        "HeatFactor": 1.028,
        "CoolFactor": 1.024,
        "ConflictingItems": [],
        "Weight": 0.28,
        "Handling": 3,
        "AimStability": 8,
        "LoyaltyLevel": 0,
        "Price": 0
	},
	"67a01e64a2b82626b73d10c7": {
        "$type": "RealismMod.WeaponMod, RealismMod",
		"ItemID": "67a01e64a2b82626b73d10c7",
        "Name": "HK G3K wooden handguard",
        "ModType": "",
        "VerticalRecoil": -1,
        "HorizontalRecoil": -1.5,
        "Dispersion": -1.5,
        "AimSpeed": 0,
        "Ergonomics": 9,
        "Accuracy": -3,
        "HeatFactor": 1,
        "CoolFactor": 0.951,
        "ConflictingItems": [],
        "Weight": 0.38,
        "Handling": 3,
        "AimStability": 8,
        "LoyaltyLevel": 0,
        "Price": 0
	},
	"67a01e64a2b82626b73d10c8": {
        "$type": "RealismMod.WeaponMod, RealismMod",
		"ItemID": "67a01e64a2b82626b73d10c8",
        "Name": "HK G3K polymer handguard (OD)",
        "ModType": "",
        "VerticalRecoil": -1,
        "HorizontalRecoil": -1.5,
        "Dispersion": -1.5,
        "AimSpeed": 0,
        "Ergonomics": 10,
        "Accuracy": -3,
        "HeatFactor": 1,
        "CoolFactor": 0.951,
        "ConflictingItems": [],
        "Weight": 0.396,
        "AimStability": 8,
        "Handling": 4,
        "LoyaltyLevel": 0,
        "Price": 0
	},
	"67a01e64a2b82626b73d10c9": {
        "$type": "RealismMod.WeaponMod, RealismMod",
		"ItemID": "67a01e64a2b82626b73d10c9",
        "Name": "HK PSG-1 polymer handguard",
        "ModType": "",
        "VerticalRecoil": -1,
        "HorizontalRecoil": -1,
        "Dispersion": -3,
        "AimSpeed": 0,
        "Ergonomics": 12,
        "Accuracy": 18,
        "HeatFactor": 1,
        "CoolFactor": 0.951,
        "ConflictingItems": [],
        "Weight": 0.202,
        "LoyaltyLevel": 0,
        "Price": 0
	},
	"67a01e64a2b82626b73d10ca": {
        "$type": "RealismMod.WeaponMod, RealismMod",
		"ItemID": "67a01e64a2b82626b73d10ca",
        "Name": "HK G3K Aim Sports Tri-Rail picatinny handguard",
        "ModType": "",
        "VerticalRecoil": -1,
        "HorizontalRecoil": -2.5,
        "Dispersion": -2.5,
        "AimSpeed": 0,
        "Ergonomics": 5,
        "Accuracy": 20,
        "HeatFactor": 0.94,
        "CoolFactor": 1.016,
        "ConflictingItems": [],
        "Weight": 0.61,
        "LoyaltyLevel": 2
	},
	"67a01e64a2b82626b73d10cb": {
        "$type": "RealismMod.WeaponMod, RealismMod",
        "ItemID": "67a01e64a2b82626b73d10cb",
        "Name": "HK G3 Aim Sports Tri-Rail picatinny handguard",		
		"ModType": "",
        "VerticalRecoil": -1,
        "HorizontalRecoil": -2.5,
        "Dispersion": -2.5,
        "AimSpeed": 0,
        "Ergonomics": 7,
        "Accuracy": 0,
        "HeatFactor": 0.99,
        "CoolFactor": 1.01,
        "ConflictingItems": [],
        "Weight": 0.408,
        "LoyaltyLevel": 2,
        "Handling": 8,
        "AimStability": 3
    },
    "67b54f82ca65703051b0319a": {
        "$type": "RealismMod.WeaponMod, RealismMod",
		"ItemID": "67b54f82ca65703051b0319a",
        "Name": "HK G3 M-LOK handguard",
		"ModType": "",
        "VerticalRecoil": -3,
        "HorizontalRecoil": -2,
        "Dispersion": -1,
        "AimSpeed": 0,
        "Ergonomics": 12,
        "Accuracy": 12,
        "HeatFactor": 0.99,
        "CoolFactor": 1.01,
        "ConflictingItems": [],
        "Weight": 0.397,
        "LoyaltyLevel": 3,
        "AimStability": 10
	},
    "67b54f82ca65703051b0319c": {
        "$type": "RealismMod.WeaponMod, RealismMod",
        "ItemID": "67b54f82ca65703051b0319c",
        "Name": "HK G3 Spuhr style handguard",
        "ModType": "",
        "VerticalRecoil": -2,
        "HorizontalRecoil": -1,
        "Dispersion": -1,
        "AimSpeed": 0,
        "Ergonomics": 11,
        "Accuracy": 13,
        "HeatFactor": 0.99,
        "CoolFactor": 1.01,
        "ConflictingItems": [],
        "Weight": 0.190,
        "LoyaltyLevel": 3,
        "Handling": 8,
        "AimStability": 3
    },
    "67b54f82ca65703051b0319e": {
        "$type": "RealismMod.WeaponMod, RealismMod",
        "ItemID": "67b54f82ca65703051b0319e",
        "Name": "HK G3 B&T NAR low-profile handguard",
        "ModType": "",
        "VerticalRecoil": -3,
        "HorizontalRecoil": -2,
        "Dispersion": -1,
        "AimSpeed": 0,
        "Ergonomics": 13,
        "Accuracy": 14,
        "HeatFactor": 0.99,
        "CoolFactor": 1.01,
        "ConflictingItems": [],
        "Weight": 0.375,
        "LoyaltyLevel": 4,
        "Handling": 6,
        "AimStability": 4
    },
	"67a01e64a2b82626b73d10cc": {
        "$type": "RealismMod.WeaponMod, RealismMod",
		"ItemID": "67a01e64a2b82626b73d10cc",
        "Name": "HK HK11E ported aluminum handguard",
        "ModType": "",
        "VerticalRecoil": -3,
        "HorizontalRecoil": -3,
        "Dispersion": -1.5,
        "AimSpeed": 0,
        "Ergonomics": 9,
        "Accuracy": -4,
        "HeatFactor": 0.8,
        "CoolFactor": 1.2,
        "ConflictingItems": [],
        "Weight": 0.202,
        "LoyaltyLevel": 0,
        "Price": 0
	},
	"67a01e64a2b82626b73d10cd": {
        "$type": "RealismMod.WeaponMod, RealismMod",
		"ItemID": "67a01e64a2b82626b73d10cd",
        "Name": "PTR G3 fixed buttstock assembly",
        "ModType": "Stock",
        "VerticalRecoil": 0,
        "HorizontalRecoil": -12,
        "Dispersion": -10,
        "CameraRecoil": -10,
        "AimSpeed": 0,
        "Ergonomics": 6,
        "Accuracy": 8,
        "HasShoulderContact": true,
        "BlocksFolding": false,
        "AutoROF": 0,
        "SemiROF": 0,
        "ModMalfunctionChance": 0,
        "StockAllowADS": false,
        "ConflictingItems": [],
        "Weight": 0.6,
        "Handling": 6,
        "AimStability": 12,
        "LoyaltyLevel": 0,
        "Price": 0
	},
	"67a01e64a2b82626b73d10ce": {
        "$type": "RealismMod.WeaponMod, RealismMod",
		"ItemID": "67a01e64a2b82626b73d10ce",
        "Name": "PTR G3 fixed buttstock assembly (OD)",
        "ModType": "Stock",
        "VerticalRecoil": 0,
        "HorizontalRecoil": -12,
        "Dispersion": -10,
        "CameraRecoil": -10,
        "AimSpeed": 0,
        "Ergonomics": 6,
        "Accuracy": 8,
        "HasShoulderContact": true,
        "BlocksFolding": false,
        "AutoROF": 0,
        "SemiROF": 0,
        "ModMalfunctionChance": 0,
        "StockAllowADS": false,
        "Weight": 0.6,
        "Handling": 6,
        "AimStability": 12,
        "LoyaltyLevel": 0,
        "Price": 0
	},
	"67a01e64a2b82626b73d10cf": {
        "$type": "RealismMod.WeaponMod, RealismMod",
		"ItemID": "67a01e64a2b82626b73d10cf",
        "Name": "HK G3 custom wooden fixed buttstock assembly",
        "ModType": "Stock",
        "VerticalRecoil": 0,
        "HorizontalRecoil": -12,
        "Dispersion": -10,
        "CameraRecoil": -10,
        "AimSpeed": 0,
        "Ergonomics": 10,
        "Accuracy": 8,
        "HasShoulderContact": true,
        "BlocksFolding": false,
        "AutoROF": 0,
        "SemiROF": 0,
        "ModMalfunctionChance": 0,
        "StockAllowADS": false,
        "ConflictingItems": [],
        "Weight": 0.75,
        "Handling": 4,
        "AimStability": 18,
        "LoyaltyLevel": 0,
        "Price": 0
	},
	"67a01e64a2b82626b73d10d0": {
        "$type": "RealismMod.WeaponMod, RealismMod",
        "ItemID": "67a01e64a2b82626b73d10d0",
        "Name": "HK G3GSG-1 Fixed Stock",
        "ModType": "Stock",
        "VerticalRecoil": 0,
        "HorizontalRecoil": -10,
        "Dispersion": -12,
        "CameraRecoil": -12,
        "AimSpeed": -5,
        "Ergonomics": 11,
        "Accuracy": 10,
        "HasShoulderContact": true,
        "BlocksFolding": false,
        "AutoROF": 0,
        "SemiROF": 0,
        "ModMalfunctionChance": 0,
        "StockAllowADS": false,
        "ConflictingItems": [],
        "Weight": 0.712,
        "AimStability": 30,
        "LoyaltyLevel": 0,
        "Price": 0
	},
    "67a01e64a2b82626b73d10d2": {
        "$type": "RealismMod.WeaponMod, RealismMod",
		"ItemID": "67a01e64a2b82626b73d10d2",
        "Name": "HK PSG-1 fixed stock",
        "ModType": "Stock",
        "VerticalRecoil": -3,
        "HorizontalRecoil": -19,
        "Dispersion": -12,
        "CameraRecoil": -19,
        "AimSpeed": -8,
        "Ergonomics": 13,
        "Accuracy": 12,
        "HasShoulderContact": true,
        "BlocksFolding": false,
        "AutoROF": 0,
        "SemiROF": 0,
        "ModMalfunctionChance": 0,
        "StockAllowADS": false,
        "ConflictingItems": [],
        "Weight": 0.656,
        "AimStability":15,
        "Handling": 6,
        "LoyaltyLevel": 3,
        "Price": 0
	},
	"67a01e64a2b82626b73d10d1": {
        "$type": "RealismMod.WeaponMod, RealismMod",
		"ItemID": "67a01e64a2b82626b73d10d1",
        "Name": "HKG3A4 aluminum retractable stock",
        "ModType": "Stock",
        "VerticalRecoil": 0,
        "HorizontalRecoil": -12,
        "Dispersion": 0,
        "CameraRecoil": 10,
        "AimSpeed": 10,
        "Ergonomics": 3,
        "Accuracy": -5,
        "HasShoulderContact": true,
        "BlocksFolding": false,
        "AutoROF": 0,
        "SemiROF": 0,
        "ModMalfunctionChance": 0,
        "StockAllowADS": false,
        "ConflictingItems": [],
        "Weight": 0.5,
        "Handling": 16,
        "LoyaltyLevel": 3,
        "Price": 0
	},
	"67a01e64a2b82626b73d10d3": {
        "$type": "RealismMod.WeaponMod, RealismMod",
		"ItemID": "67a01e64a2b82626b73d10d3",
        "Name": "HK HK11E polymer fixed stock",
        "ModType": "Stock",
        "VerticalRecoil": -1,
        "HorizontalRecoil": -12,
        "Dispersion": -10,
        "CameraRecoil": -10,
        "AimSpeed": -2,
        "Ergonomics": 8,
        "Accuracy": 8,
        "HasShoulderContact": true,
        "BlocksFolding": false,
        "AutoROF": 0,
        "SemiROF": 0,
        "ModMalfunctionChance": 0,
        "StockAllowADS": false,
        "ConflictingItems": [],
        "Weight": 0.75,
        "LoyaltyLevel": 3,
        "Price": 0,
        "Handling": 6,
        "AimStability": 10
	},
	"67a01e64a2b82626b73d10d4": {
        "$type": "RealismMod.WeaponMod, RealismMod",
		"ItemID": "67a01e64a2b82626b73d10d4",
        "Name": "HK G3 buffer tube stock adapter",
        "ModType": "buffer_adapter",
        "VerticalRecoil": 0,
        "HorizontalRecoil": 0,
        "CameraRecoil": 0,
        "Dispersion": 0,
        "AutoROF": 0,
        "SemiROF": 0,
        "ModMalfunctionChance": 0,
        "AimSpeed": 0,
        "Ergonomics": 0,
        "Accuracy": 0,
        "LoyaltyLevel": 3,
        "HasShoulderContact": false,
        "BlocksFolding": false,
        "StockAllowADS": false,
        "ConflictingItems": [],
        "Weight": 0.14
    },
    "67b5b6042f3b20711aed3723": {
        "$type": "RealismMod.WeaponMod, RealismMod",
        "ItemID": "67b5b6042f3b20711aed3723",
        "Name": "HK G3 Spuhr R-410 buffer adapter",
        "ModType": "buffer_adapter",
        "VerticalRecoil": 0,
        "HorizontalRecoil": 0,
        "CameraRecoil": 0,
        "Dispersion": 0,
        "AutoROF": 0,
        "SemiROF": 0,
        "ModMalfunctionChance": 0,
        "AimSpeed": 0,
        "Ergonomics": 0,
        "Accuracy": 0,
        "LoyaltyLevel": 3,
        "HasShoulderContact": false,
        "BlocksFolding": false,
        "StockAllowADS": false,
        "ConflictingItems": [],
        "Weight": 0.14
    },
    "67b5b6042f3b20711aed3725": {
        "$type": "RealismMod.WeaponMod, RealismMod",
        "ItemID": "67b5b6042f3b20711aed3725",
        "Name": "HK G3 Spuhr R-410 Stock",
        "ModType": "Stock",
        "VerticalRecoil": 0,
        "HorizontalRecoil": -8,
        "Dispersion": -6,
        "CameraRecoil": -2,
        "AimSpeed": 0,
        "Ergonomics": 13,
        "Accuracy": 0,
        "HasShoulderContact": true,
        "BlocksFolding": false,
        "AutoROF": 0,
        "SemiROF": 0,
        "ModMalfunctionChance": 0,
        "StockAllowADS": false,
        "ConflictingItems": [],
        "Weight": 0.326,
        "LoyaltyLevel": 3,
        "AimStability": 3,
        "Handling": 1
    },
    "67a042e50c50b752eb7ce14f": {
        "$type": "RealismMod.WeaponMod, RealismMod",
        "ItemID": "67a042e50c50b752eb7ce14f",
        "Name": "HK G3 B&T MBT adjustable stock",
        "ModType": "Stock",
        "VerticalRecoil": 0,
        "HorizontalRecoil": -12,
        "Dispersion": -10,
        "CameraRecoil": -12,
        "AimSpeed": -5,
        "Ergonomics": 12,
        "Accuracy": 10,
        "HasShoulderContact": true,
        "BlocksFolding": false,
        "AutoROF": 0,
        "SemiROF": 0,
        "ModMalfunctionChance": 0,
        "StockAllowADS": false,
        "ConflictingItems": [],
        "Weight": 0.642,
        "LoyaltyLevel": 4,
        "Price": 0,
        "AimStability": 15
    },
	"67a01e64a2b82626b73d10d5": {
        "$type": "RealismMod.WeaponMod, RealismMod",
		"ItemID": "67a01e64a2b82626b73d10d5",
        "Name": "HKG3 polymer pistol grip",
        "ModType": "",
        "VerticalRecoil": 0,
        "HorizontalRecoil": 0,
        "Dispersion": 0,
        "AimSpeed": 0,
        "Ergonomics": 4,
        "Accuracy": 0,
        "ConflictingItems": [],
        "Weight": 0.073,
        "AimStability": 5,
        "LoyaltyLevel": 2,
        "Price": 0
	},
	"67a01e64a2b82626b73d10d6": {
        "$type": "RealismMod.WeaponMod, RealismMod",
		"ItemID": "67a01e64a2b82626b73d10d6",
        "Name": "HK G3 polymer pistol grip (OD)",
        "ModType": "",
        "VerticalRecoil": 0,
        "HorizontalRecoil": 0,
        "Dispersion": 0,
        "AimSpeed": 0,
        "Ergonomics": 4,
        "Accuracy": 0,
        "ConflictingItems": [],
        "Weight": 0.053,
        "AimStability": 5,
        "LoyaltyLevel": 2,
        "Price": 0
	},
	"67a01e64a2b82626b73d10d7": {
        "$type": "RealismMod.WeaponMod, RealismMod",
		"ItemID": "67a01e64a2b82626b73d10d7",
        "Name": "HK PSG-1 DMR wooden pistol grip",
        "ModType": "",
        "VerticalRecoil": 0,
        "HorizontalRecoil": 0,
        "Dispersion": 0,
        "AimSpeed": -2,
        "Ergonomics": 6,
        "Accuracy": 3,
        "ConflictingItems": [],
        "Weight": 0.25,
        "Handling": 6,
        "LoyaltyLevel": 3,
        "Price": 0
	},
	"67a01e64a2b82626b73d10d8": {
        "$type": "RealismMod.WeaponMod, RealismMod",
		"ItemID": "67a01e64a2b82626b73d10d8",
        "Name": "HKG3 aluminum claw scope mount",
        "ModType": "mount",
        "Ergonomics": -1,
        "AimSpeed": 5,
        "Accuracy": -8,
        "ConflictingItems": [],
        "Weight": 0.265
	},
	"67a01e64a2b82626b73d10d9": {
        "$type": "RealismMod.WeaponMod, RealismMod",
		"ItemID": "67a01e64a2b82626b73d10d9",
        "Name": "HKG3 aluminum claw low-profile scope mount",
        "ModType": "mount",
        "Ergonomics": 0,
        "AimSpeed": 3,
        "Accuracy": -3,
        "ConflictingItems": [],
        "Weight": 0.15
	},
	"67a01e64a2b82626b73d10da": {
        "$type": "RealismMod.WeaponMod, RealismMod",
		"ItemID": "67a01e64a2b82626b73d10da",
        "Name": "HK G3 drum rear sight",
        "ModType": "sight",
        "AimSpeed": 0,
        "Accuracy": 0,
        "ConflictingItems": [],
        "Ergonomics": 0,
        "Weight": 0.14,
        "VerticalRecoil": 0,
        "HorizontalRecoil": 0,
        "LoyaltyLevel": 3,
        "Price": 0
	}
}