{
    "669fca7f9ed4916116c76d5e": {
        "$type": "RealismMod.Gun, RealismMod",
        "ItemID": "669fca7f9ed4916116c76d5e",
        "Name": "Browning Auto-5 12ga shotgun",
        "WeapType": "",
        "OperationType": "tubefed",
        "WeapAccuracy": 0,
        "BaseTorque": 0,
        "HasShoulderContact": false,
        "Ergonomics": 80,
        "VerticalRecoil": 195,
        "HorizontalRecoil": 420,
        "Dispersion": 11,
        "CameraRecoil": 0.08,
        "VisualMulti": 2,
        "Convergence": 8,
        "RecoilAngle": 80,
        "BaseMalfunctionChance": 0.0035,
        "HeatFactorGun": 0.55,
        "HeatFactorByShot": 1,
        "CoolFactorGun": 0.1,
        "CoolFactorGunMods": 1,
        "AllowOverheat": true,
        "CenterOfImpact": 0.5,
        "HipAccuracyRestorationDelay": 0.2,
        "HipAccuracyRestorationSpeed": 7,
        "HipInnaccuracyGain": 0.16,
        "ShotgunDispersion": 1,
        "Velocity": 0,
        "RecoilDamping": 0.85,
        "RecoilHandDamping": 0.52,
        "WeaponAllowADS": false,
        "Weight": 1.57,
        "DurabilityBurnRatio": 0.75,
        "AutoROF": 40,
        "SemiROF": 400,
        "LoyaltyLevel": 3,
        "BaseReloadSpeedMulti": 1,
        "BaseChamberSpeedMulti": 1,
        "MinChamberSpeed": 0.55,
        "MaxChamberSpeed": 1.1,
        "IsManuallyOperated": false,
        "BaseChamberCheckSpeed": 0.77,
        "BaseFixSpeed": 0.77,
        "OffsetRotation": 0.015,
        "RecoilIntensity": 0.23,
        "MasteryCategory": "MP153"
    },
    "6840ebf5b8687ba34f8dfbca": {
        "$type": "RealismMod.Gun, RealismMod",
        "ItemID": "6840ebf5b8687ba34f8dfbca",
        "Name": "Browning Auto-5 12ga shotgun (custom)",
        "WeapType": "",
        "OperationType": "tubefed",
        "WeapAccuracy": 0,
        "BaseTorque": 0,
        "HasShoulderContact": false,
        "Ergonomics": 80,
        "VerticalRecoil": 185,
        "HorizontalRecoil": 410,
        "Dispersion": 11,
        "CameraRecoil": 0.07,
        "VisualMulti": 2,
        "Convergence": 8,
        "RecoilAngle": 79,
        "BaseMalfunctionChance": 0.0030,
        "HeatFactorGun": 0.55,
        "HeatFactorByShot": 1,
        "CoolFactorGun": 0.1,
        "CoolFactorGunMods": 1,
        "AllowOverheat": true,
        "CenterOfImpact": 0.5,
        "HipAccuracyRestorationDelay": 0.2,
        "HipAccuracyRestorationSpeed": 7,
        "HipInnaccuracyGain": 0.16,
        "ShotgunDispersion": 1,
        "Velocity": 0,
        "RecoilDamping": 0.85,
        "RecoilHandDamping": 0.52,
        "WeaponAllowADS": false,
        "Weight": 1.57,
        "DurabilityBurnRatio": 0.75,
        "AutoROF": 40,
        "SemiROF": 420,
        "LoyaltyLevel": 3,
        "BaseReloadSpeedMulti": 1,
        "BaseChamberSpeedMulti": 1,
        "MinChamberSpeed": 0.55,
        "MaxChamberSpeed": 1.1,
        "IsManuallyOperated": false,
        "BaseChamberCheckSpeed": 0.80,
        "BaseFixSpeed": 0.77,
        "OffsetRotation": 0.015,
        "RecoilIntensity": 0.23,
        "MasteryCategory": "MP153"
    },
        "669fcb6ed34f850baaa66446": {
        "$type": "RealismMod.WeaponMod, RealismMod",
        "ItemID": "669fcb6ed34f850baaa66446",
        "Name": "Browning Auto-5 12ga 4-shell magazine cap",
        "ModType": "shotTube",
        "ReloadSpeed": 5,
        "Ergonomics": 0,
        "MalfunctionChance": 0.007,
        "LoadUnloadModifier": 0,
        "CheckTimeModifier": 0,
        "ConflictingItems": [],
        "Weight": 0.08,
        "VerticalRecoil": 0,
        "HorizontalRecoil": 0,
        "LoyaltyLevel": 1,
        "Price": 0
    },
    "6840eb96a62a326f79b6f8e8": {
        "$type": "RealismMod.WeaponMod, RealismMod",
        "ItemID": "6840eb96a62a326f79b6f8e8",
        "Name": "Browning Auto-5 12ga extended 5-shell tube (camo)",
        "ModType": "shotTube",
        "ReloadSpeed": 5,
        "Ergonomics": -1,
        "MalfunctionChance": 0.008,
        "LoadUnloadModifier": 0,
        "CheckTimeModifier": 0,
        "ConflictingItems": [],
        "Weight": 0.104,
        "VerticalRecoil": 0,
        "HorizontalRecoil": 0,
        "LoyaltyLevel": 2,
        "Price": 0
    },
    "669fcf5d38f1b8ba9bd0ff6c": {
        "$type": "RealismMod.WeaponMod, RealismMod",
        "ItemID": "669fcf5d38f1b8ba9bd0ff6c",
        "Name": "Browning Auto-5 12ga extended 6-shell tube",
        "ModType": "shotTube",
        "ReloadSpeed": 5,
        "Ergonomics": -2,
        "MalfunctionChance": 0.009,
        "LoadUnloadModifier": 0,
        "CheckTimeModifier": 0,
        "ConflictingItems": [],
        "Weight": 0.124,
        "VerticalRecoil": 0,
        "HorizontalRecoil": 0,
        "LoyaltyLevel": 2,
        "Price": 0
    },
    "6840eb5bce5018a937eb9527": {
        "$type": "RealismMod.WeaponMod, RealismMod",
        "ItemID": "6840eb5bce5018a937eb9527",
        "Name": "Browning Auto-5 12ga 12 inch barrel (Camo)",
        "ModType": "",
        "VerticalRecoil": -6,
        "HorizontalRecoil": -9,
        "AutoROF": 0,
        "SemiROF": 0,
        "ModMalfunctionChance": 0,
        "Convergence": 0,
        "Accuracy": 0,
        "CenterOfImpact": 0.116,
        "HeatFactor": 0.92,
        "CoolFactor": 0.96,
        "DurabilityBurnModificator": 1,
        "Velocity": -10.7,
        "ConflictingItems": [],
        "Ergonomics": -2,
        "Weight": 1.005,
        "ShotgunDispersion": 1.22,
        "Loudness": 0,
        "LoyaltyLevel": 2,
        "Price": 0
    },
    "669fcc072ce7ed70082a6272": {
        "$type": "RealismMod.WeaponMod, RealismMod",
        "ItemID": "669fcc072ce7ed70082a6272",
        "Name": "Browning Auto-5 shortened 12ga barrel",
        "ModType": "",
        "VerticalRecoil": -6,
        "HorizontalRecoil": -9,
        "AutoROF": 0,
        "SemiROF": 0,
        "ModMalfunctionChance": 0,
        "Convergence": 0,
        "Accuracy": 0,
        "CenterOfImpact": 0.116,
        "HeatFactor": 0.92,
        "CoolFactor": 0.96,
        "DurabilityBurnModificator": 1,
        "Velocity": -10.7,
        "ConflictingItems": [],
        "Ergonomics": -2,
        "Weight": 1.005,
        "ShotgunDispersion": 1.22,
        "Loudness": 0,
        "LoyaltyLevel": 1,
        "Price": 0
    },
    "669fcbd899f4dc2f8ed7d113": {
        "$type": "RealismMod.WeaponMod, RealismMod",
        "ItemID": "669fcbd899f4dc2f8ed7d113",
        "Name": "Browning Auto-5 Heritage Ordnance 12ga 24 inch barrel 610mm",
        "ModType": "",
        "VerticalRecoil": -9,
        "HorizontalRecoil": -12,
        "AutoROF": 0,
        "SemiROF": 0,
        "ModMalfunctionChance": 0,
        "Convergence": 0,
        "Accuracy": 0,
        "CenterOfImpact": 0.110,
        "HeatFactor": 0.90,
        "CoolFactor": 0.92,
        "DurabilityBurnModificator": 1,
        "Velocity": 1.25,
        "ConflictingItems": [],
        "Ergonomics": -6,
        "Weight": 1.21,
        "ShotgunDispersion": 1.22,
        "Loudness": 0,
        "LoyaltyLevel": 2,
        "Price": 0
    },
        "669fcadce0f0111308174c93": {
        "$type": "RealismMod.WeaponMod, RealismMod",
        "ItemID": "669fcadce0f0111308174c93",
        "Name": "Browning Auto-5 12ga 27.9 inch barrel 710mm",
        "ModType": "",
        "VerticalRecoil": -11,
        "HorizontalRecoil": -16,
        "AutoROF": 0,
        "SemiROF": 0,
        "ModMalfunctionChance": 0,
        "Convergence": 0,
        "Accuracy": 0,
        "CenterOfImpact": 0.105,
        "HeatFactor": 0.84,
        "CoolFactor": 0.88,
        "DurabilityBurnModificator": 1,
        "Velocity": 5.9,
        "ConflictingItems": [],
        "Ergonomics": -10,
        "Weight": 1.452,
        "ShotgunDispersion": 1,
        "Loudness": 0,
        "LoyaltyLevel": 2,
        "Price": 0
    },
    "669fcbc7d1b799623b40679a": {
        "$type": "RealismMod.WeaponMod, RealismMod",
        "ItemID": "669fcbc7d1b799623b40679a",
        "Name": "Browning Auto-5 wooden shotgun stock",
        "ModType": "Stock",
        "VerticalRecoil": -4,
        "HorizontalRecoil": -25,
        "Dispersion": -6,
        "CameraRecoil": -9,
        "AimSpeed": 0,
        "Ergonomics": 11,
        "Accuracy": 0,
        "HasShoulderContact": true,
        "BlocksFolding": false,
        "AutoROF": 0,
        "SemiROF": 0,
        "ModMalfunctionChance": 0,
        "StockAllowADS": false,
        "ConflictingItems": [],
        "Weight": 0.637,
        "LoyaltyLevel": 1,
        "Price": 0
    },
    "6840eb240f1930925f180a3f": {
        "$type": "RealismMod.WeaponMod, RealismMod",
        "ItemID": "6840eb240f1930925f180a3f",
        "Name": "Browning Auto-5 custom wooden shotgun stock (Camo)",
        "ModType": "Stock",
        "VerticalRecoil": -4,
        "HorizontalRecoil": -25,
        "Dispersion": -6,
        "CameraRecoil": -10,
        "AimSpeed": 0,
        "Ergonomics": 15,
        "Accuracy": 0,
        "HasShoulderContact": true,
        "BlocksFolding": false,
        "AutoROF": 0,
        "SemiROF": 0,
        "ModMalfunctionChance": 0,
        "StockAllowADS": false,
        "ConflictingItems": [],
        "Weight": 0.641,
        "LoyaltyLevel": 3,
        "Price": 0
    },
    "669fcbe98880c4b9c174db01": {
        "$type": "RealismMod.WeaponMod, RealismMod",
        "ItemID": "669fcbe98880c4b9c174db01",
        "Name": "Browning Auto-5 wooden pistol grip",
        "ModType": "",
        "VerticalRecoil": -5,
        "HorizontalRecoil": 5,
        "Dispersion": -6,
        "CameraRecoil": -9,
        "AimSpeed": 0,
        "Ergonomics": 5.5,
        "Accuracy": 0,
        "HasShoulderContact": false,
        "BlocksFolding": false,
        "AutoROF": 0,
        "SemiROF": 0,
        "ModMalfunctionChance": 0,
        "StockAllowADS": false,
        "ConflictingItems": [],
        "Weight": 0.124,
        "LoyaltyLevel": 0,
        "Price": 0
    },
    "669fcb37000ef6ab0a278da1": {
        "$type": "RealismMod.WeaponMod, RealismMod",
        "ItemID": "669fcb37000ef6ab0a278da1",
        "Name": "Browning Auto-5 makeshift wooden foregrip",
        "ModType": "",
        "VerticalRecoil": -4,
        "HorizontalRecoil": -6,
        "Dispersion": 0.5,
        "AimSpeed": 0,
        "Ergonomics": 15,
        "Accuracy": 0,
        "ConflictingItems": [],
        "Weight": 0.538,
        "LoyaltyLevel": 1,
        "Price": 0
    }
}