{
    "66e718dc498d978477e0ba75": {
        "$type": "RealismMod.Gun, RealismMod",
        "ItemID": "66e718dc498d978477e0ba75",
        "Name": "M249 SAW 5.56x45 light machine gun",
        "WeapType": "",
        "OperationType": "",
        "WeapAccuracy": 0,
        "BaseTorque": 0,
        "RecoilDamping": 0.8,
        "RecoilHandDamping": 0.55,
        "OffsetRotation": 0.011,
        "RecoilIntensity": 0.2,
        "HasShoulderContact": false,
        "WeaponAllowADS": false,
        "Ergonomics": 80,
        "VerticalRecoil": 85,
        "HorizontalRecoil": 220,
        "Dispersion": 9,
        "CameraRecoil": 0.038,
        "VisualMulti": 1.4,
        "Convergence": 10,
        "RecoilAngle": 90,
        "DurabilityBurnRatio": 1.11,
        "BaseMalfunctionChance": 0.002,
        "HeatFactorGun": 0.769,
        "HeatFactorByShot": 0.67,
        "CoolFactorGun": 4.001,
        "CoolFactorGunMods": 1,
        "AllowOverheat": true,
        "CenterOfImpact": 0,
        "HipAccuracyRestorationDelay": 0.2,
        "HipAccuracyRestorationSpeed": 7,
        "HipInnaccuracyGain": 0.16,
        "Velocity": 0,
        "Weight": 2.631,
        "AutoROF": 850,
        "SemiROF": 850,
        "LoyaltyLevel": 4,
        "BaseReloadSpeedMulti": 1,
        "BaseChamberSpeedMulti": 1,
        "MaxChamberSpeed": 1.5,
        "MinChamberSpeed": 0.7,
        "IsManuallyOperated": false,
        "BaseChamberCheckSpeed": 1,
        "BaseFixSpeed": 1,
        "MasteryCategory": "PKM"
    },
    "66e71d858f16f30037d06807": {
        "$type": "RealismMod.WeaponMod, RealismMod",
        "ItemID": "66e71d858f16f30037d06807",
        "Name": "M249 polymer handguard",
        "ModType": "",
        "VerticalRecoil": 0,
        "HorizontalRecoil": 0,
        "Dispersion": -1,
        "AimSpeed": 0,
        "Ergonomics": 9,
        "Accuracy": 0,
        "HeatFactor": 1.025,
        "CoolFactor": 1.02,
        "ConflictingItems": [],
        "Weight": 0.08,
        "LoyaltyLevel": 0,
        "Price": 0
    },
    "66e71adf394bded29410a37e": {
        "$type": "RealismMod.WeaponMod, RealismMod",
        "ItemID": "66e71adf394bded29410a37e",
        "Name": "M249 standard 5.56x45 barrel sssembly",
        "ModType": "",
        "VerticalRecoil": -3,
        "HorizontalRecoil": -5,
        "AutoROF": 0,
        "SemiROF": 0,
        "CameraRecoil": 0,
        "ModMalfunctionChance": 0,
        "Convergence": 0,
        "Accuracy": 0,
        "CenterOfImpact": 0.023,
        "HeatFactor": 1.02,
        "CoolFactor": 0.97,
        "DurabilityBurnModificator": 1,
        "Velocity": -6,
        "ConflictingItems": [],
        "Ergonomics": 0,
        "Weight": 2.49,
        "ShotgunDispersion": 1,
        "Loudness": 0,
        "LoyaltyLevel": 0,
        "Price": 0
    },
    "66e71b8f65fdd1ff1cdf2777": {
        "$type": "RealismMod.WeaponMod, RealismMod",
        "ItemID": "66e71b8f65fdd1ff1cdf2777",
        "Name": "M249 PARA 5.56x45 barrel assembly",
        "ModType": "short_barrel",
        "VerticalRecoil": -1,
        "HorizontalRecoil": -2,
        "AutoROF": 12,
        "SemiROF": 5,
        "CameraRecoil": 15,
        "ModMalfunctionChance": 0,
        "Convergence": 0,
        "Accuracy": 0,
        "CenterOfImpact": 0.028,
        "HeatFactor": 1.06,
        "CoolFactor": 0.94,
        "DurabilityBurnModificator": 1.4,
        "Velocity": -20,
        "ConflictingItems": [],
        "Ergonomics": 0,
        "Weight": 1.84,
        "ShotgunDispersion": 1,
        "Loudness": 0,
        "LoyaltyLevel": 0,
        "Price": 0
    },
    "66e71acd9318284a609c3792": {
        "$type": "RealismMod.WeaponMod, RealismMod",
        "ItemID": "66e71acd9318284a609c3792",
        "Name": "M249 5.56x45 standard flash hider",
        "ModType": "",
        "VerticalRecoil": -8,
        "HorizontalRecoil": -12,
        "Dispersion": -10,
        "CameraRecoil": 0,
        "AutoROF": 0,
        "SemiROF": 0,
        "ModMalfunctionChance": 0,
        "CanCycleSubs": false,
        "Accuracy": 0,
        "HeatFactor": 0.995,
        "CoolFactor": 1,
        "DurabilityBurnModificator": 1,
        "Velocity": 0,
        "RecoilAngle": 0,
        "ConflictingItems": [],
        "Ergonomics": 0,
        "Weight": 0.11,
        "Loudness": 4,
        "Convergence": 0,
        "LoyaltyLevel": 0,
        "Price": 0,
        "Flash": -45
    },
    "66e71d9c49892c1cf24d5b1a": {
        "$type": "RealismMod.WeaponMod, RealismMod",
        "ItemID": "66e71d9c49892c1cf24d5b1a",
        "Name": "M249 Moloc Armament Heavy handguard",
        "ModType": "",
        "VerticalRecoil": -1,
        "HorizontalRecoil": -3,
        "Dispersion": -1,
        "AimSpeed": 0,
        "Ergonomics": 6,
        "Accuracy": 0,
        "HeatFactor": 1.03,
        "CoolFactor": 1.07,
        "ConflictingItems": [],
        "Weight": 0.185,
        "LoyaltyLevel": 0,
        "Price": 0
    },
    "66e71b6cb468c3edc99fc21e": {
        "$type": "RealismMod.WeaponMod, RealismMod",
        "ItemID": "66e71b6cb468c3edc99fc21e",
        "Name": "M249 Moloc Armament Sleek handguard (OD)",
        "ModType": "",
        "VerticalRecoil": -5,
        "HorizontalRecoil": -8,
        "Dispersion": -1,
        "AimSpeed": 0,
        "Ergonomics": 5,
        "Accuracy": 0,
        "HeatFactor": 1.03,
        "CoolFactor": 1.07,
        "ConflictingItems": [],
        "Weight": 0.875,
        "LoyaltyLevel": 0,
        "Price": 0
    },
    "66e71dea56f10f22730b6a2d": {
        "$type": "RealismMod.WeaponMod, RealismMod",
        "ItemID": "66e71dea56f10f22730b6a2d",
        "Name": "Moloc Armament Co. Mini Handguard",
        "ModType": "",
        "VerticalRecoil": -2,
        "HorizontalRecoil": -3,
        "Dispersion": -1,
        "AimSpeed": 0,
        "Ergonomics": 14,
        "Accuracy": 0,
        "HeatFactor": 1.03,
        "CoolFactor": 1.07,
        "ConflictingItems": [],
        "Weight": 0.46,
        "LoyaltyLevel": 0,
        "Price": 0
    },
    "66e71dc8fa3ebda7f1034a2b": {
        "$type": "RealismMod.WeaponMod, RealismMod",
        "ItemID": "66e71dc8fa3ebda7f1034a2b",
        "Name": "MAC S-RAS Handguard",
        "ModType": "",
        "VerticalRecoil": -4,
        "HorizontalRecoil": -6,
        "Dispersion": -1,
        "AimSpeed": 0,
        "Ergonomics": 12,
        "Accuracy": 0,
        "HeatFactor": 1.03,
        "CoolFactor": 1.07,
        "ConflictingItems": [],
        "Weight": 0.65,
        "LoyaltyLevel": 4,
        "Price": 0
    },
    "66ea3770d7c670434b6ed74f": {
        "$type": "RealismMod.WeaponMod, RealismMod",
        "ItemID": "66ea3770d7c670434b6ed74f",
        "Name": "SAW-Style Polymer Foregrip",
        "ModType": "",
        "VerticalRecoil": -2,
        "HorizontalRecoil": -3,
        "Dispersion": 0.5,
        "AimSpeed": 0,
        "Ergonomics": 8,
        "Accuracy": 0,
        "ConflictingItems": [],
        "Weight": 0.095,
        "LoyaltyLevel": 3,
        "Price": 0
    },
    "684741ff7650c89e76c13e2c": {
        "$type": "RealismMod.WeaponMod, RealismMod",
        "ItemID": "684741ff7650c89e76c13e2c",
        "Name": "M249 Bipod",
        "ModType": "",
        "VerticalRecoil": 0,
        "HorizontalRecoil": 0,
        "Dispersion": 0,
        "AimSpeed": 0,
        "Ergonomics": -2,
        "Accuracy": 0,
        "ConflictingItems": [],
        "Weight": 0.250,
        "LoyaltyLevel": 0,
        "Price": 0
    },
     "66e71ab0796060d309b7b244": {
        "$type": "RealismMod.WeaponMod, RealismMod",
        "ItemID": "66e71ab0796060d309b7b244",
        "Name": "M249 Front Sight Post",
        "ModType": "sight",
        "AimSpeed": 0,
        "Accuracy": 0,
        "ConflictingItems": [],
        "Ergonomics": 0,
        "Weight": 0.034,
        "VerticalRecoil": 0,
        "HorizontalRecoil": 0,
        "LoyaltyLevel": 0,
        "Price": 0
    },
    "66e71d720d3fb3600096d1a9": {
        "$type": "RealismMod.WeaponMod, RealismMod",
        "ItemID": "66e71d720d3fb3600096d1a9",
        "Name": "M249 PARA Stock",
        "ModType": "Stock",
        "VerticalRecoil": -19,
        "HorizontalRecoil": -29,
        "Dispersion": 0,
        "CameraRecoil": 4,
        "AimSpeed": 0,
        "Ergonomics": 34,
        "Accuracy": 0,
        "HasShoulderContact": true,
        "BlocksFolding": false,
        "AutoROF": 0,
        "SemiROF": 0,
        "ModMalfunctionChance": 0,
        "StockAllowADS": false,
        "ConflictingItems": [],
        "Weight": 0.94,
        "LoyaltyLevel": 0,
        "Price": 0
    },
    "66f4418f3d6c8ae36da20f1e": {
        "$type": "RealismMod.WeaponMod, RealismMod",
        "ItemID": "66f4418f3d6c8ae36da20f1e",
        "Name": "M249 Custom Buffer Tube",
        "ModType": "buffer",
        "VerticalRecoil": 0,
        "HorizontalRecoil": 0,
        "Dispersion": 0,
        "CameraRecoil": 0,
        "AimSpeed": 0,
        "Ergonomics": 0,
        "Accuracy": 0,
        "HasShoulderContact": false,
        "BlocksFolding": false,
        "AutoROF": 0,
        "SemiROF": 0,
        "ModMalfunctionChance": 0,
        "StockAllowADS": false,
        "ConflictingItems": [],
        "Weight": 0.086,
        "DurabilityBurnModificator": 1,
        "LoyaltyLevel": 0,
        "Price": 0
    },
    "66e71afecdde3cfc1146a53c": {
        "$type": "RealismMod.WeaponMod, RealismMod",
        "ItemID": "66e71afecdde3cfc1146a53c",
        "Name": "M249 polymer stock",
        "ModType": "Stock",
        "VerticalRecoil": -22,
        "HorizontalRecoil": -34,
        "Dispersion": 0,
        "CameraRecoil": 4,
        "AimSpeed": 0,
        "Ergonomics": 26,
        "Accuracy": 0,
        "HasShoulderContact": true,
        "BlocksFolding": false,
        "AutoROF": 0,
        "SemiROF": 0,
        "ModMalfunctionChance": 0,
        "StockAllowADS": false,
        "ConflictingItems": [],
        "Weight": 1.49,
        "LoyaltyLevel": 0,
        "Price": 0
    },
    "66e71a7ffe3fc79ff68b582b": {
        "$type": "RealismMod.WeaponMod, RealismMod",
        "ItemID": "66e71a7ffe3fc79ff68b582b",
        "Name": "M249 5.56x45 200-round box magazine",
        "ModType": "",
        "ReloadSpeed": -5,
        "Ergonomics": -1,
        "MalfunctionChance": 0,
        "LoadUnloadModifier": 75,
        "CheckTimeModifier": 0,
        "ConflictingItems": [],
        "Weight": 0.92
    },
    "66e71a9d187b580f24ea582f": {
        "$type": "RealismMod.WeaponMod, RealismMod",
        "ItemID": "66e71a9d187b580f24ea582f",
        "Name": "M249 5.56x45 soft pack 100-round magazine",
        "ModType": "",
        "ReloadSpeed": 0,
        "Ergonomics": -1,
        "MalfunctionChance": 0,
        "LoadUnloadModifier": 75,
        "CheckTimeModifier": 0,
        "ConflictingItems": [],
        "Weight": 0.675
    }
}
