{
        "6761b213607f9a6f79017d52": {
                "$type": "RealismMod.Gun, RealismMod",
                "ItemID": "6761b213607f9a6f79017d52",
                "Name": "Wilson Combat EDC X9 9x19 pistol",
                "WeapType": "pistol",
                "OperationType": "",
                "WeapAccuracy": 0,
                "BaseTorque": 0,
                "HasShoulderContact": false,
                "Ergonomics": 85,
                "VerticalRecoil": 350,
                "HorizontalRecoil": 205,
                "Dispersion": 9,
                "CameraRecoil": 0.004,
                "VisualMulti": 2,
                "Convergence": 18,
                "RecoilAngle": 85,
                "BaseMalfunctionChance": 0.001,
                "HeatFactorGun": 0.2,
                "HeatFactorByShot": 1,
                "CoolFactorGun": 0.1,
                "CoolFactorGunMods": 1,
                "AllowOverheat": true,
                "CenterOfImpact": 0,
                "HipAccuracyRestorationDelay": 0.2,
                "HipAccuracyRestorationSpeed": 7,
                "HipInnaccuracyGain": 0.16,
                "ShotgunDispersion": 10,
                "Velocity": 0,
                "RecoilDamping": 0.72,
                "RecoilHandDamping": 0.45,
                "WeaponAllowADS": false,
                "Weight": 0.130,
                "DurabilityBurnRatio": 0.18,
                "AutoROF": 30,
                "SemiROF": 360,
                "LoyaltyLevel": 2,
                "BaseReloadSpeedMulti": 1,
                "BaseChamberSpeedMulti": 1,
                "MinChamberSpeed": 0.8,
                "MaxChamberSpeed": 1.5,
                "IsManuallyOperated": false,
                "BaseChamberCheckSpeed": 1,
                "BaseFixSpeed": 1,
                "OffsetRotation": 0.011,
                "RecoilIntensity": 0.25,
                "MasteryCategory": "P226"
	},
        "6761b213607f9a6f79017d59": {
                "$type": "RealismMod.WeaponMod, RealismMod",
                "ItemID": "6761b213607f9a6f79017d59",
                "Name": "Wilson Combat EDC X9 9x19 15-round magazine",
                "ModType": "",
                "ReloadSpeed": 0,
                "Ergonomics": 0,
                "MalfunctionChance": 0,
                "LoadUnloadModifier": 0,
                "CheckTimeModifier": 0,
                "ConflictingItems": [],
                "Weight": 0.095,
                "VerticalRecoil": 0,
                "HorizontalRecoil": 0,
                "LoyaltyLevel": 0,
                "Price": 0
	},
        "6761b213607f9a6f79017d63": {
                "$type": "RealismMod.WeaponMod, RealismMod",
                "ItemID": "6761b213607f9a6f79017d63",
                "Name": "Wilson Combat EDC X9 9x19 20-round magazine",
                "ModType": "",
                "ReloadSpeed": -5,
                "Ergonomics": 0,
                "MalfunctionChance": 0,
                "LoadUnloadModifier": 0,
                "CheckTimeModifier": 0,
                "ConflictingItems": [],
                "Weight": 0.105,
                "VerticalRecoil": 0,
                "HorizontalRecoil": 0,
                "LoyaltyLevel": 0,
                "Price": 0
	},
	"6761b213607f9a6f79017d53": {
                "$type": "RealismMod.WeaponMod, RealismMod",
                "ItemID": "6761b213607f9a6f79017d53",
                "Name": "Wilson Combat EDC X9 9x19 4 inch barrel",
                "ModType": "",
                "VerticalRecoil": 0,
                "HorizontalRecoil": 0,
                "AutoROF": 0,
                "SemiROF": 0,
                "ModMalfunctionChance": 0,
                "Convergence": 0,
                "Accuracy": 12,
                "CenterOfImpact": 0.24,
                "HeatFactor": 1.1,
                "CoolFactor": 1.15,
                "DurabilityBurnModificator": 1,
                "Velocity": -9.2,
                "ConflictingItems": [],
                "Ergonomics": 0,
                "Weight": 0.2,
                "ShotgunDispersion": 1,
                "Loudness": 0,
                "LoyaltyLevel": 0,
                "Price": 0
	},
        "6761b213607f9a6f79017d54": {
                "$type": "RealismMod.WeaponMod, RealismMod",
                "ItemID": "6761b213607f9a6f79017d54",
                "Name": "Wilson Combat EDC X9 9x19 5 inch barrel",
                "ModType": "",
                "VerticalRecoil": 0,
                "HorizontalRecoil": 0,
                "AutoROF": 0,
                "SemiROF": 0,
                "ModMalfunctionChance": 0,
                "Convergence": 0,
                "Accuracy": 16,
                "CenterOfImpact": 0.24,
                "HeatFactor": 1.1,
                "CoolFactor": 1.15,
                "DurabilityBurnModificator": 1,
                "Velocity": -2,
                "ConflictingItems": [],
                "Ergonomics": 0,
                "Weight": 0.211,
                "ShotgunDispersion": 1,
                "Loudness": 0,
                "LoyaltyLevel": 0,
                "Price": 0
	},
	"6761b213607f9a6f79017d55": {
                "$type": "RealismMod.WeaponMod, RealismMod",
                "ItemID": "6761b213607f9a6f79017d55",
                "Name": "Wilson Combat EDC X9 pistol slide",
                "ModType": "",
                "ModMalfunctionChance": 0,
                "Accuracy": 8,
                "HeatFactor": 0.954,
                "CoolFactor": 1.06,
                "DurabilityBurnModificator": 1,
                "ConflictingItems": [],
                "Ergonomics": 0,
                "Weight": 0.3,
                "VerticalRecoil": 0,
                "HorizontalRecoil": 0,
                "ChamberSpeed": 10,
                "LoyaltyLevel": 0,
                "Price": 0
	},
        "683a4db6867acb7f16bcfd26": {
                "$type": "RealismMod.WeaponMod, RealismMod",
                "ItemID": "683a4db6867acb7f16bcfd26",
                "Name": "Wilson Combat EDC X9 extended pistol slide",
                "ModType": "",
                "ModMalfunctionChance": 0,
                "Accuracy": 13,
                "HeatFactor": 0.954,
                "CoolFactor": 1.06,
                "DurabilityBurnModificator": 1,
                "ConflictingItems": [],
                "Ergonomics": 0,
                "Weight": 0.31,
                "VerticalRecoil": 0,
                "HorizontalRecoil": 0,
                "ChamberSpeed": 10,
                "LoyaltyLevel": 0,
                "Price": 0
	},
        "6761b213607f9a6f79017d56": {
                "$type": "RealismMod.WeaponMod, RealismMod",
                "ItemID": "6761b213607f9a6f79017d56",
                "Name": "Wilson Combat EDC X9 tactical pistol slide",
                "ModType": "",
                "ModMalfunctionChance": 0,
                "Accuracy": 8,
                "HeatFactor": 0.954,
                "CoolFactor": 1.06,
                "DurabilityBurnModificator": 1,
                "ConflictingItems": [],
                "Ergonomics": 0,
                "Weight": 0.3,
                "VerticalRecoil": 0,
                "HorizontalRecoil": 0,
                "ChamberSpeed": 10,
                "LoyaltyLevel": 0,
                "Price": 0
	},
	"6761b213607f9a6f79017d5e": {
                "$type": "RealismMod.WeaponMod, RealismMod",
                "ItemID": "6761b213607f9a6f79017d5e",
                "Name": "Wilson Combat EDC X9 trigger",
                "ModType": "",
                "VerticalRecoil": 0,
                "HorizontalRecoil": 0,
                "AutoROF": 0,
                "SemiROF": 0,
                "ModMalfunctionChance": 0,
                "AimSpeed": 0,
                "ReloadSpeed": 0,
                "Ergonomics": 0,
                "Accuracy": 6,
                "ConflictingItems": [],
                "FixSpeed": 0,
                "HeatFactor": 1,
                "CoolFactor": 1,
                "DurabilityBurnModificator": 1,
                "Weight": 0.013,
                "LoyaltyLevel": 0,
                "Price": 0
	},
        "6761b213607f9a6f79017d61": {
                "$type": "RealismMod.WeaponMod, RealismMod",
                "ItemID": "6761b213607f9a6f79017d61",
                "Name": "Wilson Combat EDC X9 skeletonized trigger",
                "ModType": "",
                "VerticalRecoil": 0,
                "HorizontalRecoil": 0,
                "AutoROF": 0,
                "SemiROF": 30,
                "ModMalfunctionChance": 0,
                "AimSpeed": 0,
                "ReloadSpeed": 0,
                "Ergonomics": 0,
                "Accuracy": 7,
                "ConflictingItems": [],
                "FixSpeed": 0,
                "HeatFactor": 1,
                "CoolFactor": 1,
                "DurabilityBurnModificator": 1,
                "Weight": 0.011,
                "LoyaltyLevel": 0,
                "Price": 0
	},
	"6761b213607f9a6f79017d66": {
                "$type": "RealismMod.WeaponMod, RealismMod",
                "ItemID": "6761b213607f9a6f79017d66",
                "Name": "Wilson Combat EDC X9 competition magwell",
                "ModType": "",
                "VerticalRecoil": 0,
                "HorizontalRecoil": 0,
                "Dispersion": 0,
                "ReloadSpeed": 20,
                "AimSpeed": 0,
                "Ergonomics": -1,
                "Accuracy": 0,
                "ConflictingItems": [],
                "Weight": 0.165,
                "LoyaltyLevel": 0,
                "Price": 0
	},
        "6761b213607f9a6f79017d60": {
                "$type": "RealismMod.WeaponMod, RealismMod",
                "ItemID": "6761b213607f9a6f79017d60",
                "Name": "Wilson Combat EDC X9 custom 9x19 single-port compensator",
                "ModType": "",
                "VerticalRecoil": 0,
                "HorizontalRecoil": -20,
                "Dispersion": 0,
                "CameraRecoil": -10,
                "AutoROF": -9,
                "SemiROF": -9,
                "ModMalfunctionChance": 0,
                "CanCycleSubs": false,
                "Accuracy": 1,
                "HeatFactor": 1,
                "CoolFactor": 1,
                "DurabilityBurnModificator": 1,
                "Velocity": 0,
                "RecoilAngle": 0,
                "ConflictingItems": [],
                "Ergonomics": 0,
                "Weight": 0.063,
                "Loudness": 5,
                "Convergence": 20,
                "LoyaltyLevel": 3,
                "Flash": -5
        }
}