{
        "677c9a47baecf3c4b2453365": {
                "$type": "RealismMod.Gun, RealismMod",
                "ItemID": "677c9a47baecf3c4b2453365",
                "Name": "LAR Grizzly 50 Mark V .50 AE pistol",
                "WeapType": "pistol",
                "OperationType": "",
                "WeapAccuracy": 0,
                "BaseTorque": 0,
                "HasShoulderContact": false,
                "Ergonomics": 82,
                "VerticalRecoil": 580,
                "HorizontalRecoil": 545,
                "Dispersion": 10,
                "CameraRecoil": 0.027,
                "VisualMulti": 2.3,
                "Convergence": 16,
                "RecoilAngle": 100,
                "BaseMalfunctionChance": 0.0035,
                "HeatFactorGun": 0.25,
                "HeatFactorByShot": 1,
                "CoolFactorGun": 0.1,
                "CoolFactorGunMods": 1,
                "AllowOverheat": true,
                "CenterOfImpact": 0,
                "HipAccuracyRestorationDelay": 0.2,
                "HipAccuracyRestorationSpeed": 7,
                "HipInnaccuracyGain": 0.16,
                "ShotgunDispersion": 1,
                "Velocity": 0,
                "RecoilDamping": 0.76,
                "RecoilHandDamping": 0.57,
                "WeaponAllowADS": false,
                "Weight": 0.432,
                "DurabilityBurnRatio": 0.35,
                "AutoROF": 360,
                "SemiROF": 300,
                "DoubleActionAccuracyPenalty": 1,
                "LoyaltyLevel": 4,
                "BaseReloadSpeedMulti": 1,
                "BaseChamberSpeedMulti": 1,
                "MinChamberSpeed": 0.8,
                "MaxChamberSpeed": 1.5,
                "IsManuallyOperated": true,
                "BaseChamberCheckSpeed": 1,
                "BaseFixSpeed": 1,
                "OffsetRotation": 0.01,
                "RecoilIntensity": 0.63,
                "MasteryCategory": "P226"
        },
        "677ca334da2787e0538c882d": {
                "$type": "RealismMod.Gun, RealismMod",
                "ItemID": "677ca334da2787e0538c882d",
                "Name": "LAR Grizzly 50 Mark V .50 AE pistol (Stainless)",
                "WeapType": "pistol",
                "OperationType": "",
                "WeapAccuracy": 0,
                "BaseTorque": 0,
                "HasShoulderContact": false,
                "Ergonomics": 82,
                "VerticalRecoil": 580,
                "HorizontalRecoil": 545,
                "Dispersion": 10,
                "CameraRecoil": 0.027,
                "VisualMulti": 2.3,
                "Convergence": 16,
                "RecoilAngle": 100,
                "BaseMalfunctionChance": 0.0035,
                "HeatFactorGun": 0.25,
                "HeatFactorByShot": 1,
                "CoolFactorGun": 0.1,
                "CoolFactorGunMods": 1,
                "AllowOverheat": true,
                "CenterOfImpact": 0,
                "HipAccuracyRestorationDelay": 0.2,
                "HipAccuracyRestorationSpeed": 7,
                "HipInnaccuracyGain": 0.16,
                "ShotgunDispersion": 1,
                "Velocity": 0,
                "RecoilDamping": 0.76,
                "RecoilHandDamping": 0.57,
                "WeaponAllowADS": false,
                "Weight": 0.363,
                "DurabilityBurnRatio": 0.35,
                "AutoROF": 360,
                "SemiROF": 300,
                "DoubleActionAccuracyPenalty": 1,
                "LoyaltyLevel": 4,
                "BaseReloadSpeedMulti": 1,
                "BaseChamberSpeedMulti": 1,
                "MinChamberSpeed": 0.8,
                "MaxChamberSpeed": 1.5,
                "IsManuallyOperated": true,
                "BaseChamberCheckSpeed": 1,
                "BaseFixSpeed": 1,
                "OffsetRotation": 0.01,
                "RecoilIntensity": 0.63,
                "MasteryCategory": "P226"
        },
        "677ca3e62e9e964a11a55d8e": {
                "$type": "RealismMod.Gun, RealismMod",
                "ItemID": "677ca3e62e9e964a11a55d8e",
                "Name": "LAR Grizzly 50 Mark V .50 AE pistol (Gold)",
                "WeapType": "pistol",
                "OperationType": "",
                "WeapAccuracy": 0,
                "BaseTorque": 0,
                "HasShoulderContact": false,
                "Ergonomics": 82,
                "VerticalRecoil": 580,
                "HorizontalRecoil": 545,
                "Dispersion": 10,
                "CameraRecoil": 0.027,
                "VisualMulti": 2.3,
                "Convergence": 16,
                "RecoilAngle": 100,
                "BaseMalfunctionChance": 0.0035,
                "HeatFactorGun": 0.25,
                "HeatFactorByShot": 1,
                "CoolFactorGun": 0.1,
                "CoolFactorGunMods": 1,
                "AllowOverheat": true,
                "CenterOfImpact": 0,
                "HipAccuracyRestorationDelay": 0.2,
                "HipAccuracyRestorationSpeed": 7,
                "HipInnaccuracyGain": 0.16,
                "ShotgunDispersion": 1,
                "Velocity": 0,
                "RecoilDamping": 0.76,
                "RecoilHandDamping": 0.57,
                "WeaponAllowADS": false,
                "Weight": 0.363,
                "DurabilityBurnRatio": 0.35,
                "AutoROF": 360,
                "SemiROF": 300,
                "DoubleActionAccuracyPenalty": 1,
                "LoyaltyLevel": 4,
                "BaseReloadSpeedMulti": 1,
                "BaseChamberSpeedMulti": 1,
                "MinChamberSpeed": 0.8,
                "MaxChamberSpeed": 1.5,
                "IsManuallyOperated": true,
                "BaseChamberCheckSpeed": 1,
                "BaseFixSpeed": 1,
                "OffsetRotation": 0.01,
                "RecoilIntensity": 0.63,
                "MasteryCategory": "P226"
        },
        "677ca2211cbf2a608adfc741": {
                "$type": "RealismMod.WeaponMod, RealismMod",
                "ItemID": "677ca2211cbf2a608adfc741",
                "Name": "LAR Grizzly 50 Mark V .50 AE custom compensator",
                "ModType": "",
                "VerticalRecoil": 0,
                "HorizontalRecoil": -10,
                "Dispersion": -10,
                "CameraRecoil": 0,
                "AutoROF": -5,
                "SemiROF": -5,
                "ModMalfunctionChance": 0,
                "CanCycleSubs": false,
                "Accuracy": 0,
                "HeatFactor": 1,
                "CoolFactor": 1,
                "DurabilityBurnModificator": 1,
                "Velocity": 0,
                "RecoilAngle": 0,
                "ConflictingItems": [],
                "Ergonomics": 0,
                "Weight": 0.063,
                "Loudness": 45,
                "Convergence": 30,
                "LoyaltyLevel": 3,
                "Flash": 30
        },
        "677ca700833bedda3926e5c4": {
                "$type": "RealismMod.WeaponMod, RealismMod",
                "ItemID": "677ca700833bedda3926e5c4",
                "Name": "LAR Grizzly 50 Mark V .50 AE 6-round magazine",
                "ModType": "",
                "ReloadSpeed": 0,
                "Ergonomics": 0,
                "MalfunctionChance": 0,
                "LoadUnloadModifier": 0,
                "CheckTimeModifier": 0,
                "ConflictingItems": [],
                "Weight": 0.174,
                "VerticalRecoil": 0,
                "HorizontalRecoil": 0,
                "LoyaltyLevel": 3
        },
        "677c9e00a9432b8c3a019a15": {
                "$type": "RealismMod.WeaponMod, RealismMod",
                "ItemID": "677c9e00a9432b8c3a019a15",
                "Name": "LAR Grizzly 50 Mark V .50 AE 6-round magazine (stainless)",
                "ModType": "",
                "ReloadSpeed": 0,
                "Ergonomics": 0,
                "MalfunctionChance": 0,
                "LoadUnloadModifier": 0,
                "CheckTimeModifier": 0,
                "ConflictingItems": [],
                "Weight": 0.174,
                "VerticalRecoil": 0,
                "HorizontalRecoil": 0,
                "LoyaltyLevel": 3
        },
        "677c9c6fe5cf70ff4c9e1338": {
                "$type": "RealismMod.WeaponMod, RealismMod",
                "ItemID": "677c9c6fe5cf70ff4c9e1338",
                "Name": "LAR Grizzly 50 Mark V pistol slide",
                "ModType": "",
                "ModMalfunctionChance": 0,
                "Accuracy": 0,
                "HeatFactor": 1,
                "CoolFactor": 1,
                "DurabilityBurnModificator": 1,
                "ConflictingItems": [],
                "Ergonomics": 0,
                "Weight": 0.365,
                "VerticalRecoil": 0,
                "HorizontalRecoil": 0,
                "ChamberSpeed": 0,
                "LoyaltyLevel": 3
        },
        "677c9ff40e9b640153417d1a": {
                "$type": "RealismMod.WeaponMod, RealismMod",
                "ItemID": "677c9ff40e9b640153417d1a",
                "Name": "LAR Grizzly 50 Mark V pistol slide (Gold)",
                "ModType": "",
                "ModMalfunctionChance": 0,
                "Accuracy": 0,
                "HeatFactor": 1,
                "CoolFactor": 1,
                "DurabilityBurnModificator": 1,
                "ConflictingItems": [],
                "Ergonomics": 0,
                "Weight": 0.365,
                "VerticalRecoil": 0,
                "HorizontalRecoil": 0,
                "ChamberSpeed": 0,
                "LoyaltyLevel": 3
        },
        "677c9fd38e377bba81c0760f": {
                "$type": "RealismMod.WeaponMod, RealismMod",
                "ItemID": "677c9fd38e377bba81c0760f",
                "Name": "LAR Grizzly 50 Mark V pistol slide (Stainless)",
                "ModType": "",
                "ModMalfunctionChance": 0,
                "Accuracy": 0,
                "HeatFactor": 1,
                "CoolFactor": 1,
                "DurabilityBurnModificator": 1,
                "ConflictingItems": [],
                "Ergonomics": 0,
                "Weight": 0.365,
                "VerticalRecoil": 0,
                "HorizontalRecoil": 0,
                "ChamberSpeed": 0,
                "LoyaltyLevel": 3
        },
        "677ca04bc5fcd4555728b18c": {
                "$type": "RealismMod.WeaponMod, RealismMod",
                "ItemID": "677ca04bc5fcd4555728b18c",
                "Name": "AAC Ti-RANT custom .50 AE sound suppressor",
                "ModType": "",
                "VerticalRecoil": 0,
                "HorizontalRecoil": -5,
                "Dispersion": -10,
                "CameraRecoil": -15,
                "AutoROF": 0,
                "SemiROF": 0,
                "ModMalfunctionChance": 0,
                "CanCycleSubs": false,
                "Accuracy": 20,
                "HeatFactor": 1.14,
                "CoolFactor": 1,
                "DurabilityBurnModificator": 1.2,
                "Velocity": 12,
                "RecoilAngle": 0,
                "ConflictingItems": [],
                "Ergonomics": -5,
                "Weight": 0.226,
                "Loudness": -29,
                "Convergence": 0,
                "LoyaltyLevel": 4,
                "Flash": 6.25
        },
        "677c9c3105cb23362086eee2": {
                "$type": "RealismMod.WeaponMod, RealismMod",
                "ItemID": "677c9c3105cb23362086eee2",
                "Name": "LAR Grizzly 50 Mark V 5.9 inch Threaded Barrel",
                "ModType": "",
                "VerticalRecoil": -20,
                "HorizontalRecoil": -15,
                "Dispersion": -15,
                "AutoROF": 0,
                "SemiROF": 0,
                "ModMalfunctionChance": 0,
                "Convergence": 5,
                "Accuracy": 0,
                "CenterOfImpact": 0.14,
                "HeatFactor": 1.1,
                "CoolFactor": 1,
                "DurabilityBurnModificator": 1.1,
                "Velocity": 0,
                "ConflictingItems": [],
                "Ergonomics": 0,
                "Weight": 0.127,
                "ShotgunDispersion": 1,
                "Loudness": 30,
                "LoyaltyLevel": 4,
                "Flash": 30
        },
        "677c9c38e92069ca8c68b6e1": {
                "$type": "RealismMod.WeaponMod, RealismMod",
                "ItemID": "677c9c38e92069ca8c68b6e1",
                "Name": "LAR Grizzly 50 Mark V 5.5 inch barrel (Stainless)",
                "ModType": "",
                "VerticalRecoil": -10,
                "HorizontalRecoil": -10,
                "Dispersion": -15,
                "AutoROF": 0,
                "SemiROF": 0,
                "ModMalfunctionChance": 0,
                "Convergence": 5,
                "Accuracy": 0,
                "CenterOfImpact": 0.15,
                "HeatFactor": 1.1,
                "CoolFactor": 1,
                "DurabilityBurnModificator": 1.1,
                "Velocity": -6,
                "ConflictingItems": [],
                "Ergonomics": 0,
                "Weight": 0.115,
                "ShotgunDispersion": 1,
                "Loudness": 30,
                "LoyaltyLevel": 4,
                "Flash": 30
        },
        "677c9c0cb4a2eed292d7cada": {
                "$type": "RealismMod.WeaponMod, RealismMod",
                "ItemID": "677c9c0cb4a2eed292d7cada",
                "Name": "LAR Grizzly 50 Mark V 5.5 inch barrel",
                "ModType": "",
                "VerticalRecoil": -10,
                "HorizontalRecoil": -10,
                "Dispersion": -15,
                "AutoROF": 0,
                "SemiROF": 0,
                "ModMalfunctionChance": 0,
                "Convergence": 5,
                "Accuracy": 0,
                "CenterOfImpact": 0.15,
                "HeatFactor": 1.1,
                "CoolFactor": 1,
                "DurabilityBurnModificator": 1.1,
                "Velocity": -6,
                "ConflictingItems": [],
                "Ergonomics": 0,
                "Weight": 0.115,
                "ShotgunDispersion": 1,
                "Loudness": 30,
                "LoyaltyLevel": 4,
                "Flash": 30
        },
        "677c9c1b5841775a87375607": {
                "$type": "RealismMod.WeaponMod, RealismMod",
                "ItemID": "677c9c1b5841775a87375607",
                "Name": "LAR Grizzly 50 Mark V 6.4 inch extended barrel",
                "ModType": "",
                "VerticalRecoil": -23,
                "HorizontalRecoil": -20,
                "Dispersion": -17,
                "AutoROF": 0,
                "SemiROF": 0,
                "ModMalfunctionChance": 0,
                "Convergence": 8,
                "Accuracy": 0,
                "CenterOfImpact": 0.12,
                "HeatFactor": 1.1,
                "CoolFactor": 1,
                "DurabilityBurnModificator": 1.1,
                "Velocity": 9,
                "ConflictingItems": [],
                "Ergonomics": 0,
                "Weight": 0.135,
                "ShotgunDispersion": 1,
                "Loudness": 32,
                "LoyaltyLevel": 4,
                "Flash": 25
        }
}