{
	"687afda52dc9fd6c0e14c602": {
        "$type": "RealismMod.Gun, RealismMod",
		"ItemID": "687afda52dc9fd6c0e14c602",
        "Name": "CZ Scorpion EVO 3 A1 9x19 submachine gun",
        "WeapType": "",
        "OperationType": "",
        "WeapAccuracy": 0,
        "BaseTorque": -1.15,
        "HasShoulderContact": false,
        "Ergonomics": 81,
        "VerticalRecoil": 43,
        "HorizontalRecoil": 105,
        "Dispersion": 5,
        "CameraRecoil": 0.05,
        "VisualMulti": 1.1,
        "Convergence": 21,
        "RecoilAngle": 89,
        "BaseMalfunctionChance": 0.1,
        "HeatFactorGun": 0.15,
        "HeatFactorByShot": 1,
        "CoolFactorGun": 0.1,
        "CoolFactorGunMods": 1,
        "AllowOverheat": true,
        "CenterOfImpact": 0.073,
        "HipAccuracyRestorationDelay": 0.2,
        "HipAccuracyRestorationSpeed": 7,
        "HipInnaccuracyGain": 0.16,
        "ShotgunDispersion": 0,
        "Velocity": -1.2,
        "RecoilDamping": 0.82,
        "RecoilHandDamping": 0.45,
        "WeaponAllowADS": false,
        "Weight": 1.5,
        "DurabilityBurnRatio": 0.12,
        "AutoROF": 1150,
        "SemiROF": 500,
        "LoyaltyLevel": 3,
        "BaseReloadSpeedMulti": 0.95,
        "BaseChamberSpeedMulti": 1,
        "MinChamberSpeed": 0.7,
        "MaxChamberSpeed": 1.5,
        "IsManuallyOperated": false,
        "BaseChamberCheckSpeed": 0.8,
        "BaseFixSpeed": 0.8,
        "OffsetRotation": 0.005,
        "RecoilIntensity": 0.21,
        "MasteryCategory": "MP5"
	},
	"6881c0dd2f0aaea90068aa12": {
        "$type": "RealismMod.WeaponMod, RealismMod",
		"ItemID": "6881c0dd2f0aaea90068aa12",
        "Name": "CZ Scorpion EVO 3 Plus 9x19 20-round polymer magazine",
        "ModType": "",
        "ReloadSpeed": -2,
        "Ergonomics": 0,
        "MagMalfunctionChance": 0,
        "LoadUnloadModifier": 0,
        "CheckTimeModifier": 0,
        "ConflictingItems": [],
        "Weight": 0.10,
        "VerticalRecoil": 0,
        "HorizontalRecoil": 0,
        "LoyaltyLevel": 0,
        "Price": 0
	},
    "6886543e0db4a816ef78a062": {
        "$type": "RealismMod.WeaponMod, RealismMod",
		"ItemID": "6886543e0db4a816ef78a062",
        "Name": "CZ Scorpion EVO 3 A1 9x19 20-round polymer transparent magazine",
        "ModType": "",
        "ReloadSpeed": -2,
        "Ergonomics": 0,
        "MagMalfunctionChance": 0,
        "LoadUnloadModifier": 0,
        "CheckTimeModifier": 0,
        "ConflictingItems": [],
        "Weight": 0.10,
        "VerticalRecoil": 0,
        "HorizontalRecoil": 0,
        "LoyaltyLevel": 0,
        "Price": 0
	},
	"6881c0fa3be04213015b7e34": {
        "$type": "RealismMod.WeaponMod, RealismMod",
		"ItemID": "6881c0fa3be04213015b7e34",
        "Name": "CZ Scorpion EVO 3 Plus 9x19 30-round polymer magazine",
        "ModType": "",
        "ReloadSpeed": 0,
        "Ergonomics": 0,
        "MagMalfunctionChance": 0,
        "LoadUnloadModifier": 0,
        "CheckTimeModifier": 0,
        "ConflictingItems": [],
        "Weight": 0.12,
        "VerticalRecoil": 0,
        "HorizontalRecoil": 0,
        "LoyaltyLevel": 0,
        "Price": 0
	},
    "687c41fb7d3612ea41c3a822": {
        "$type": "RealismMod.WeaponMod, RealismMod",
		"ItemID": "687c41fb7d3612ea41c3a822",
        "Name": "CZ Scorpion EVO 9x19 Magpul PMAG EV9 35-round magazine",
        "ModType": "",
        "ReloadSpeed": 0,
        "Ergonomics": 0,
        "MagMalfunctionChance": 0,
        "LoadUnloadModifier": 0,
        "CheckTimeModifier": 0,
        "ConflictingItems": [],
        "Weight": 0.20,
        "VerticalRecoil": 0,
        "HorizontalRecoil": 0,
        "LoyaltyLevel": 0,
        "Price": 0
	},
    "687c430e91f5db8685fbbae6": {
        "$type": "RealismMod.WeaponMod, RealismMod",
		"ItemID": "687c430e91f5db8685fbbae6",
        "Name": "CZ Scorpion EVO 9x19 Magpul PMAG EV9 35-round magazine (Taped)",
        "ModType": "",
        "ReloadSpeed": 0,
        "Ergonomics": 0,
        "MagMalfunctionChance": 0,
        "LoadUnloadModifier": 0,
        "CheckTimeModifier": 0,
        "ConflictingItems": [],
        "Weight": 0.20,
        "VerticalRecoil": 0,
        "HorizontalRecoil": 0,
        "LoyaltyLevel": 0,
        "Price": 0
	},
	"6888e4dd5a5e2e5dd16409f9": {
        "$type": "RealismMod.WeaponMod, RealismMod",
		"ItemID": "6888e4dd5a5e2e5dd16409f9",
        "Name": "CZ Scorpion EVO 9x19 50-round drum magazine",
        "ModType": "",
        "ReloadSpeed": -8,
        "Ergonomics": -4,
        "MagMalfunctionChance": 0.7,
        "LoadUnloadModifier": 30,
        "CheckTimeModifier": 15,
        "ConflictingItems": [],
        "Weight": 0.78,
        "VerticalRecoil": 0,
        "HorizontalRecoil": 0,
        "LoyaltyLevel": 0,
        "Price": 0
	},
	"687afeb41db9f3580324752a": {
        "$type": "RealismMod.WeaponMod, RealismMod",
        "ItemID": "687afeb41db9f3580324752a",
        "Name": "CZ Scorpion EVO 3 A1 carbine length 12 inch barrel",
        "ModType": "",
        "VerticalRecoil": 0,
        "HorizontalRecoil": -1.5,
        "AutoROF": -0.5,
        "SemiROF": -2.5,
        "ModMalfunctionChance": -5,
        "Convergence": 0,
        "Accuracy": 0,
        "CenterOfImpact": 0.082,
        "HeatFactor": 0.96,
        "CoolFactor": 1,
        "DurabilityBurnModificator": 1,
        "Velocity": 2.5,
        "ConflictingItems": [],
        "Ergonomics": 0,
        "Weight": 0.32,
        "ShotgunDispersion": 1,
        "Loudness": 0,
        "LoyaltyLevel": 1
	},
    "687fb6c8734e9a8e27d6b054": {
        "$type": "RealismMod.WeaponMod, RealismMod",
        "ItemID": "687fb6c8734e9a8e27d6b054",
        "Name": "CZ Scorpion EVO 3 8 inch barrel",
        "ModType": "",
        "VerticalRecoil": 0,
        "HorizontalRecoil": 5,
        "AutoROF": 6,
        "SemiROF": 1,
        "CameraRecoil": 10,
        "ModMalfunctionChance": 12,
        "Convergence": 0,
        "Accuracy": 0,
        "CenterOfImpact": 0.065,
        "HeatFactor": 1.04,
        "CoolFactor": 1.07,
        "DurabilityBurnModificator": 1.1,
        "Velocity": -6,
        "ConflictingItems": [],
        "Ergonomics": 0,
        "Weight": 0.19,
        "ShotgunDispersion": 1,
        "Loudness": 0,
        "LoyaltyLevel": 1
	},
	"6881bc7a6b3db974a22e848d": {
        "$type": "RealismMod.WeaponMod, RealismMod",
		"ItemID": "6881bc7a6b3db974a22e848d",
        "Name": "CZ Scorpion EVO 3 A1 carbine length 14 inch barrel",
        "ModType": "",
        "VerticalRecoil": 0,
        "HorizontalRecoil": -3.5,
        "AutoROF": -2.5,
        "SemiROF": -2,
        "CameraRecoil": -10,
        "ModMalfunctionChance": -15,
        "Convergence": 0,
        "Accuracy": 0,
        "CenterOfImpact": 0.092,
        "HeatFactor": 0.92,
        "CoolFactor": 0.96,
        "DurabilityBurnModificator": 0.92,
        "Velocity": 10.3,
        "ConflictingItems": [],
        "Ergonomics": 0,
        "Weight": 0.35,
        "ShotgunDispersion": 1,
        "Loudness": 0,
        "LoyaltyLevel": 3
    },
	"6881bd52cc6ccf1b747db2ce": {
        "$type": "RealismMod.WeaponMod, RealismMod",
		"ItemID": "6881bd52cc6ccf1b747db2ce",
        "Name": "CZ Scorpion EVO 3 PDW 5 inch barrel",
        "ModType": "",
        "VerticalRecoil": 1,
        "HorizontalRecoil": 2,
        "AutoROF": 1.5,
        "SemiROF": 1,
        "CameraRecoil": 0,
        "ModMalfunctionChance": 0,
        "Convergence": 0,
        "Accuracy": 0,
        "CenterOfImpact": 0.085,
        "HeatFactor": 0.94,
        "CoolFactor": 0.98,
        "DurabilityBurnModificator": 0.95,
        "Velocity": -10,
        "ConflictingItems": [],
        "Ergonomics": 0,
        "Weight": 0.25,
        "ShotgunDispersion": 1,
        "Loudness": 0,
        "LoyaltyLevel": 0,
        "Price": 0
	},
    "688445ff01082f16b3c42d50": {
        "$type": "RealismMod.WeaponMod, RealismMod",
		"ItemID": "688445ff01082f16b3c42d50",
        "Name": "CZ Scorpion EVO 3 A1 carbine length 5 inch barrel",
        "ModType": "",
        "VerticalRecoil": 1,
        "HorizontalRecoil": 2,
        "AutoROF": 1.5,
        "SemiROF": 1,
        "CameraRecoil": 0,
        "ModMalfunctionChance": 0,
        "Convergence": 0,
        "Accuracy": 0,
        "CenterOfImpact": 0.085,
        "HeatFactor": 0.94,
        "CoolFactor": 0.98,
        "DurabilityBurnModificator": 0.95,
        "Velocity": -10,
        "ConflictingItems": [],
        "Ergonomics": 0,
        "Weight": 0.25,
        "ShotgunDispersion": 1,
        "Loudness": 0,
        "LoyaltyLevel": 0,
        "Price": 0
	},
	"68827b0e8586d3f82920066a": {
        "$type": "RealismMod.WeaponMod, RealismMod",
		"ItemID": "68827b0e8586d3f82920066a",
        "Name": "CZ Scorpion EVO 3 A1 extended tactical handguard",
        "ModType": "",
        "VerticalRecoil": -2,
        "HorizontalRecoil": -2,
        "Dispersion": -3,
        "AimSpeed": 0,
        "Ergonomics": 10,
        "Accuracy": 8,
        "HeatFactor": 0.964,
        "CoolFactor": 1.044,
        "ConflictingItems": [],
        "Weight": 0.315,
        "LoyaltyLevel": 3,
        "Price": 0,
        "Handling": 3,
        "AimStability": 6
	},
	"688444f512ee012a2d264c9f": {
        "$type": "RealismMod.WeaponMod, RealismMod",
		"ItemID": "688444f512ee012a2d264c9f",
        "Name": "HB Industries CZ Scorpion EVO 3 A1 micro M-LOK handguard",
        "ModType": "",
        "VerticalRecoil": -1,
        "HorizontalRecoil": -1,
        "Dispersion": -2,
        "AimSpeed": 0,
        "Ergonomics": 6,
        "Accuracy": 2,
        "HeatFactor": 0.991,
        "CoolFactor": 1.004,
        "ConflictingItems": [],
        "Weight": 0.265,
        "LoyaltyLevel": 2,
        "Price": 0,
        "AimStability": 2
	},
    "687b02e550e15d9a28c5681e": {
        "$type": "RealismMod.WeaponMod, RealismMod",
        "ItemID": "687b02e550e15d9a28c5681e",
        "Name": "CZ Scorpion EVO 3 A1 carbine handguard",
        "ModType": "",
        "VerticalRecoil": -4,
        "HorizontalRecoil": -1,
        "Dispersion": -1,
        "AimSpeed": 0,
        "Ergonomics": 14,
        "Accuracy": 12,
        "HeatFactor": 1.025,
        "CoolFactor": 1,
        "ConflictingItems": [],
        "Weight": 0.354,
        "LoyaltyLevel": 4,
        "Handling": 3,
        "AimStability": 10
    },
    "6881c18aaa553ed3873788da": {
        "$type": "RealismMod.WeaponMod, RealismMod",
        "ItemID": "6881c18aaa553ed3873788da",
        "Name": "CZ Scorpion EVO 3 A1 railed PDW handguard",
        "ModType": "",
        "VerticalRecoil": -3,
        "HorizontalRecoil": -1,
        "Dispersion": -1,
        "AimSpeed": 0,
        "Ergonomics": 9,
        "Accuracy": 9,
        "HeatFactor": 1.025,
        "CoolFactor": 1.014,
        "ConflictingItems": [],
        "Weight": 0.354,
        "LoyaltyLevel": 3,
        "Handling": 3,
        "AimStability": 5
    },
	"6884454536540bf509854155": {
        "$type": "RealismMod.WeaponMod, RealismMod",
		"ItemID": "6884454536540bf509854155",
        "Name": "HB Industries CZ Scorpion EVO 3 A1 angled M-LOK handguard",
        "ModType": "",
        "VerticalRecoil": -2,
        "HorizontalRecoil": -2,
        "Dispersion": -2,
        "AimSpeed": 0,
        "Ergonomics": 8,
        "Accuracy": 4,
        "HeatFactor": 0.98,
        "CoolFactor": 1.03,
        "ConflictingItems": [],
        "Weight": 0.304,
        "LoyaltyLevel": 3,
        "Price": 0,
        "Handling": 2,
        "AimStability": 4
	},
    "688445a5a3ee7a07104c6047": {
        "$type": "RealismMod.WeaponMod, RealismMod",
		"ItemID": "688445a5a3ee7a07104c6047",
        "Name": "HB Industries CZ Scorpion EVO 3 A1 mid-length M-LOK handguard",
        "ModType": "",
        "VerticalRecoil": -2,
        "HorizontalRecoil": -2,
        "Dispersion": -2,
        "AimSpeed": 0,
        "Ergonomics": 8,
        "Accuracy": 4,
        "HeatFactor": 0.98,
        "CoolFactor": 1.03,
        "ConflictingItems": [],
        "Weight": 0.298,
        "LoyaltyLevel": 3,
        "Price": 0,
        "Handling": 2,
        "AimStability": 4
	},
    "6881c17e9ece0d7057d4347a": {
        "$type": "RealismMod.WeaponMod, RealismMod",
		"ItemID": "6881c17e9ece0d7057d4347a",
        "Name": "CZ Scorpion EVO 3 A1 tactical mid-length railed handguard",
        "ModType": "",
        "VerticalRecoil": -2,
        "HorizontalRecoil": -4,
        "Dispersion": -2,
        "AimSpeed": 0,
        "Ergonomics": 10,
        "Accuracy": 4,
        "HeatFactor": 0.98,
        "CoolFactor": 1.03,
        "ConflictingItems": [],
        "Weight": 0.305,
        "LoyaltyLevel": 3,
        "Price": 0,
        "Handling": 7,
        "AimStability": 2
	},
	"687fb46ac2f7551f2ce2e4b1": {
        "$type": "RealismMod.WeaponMod, RealismMod",
		"ItemID": "687fb46ac2f7551f2ce2e4b1",
        "Name": "CZ Scorpion EVO 3 A1 polymer handguard",
        "ModType": "",
        "VerticalRecoil": 0,
        "HorizontalRecoil": 0,
        "Dispersion": 0,
        "AimSpeed": 0,
        "Ergonomics": 7,
        "Accuracy": 0,
        "HeatFactor": 1.038,
        "CoolFactor": 0.978,
        "ConflictingItems": [],
        "Weight": 0.338,
        "LoyaltyLevel": 0,
        "AimStability": 10,
        "Price": 0
	},
	"687aff780a062c4f04628738": {
        "$type": "RealismMod.WeaponMod, RealismMod",
		"ItemID": "687aff780a062c4f04628738",
        "Name": "CZ Scorpion EVO 3 A1 polymer stock",
        "ModType": "",
        "VerticalRecoil": 0,
        "HorizontalRecoil": -5,
        "Dispersion": 3,
        "CameraRecoil": 8,
        "AimSpeed": 5,
        "Ergonomics": 5,
        "Accuracy": 0,
        "HasShoulderContact": true,
        "BlocksFolding": false,
        "AutoROF": 0,
        "SemiROF": 0,
        "ModMalfunctionChance": 0,
        "StockAllowADS": false,
        "ConflictingItems": [],
        "Weight": 0.155,
        "LoyaltyLevel": 2,
        "Price": 0,
        "Handling": 5,
        "AimStability": 0
	},
	"687b12fbb0bffe0925ad34b2": {
        "$type": "RealismMod.WeaponMod, RealismMod",
		"ItemID": "687b12fbb0bffe0925ad34b2",
        "Name": "Manticore Arms CZ Scorpion EVO 3 A1 Slider stock",
        "ModType": "Stock",
        "VerticalRecoil": 0,
        "HorizontalRecoil": -5,
        "Dispersion": 5,
        "CameraRecoil": 10,
        "AimSpeed": 10,
        "Ergonomics": 5,
        "Accuracy": 0,
        "HasShoulderContact": true,
        "BlocksFolding": false,
        "AutoROF": 0,
        "SemiROF": 0,
        "ModMalfunctionChance": 0,
        "StockAllowADS": false,
        "ConflictingItems": [],
        "Weight": 0.146,
        "LoyaltyLevel": 2,
        "Price": 0,
        "Handling": 5,
        "AimStability": 0
	},
    "687c44030594b2dc3318bfca": {
        "$type": "RealismMod.WeaponMod, RealismMod",
		"ItemID": "687c44030594b2dc3318bfca",
        "Name": "CZ Scorpion EVO 3 A1 PDW collapsible stock",
        "ModType": "Stock",
        "VerticalRecoil": 0,
        "HorizontalRecoil": -3,
        "Dispersion": -2,
        "CameraRecoil": -7,
        "AimSpeed": 14,
        "Ergonomics": 5,
        "Accuracy": 0,
        "HasShoulderContact": true,
        "BlocksFolding": false,
        "AutoROF": 0,
        "SemiROF": 0,
        "ModMalfunctionChance": 0,
        "StockAllowADS": false,
        "ConflictingItems": [],
        "Weight": 0.146,
        "LoyaltyLevel": 2,
        "Price": 0,
        "Handling": 2,
        "AimStability": 0
	},
    "687c449bb184bc8da37d45d2": {
        "$type": "RealismMod.WeaponMod, RealismMod",
		"ItemID": "687c449bb184bc8da37d45d2",
        "Name": "CZ Scorpion EVO 3 A1 Magpul Zhukov stock adapter",
        "ModType": "Stock",
        "VerticalRecoil": 0,
        "HorizontalRecoil": -13,
        "Dispersion": 5,
        "CameraRecoil": -15,
        "AimSpeed": 3,
        "Ergonomics": 0,
        "Accuracy": 0,
        "HasShoulderContact": true,
        "BlocksFolding": false,
        "AutoROF": 0,
        "SemiROF": 0,
        "ModMalfunctionChance": 0,
        "StockAllowADS": false,
        "ConflictingItems": [],
        "Weight": 0.346,
        "LoyaltyLevel": 3,
        "Price": 0,
        "Handling": 2,
        "AimStability": 5
	},
    "6881bc5b5211d1361dea6586": {
        "$type": "RealismMod.WeaponMod, RealismMod",
		"ItemID": "6881bc5b5211d1361dea6586",
        "Name": "CZ Scorpion EVO 3 A1 Advanced Combat stock",
        "ModType": "Stock",
        "VerticalRecoil": -2,
        "HorizontalRecoil": -9,
        "Dispersion": 5,
        "CameraRecoil": -10,
        "AimSpeed": 3,
        "Ergonomics": 6,
        "Accuracy": 0,
        "HasShoulderContact": true,
        "BlocksFolding": false,
        "AutoROF": 0,
        "SemiROF": 0,
        "ModMalfunctionChance": 0,
        "StockAllowADS": false,
        "ConflictingItems": [],
        "Weight": 0.326,
        "LoyaltyLevel": 3,
        "Price": 0,
        "Handling": 0,
        "AimStability": 15
	},
	"6882840d22fda64f12632532": {
        "$type": "RealismMod.WeaponMod, RealismMod",
		"ItemID": "6882840d22fda64f12632532",
        "Name": "CZ Scorpion EVO 3 A1 tactical stock",
        "ModType": "Stock",
        "VerticalRecoil": -5,
        "HorizontalRecoil": -8,
        "Dispersion": -2,
        "CameraRecoil": -3,
        "AimSpeed": 4,
        "Ergonomics": 6,
        "Accuracy": 0,
        "HasShoulderContact": true,
        "BlocksFolding": false,
        "AutoROF": 0,
        "SemiROF": 0,
        "ModMalfunctionChance": 0,
        "StockAllowADS": false,
        "ConflictingItems": [],
        "Weight": 0.17,
        "LoyaltyLevel": 0,
        "Handling": 6,
        "Price": 0
	},
	"687b001103b1d64f98f261e7": {
        "$type": "RealismMod.WeaponMod, RealismMod",
		"ItemID": "687b001103b1d64f98f261e7",
        "Name": "CZ Scorpion EVO 3 pistol grip",
        "ModType": "",
        "VerticalRecoil": 0,
        "HorizontalRecoil": 0,
        "Dispersion": 0,
        "AimSpeed": 0,
        "Ergonomics": 6,
        "Accuracy": 0,
        "ConflictingItems": [],
        "Weight": 0.053,
        "AimStability": 3,
        "Handling": 1,
        "LoyaltyLevel": 0,
        "Price": 0
	},
	"687c437b2c398db525b8d0e8": {
        "$type": "RealismMod.WeaponMod, RealismMod",
		"ItemID": "687c437b2c398db525b8d0e8",
        "Name": "Magpul MOE-EVO CZ Scorpion EVO 3 pistol grip",
        "ModType": "",
        "VerticalRecoil": 0,
        "HorizontalRecoil": 0,
        "Dispersion": 0,
        "AimSpeed": 0,
        "Ergonomics": 6,
        "Accuracy": 0,
        "ConflictingItems": [],
        "Weight": 0.038,
        "Handling": 6,
        "LoyaltyLevel": 0,
        "Price": 0
	},
	"687c43775884a8f022f3ce2e": {
        "$type": "RealismMod.WeaponMod, RealismMod",
		"ItemID": "687c43775884a8f022f3ce2e",
        "Name": "Yeti Wurks Switchback CZ Scorpion EVO 3 pistol grip",
        "ModType": "",
        "VerticalRecoil": 0,
        "HorizontalRecoil": 0,
        "Dispersion": 0,
        "AimSpeed": 3,
        "Ergonomics": 7,
        "Accuracy": 0,
        "ConflictingItems": [],
        "Weight": 0.068,
        "Handling": 4,
        "LoyaltyLevel": 0,
        "Price": 0
	},
	"687b00468b4fafd5ebb3a763": {
        "$type": "RealismMod.WeaponMod, RealismMod",
		"ItemID": "687b00468b4fafd5ebb3a763",
        "Name": "CZ Scorpion EVO 3 charging handle",
        "ModType": "",
        "ReloadSpeed": 0,
        "ConflictingItems": [],
        "FixSpeed": 0,
        "Ergonomics": 0,
        "Weight": 0.126,
        "VerticalRecoil": 0,
        "HorizontalRecoil": 0,
        "ChamberSpeed": -5,
        "LoyaltyLevel": 0,
        "Price": 0
	},
    "6881bbc20fda45bcc61e32f7": {
        "$type": "RealismMod.WeaponMod, RealismMod",
		"ItemID": "6881bbc20fda45bcc61e32f7",
        "Name": "HB Industries CZ Scorpion EVO 3 DELTA extended charging handle",
        "ModType": "",
        "ReloadSpeed": 0,
        "ConflictingItems": [],
        "FixSpeed": 15,
        "Ergonomics": 2,
        "Weight": 0.126,
        "VerticalRecoil": 0,
        "HorizontalRecoil": 0,
        "ChamberSpeed": -5,
        "LoyaltyLevel": 0,
        "Price": 0
	},
    "6881bc0e9bbdcb7cd92236e0": {
        "$type": "RealismMod.WeaponMod, RealismMod",
		"ItemID": "6881bc0e9bbdcb7cd92236e0",
        "Name": "HB Industries CZ Scorpion EVO 3 DELTA extended charging handle (Red)",
        "ModType": "",
        "ReloadSpeed": 0,
        "ConflictingItems": [],
        "FixSpeed": 10,
        "Ergonomics": 2,
        "Weight": 0.126,
        "VerticalRecoil": 0,
        "HorizontalRecoil": 0,
        "ChamberSpeed": -5,
        "LoyaltyLevel": 0,
        "Price": 0
	},
    "6881bc2d07381a49162f8194": {
        "$type": "RealismMod.WeaponMod, RealismMod",
		"ItemID": "6881bc2d07381a49162f8194",
        "Name": "HB Industries CZ Scorpion EVO 3 ProStock charging handle",
        "ModType": "",
        "ReloadSpeed": 0,
        "ConflictingItems": [],
        "FixSpeed": 15,
        "Ergonomics": 2,
        "Weight": 0.126,
        "VerticalRecoil": 0,
        "HorizontalRecoil": 0,
        "ChamberSpeed": -5,
        "LoyaltyLevel": 0,
        "Price": 0
	},
	"67a01e79a2b82626b73d10ec": {
        "$type": "RealismMod.WeaponMod, RealismMod",
		"ItemID": "67a01e79a2b82626b73d10ec",
        "Name": "czsuppressor",
        "ModType": "",
        "VerticalRecoil": 0,
        "HorizontalRecoil": -5,
        "Dispersion": -12,
        "CameraRecoil": -6,
        "AutoROF": 0,
        "SemiROF": 0,
        "ModMalfunctionChance": 0,
        "CanCycleSubs": false,
        "Accuracy": 5,
        "HeatFactor": 1.13,
        "CoolFactor": 1.08,
        "DurabilityBurnModificator": 1.19,
        "Velocity": 0,
        "RecoilAngle": 0,
        "ConflictingItems": [],
        "Ergonomics": 0,
        "Weight": 0.17,
        "Loudness": -35,
        "Convergence": 0,
        "LoyaltyLevel": 0,
        "Price": 0,
        "Flash": 5
	},
	"687fb49322e3cb02683967bf": {
        "$type": "RealismMod.WeaponMod, RealismMod",
		"ItemID": "687fb49322e3cb02683967bf",
        "Name": "CZ Scorpion EVO 3 A1 flash hider",
        "ModType": "",
        "VerticalRecoil": 0,
        "HorizontalRecoil": -2,
        "Dispersion": -4,
        "CameraRecoil": 0,
        "AutoROF": 0,
        "SemiROF": 0,
        "ModMalfunctionChance": 0,
        "CanCycleSubs": false,
        "Accuracy": 3,
        "HeatFactor": 1,
        "CoolFactor": 1,
        "DurabilityBurnModificator": 1,
        "Velocity": 0,
        "RecoilAngle": 0,
        "ConflictingItems": [],
        "Ergonomics": 0,
        "Weight": 0.063,
        "Loudness": 4,
        "Convergence": 0,
        "LoyaltyLevel": 0,
        "Flash": -45,
        "Price": 0
	},
    "687b03bc8b8590063f73f01c": {
        "$type": "RealismMod.WeaponMod, RealismMod",
		"ItemID": "687b03bc8b8590063f73f01c",
        "Name": "CZ Scorpion EVO 3 A1 Carbine compensator",
        "ModType": "",
        "VerticalRecoil": -2,
        "HorizontalRecoil": -5,
        "Dispersion": -7,
        "CameraRecoil": -5,
        "AutoROF": 0,
        "SemiROF": 0,
        "ModMalfunctionChance": 0,
        "CanCycleSubs": false,
        "Accuracy": 0,
        "HeatFactor": 1,
        "CoolFactor": 1,
        "DurabilityBurnModificator": 1,
        "Velocity": 0,
        "RecoilAngle": 0,
        "ConflictingItems": [],
        "Ergonomics": 0,
        "Weight": 0.069,
        "Loudness": 21,
        "Convergence": 6,
        "LoyaltyLevel": 0,
        "Flash": -20,
        "Price": 0
	},
	"687fb5224b7bf5a5702898ee": {
        "$type": "RealismMod.WeaponMod, RealismMod",
		"ItemID": "687fb5224b7bf5a5702898ee",
        "Name": "CZ Scorpion EVO 3 rear sight",
        "ModType": "sight",
        "AimSpeed": 0,
        "Accuracy": 0,
        "ConflictingItems": [],
        "Ergonomics": 0,
        "Weight": 0.104,
        "VerticalRecoil": 0,
        "HorizontalRecoil": 0,
        "LoyaltyLevel": 0,
        "Price": 0
	},
	"687fb51f2756d21d3145a094": {
        "$type": "RealismMod.WeaponMod, RealismMod",
		"ItemID": "687fb51f2756d21d3145a094",
        "Name": "CZ Scorpion EVO 3 front sight",
        "ModType": "sight",
        "AimSpeed": 0,
        "Accuracy": 0,
        "ConflictingItems": [],
        "Ergonomics": 0,
        "Weight": 0.05,
        "VerticalRecoil": 0,
        "HorizontalRecoil": 0,
        "LoyaltyLevel": 0,
        "Price": 0
	},
    "687fb676e4996d45517fe236": {
        "$type": "RealismMod.WeaponMod, RealismMod",
        "ItemID": "687fb676e4996d45517fe236",
        "Name": "CZ Scorpion EVO 3 picatinny hand stop",
        "ModType": "",
        "VerticalRecoil": -3.5,
        "HorizontalRecoil": -2.5,
        "Dispersion": 1,
        "AimSpeed": 0,
        "Ergonomics": 4.6,
        "Accuracy": 0,
        "ConflictingItems": [],
        "Weight": 0.155,
        "LoyaltyLevel": 3,
        "AimStability": 2,
        "Handling": 7
    }
}