{
    "6761b213607f9a6f79017d40": {
        "$type": "RealismMod.Gun, RealismMod",
        "ItemID": "6761b213607f9a6f79017d40",
        "Name": "Singuard Arms Wages of Sin 5.56x45 assault rifle (Anodized Red)",
        "WeapType": "DI",
        "OperationType": "",
        "WeapAccuracy": 0,
        "BaseTorque": 1,
        "HasShoulderContact": false,
        "Ergonomics": 82,
        "VerticalRecoil": 79,
        "HorizontalRecoil": 155,
        "Dispersion": 8,
        "CameraRecoil": 0.026,
        "VisualMulti": 1.10,
        "Convergence": 12,
        "RecoilAngle": 85,
        "BaseMalfunctionChance": 0.001,
        "HeatFactorGun": 0.27,
        "HeatFactorByShot": 1,
        "CoolFactorGun": 0.1,
        "CoolFactorGunMods": 1,
        "AllowOverheat": true,
        "CenterOfImpact": 0.01,
        "HipAccuracyRestorationDelay": 0.2,
        "HipAccuracyRestorationSpeed": 7,
        "HipInnaccuracyGain": 0.16,
        "ShotgunDispersion": 0,
        "Velocity": -3,
        "RecoilDamping": 0.8,
        "RecoilHandDamping": 0.6,
        "WeaponAllowADS": false,
        "Weight": 0.995,
        "DurabilityBurnRatio": 0.35,
        "AutoROF": 720,
        "SemiROF": 450,
        "LoyaltyLevel": 3,
        "BaseReloadSpeedMulti": 1,
        "BaseChamberSpeedMulti": 1.85,
        "MinChamberSpeed": 0.8,
        "MaxChamberSpeed": 2,
        "IsManuallyOperated": false,
        "BaseChamberCheckSpeed": 1.5,
        "BaseFixSpeed": 1.2,
        "OffsetRotation": 0.008,
        "RecoilIntensity": 0.165,
        "MasteryCategory":"M4"
    },
    "676b4e2ff185a450a0b300b4": {
        "$type": "RealismMod.Gun, RealismMod",
        "ItemID": "676b4e2ff185a450a0b300b4",
        "Name": "Singuard Arms Wages of Sin 5.56x45 assault rifle",
        "WeapType": "DI",
        "OperationType": "",
        "WeapAccuracy": 0,
        "BaseTorque": 1,
        "HasShoulderContact": false,
        "Ergonomics": 82,
        "VerticalRecoil": 79,
        "HorizontalRecoil": 155,
        "Dispersion": 8,
        "CameraRecoil": 0.026,
        "VisualMulti": 1.10,
        "Convergence": 12,
        "RecoilAngle": 85,
        "BaseMalfunctionChance": 0.001,
        "HeatFactorGun": 0.27,
        "HeatFactorByShot": 1,
        "CoolFactorGun": 0.1,
        "CoolFactorGunMods": 1,
        "AllowOverheat": true,
        "CenterOfImpact": 0.01,
        "HipAccuracyRestorationDelay": 0.2,
        "HipAccuracyRestorationSpeed": 7,
        "HipInnaccuracyGain": 0.16,
        "ShotgunDispersion": 0,
        "Velocity": -3,
        "RecoilDamping": 0.8,
        "RecoilHandDamping": 0.6,
        "WeaponAllowADS": false,
        "Weight": 0.995,
        "DurabilityBurnRatio": 0.35,
        "AutoROF": 720,
        "SemiROF": 450,
        "LoyaltyLevel": 3,
        "BaseReloadSpeedMulti": 1,
        "BaseChamberSpeedMulti": 1.85,
        "MinChamberSpeed": 0.8,
        "MaxChamberSpeed": 2,
        "IsManuallyOperated": false,
        "BaseChamberCheckSpeed": 1.5,
        "BaseFixSpeed": 1.2,
        "OffsetRotation": 0.008,
        "RecoilIntensity": 0.165,
        "MasteryCategory":"M4"
    },
    "676c3cac01023283e5f6a562": {
        "$type": "RealismMod.Gun, RealismMod",
        "ItemID": "676c3cac01023283e5f6a562",
        "Name": "Singuard Arms Wages of Sin 5.56x45 assault rifle (FDE)",
        "WeapType": "DI",
        "OperationType": "",
        "WeapAccuracy": 0,
        "BaseTorque": 1,
        "HasShoulderContact": false,
        "Ergonomics": 82,
        "VerticalRecoil": 79,
        "HorizontalRecoil": 155,
        "Dispersion": 8,
        "CameraRecoil": 0.026,
        "VisualMulti": 1.10,
        "Convergence": 12,
        "RecoilAngle": 85,
        "BaseMalfunctionChance": 0.001,
        "HeatFactorGun": 0.27,
        "HeatFactorByShot": 1,
        "CoolFactorGun": 0.1,
        "CoolFactorGunMods": 1,
        "AllowOverheat": true,
        "CenterOfImpact": 0.01,
        "HipAccuracyRestorationDelay": 0.2,
        "HipAccuracyRestorationSpeed": 7,
        "HipInnaccuracyGain": 0.16,
        "ShotgunDispersion": 0,
        "Velocity": -3,
        "RecoilDamping": 0.8,
        "RecoilHandDamping": 0.6,
        "WeaponAllowADS": false,
        "Weight": 0.995,
        "DurabilityBurnRatio": 0.35,
        "AutoROF": 720,
        "SemiROF": 450,
        "LoyaltyLevel": 3,
        "BaseReloadSpeedMulti": 1,
        "BaseChamberSpeedMulti": 1.85,
        "MinChamberSpeed": 0.8,
        "MaxChamberSpeed": 2,
        "IsManuallyOperated": false,
        "BaseChamberCheckSpeed": 1.5,
        "BaseFixSpeed": 1.2,
        "OffsetRotation": 0.008,
        "RecoilIntensity": 0.165,
        "MasteryCategory":"M4"
    },
    "676b5367fe34b0539b0f96f5": {
        "$type": "RealismMod.WeaponMod, RealismMod",
        "ItemID": "676b5367fe34b0539b0f96f5",
        "Name": "Singuard Arms Wages of Sin AR-15 charging handle (Black)",
        "ModType": "",
        "ReloadSpeed": 0,
        "ConflictingItems": [],
        "FixSpeed": 0,
        "Ergonomics": 0,
        "Weight": 0.04,
        "VerticalRecoil": 0,
        "HorizontalRecoil": 0,
        "ChamberSpeed": 25,
        "LoyaltyLevel": 3
    },
    "676c3d73e56673a0ed44ec14": {
        "$type": "RealismMod.WeaponMod, RealismMod",
        "ItemID": "676c3d73e56673a0ed44ec14",
        "Name": "Singuard Arms Wages of Sin AR-15 charging handle (FDE)",
        "ModType": "",
        "ReloadSpeed": 0,
        "ConflictingItems": [],
        "FixSpeed": 0,
        "Ergonomics": 0,
        "Weight": 0.04,
        "VerticalRecoil": 0,
        "HorizontalRecoil": 0,
        "ChamberSpeed": 25,
        "LoyaltyLevel": 3
    },
    "6761b213607f9a6f79017d48": {
        "$type": "RealismMod.WeaponMod, RealismMod",
        "ItemID": "6761b213607f9a6f79017d48",
        "Name": "Singuard Arms Wages of Sin AR-15 charging handle (Red)",
        "ModType": "",
        "ReloadSpeed": 0,
        "ConflictingItems": [],
        "FixSpeed": 0,
        "Ergonomics": 0,
        "Weight": 0.04,
        "VerticalRecoil": 0,
        "HorizontalRecoil": 0,
        "ChamberSpeed": 25,
        "LoyaltyLevel": 3
    },
    "6761b213607f9a6f79017d44": {
        "$type": "RealismMod.WeaponMod, RealismMod",
        "ItemID": "6761b213607f9a6f79017d44",
        "Name": "Singuard Arms Wages of Sin 5.56x45 muzzle brake (Anodized Red)",
        "ModType": "",
        "VerticalRecoil": 0,
        "HorizontalRecoil": -5,
        "Dispersion": 0,
        "CameraRecoil": -10,
        "AutoROF": 0,
        "SemiROF": 0,
        "ModMalfunctionChance": 0,
        "CanCycleSubs": false,
        "Accuracy": 2,
        "HeatFactor": 1,
        "CoolFactor": 1,
        "DurabilityBurnModificator": 1,
        "Velocity": 0,
        "RecoilAngle": 0,
        "ConflictingItems": [],
        "Ergonomics": 0,
        "Weight": 0.1,
        "ModShotDispersion": 0,
        "Loudness": 55,
        "Convergence": 25,
        "LoyaltyLevel": 5,
        "Flash": 30
    },
    "676b52d48148b7479845358a": {
        "$type": "RealismMod.WeaponMod, RealismMod",
        "ItemID": "676b52d48148b7479845358a",
        "Name": "Singuard Arms Wages of Sin 5.56x45 muzzle brake",
        "ModType": "",
        "VerticalRecoil": 0,
        "HorizontalRecoil": -5,
        "Dispersion": 0,
        "CameraRecoil": -10,
        "AutoROF": 0,
        "SemiROF": 0,
        "ModMalfunctionChance": 0,
        "CanCycleSubs": false,
        "Accuracy": 2,
        "HeatFactor": 1,
        "CoolFactor": 1,
        "DurabilityBurnModificator": 1,
        "Velocity": 0,
        "RecoilAngle": 0,
        "ConflictingItems": [],
        "Ergonomics": 0,
        "Weight": 0.1,
        "ModShotDispersion": 0,
        "Loudness": 55,
        "Convergence": 25,
        "LoyaltyLevel": 5,
        "Flash": 30
    },
    "676c3d512d4ab6764b8d793c": {
        "$type": "RealismMod.WeaponMod, RealismMod",
        "ItemID": "676c3d512d4ab6764b8d793c",
        "Name": "Singuard Arms Wages of Sin 5.56x45 muzzle brake (FDE)",
        "ModType": "",
        "VerticalRecoil": 0,
        "HorizontalRecoil": -5,
        "Dispersion": 0,
        "CameraRecoil": -10,
        "AutoROF": 0,
        "SemiROF": 0,
        "ModMalfunctionChance": 0,
        "CanCycleSubs": false,
        "Accuracy": 2,
        "HeatFactor": 1,
        "CoolFactor": 1,
        "DurabilityBurnModificator": 1,
        "Velocity": 0,
        "RecoilAngle": 0,
        "ConflictingItems": [],
        "Ergonomics": 0,
        "Weight": 0.1,
        "ModShotDispersion": 0,
        "Loudness": 55,
        "Convergence": 25,
        "LoyaltyLevel": 5,
        "Flash": 30
    },
    "676b5088bc973cdc82247b3f": {
        "$type": "RealismMod.WeaponMod, RealismMod",
        "ItemID": "676b5088bc973cdc82247b3f",
        "Name": "Singuard Arms Wages of Sin handguard",
        "ModType": "",
        "VerticalRecoil": -2.5,
        "HorizontalRecoil": -2,
        "Dispersion": -1.5,
        "AimSpeed": 0,
        "Ergonomics": 15,
        "Accuracy": 9,
        "HeatFactor": 0.975,
        "CoolFactor": 1.038,
        "ConflictingItems": [],
        "Weight": 0.215,
        "LoyaltyLevel": 3,
        "AimStability": 3
    },
    "676c3d1dcf722dad840e520b": {
        "$type": "RealismMod.WeaponMod, RealismMod",
        "ItemID": "676c3d1dcf722dad840e520b",
        "Name": "Singuard Arms Wages of Sin handguard (FDE)",
        "ModType": "",
        "VerticalRecoil": -2.5,
        "HorizontalRecoil": -2,
        "Dispersion": -1.5,
        "AimSpeed": 0,
        "Ergonomics": 15,
        "Accuracy": 9,
        "HeatFactor": 0.975,
        "CoolFactor": 1.038,
        "ConflictingItems": [],
        "Weight": 0.215,
        "LoyaltyLevel": 3,
        "AimStability": 3
    },
    "6761b213607f9a6f79017d42": {
        "$type": "RealismMod.WeaponMod, RealismMod",
        "ItemID": "6761b213607f9a6f79017d42",
        "Name": "Singuard Arms Wages of Sin handguard (Red)",
        "ModType": "",
        "VerticalRecoil": -2.5,
        "HorizontalRecoil": -2,
        "Dispersion": -1.5,
        "AimSpeed": 0,
        "Ergonomics": 15,
        "Accuracy": 9,
        "HeatFactor": 0.975,
        "CoolFactor": 1.038,
        "ConflictingItems": [],
        "Weight": 0.215,
        "LoyaltyLevel": 3,
        "AimStability": 3
    },
    "676b5258816c8784c7495dc5": {
        "$type": "RealismMod.WeaponMod, RealismMod",
        "ItemID": "676b5258816c8784c7495dc5",
        "Name": "Singuard Arms Wages of Sin Pistol Grip",
        "ModType": "",
        "VerticalRecoil": 0,
        "HorizontalRecoil": 0,
        "Dispersion": 0,
        "AimSpeed": 0,
        "Ergonomics": 4,
        "Accuracy": 0,
        "ConflictingItems": [],
        "Weight": 0.085,
        "LoyaltyLevel": 3
    },
    "676c3d67d69e478b3d69cd21": {
        "$type": "RealismMod.WeaponMod, RealismMod",
        "ItemID": "676c3d67d69e478b3d69cd21",
        "Name": "Singuard Arms Wages of Sin Pistol Grip (FDE)",
        "ModType": "",
        "VerticalRecoil": 0,
        "HorizontalRecoil": 0,
        "Dispersion": 0,
        "AimSpeed": 0,
        "Ergonomics": 4,
        "Accuracy": 0,
        "ConflictingItems": [],
        "Weight": 0.085,
        "LoyaltyLevel": 3
    },
    "6761b213607f9a6f79017d46": {
        "$type": "RealismMod.WeaponMod, RealismMod",
        "ItemID": "6761b213607f9a6f79017d46",
        "Name": "Singuard Arms Wages of Sin Pistol Grip (Red)",
        "ModType": "",
        "VerticalRecoil": 0,
        "HorizontalRecoil": 0,
        "Dispersion": 0,
        "AimSpeed": 0,
        "Ergonomics": 4,
        "Accuracy": 0,
        "ConflictingItems": [],
        "Weight": 0.085,
        "LoyaltyLevel": 3
    },
    "676b5124f0892bbed71bc377": {
        "$type": "RealismMod.WeaponMod, RealismMod",
        "ItemID": "676b5124f0892bbed71bc377",
        "Name": "Singuard Arms Wages of Sin upper receiver",
        "ModType": "",
        "ModMalfunctionChance": -4,
        "Accuracy": 8,
        "HeatFactor": 0.983,
        "CoolFactor": 1.013,
        "DurabilityBurnModificator": 0.97,
        "ConflictingItems": [],
        "Ergonomics": 0,
        "Weight": 0.388,
        "VerticalRecoil": 0,
        "HorizontalRecoil": 0,
        "ChamberSpeed": 0,
        "LoyaltyLevel": 3
    },
    "6761b213607f9a6f79017d43": {
        "$type": "RealismMod.WeaponMod, RealismMod",
        "ItemID": "6761b213607f9a6f79017d43",
        "Name": "Singuard Arms Wages of Sin upper receiver (Red)",
        "ModType": "",
        "ModMalfunctionChance": -4,
        "Accuracy": 8,
        "HeatFactor": 0.983,
        "CoolFactor": 1.013,
        "DurabilityBurnModificator": 0.97,
        "ConflictingItems": [],
        "Ergonomics": 0,
        "Weight": 0.388,
        "VerticalRecoil": 0,
        "HorizontalRecoil": 0,
        "ChamberSpeed": 0,
        "LoyaltyLevel": 3
    },
    "676c3d6c1c64d6eacd7b8c16": {
        "$type": "RealismMod.WeaponMod, RealismMod",
        "ItemID": "676c3d6c1c64d6eacd7b8c16",
        "Name": "Singuard Arms Wages of Sin Stock (FDE)",
        "ModType": "Stock",
        "VerticalRecoil": 0,
        "HorizontalRecoil": -7,
        "Dispersion": -5,
        "CameraRecoil": -2,
        "AimSpeed": 5,
        "Ergonomics": 7,
        "Accuracy": 1.5,
        "HasShoulderContact": true,
        "BlocksFolding": false,
        "AutoROF": 0,
        "SemiROF": 0,
        "ModMalfunctionChance": 0,
        "StockAllowADS": false,
        "ConflictingItems": [],
        "Weight": 0.285,
        "LoyaltyLevel": 4,
        "AimStability": 5
    },
    "6761b213607f9a6f79017d47": {
        "$type": "RealismMod.WeaponMod, RealismMod",
        "ItemID": "6761b213607f9a6f79017d47",
        "Name": "Singuard Arms Wages of Sin Stock (Red)",
        "ModType": "Stock",
        "VerticalRecoil": 0,
        "HorizontalRecoil": -7,
        "Dispersion": -5,
        "CameraRecoil": -2,
        "AimSpeed": 5,
        "Ergonomics": 7,
        "Accuracy": 1.5,
        "HasShoulderContact": true,
        "BlocksFolding": false,
        "AutoROF": 0,
        "SemiROF": 0,
        "ModMalfunctionChance": 0,
        "StockAllowADS": false,
        "ConflictingItems": [],
        "Weight": 0.285,
        "LoyaltyLevel": 4,
        "AimStability": 5
    },
    "676b53186763e3e3811d6488": {
        "$type": "RealismMod.WeaponMod, RealismMod",
        "ItemID": "676b53186763e3e3811d6488",
        "Name": "Singuard Arms Wages of Sin Stock",
        "ModType": "Stock",
        "VerticalRecoil": 0,
        "HorizontalRecoil": -7,
        "Dispersion": -5,
        "CameraRecoil": -2,
        "AimSpeed": 5,
        "Ergonomics": 7,
        "Accuracy": 1.5,
        "HasShoulderContact": true,
        "BlocksFolding": false,
        "AutoROF": 0,
        "SemiROF": 0,
        "ModMalfunctionChance": 0,
        "StockAllowADS": false,
        "ConflictingItems": [],
        "Weight": 0.285,
        "LoyaltyLevel": 4,
        "AimStability": 5
    },
    "676b4fbf3cb5dd69a908ccd0": {
        "$type": "RealismMod.WeaponMod, RealismMod",
        "ItemID": "676b4fbf3cb5dd69a908ccd0",
        "Name": "Singuard Arms AR-15 buffer tube",
        "ModType": "buffer",
        "VerticalRecoil": 0,
        "HorizontalRecoil": -7,
        "Dispersion": -8,
        "CameraRecoil": -5,
        "AimSpeed": 0,
        "Ergonomics": 0,
        "Accuracy": 0,
        "HasShoulderContact": false,
        "BlocksFolding": false,
        "AutoROF": 5,
        "SemiROF": 10,
        "ModMalfunctionChance": 20,
        "StockAllowADS": false,
        "ConflictingItems": [],
        "Weight": 0.289,
        "DurabilityBurnModificator": 1.10,
        "Convergence": 10,
        "LoyaltyLevel": 4
    },
    "6761b213607f9a6f79017d41": {
        "$type": "RealismMod.WeaponMod, RealismMod",
        "ItemID": "6761b213607f9a6f79017d41",
        "Name": "Singuard Arms AR-15 buffer tube Anodized Red",
        "ModType": "buffer",
        "VerticalRecoil": 0,
        "HorizontalRecoil": -7,
        "Dispersion": -8,
        "CameraRecoil": -5,
        "AimSpeed": 0,
        "Ergonomics": 0,
        "Accuracy": 0,
        "HasShoulderContact": false,
        "BlocksFolding": false,
        "AutoROF": 5,
        "SemiROF": 10,
        "ModMalfunctionChance": 20,
        "StockAllowADS": false,
        "ConflictingItems": [],
        "Weight": 0.289,
        "DurabilityBurnModificator": 1.10,
        "Convergence": 10,
        "LoyaltyLevel": 4
    }
}