{
  "30198c968739be924b3b3b16": {
        "$type": "RealismMod.WeaponMod, RealismMod",
        "ItemID": "30198c968739be924b3b3b16",
        "Name": "5.56x45 Lancer L5-AWM 30-round Magazine (Transparent FDE)",
        "ModType": "",
        "ReloadSpeed": 5,
        "Ergonomics": 0,
        "MalfunctionChance": 0.04,
        "LoadUnloadModifier": 0,
        "CheckTimeModifier": -35,
        "ConflictingItems": [],
        "Weight": 0.136,
        "VerticalRecoil": 0,
        "HorizontalRecoil": 0,
        "LoyaltyLevel": 3
    },
    "ac2df0d8fda26fd2f823f5c9": {
        "$type": "RealismMod.WeaponMod, RealismMod",
        "ItemID": "ac2df0d8fda26fd2f823f5c9",
        "Name": "5.56x45 Lancer L5-AWM 30-round Magazine (Smoke)",
        "ModType": "",
        "ReloadSpeed": 5,
        "Ergonomics": 0,
        "MalfunctionChance": 0.04,
        "LoadUnloadModifier": 0,
        "CheckTimeModifier": -35,
        "ConflictingItems": [],
        "Weight": 0.136,
        "VerticalRecoil": 0,
        "HorizontalRecoil": 0,
        "LoyaltyLevel": 3
    },
    "74528dc4af5ce6b024211f18": {
        "$type": "RealismMod.WeaponMod, RealismMod",
        "ItemID": "74528dc4af5ce6b024211f18",
        "Name": "5.56x45 Lancer L5-AWM 30-round Magazine (Clear)",
        "ModType": "",
        "ReloadSpeed": 5,
        "Ergonomics": 0,
        "MalfunctionChance": 0.04,
        "LoadUnloadModifier": 0,
        "CheckTimeModifier": -35,
        "ConflictingItems": [],
        "Weight": 0.136,
        "VerticalRecoil": 0,
        "HorizontalRecoil": 0,
        "LoyaltyLevel": 3
    },
    "cb84ac6a1eb17a4edb33a609": {
        "$type": "RealismMod.WeaponMod, RealismMod",
        "ItemID": "cb84ac6a1eb17a4edb33a609",
        "Name": "5.56x45 Lancer L5-AWM 30-round Magazine",
        "ModType": "",
        "ReloadSpeed": 5,
        "Ergonomics": 0,
        "MalfunctionChance": 0.04,
        "LoadUnloadModifier": 0,
        "CheckTimeModifier": -35,
        "ConflictingItems": [],
        "Weight": 0.136,
        "VerticalRecoil": 0,
        "HorizontalRecoil": 0,
        "LoyaltyLevel": 3
    },
    "5a28d47ee749c0e439c33f63": {
        "$type": "RealismMod.WeaponMod, RealismMod",
        "ItemID": "5a28d47ee749c0e439c33f63",
        "Name": "5.56x45 Lancer L5-AWM 30-round Magazine (FDE)",
        "ModType": "",
        "ReloadSpeed": 5,
        "Ergonomics": 0,
        "MalfunctionChance": 0.04,
        "LoadUnloadModifier": 0,
        "CheckTimeModifier": -35,
        "ConflictingItems": [],
        "Weight": 0.136,
        "VerticalRecoil": 0,
        "HorizontalRecoil": 0,
        "LoyaltyLevel": 3
    },
    "ab19ce32499e440804ecbc2a": {
        "$type": "RealismMod.WeaponMod, RealismMod",
        "ItemID": "ab19ce32499e440804ecbc2a",
        "Name": "5.56x45 Lancer L5-AWM 30-round Magazine (Alien Green)",
        "ModType": "",
        "ReloadSpeed": 5,
        "Ergonomics": 0,
        "MalfunctionChance": 0.04,
        "LoadUnloadModifier": 0,
        "CheckTimeModifier": -35,
        "ConflictingItems": [],
        "Weight": 0.136,
        "VerticalRecoil": 0,
        "HorizontalRecoil": 0,
        "LoyaltyLevel": 3
    },
    "41ae48727410a7a87dea7924": {
        "$type": "RealismMod.WeaponMod, RealismMod",
        "ItemID": "41ae48727410a7a87dea7924",
        "Name": "5.56x45 Lancer L5-AWM 30-round Magazine (Urban)",
        "ModType": "",
        "ReloadSpeed": 5,
        "Ergonomics": 0,
        "MalfunctionChance": 0.04,
        "LoadUnloadModifier": 0,
        "CheckTimeModifier": -35,
        "ConflictingItems": [],
        "Weight": 0.136,
        "VerticalRecoil": 0,
        "HorizontalRecoil": 0,
        "LoyaltyLevel": 3
    },
    "e5608f9c2580bd6162ea9733": {
        "$type": "RealismMod.WeaponMod, RealismMod",
        "ItemID": "e5608f9c2580bd6162ea9733",
        "Name": "5.56x45 Lancer L5-AWM 30-round Magazine (Arctic)",
        "ModType": "",
        "ReloadSpeed": 5,
        "Ergonomics": 0,
        "MalfunctionChance": 0.04,
        "LoadUnloadModifier": 0,
        "CheckTimeModifier": -35,
        "ConflictingItems": [],
        "Weight": 0.136,
        "VerticalRecoil": 0,
        "HorizontalRecoil": 0,
        "LoyaltyLevel": 3
    },
    "f6a7f4b908129bcd6e844517": {
        "$type": "RealismMod.WeaponMod, RealismMod",
        "ItemID": "f6a7f4b908129bcd6e844517",
        "Name": "5.56x45 Lancer L5-AWM 30-round Magazine (Blaze Orange)",
        "ModType": "",
        "ReloadSpeed": 5,
        "Ergonomics": 0,
        "MalfunctionChance": 0.04,
        "LoadUnloadModifier": 0,
        "CheckTimeModifier": -35,
        "ConflictingItems": [],
        "Weight": 0.136,
        "VerticalRecoil": 0,
        "HorizontalRecoil": 0,
        "LoyaltyLevel": 3
    },
    "10d54b4891a6e369e5df16a4": {
        "$type": "RealismMod.WeaponMod, RealismMod",
        "ItemID": "10d54b4891a6e369e5df16a4",
        "Name": "5.56x45 Lancer L5-AWM 30-round Magazine (Pink)",
        "ModType": "",
        "ReloadSpeed": 5,
        "Ergonomics": 0,
        "MalfunctionChance": 0.04,
        "LoadUnloadModifier": 0,
        "CheckTimeModifier": -35,
        "ConflictingItems": [],
        "Weight": 0.136,
        "VerticalRecoil": 0,
        "HorizontalRecoil": 0,
        "LoyaltyLevel": 3
    },
    "22dcb3846b62e3a5d481070f": {
        "$type": "RealismMod.WeaponMod, RealismMod",
        "ItemID": "22dcb3846b62e3a5d481070f",
        "Name": "5.56x45 Lancer L5-AWM 30-round Magazine (Purple)",
        "ModType": "",
        "ReloadSpeed": 5,
        "Ergonomics": 0,
        "MalfunctionChance": 0.04,
        "LoadUnloadModifier": 0,
        "CheckTimeModifier": -35,
        "ConflictingItems": [],
        "Weight": 0.136,
        "VerticalRecoil": 0,
        "HorizontalRecoil": 0,
        "LoyaltyLevel": 3
    },
    "8ad0b000ff90dbb632aede52": {
        "$type": "RealismMod.WeaponMod, RealismMod",
        "ItemID": "8ad0b000ff90dbb632aede52",
        "Name": "5.56x45 Lancer L5-AWM 30-round Magazine (Red)",
        "ModType": "",
        "ReloadSpeed": 5,
        "Ergonomics": 0,
        "MalfunctionChance": 0.04,
        "LoadUnloadModifier": 0,
        "CheckTimeModifier": -35,
        "ConflictingItems": [],
        "Weight": 0.136,
        "VerticalRecoil": 0,
        "HorizontalRecoil": 0,
        "LoyaltyLevel": 3
    },
    "a6479b0773f1cb42109786f4": {
        "$type": "RealismMod.WeaponMod, RealismMod",
        "ItemID": "a6479b0773f1cb42109786f4",
        "Name": "5.56x45 Lancer L5-AWM 30-round Magazine (Robin Blue)",
        "ModType": "",
        "ReloadSpeed": 5,
        "Ergonomics": 0,
        "MalfunctionChance": 0.04,
        "LoadUnloadModifier": 0,
        "CheckTimeModifier": -35,
        "ConflictingItems": [],
        "Weight": 0.136,
        "VerticalRecoil": 0,
        "HorizontalRecoil": 0,
        "LoyaltyLevel": 3
    },
    "2cc04e2e60743eb7f1fecb26": {
        "$type": "RealismMod.WeaponMod, RealismMod",
        "ItemID": "2cc04e2e60743eb7f1fecb26",
        "Name": "5.56x45 Lancer L5-AWM 30-round Magazine (DFDE)",
        "ModType": "",
        "ReloadSpeed": 5,
        "Ergonomics": 0,
        "MalfunctionChance": 0.04,
        "LoadUnloadModifier": 0,
        "CheckTimeModifier": -35,
        "ConflictingItems": [],
        "Weight": 0.136,
        "VerticalRecoil": 0,
        "HorizontalRecoil": 0,
        "LoyaltyLevel": 3
    },
    "6372a96eefbde76617f0fb0b": {
        "$type": "RealismMod.WeaponMod, RealismMod",
        "ItemID": "6372a96eefbde76617f0fb0b",
        "Name": "5.56x45 Lancer L5-AWM 20-round Magazine",
        "ModType": "",
        "ReloadSpeed": 5,
        "Ergonomics": 0,
        "MalfunctionChance": 0.005,
        "LoadUnloadModifier": 0,
        "CheckTimeModifier": 0,
        "ConflictingItems": [],
        "Weight": 0.125,
        "VerticalRecoil": 0,
        "HorizontalRecoil": 0,
        "LoyaltyLevel": 1
    },
    "4c961eb055f76254f0ebd203": {
        "$type": "RealismMod.WeaponMod, RealismMod",
        "ItemID": "4c961eb055f76254f0ebd203",
        "Name": "5.56x45 Lancer L5-AWM 20-round Magazine TFDE",
        "ModType": "",
        "ReloadSpeed": 5,
        "Ergonomics": 0,
        "MalfunctionChance": 0.005,
        "LoadUnloadModifier": 0,
        "CheckTimeModifier": 0,
        "ConflictingItems": [],
        "Weight": 0.125,
        "VerticalRecoil": 0,
        "HorizontalRecoil": 0,
        "LoyaltyLevel": 1
    },
    "945968789d2ce83c229d3e77": {
        "$type": "RealismMod.WeaponMod, RealismMod",
        "ItemID": "945968789d2ce83c229d3e77",
        "Name": "5.56x45 Lancer L5-AWM 20-round Magazine Urban",
        "ModType": "",
        "ReloadSpeed": 5,
        "Ergonomics": 0,
        "MalfunctionChance": 0.005,
        "LoadUnloadModifier": 0,
        "CheckTimeModifier": 0,
        "ConflictingItems": [],
        "Weight": 0.125,
        "VerticalRecoil": 0,
        "HorizontalRecoil": 0,
        "LoyaltyLevel": 1
    },
    "6310a3c65c3773ee72fb8a8f": {
        "$type": "RealismMod.WeaponMod, RealismMod",
        "ItemID": "6310a3c65c3773ee72fb8a8f",
        "Name": "5.56x45 Lancer L5-AWM 20-round Magazine Alien Green",
        "ModType": "",
        "ReloadSpeed": 5,
        "Ergonomics": 0,
        "MalfunctionChance": 0.005,
        "LoadUnloadModifier": 0,
        "CheckTimeModifier": 0,
        "ConflictingItems": [],
        "Weight": 0.125,
        "VerticalRecoil": 0,
        "HorizontalRecoil": 0,
        "LoyaltyLevel": 1
    },
    "73b65e40b67a12930347b470": {
        "$type": "RealismMod.WeaponMod, RealismMod",
        "ItemID": "73b65e40b67a12930347b470",
        "Name": "5.56x45 Lancer L5-AWM 20-round Magazine Arctic",
        "ModType": "",
        "ReloadSpeed": 5,
        "Ergonomics": 0,
        "MalfunctionChance": 0.005,
        "LoadUnloadModifier": 0,
        "CheckTimeModifier": 0,
        "ConflictingItems": [],
        "Weight": 0.125,
        "VerticalRecoil": 0,
        "HorizontalRecoil": 0,
        "LoyaltyLevel": 1
    },
    "d6051a31f285484879b2f7d0": {
        "$type": "RealismMod.WeaponMod, RealismMod",
        "ItemID": "d6051a31f285484879b2f7d0",
        "Name": "5.56x45 Lancer L5-AWM 20-round Magazine Blaze Orange",
        "ModType": "",
        "ReloadSpeed": 5,
        "Ergonomics": 0,
        "MalfunctionChance": 0.005,
        "LoadUnloadModifier": 0,
        "CheckTimeModifier": 0,
        "ConflictingItems": [],
        "Weight": 0.125,
        "VerticalRecoil": 0,
        "HorizontalRecoil": 0,
        "LoyaltyLevel": 1
    },
    "f2c56bb509b804160ec9c4de": {
        "$type": "RealismMod.WeaponMod, RealismMod",
        "ItemID": "f2c56bb509b804160ec9c4de",
        "Name": "5.56x45 Lancer L5-AWM 20-round Magazine Pink",
        "ModType": "",
        "ReloadSpeed": 5,
        "Ergonomics": 0,
        "MalfunctionChance": 0.005,
        "LoadUnloadModifier": 0,
        "CheckTimeModifier": 0,
        "ConflictingItems": [],
        "Weight": 0.125,
        "VerticalRecoil": 0,
        "HorizontalRecoil": 0,
        "LoyaltyLevel": 1
    },
    "bd3a5159ec1162cebd60208c": {
        "$type": "RealismMod.WeaponMod, RealismMod",
        "ItemID": "bd3a5159ec1162cebd60208c",
        "Name": "5.56x45 Lancer L5-AWM 20-round Magazine Purple",
        "ModType": "",
        "ReloadSpeed": 5,
        "Ergonomics": 0,
        "MalfunctionChance": 0.005,
        "LoadUnloadModifier": 0,
        "CheckTimeModifier": 0,
        "ConflictingItems": [],
        "Weight": 0.125,
        "VerticalRecoil": 0,
        "HorizontalRecoil": 0,
        "LoyaltyLevel": 1
    },
    "f1d3b0e708a0016dce7b2fe7": {
        "$type": "RealismMod.WeaponMod, RealismMod",
        "ItemID": "f1d3b0e708a0016dce7b2fe7",
        "Name": "5.56x45 Lancer L5-AWM 20-round Magazine Red",
        "ModType": "",
        "ReloadSpeed": 5,
        "Ergonomics": 0,
        "MalfunctionChance": 0.005,
        "LoadUnloadModifier": 0,
        "CheckTimeModifier": 0,
        "ConflictingItems": [],
        "Weight": 0.125,
        "VerticalRecoil": 0,
        "HorizontalRecoil": 0,
        "LoyaltyLevel": 1
    },
    "273c7e5c6e5f2a90f200a9a1": {
        "$type": "RealismMod.WeaponMod, RealismMod",
        "ItemID": "273c7e5c6e5f2a90f200a9a1",
        "Name": "5.56x45 Lancer L5-AWM 20-round Magazine (DFDE)",
        "ModType": "",
        "ReloadSpeed": 5,
        "Ergonomics": 0,
        "MalfunctionChance": 0.005,
        "LoadUnloadModifier": 0,
        "CheckTimeModifier": 0,
        "ConflictingItems": [],
        "Weight": 0.125,
        "VerticalRecoil": 0,
        "HorizontalRecoil": 0,
        "LoyaltyLevel": 1
    },
    "72371f898a9d7c8aa64def1b": {
        "$type": "RealismMod.WeaponMod, RealismMod",
        "ItemID": "72371f898a9d7c8aa64def1b",
        "Name": "5.56x45 Lancer L5-AWM 20-round Magazine (Robin Egg Blue)",
        "ModType": "",
        "ReloadSpeed": 5,
        "Ergonomics": 0,
        "MalfunctionChance": 0.005,
        "LoadUnloadModifier": 0,
        "CheckTimeModifier": 0,
        "ConflictingItems": [],
        "Weight": 0.125,
        "VerticalRecoil": 0,
        "HorizontalRecoil": 0,
        "LoyaltyLevel": 1
    },
    "d1bd44359512206c5c9465fa": {
        "$type": "RealismMod.WeaponMod, RealismMod",
        "ItemID": "d1bd44359512206c5c9465fa",
        "Name": "5.56x45 Lancer L5-AWM 20-round Magazine (FDE)",
        "ModType": "",
        "ReloadSpeed": 5,
        "Ergonomics": 0,
        "MalfunctionChance": 0.005,
        "LoadUnloadModifier": 0,
        "CheckTimeModifier": 0,
        "ConflictingItems": [],
        "Weight": 0.125,
        "VerticalRecoil": 0,
        "HorizontalRecoil": 0,
        "LoyaltyLevel": 1
    },
    "ecf4851b3e8b953c9de8be64": {
        "$type": "RealismMod.WeaponMod, RealismMod",
        "ItemID": "ecf4851b3e8b953c9de8be64",
        "Name": "5.56x45 Lancer L5-AWM 20-round Magazine (Clear)",
        "ModType": "",
        "ReloadSpeed": 5,
        "Ergonomics": 0,
        "MalfunctionChance": 0.005,
        "LoadUnloadModifier": 0,
        "CheckTimeModifier": 0,
        "ConflictingItems": [],
        "Weight": 0.125,
        "VerticalRecoil": 0,
        "HorizontalRecoil": 0,
        "LoyaltyLevel": 1
    },
    "8294daa7876d2070f98e0258": {
        "$type": "RealismMod.WeaponMod, RealismMod",
        "ItemID": "8294daa7876d2070f98e0258",
        "Name": "5.56x45 Lancer L5-AWM 10-round Magazine (Clear)",
        "ModType": "",
        "ReloadSpeed": 1,
        "Ergonomics": 0,
        "MalfunctionChance": 0,
        "LoadUnloadModifier": 0,
        "CheckTimeModifier": 0,
        "ConflictingItems": [],
        "Weight": 0.09,
        "VerticalRecoil": 0,
        "HorizontalRecoil": 0,
        "LoyaltyLevel": 1
    },
    "a2b46a91589499bb5fa307d0": {
        "$type": "RealismMod.WeaponMod, RealismMod",
        "ItemID": "a2b46a91589499bb5fa307d0",
        "Name": "5.56x45 Lancer L5-AWM 10-round Magazine (Pink)",
        "ModType": "",
        "ReloadSpeed": 1,
        "Ergonomics": 0,
        "MalfunctionChance": 0,
        "LoadUnloadModifier": 0,
        "CheckTimeModifier": 0,
        "ConflictingItems": [],
        "Weight": 0.09,
        "VerticalRecoil": 0,
        "HorizontalRecoil": 0,
        "LoyaltyLevel": 1
    },
    "a34949db0611fe44983fcbe2": {
        "$type": "RealismMod.WeaponMod, RealismMod",
        "ItemID": "a34949db0611fe44983fcbe2",
        "Name": "5.56x45 Lancer L5-AWM 10-round Magazine (Purple)",
        "ModType": "",
        "ReloadSpeed": 1,
        "Ergonomics": 0,
        "MalfunctionChance": 0,
        "LoadUnloadModifier": 0,
        "CheckTimeModifier": 0,
        "ConflictingItems": [],
        "Weight": 0.09,
        "VerticalRecoil": 0,
        "HorizontalRecoil": 0,
        "LoyaltyLevel": 1
    },
    "f242c171cd19cb7d9dee591d": {
        "$type": "RealismMod.WeaponMod, RealismMod",
        "ItemID": "f242c171cd19cb7d9dee591d",
        "Name": "5.56x45 Lancer L5-AWM 10-round Magazine (DFDE)",
        "ModType": "",
        "ReloadSpeed": 1,
        "Ergonomics": 0,
        "MalfunctionChance": 0,
        "LoadUnloadModifier": 0,
        "CheckTimeModifier": 0,
        "ConflictingItems": [],
        "Weight": 0.09,
        "VerticalRecoil": 0,
        "HorizontalRecoil": 0,
        "LoyaltyLevel": 1
    },
    "9c285a8b9be4ae4f70b5725a": {
        "$type": "RealismMod.WeaponMod, RealismMod",
        "ItemID": "9c285a8b9be4ae4f70b5725a",
        "Name": "5.56x45 Lancer L5-AWM 10-round Magazine (Red)",
        "ModType": "",
        "ReloadSpeed": 1,
        "Ergonomics": 0,
        "MalfunctionChance": 0,
        "LoadUnloadModifier": 0,
        "CheckTimeModifier": 0,
        "ConflictingItems": [],
        "Weight": 0.09,
        "VerticalRecoil": 0,
        "HorizontalRecoil": 0,
        "LoyaltyLevel": 1
    },
    "f5084bbed0a9009cd1dd52b6": {
        "$type": "RealismMod.WeaponMod, RealismMod",
        "ItemID": "f5084bbed0a9009cd1dd52b6",
        "Name": "5.56x45 Lancer L5-AWM 10-round Magazine (Robin Egg Blue)",
        "ModType": "",
        "ReloadSpeed": 1,
        "Ergonomics": 0,
        "MalfunctionChance": 0,
        "LoadUnloadModifier": 0,
        "CheckTimeModifier": 0,
        "ConflictingItems": [],
        "Weight": 0.09,
        "VerticalRecoil": 0,
        "HorizontalRecoil": 0,
        "LoyaltyLevel": 1
    },
    "a56f2b10633f8fe40bc1be0b": {
        "$type": "RealismMod.WeaponMod, RealismMod",
        "ItemID": "a56f2b10633f8fe40bc1be0b",
        "Name": "5.56x45 Lancer L5-AWM 10-round Magazine (Smoke)",
        "ModType": "",
        "ReloadSpeed": 1,
        "Ergonomics": 0,
        "MalfunctionChance": 0,
        "LoadUnloadModifier": 0,
        "CheckTimeModifier": 0,
        "ConflictingItems": [],
        "Weight": 0.09,
        "VerticalRecoil": 0,
        "HorizontalRecoil": 0,
        "LoyaltyLevel": 1
    },
    "e10efe1bf7d5c2ee4ba9ed4e": {
        "$type": "RealismMod.WeaponMod, RealismMod",
        "ItemID": "e10efe1bf7d5c2ee4ba9ed4e",
        "Name": "5.56x45 Lancer L5-AWM 10-round Magazine (FDE)",
        "ModType": "",
        "ReloadSpeed": 1,
        "Ergonomics": 0,
        "MalfunctionChance": 0,
        "LoadUnloadModifier": 0,
        "CheckTimeModifier": 0,
        "ConflictingItems": [],
        "Weight": 0.09,
        "VerticalRecoil": 0,
        "HorizontalRecoil": 0,
        "LoyaltyLevel": 1
    },
    "d2d65c79307f8aabe7f055a0": {
        "$type": "RealismMod.WeaponMod, RealismMod",
        "ItemID": "d2d65c79307f8aabe7f055a0",
        "Name": "5.56x45 Lancer L5-AWM 10-round Magazine (Urban)",
        "ModType": "",
        "ReloadSpeed": 1,
        "Ergonomics": 0,
        "MalfunctionChance": 0,
        "LoadUnloadModifier": 0,
        "CheckTimeModifier": 0,
        "ConflictingItems": [],
        "Weight": 0.09,
        "VerticalRecoil": 0,
        "HorizontalRecoil": 0,
        "LoyaltyLevel": 1
    },
    "8d289199904743b15359baa1": {
        "$type": "RealismMod.WeaponMod, RealismMod",
        "ItemID": "8d289199904743b15359baa1",
        "Name": "5.56x45 Lancer L5-AWM 10-round Magazine (TFDE)",
        "ModType": "",
        "ReloadSpeed": 1,
        "Ergonomics": 0,
        "MalfunctionChance": 0,
        "LoadUnloadModifier": 0,
        "CheckTimeModifier": 0,
        "ConflictingItems": [],
        "Weight": 0.09,
        "VerticalRecoil": 0,
        "HorizontalRecoil": 0,
        "LoyaltyLevel": 1
    },
    "308096cf4dae1487027970ab": {
        "$type": "RealismMod.WeaponMod, RealismMod",
        "ItemID": "308096cf4dae1487027970ab",
        "Name": "5.56x45 Lancer L5-AWM 10-round Magazine",
        "ModType": "",
        "ReloadSpeed": 1,
        "Ergonomics": 0,
        "MalfunctionChance": 0,
        "LoadUnloadModifier": 0,
        "CheckTimeModifier": 0,
        "ConflictingItems": [],
        "Weight": 0.09,
        "VerticalRecoil": 0,
        "HorizontalRecoil": 0,
        "LoyaltyLevel": 1
    }
}
