{
"6761b213607f9a6f79017afa": {
  "$type": "RealismMod.Gear, RealismMod",
  "ItemID": "6761b213607f9a6f79017afa",
  "Name": "MRB VOG Grenadier Belt",
  "AllowADS": true,
  "LoyaltyLevel": 2,
  "ArmorClass": "",
  "CanSpall": false,
  "SpallReduction": 1,
  "ReloadSpeedMulti": 1.1,
  "Comfort": 0.8,
  "speedPenaltyPercent": -4.5,
  "mousePenalty": 0,
  "weaponErgonomicPenalty": 0
},
"6761b213607f9a6f79017af9": {
  "$type": "RealismMod.Gear, RealismMod",
  "ItemID": "6761b213607f9a6f79017af9",
  "Name": "MRB Grenadier Belt",
  "AllowADS": true,
  "LoyaltyLevel": 3,
  "ArmorClass": "",
  "CanSpall": false,
  "SpallReduction": 1,
  "ReloadSpeedMulti": 1.2,
  "Comfort": 1.3,
  "speedPenaltyPercent": -1,
  "mousePenalty": 0,
  "weaponErgonomicPenalty": 0
},
"6761b213607f9a6f79017afd": {
  "$type": "RealismMod.Gear, RealismMod",
  "ItemID": "6761b213607f9a6f79017afd",
  "Name": "MRB LMG Belt",
  "AllowADS": true,
  "LoyaltyLevel": 3,
  "ArmorClass": "",
  "CanSpall": false,
  "SpallReduction": 1,
  "ReloadSpeedMulti": 1.15,
  "Comfort": 1.3,
  "speedPenaltyPercent": -1,
  "mousePenalty": 0,
  "weaponErgonomicPenalty": 0
},
"6761b213607f9a6f79017af4": {
  "$type": "RealismMod.Gear, RealismMod",
  "ItemID": "6761b213607f9a6f79017af4",
  "Name": "LH-63 Duty Belt",
  "AllowADS": true,
  "LoyaltyLevel": 1,
  "ArmorClass": "",
  "CanSpall": false,
  "SpallReduction": 1,
  "ReloadSpeedMulti": 0.82,
  "Comfort": 1.15,
  "speedPenaltyPercent": -2,
  "mousePenalty": 0,
  "weaponErgonomicPenalty": 0
},
"6761b213607f9a6f79017af5": {
  "$type": "RealismMod.Gear, RealismMod",
  "ItemID": "6761b213607f9a6f79017af5",
  "Name": "Rebel-9 Assaulter Belt (Camo)",
  "AllowADS": true,
  "LoyaltyLevel": 2,
  "ArmorClass": "",
  "CanSpall": false,
  "SpallReduction": 1,
  "ReloadSpeedMulti": 1.05,
  "Comfort": 1.1,
  "speedPenaltyPercent": -2,
  "mousePenalty": 0,
  "weaponErgonomicPenalty": 0
},
"6761b213607f9a6f79017af6": {
  "$type": "RealismMod.Gear, RealismMod",
  "ItemID": "6761b213607f9a6f79017af6",
  "Name": "Rebel-9 Assaulter Belt (OD)",
  "AllowADS": true,
  "LoyaltyLevel": 2,
  "ArmorClass": "",
  "CanSpall": false,
  "SpallReduction": 1,
  "ReloadSpeedMulti": 1.05,
  "Comfort": 1.1,
  "speedPenaltyPercent": -2,
  "mousePenalty": 0,
  "weaponErgonomicPenalty": 0
},
"68084891d93e159932d7e326": {
  "$type": "RealismMod.Gear, RealismMod",
  "ItemID": "68084891d93e159932d7e326",
  "Name": "Apothecary Battlefield Trauma Belt",
  "AllowADS": true,
  "LoyaltyLevel": 2,
  "ArmorClass": "",
  "CanSpall": false,
  "SpallReduction": 1,
  "ReloadSpeedMulti": 1,
  "Comfort": 0.80,
  "speedPenaltyPercent": -2,
  "mousePenalty": 0,
  "weaponErgonomicPenalty": 0
},
"6761b213607f9a6f79017afc": {
  "$type": "RealismMod.Gear, RealismMod",
  "ItemID": "6761b213607f9a6f79017afc",
  "Name": "MARCH Assaulter Belt",
  "AllowADS": true,
  "LoyaltyLevel": 3,
  "ArmorClass": "",
  "CanSpall": false,
  "SpallReduction": 1,
  "ReloadSpeedMulti": 1.15,
  "Comfort": 1.2,
  "speedPenaltyPercent": -2,
  "mousePenalty": 0,
  "weaponErgonomicPenalty": 0
},
"6761b213607f9a6f79017aef": {
  "$type": "RealismMod.Gear, RealismMod",
  "ItemID": "6761b213607f9a6f79017aef",
  "Name": "Fanny Pack",
  "AllowADS": true,
  "LoyaltyLevel": 1,
  "ArmorClass": "",
  "CanSpall": false,
  "SpallReduction": 1,
  "ReloadSpeedMulti": 1,
  "Comfort": 0.7,
  "speedPenaltyPercent": -0.5,
  "mousePenalty": 0,
  "weaponErgonomicPenalty": 0
},
"6761b213607f9a6f79017af1": {
  "$type": "RealismMod.Gear, RealismMod",
  "ItemID": "6761b213607f9a6f79017af1",
  "Name": "Citadel Industries General Purpose Utility Belt",
  "AllowADS": true,
  "LoyaltyLevel": 2,
  "ArmorClass": "",
  "CanSpall": false,
  "SpallReduction": 1,
  "ReloadSpeedMulti": 1,
  "Comfort": 1,
  "speedPenaltyPercent": -2,
  "mousePenalty": 0,
  "weaponErgonomicPenalty": 0
},
"6761b213607f9a6f79017af2": {
  "$type": "RealismMod.Gear, RealismMod",
  "ItemID": "6761b213607f9a6f79017af2",
  "Name": "Combat Solutions Pointman Assault Belt",
  "AllowADS": true,
  "LoyaltyLevel": 2,
  "ArmorClass": "",
  "CanSpall": false,
  "SpallReduction": 1,
  "ReloadSpeedMulti": 0.9,
  "Comfort": 0.9,
  "speedPenaltyPercent": -2,
  "mousePenalty": 0,
  "weaponErgonomicPenalty": 0
},
"6761b213607f9a6f79017af3": {
  "$type": "RealismMod.Gear, RealismMod",
  "ItemID": "6761b213607f9a6f79017af3",
  "Name": "Polytech Orion Recon Belt",
  "AllowADS": true,
  "LoyaltyLevel": 2,
  "ArmorClass": "",
  "CanSpall": false,
  "SpallReduction": 1,
  "ReloadSpeedMulti": 1.05,
  "Comfort": 1.25,
  "speedPenaltyPercent": -0.5,
  "mousePenalty": 0,
  "weaponErgonomicPenalty": 0
},
"6761b213607f9a6f79017af7": {
  "$type": "RealismMod.Gear, RealismMod",
  "ItemID": "6761b213607f9a6f79017af7",
  "Name": "Bison Assaulter Belt",
  "AllowADS": true,
  "LoyaltyLevel": 3,
  "ArmorClass": "",
  "CanSpall": false,
  "SpallReduction": 1,
  "ReloadSpeedMulti": 1.2,
  "Comfort": 1.1,
  "speedPenaltyPercent": -1.5,
  "mousePenalty": 0,
  "weaponErgonomicPenalty": 0
},
"6761b213607f9a6f79017aff": {
  "$type": "RealismMod.Gear, RealismMod",
  "ItemID": "6761b213607f9a6f79017aff",
  "Name": "Bison Rifleman Belt",
  "AllowADS": true,
  "LoyaltyLevel": 3,
  "ArmorClass": "",
  "CanSpall": false,
  "SpallReduction": 1,
  "ReloadSpeedMulti": 1.2,
  "Comfort": 1.1,
  "speedPenaltyPercent": -1.5,
  "mousePenalty": 0,
  "weaponErgonomicPenalty": 0
},
"680e8d81e16a7caa3dd10730": {
  "$type": "RealismMod.Gear, RealismMod",
  "ItemID": "680e8d81e16a7caa3dd10730",
  "Name": "Kodiak Multi-purpose Utility Belt",
  "AllowADS": true,
  "LoyaltyLevel": 3,
  "ArmorClass": "",
  "CanSpall": false,
  "SpallReduction": 1,
  "ReloadSpeedMulti": 1.1,
  "Comfort": 0.95,
  "speedPenaltyPercent": -1.5,
  "mousePenalty": 0,
  "weaponErgonomicPenalty": 0
},
"68170b2cb595bf820b60571a": {
  "$type": "RealismMod.Gear, RealismMod",
  "ItemID": "68170b2cb595bf820b60571a",
  "Name": "Tyr Gunfighter Belt",
  "AllowADS": true,
  "LoyaltyLevel": 3,
  "ArmorClass": "",
  "CanSpall": false,
  "SpallReduction": 1,
  "ReloadSpeedMulti": 1.2,
  "Comfort": 1.25,
  "speedPenaltyPercent": -2.5,
  "mousePenalty": 0,
  "weaponErgonomicPenalty": 0
},
"681bb00c7fecf6d490b2fb3c": {
  "$type": "RealismMod.Gear, RealismMod",
  "ItemID": "681bb00c7fecf6d490b2fb3c",
  "Name": "Tyr MCB Raider Belt",
  "AllowADS": true,
  "LoyaltyLevel": 2,
  "ArmorClass": "",
  "CanSpall": false,
  "SpallReduction": 1,
  "ReloadSpeedMulti": 1.2,
  "Comfort": 0.8,
  "speedPenaltyPercent": -2.5,
  "mousePenalty": 0,
  "weaponErgonomicPenalty": 0
},
"681baec29eb1732a417bd7dd": {
  "$type": "RealismMod.Gear, RealismMod",
  "ItemID": "681baec29eb1732a417bd7dd",
  "Name": "Ferro Breacher Bison Belt",
  "AllowADS": true,
  "LoyaltyLevel": 4,
  "ArmorClass": "",
  "CanSpall": false,
  "SpallReduction": 1,
  "ReloadSpeedMulti": 1.2,
  "Comfort": 0.9,
  "speedPenaltyPercent": -2.5,
  "mousePenalty": 0,
  "weaponErgonomicPenalty": 0
}
}
