{
"679a6a534f3d279c99b135b9": {
        "$type": "RealismMod.Gun, RealismMod",
        "ItemID": "679a6a534f3d279c99b135b9",
        "Name": "AN-94 5.45x39 Kirov's Custom assault rifle",
        "WeapType": "",
        "OperationType": "",
        "WeapAccuracy": 0,
        "BaseTorque": -3.7,
        "HasShoulderContact": false,
        "Ergonomics": 80,
        "VerticalRecoil": 95,
        "HorizontalRecoil": 215,
        "Dispersion": 11,
        "CameraRecoil": 0.044,
        "VisualMulti": 1.05,
        "Convergence": 17,
        "RecoilAngle": 84,
        "BaseMalfunctionChance": 0.0012,
        "HeatFactorGun": 0.18,
        "HeatFactorByShot": 1,
        "CoolFactorGun": 0.1,
        "CoolFactorGunMods": 1,
        "AllowOverheat": true,
        "CenterOfImpact": 0.034,
        "HipAccuracyRestorationDelay": 0.2,
        "HipAccuracyRestorationSpeed": 7,
        "HipInnaccuracyGain": 0.16,
        "ShotgunDispersion": 0,
        "Velocity": 0,
        "RecoilDamping": 0.86,
        "RecoilHandDamping": 0.7,
        "WeaponAllowADS": false,
        "Weight": 2.192,
        "DurabilityBurnRatio": 0.15,
        "AutoROF": 600,
        "SemiROF": 360,
        "LoyaltyLevel": 4,
        "BaseReloadSpeedMulti": 1,
        "BaseChamberSpeedMulti": 1,
        "MinChamberSpeed": 0.7,
        "MaxChamberSpeed": 1.5,
        "IsManuallyOperated": false,
        "BaseChamberCheckSpeed": 1.5,
        "BaseFixSpeed": 1.3,
        "OffsetRotation": 0.009,
        "RecoilIntensity": 0.151,
        "MasteryCategory": "AKM"
  },
    "678fe4a4906c7bd23722c71f": {
        "$type": "RealismMod.Gun, RealismMod",
        "ItemID": "678fe4a4906c7bd23722c71f",
        "Name": "AN-94 5.45x39 assault rifle",
        "WeapType": "",
        "OperationType": "",
        "WeapAccuracy": 0,
        "BaseTorque": -3.7,
        "HasShoulderContact": false,
        "Ergonomics": 80,
        "VerticalRecoil": 95,
        "HorizontalRecoil": 215,
        "Dispersion": 11,
        "CameraRecoil": 0.044,
        "VisualMulti": 1.05,
        "Convergence": 17,
        "RecoilAngle": 84,
        "BaseMalfunctionChance": 0.0012,
        "HeatFactorGun": 0.18,
        "HeatFactorByShot": 1,
        "CoolFactorGun": 0.1,
        "CoolFactorGunMods": 1,
        "AllowOverheat": true,
        "CenterOfImpact": 0.034,
        "HipAccuracyRestorationDelay": 0.2,
        "HipAccuracyRestorationSpeed": 7,
        "HipInnaccuracyGain": 0.16,
        "ShotgunDispersion": 0,
        "Velocity": 0,
        "RecoilDamping": 0.86,
        "RecoilHandDamping": 0.7,
        "WeaponAllowADS": false,
        "Weight": 2.192,
        "DurabilityBurnRatio": 0.15,
        "AutoROF": 600,
        "SemiROF": 360,
        "LoyaltyLevel": 4,
        "BaseReloadSpeedMulti": 1,
        "BaseChamberSpeedMulti": 1,
        "MinChamberSpeed": 0.7,
        "MaxChamberSpeed": 1.5,
        "IsManuallyOperated": false,
        "BaseChamberCheckSpeed": 1.5,
        "BaseFixSpeed": 1.3,
        "OffsetRotation": 0.009,
        "RecoilIntensity": 0.151,
        "MasteryCategory": "AKM"
  },
    "678fe67f710e3e53145bc5e0": {
        "$type": "RealismMod.WeaponMod, RealismMod",
        "ItemID": "678fe67f710e3e53145bc5e0",
        "Name": "AN-94 Polymer Folding Stock",
        "ModType": "Stock",
        "VerticalRecoil": -2,
        "HorizontalRecoil": -14,
        "Dispersion": 0,
        "CameraRecoil": 0,
        "AimSpeed": 0,
        "Ergonomics": 12,
        "Accuracy": 0,
        "HasShoulderContact": true,
        "BlocksFolding": false,
        "AutoROF": 0,
        "SemiROF": 0,
        "ModMalfunctionChance": 0,
        "StockAllowADS": false,
        "ConflictingItems": [],
        "Weight": 0.33,
        "LoyaltyLevel": 3,
        "Handling": 6
    },
    "679a6e58085b54fdd56f5d0d": {
        "$type": "RealismMod.WeaponMod, RealismMod",
        "ItemID": "679a6e58085b54fdd56f5d0d",
        "Name": "AN-94 Skeletonized Folding Stock",
        "ModType": "Stock",
        "VerticalRecoil": -2,
        "HorizontalRecoil": -16,
        "Dispersion": 0,
        "CameraRecoil": -4,
        "AimSpeed": 0,
        "Ergonomics": 9,
        "Accuracy": 0,
        "HasShoulderContact": true,
        "BlocksFolding": false,
        "AutoROF": 0,
        "SemiROF": 0,
        "ModMalfunctionChance": 0,
        "StockAllowADS": false,
        "ConflictingItems": [],
        "Weight": 0.429,
        "LoyaltyLevel": 3,
        "Price": 0,
        "Handling": 10,
        "AimStability": 5
    },
    "679a6e9a0f37be945558c4d3": {
        "$type": "RealismMod.WeaponMod, RealismMod",
        "ItemID": "679a6e9a0f37be945558c4d3",
        "Name": "AN-94 Marksman Stock",
        "ModType": "Stock",
        "VerticalRecoil": -2,
        "HorizontalRecoil": -14,
        "Dispersion": 0,
        "CameraRecoil": -15,
        "AimSpeed": 3,
        "Ergonomics": 12,
        "Accuracy": 0,
        "HasShoulderContact": true,
        "BlocksFolding": false,
        "AutoROF": 0,
        "SemiROF": 0,
        "ModMalfunctionChance": 0,
        "StockAllowADS": false,
        "ConflictingItems": [],
        "Weight": 0.401,
        "LoyaltyLevel": 3,
        "Price": 0,
        "Handling": 5,
        "AimStability": 15
  }
}
