{
    "676ac1b09ccda4ddc5b1ab96": {
        "$type": "RealismMod.Ammo, RealismMod",
        "ItemID": "676ac1b09ccda4ddc5b1ab96",
        "Name": "7.62x51mm M80A1",
        "Damage": 130,
        "PenetrationPower": 84,
        "ArmorDamage": 50,
        "InitialSpeed": 855,
        "BulletMassGram": 8,
        "ammoAccr": -5,
        "ammoHear": 0,
        "ammoRec": 16,
        "HeavyBleedingDelta": 0.3,
        "LightBleedingDelta": 0.85,
        "BasePriceModifier": 1,
        "LoyaltyLevel": 4
    },
    "683246a74073e586d112af9f": {
        "$type": "RealismMod.Ammo, RealismMod",
        "ItemID": "683246a74073e586d112af9f",
        "Name": "6.5x48mm Creedmoor Norma Match",
        "Damage": 115,
        "PenetrationPower": 60,
        "ArmorDamage": 51,
        "InitialSpeed": 855,
        "BulletMassGram": 8,
        "BasePriceModifier": 1,
        "LoyaltyLevel": 4
    },
    "68325a63730b17c69ee176eb": {
        "$type": "RealismMod.Ammo, RealismMod",
        "ItemID": "68325a63730b17c69ee176eb",
        "Name": "6.5x48mm Creedmoor HPBT Match",
        "Damage": 121,
        "PenetrationPower": 50,
        "ArmorDamage": 45,
        "InitialSpeed": 868,
        "BulletMassGram": 9,
        "BasePriceModifier": 1,
        "LoyaltyLevel": 4
    },
    "6833baea86387d71b68abd6f": {
        "$type": "RealismMod.Ammo, RealismMod",
        "ItemID": "6833baea86387d71b68abd6f",
        "Name": "6.5x48mm Creedmoor Hornady ELD-X",
        "Damage": 107,
        "PenetrationPower": 39,
        "ArmorDamage": 31,
        "InitialSpeed": 891,
        "BulletMassGram": 8,
        "BasePriceModifier": 1,
        "LoyaltyLevel": 4
    },
    "6833bae4baa31474639bea7d": {
        "$type": "RealismMod.Ammo, RealismMod",
        "ItemID": "6833bae4baa31474639bea7d",
        "Name": "6.5x48mm Creedmoor Norma AP",
        "Damage": 96,
        "PenetrationPower": 100,
        "ArmorDamage": 83,
        "InitialSpeed": 839,
        "BulletMassGram": 5.8,
        "BasePriceModifier": 1,
        "LoyaltyLevel": 4
    },
    "6833ba38a1c9ff155c04e56f": {
        "$type": "RealismMod.Ammo, RealismMod",
        "ItemID": "6833ba38a1c9ff155c04e56f",
        "Name": "6.5x48mm Creedmoor Terminal Ascent",
        "Damage": 132,
        "PenetrationPower": 55,
        "ArmorDamage": 45,
        "InitialSpeed": 952,
        "BulletMassGram": 8.4,
        "BasePriceModifier": 1,
        "LoyaltyLevel": 4
    },
    "6833b8cb54aa764b2deefdfe": {
        "$type": "RealismMod.Ammo, RealismMod",
        "ItemID": "6833b8cb54aa764b2deefdfe",
        "Name": "6.5x48mm Creedmoor SIG Venari SP",
        "Damage": 141,
        "PenetrationPower": 47,
        "ArmorDamage": 24,
        "InitialSpeed": 859,
        "BulletMassGram": 8,
        "BasePriceModifier": 1,
        "LoyaltyLevel": 4
    },
    "6834e6f28f5570aec23ca0c2": {
        "$type": "RealismMod.Ammo, RealismMod",
        "ItemID": "6834e6f28f5570aec23ca0c2",
        "Name": "6.5x48mm Creedmoor C-HP",
        "Damage": 150,
        "PenetrationPower": 43,
        "ArmorDamage": 44,
        "InitialSpeed": 829,
        "BulletMassGram": 8,
        "BasePriceModifier": 1,
        "LoyaltyLevel": 3
    },
    "683d1b69d6f6778f205e9dfd": {
        "$type": "RealismMod.Ammo, RealismMod",
        "ItemID": "683d1b69d6f6778f205e9dfd",
        "Name": "6.8x51mm SIG Venari SP",
        "Damage": 135,
        "PenetrationPower": 34,
        "ArmorDamage": 30,
        "InitialSpeed": 826,
        "BulletMassGram": 8,
        "BasePriceModifier": 1,
        "LoyaltyLevel": 4
    },
    "683a1844ac7f29765fc135b2": {
        "$type": "RealismMod.Ammo, RealismMod",
        "ItemID": "683a1844ac7f29765fc135b2",
        "Name": "6.8x51mm SIG HiPower",
        "Damage": 145,
        "PenetrationPower": 30,
        "ArmorDamage": 24,
        "InitialSpeed": 845,
        "BulletMassGram": 8,
        "BasePriceModifier": 1,
        "LoyaltyLevel": 4
    },
    "683d1ba7b5a2063de35a8c39": {
        "$type": "RealismMod.Ammo, RealismMod",
        "ItemID": "683d1ba7b5a2063de35a8c39",
        "Name": "8.6 Blackout AP-Subsonic",
        "Damage": 100,
        "PenetrationPower": 79,
        "ArmorDamage": 79,
        "InitialSpeed": 320,
        "BulletMassGram": 7.8,
        "BasePriceModifier": 1,
        "LoyaltyLevel": 4
    },
    "683d1e142cee4317689e75e4": {
        "$type": "RealismMod.Ammo, RealismMod",
        "ItemID": "683d1e142cee4317689e75e4",
        "Name": "8.6 Blackout Copper Solid",
        "Damage": 105,
        "PenetrationPower": 60,
        "ArmorDamage": 64,
        "InitialSpeed": 321,
        "BulletMassGram": 8,
        "BasePriceModifier": 1,
        "LoyaltyLevel": 4
    },
    "683d1ec4f7164f4f77ea7a85": {
        "$type": "RealismMod.Ammo, RealismMod",
        "ItemID": "683d1ec4f7164f4f77ea7a85",
        "Name": "8.6 Blackout Rex Subsonic",
        "Damage": 140,
        "PenetrationPower": 50,
        "ArmorDamage": 58,
        "InitialSpeed": 314,
        "BulletMassGram": 8,
        "BasePriceModifier": 1,
        "LoyaltyLevel": 4
    },
    "66d0c1319aba7b6bff460a37": {
        "$type": "RealismMod.Ammo, RealismMod",
        "ItemID": "66d0c1319aba7b6bff460a37",
        "Name": "7.92x57mm RLA FMJ",
        "Damage": 100,
        "PenetrationPower": 58,
        "ArmorDamage": 68,
        "InitialSpeed": 760,
        "BulletMassGram": 12.8,
        "HeavyBleedingDelta": 0.1,
        "LightBleedingDelta": 0.1,
        "ammoAccr": 1,
        "ammoRec": 0,
        "BasePriceModifier": 1,
        "LoyaltyLevel": 4
    },
    "682e8c4bc098b59f14dde097": {
        "$type": "RealismMod.Ammo, RealismMod",
        "ItemID": "682e8c4bc098b59f14dde097",
        "Name": "7.92x57mm RLA SP",
        "Damage": 125,
        "PenetrationPower": 31,
        "ArmorDamage": 30,
        "InitialSpeed": 810,
        "BulletMassGram": 12,
        "HeavyBleedingDelta": 0.25,
        "LightBleedingDelta": 0.2,
        "ammoAccr": 5,
        "ammoRec": -2,
        "BasePriceModifier": 1,
        "LoyaltyLevel": 4
    },
    "6861847dfd5210a3e64677a3": {
        "$type": "RealismMod.Ammo, RealismMod",
        "ItemID": "6861847dfd5210a3e64677a3",
        "Name": "7.92x57mm FMJ Surplus",
        "Damage": 113,
        "PenetrationPower": 53,
        "ArmorDamage": 59,
        "InitialSpeed": 755,
        "BulletMassGram": 12.8,
        "ammoAccr": -4,
        "ammoRec": 3,
        "BasePriceModifier": 1,
        "LoyaltyLevel": 4
    },
    "684e2ded3b64f7187cf14fae": {
        "$type": "RealismMod.Ammo, RealismMod",
        "ItemID": "684e2ded3b64f7187cf14fae",
        "Name": ".300 Winchester Magnum FMJ",
        "Damage": 100,
        "PenetrationPower": 71,
        "ArmorDamage": 38,
        "InitialSpeed": 902,
        "BulletMassGram": 13.9,
        "HeavyBleedingDelta": 0.15,
        "LightBleedingDelta": 0.15,
        "ammoAccr": -2,
        "ammoRec": 2,
        "BasePriceModifier": 1,
        "LoyaltyLevel": 3
    },
    "684e2de88bb7e9f52bfab35c": {
        "$type": "RealismMod.Ammo, RealismMod",
        "ItemID": "684e2de88bb7e9f52bfab35c",
        "Name": ".300 Winchester Magnum AP",
        "Damage": 123,
        "PenetrationPower": 100,
        "ArmorDamage": 87,
        "InitialSpeed": 885,
        "BulletMassGram": 14.2,
        "HeavyBleedingDelta": 0.35,
        "LightBleedingDelta": 0.15,
        "ammoAccr": 0,
        "ammoRec": 9,
        "BasePriceModifier": 1,
        "LoyaltyLevel": 4
    },
    "684e2de4c90977ea0b7b83fe": {
        "$type": "RealismMod.Ammo, RealismMod",
        "ItemID": "684e2de4c90977ea0b7b83fe",
        "Name": ".300 Winchester Magnum HP",
        "Damage": 165,
        "PenetrationPower": 40,
        "ArmorDamage": 35,
        "InitialSpeed": 1022,
        "BulletMassGram": 10.9,
        "HeavyBleedingDelta": 0.25,
        "LightBleedingDelta": 0.4,
        "ammoAccr": 5,
        "ammoRec": -4,
        "BasePriceModifier": 1,
        "LoyaltyLevel": 3
    },
    "c556f40e464c7f09d4c757fc": {
        "$type": "RealismMod.Ammo, RealismMod",
        "ItemID": "c556f40e464c7f09d4c757fc",
        "Name": ".338 Norma Magnum NMK BT",
        "Damage": 194,
        "PenetrationPower": 55,
        "InitialSpeed": 838,
        "BulletMassGram": 19.44,
        "HeavyBleedingDelta": 0.5,
        "LightBleedingDelta": 0.6,
        "ammoAccr": 6,
        "BasePriceModifier": 1,
        "LoyaltyLevel": 5
    },
    "ea4cdb6fc3dd4f799eeef33e": {
        "$type": "RealismMod.Ammo, RealismMod",
        "ItemID": "ea4cdb6fc3dd4f799eeef33e",
        "Name": ".338 Norma Magnum SMK BT",
        "Damage": 179,
        "PenetrationPower": 69,
        "InitialSpeed": 853,
        "BulletMassGram": 18.47,
        "HeavyBleedingDelta": 0.4,
        "LightBleedingDelta": 0.5,
        "ammoAccr": 3,
        "BasePriceModifier": 1,
        "LoyaltyLevel": 4
    },
    "672e2e75195420ccca420a2f": {
        "$type": "RealismMod.Ammo, RealismMod",
        "ItemID": "672e2e75195420ccca420a2f",
        "Name": "6x38mm ARC",
        "Damage": 92,
        "PenetrationPower": 62,
        "InitialSpeed": 874,
        "BulletMassGram": 7,
        "HeavyBleedingDelta": 0.2,
        "LightBleedingDelta": 0.2,
        "ammoAccr": 3,
        "BasePriceModifier": 1,
        "LoyaltyLevel": 4
    }
}
